// Created by Tree IT
mtllib CoconutPalm03.mtl
o tree
# Position
v 7.50651 23.30618 14.34397 0.00392 0.00000 0.00000 1.00000
v 1.82484 0.01047 11.86022 0.00392 0.00000 0.00000 1.00000
v 2.84542 23.78030 15.09490 0.00392 0.00000 0.00000 1.00000
v -0.05297 0.01060 11.99966 0.00392 0.00000 0.00000 1.00000
v 3.65772 0.01009 11.42873 0.00392 0.00000 0.00000 1.00000
v 11.71609 22.92054 12.18674 0.00392 0.00000 0.00000 1.00000
v 5.40054 0.00945 10.71583 0.00392 0.00000 0.00000 1.00000
v 7.01037 0.00859 9.73907 0.00392 0.00000 0.00000 1.00000
v 15.06211 22.66112 8.83437 0.00392 0.00000 0.00000 1.00000
v 8.44759 0.00751 8.52250 0.00392 0.00000 0.00000 1.00000
v 9.67680 0.00625 7.09608 0.00392 0.00000 0.00000 1.00000
v 17.21702 22.55332 4.61501 0.00392 0.00000 0.00000 1.00000
v 10.66773 0.00483 5.49493 0.00392 0.00000 0.00000 1.00000
v 11.39599 0.00330 3.75848 0.00392 0.00000 0.00000 1.00000
v 17.96989 22.60768 -0.05831 0.00392 0.00000 0.00000 1.00000
v 11.84365 0.00168 1.92948 0.00392 0.00000 0.00000 1.00000
v 11.99967 0.00003 0.05297 0.00392 0.00000 0.00000 1.00000
v 17.24702 22.81889 -4.72813 0.00392 0.00000 0.00000 1.00000
v 11.86022 -0.00163 -1.82484 0.00392 0.00000 0.00000 1.00000
v 11.42873 -0.00325 -3.65772 0.00392 0.00000 0.00000 1.00000
v 15.11918 23.16628 -8.93735 0.00392 0.00000 0.00000 1.00000
v 10.71583 -0.00479 -5.40054 0.00392 0.00000 0.00000 1.00000
v 9.73907 -0.00621 -7.01037 0.00392 0.00000 0.00000 1.00000
v 11.79465 23.61582 -12.27394 0.00392 0.00000 0.00000 1.00000
v 8.52250 -0.00748 -8.44759 0.00392 0.00000 0.00000 1.00000
v 7.09608 -0.00856 -9.67680 0.00392 0.00000 0.00000 1.00000
v 7.59886 24.12354 -14.41128 0.00392 0.00000 0.00000 1.00000
v 5.49493 -0.00943 -10.66773 0.00392 0.00000 0.00000 1.00000
v 3.75848 -0.01007 -11.39599 0.00392 0.00000 0.00000 1.00000
v 2.94252 24.63972 -15.14017 0.00392 0.00000 0.00000 1.00000
v 1.92948 -0.01046 -11.84364 0.00392 0.00000 0.00000 1.00000
v 0.05297 -0.01060 -11.99966 0.00392 0.00000 0.00000 1.00000
v -1.71857 25.11383 -14.38924 0.00392 0.00000 0.00000 1.00000
v -1.82484 -0.01047 -11.86022 0.00392 0.00000 0.00000 1.00000
v -3.65772 -0.01009 -11.42873 0.00392 0.00000 0.00000 1.00000
v -5.92816 25.49947 -12.23201 0.00392 0.00000 0.00000 1.00000
v -5.40054 -0.00945 -10.71583 0.00392 0.00000 0.00000 1.00000
v -7.01038 -0.00859 -9.73907 0.00392 0.00000 0.00000 1.00000
v -9.27417 25.75889 -8.87964 0.00392 0.00000 0.00000 1.00000
v -8.44759 -0.00751 -8.52250 0.00392 0.00000 0.00000 1.00000
v -9.67680 -0.00625 -7.09608 0.00392 0.00000 0.00000 1.00000
v -11.42908 25.86670 -4.66028 0.00392 0.00000 0.00000 1.00000
v -10.66774 -0.00483 -5.49493 0.00392 0.00000 0.00000 1.00000
v -11.39599 -0.00330 -3.75848 0.00392 0.00000 0.00000 1.00000
v -12.18195 25.81233 0.01304 0.00392 0.00000 0.00000 1.00000
v -11.84365 -0.00168 -1.92948 0.00392 0.00000 0.00000 1.00000
v -11.99967 -0.00003 -0.05297 0.00392 0.00000 0.00000 1.00000
v -11.45909 25.60112 4.68287 0.00392 0.00000 0.00000 1.00000
v -11.86022 0.00163 1.82484 0.00392 0.00000 0.00000 1.00000
v -11.42873 0.00325 3.65772 0.00392 0.00000 0.00000 1.00000
v -9.33124 25.25374 8.89209 0.00392 0.00000 0.00000 1.00000
v -10.71583 0.00479 5.40053 0.00392 0.00000 0.00000 1.00000
v -9.73907 0.00621 7.01037 0.00392 0.00000 0.00000 1.00000
v -6.00672 24.80419 12.22867 0.00392 0.00000 0.00000 1.00000
v -8.52250 0.00748 8.44759 0.00392 0.00000 0.00000 1.00000
v -7.09608 0.00856 9.67680 0.00392 0.00000 0.00000 1.00000
v -1.81092 24.29648 14.36602 0.00392 0.00000 0.00000 1.00000
v -5.49493 0.00943 10.66773 0.00392 0.00000 0.00000 1.00000
v -3.75848 0.01007 11.39599 0.00392 0.00000 0.00000 1.00000
v 2.84542 23.78030 15.09490 0.00392 0.00000 0.00000 1.00000
v -1.92948 0.01046 11.84364 0.00392 0.00000 0.00000 1.00000
v -0.05297 0.01060 11.99966 0.00392 0.00000 0.00000 1.00000
v 3.49216 27.30704 11.77270 0.00392 0.00000 0.00000 1.00000
v 7.14904 27.01974 11.18567 0.00392 0.00000 0.00000 1.00000
v 10.45361 26.80390 9.49996 0.00392 0.00000 0.00000 1.00000
v 13.08240 26.68064 6.88057 0.00392 0.00000 0.00000 1.00000
v 14.77808 26.66203 3.58390 0.00392 0.00000 0.00000 1.00000
v 15.37468 26.74989 -0.06733 0.00392 0.00000 0.00000 1.00000
v 14.81378 26.93562 -3.71572 0.00392 0.00000 0.00000 1.00000
v 13.15029 27.20103 -7.00415 0.00392 0.00000 0.00000 1.00000
v 10.54706 27.52016 -9.61072 0.00392 0.00000 0.00000 1.00000
v 7.25889 27.86176 -11.28027 0.00392 0.00000 0.00000 1.00000
v 3.60767 28.19238 -11.84939 0.00392 0.00000 0.00000 1.00000
v -0.04921 28.47968 -11.26236 0.00392 0.00000 0.00000 1.00000
v -3.35378 28.69552 -9.57664 0.00392 0.00000 0.00000 1.00000
v -5.98257 28.81878 -6.95725 0.00392 0.00000 0.00000 1.00000
v -7.67825 28.83739 -3.66059 0.00392 0.00000 0.00000 1.00000
v -8.27485 28.74953 -0.00936 0.00392 0.00000 0.00000 1.00000
v -7.71395 28.56380 3.63904 0.00392 0.00000 0.00000 1.00000
v -6.05046 28.29838 6.92747 0.00392 0.00000 0.00000 1.00000
v -3.44723 27.97926 9.53403 0.00392 0.00000 0.00000 1.00000
v -0.15906 27.63766 11.20359 0.00392 0.00000 0.00000 1.00000
v 3.49216 27.30704 11.77270 0.00392 0.00000 0.00000 1.00000
v 9.95389 51.46920 14.75411 0.00392 0.00000 0.00000 1.00000
v 14.46284 50.53300 14.01447 0.00392 0.00000 0.00000 1.00000
v 18.53893 49.72896 11.89276 0.00392 0.00000 0.00000 1.00000
v 21.78316 49.13577 8.59666 0.00392 0.00000 0.00000 1.00000
v 23.87797 48.81150 4.44883 0.00392 0.00000 0.00000 1.00000
v 24.61830 48.78789 -0.14472 0.00392 0.00000 0.00000 1.00000
v 23.93169 49.06725 -4.73434 0.00392 0.00000 0.00000 1.00000
v 21.88533 49.62224 -8.87077 0.00392 0.00000 0.00000 1.00000
v 18.67956 50.39853 -12.14911 0.00392 0.00000 0.00000 1.00000
v 14.62816 51.32013 -14.24843 0.00392 0.00000 0.00000 1.00000
v 10.12772 52.29683 -14.96327 0.00392 0.00000 0.00000 1.00000
v 5.61878 53.23302 -14.22362 0.00392 0.00000 0.00000 1.00000
v 1.54269 54.03707 -12.10191 0.00392 0.00000 0.00000 1.00000
v -1.70154 54.63026 -8.80582 0.00392 0.00000 0.00000 1.00000
v -3.79635 54.95453 -4.65799 0.00392 0.00000 0.00000 1.00000
v -4.53669 54.97814 -0.06443 0.00392 0.00000 0.00000 1.00000
v -3.85007 54.69878 4.52519 0.00392 0.00000 0.00000 1.00000
v -1.80372 54.14379 8.66162 0.00392 0.00000 0.00000 1.00000
v 1.40205 53.36750 11.93995 0.00392 0.00000 0.00000 1.00000
v 5.45345 52.44590 14.03928 0.00392 0.00000 0.00000 1.00000
v 9.95389 51.46920 14.75411 0.00392 0.00000 0.00000 1.00000
v 10.96419 54.90719 11.48595 0.00392 0.00000 0.00000 1.00000
v 14.51081 54.25684 10.90767 0.00392 0.00000 0.00000 1.00000
v 17.71992 53.71199 9.24964 0.00392 0.00000 0.00000 1.00000
v 20.27741 53.32601 6.67415 0.00392 0.00000 0.00000 1.00000
v 21.93293 53.13665 3.43332 0.00392 0.00000 0.00000 1.00000
v 22.52442 53.16247 -0.15563 0.00392 0.00000 0.00000 1.00000
v 21.99399 53.40093 -3.74138 0.00392 0.00000 0.00000 1.00000
v 20.39355 53.82869 -6.97293 0.00392 0.00000 0.00000 1.00000
v 17.87977 54.40387 -9.53396 0.00392 0.00000 0.00000 1.00000
v 14.69872 55.07019 -11.17378 0.00392 0.00000 0.00000 1.00000
v 11.16177 55.76240 -11.73187 0.00392 0.00000 0.00000 1.00000
v 7.61516 56.41276 -11.15359 0.00392 0.00000 0.00000 1.00000
v 4.40604 56.95760 -9.49556 0.00392 0.00000 0.00000 1.00000
v 1.84856 57.34359 -6.92007 0.00392 0.00000 0.00000 1.00000
v 0.19304 57.53294 -3.67924 0.00392 0.00000 0.00000 1.00000
v -0.39846 57.50713 -0.09029 0.00392 0.00000 0.00000 1.00000
v 0.13198 57.26867 3.49547 0.00392 0.00000 0.00000 1.00000
v 1.73242 56.84091 6.72702 0.00392 0.00000 0.00000 1.00000
v 4.24619 56.26572 9.28805 0.00392 0.00000 0.00000 1.00000
v 7.42725 55.59941 10.92787 0.00392 0.00000 0.00000 1.00000
v 10.96419 54.90719 11.48595 0.00392 0.00000 0.00000 1.00000
v 16.92026 71.71015 14.41468 0.00392 0.00000 0.00000 1.00000
v 21.28758 70.52721 13.68547 0.00392 0.00000 0.00000 1.00000
v 25.23741 69.49912 11.59858 0.00392 0.00000 0.00000 1.00000
v 28.38309 68.72654 8.35830 0.00392 0.00000 0.00000 1.00000
v 30.41671 68.28507 4.28179 0.00392 0.00000 0.00000 1.00000
v 31.13920 68.21794 -0.23189 0.00392 0.00000 0.00000 1.00000
v 30.47985 68.53172 -4.74093 0.00392 0.00000 0.00000 1.00000
v 28.50318 69.19569 -8.80394 0.00392 0.00000 0.00000 1.00000
v 25.40270 70.14485 -12.02321 0.00392 0.00000 0.00000 1.00000
v 21.48190 71.28631 -14.08361 0.00392 0.00000 0.00000 1.00000
v 17.12458 72.50831 -14.78346 0.00392 0.00000 0.00000 1.00000
v 12.75725 73.69126 -14.05426 0.00392 0.00000 0.00000 1.00000
v 8.80743 74.71934 -11.96737 0.00392 0.00000 0.00000 1.00000
v 5.66176 75.49192 -8.72709 0.00392 0.00000 0.00000 1.00000
v 3.62814 75.93339 -4.65058 0.00392 0.00000 0.00000 1.00000
v 2.90564 76.00052 -0.13690 0.00392 0.00000 0.00000 1.00000
v 3.56500 75.68674 4.37214 0.00392 0.00000 0.00000 1.00000
v 5.54166 75.02277 8.43515 0.00392 0.00000 0.00000 1.00000
v 8.64213 74.07362 11.65442 0.00392 0.00000 0.00000 1.00000
v 12.56294 72.93216 13.71483 0.00392 0.00000 0.00000 1.00000
v 16.92026 71.71015 14.41468 0.00392 0.00000 0.00000 1.00000
v 18.13659 75.07808 11.20024 0.00392 0.00000 0.00000 1.00000
v 21.57747 74.23333 10.63004 0.00392 0.00000 0.00000 1.00000
v 24.69299 73.51180 8.99914 0.00392 0.00000 0.00000 1.00000
v 27.17817 72.98411 6.46718 0.00392 0.00000 0.00000 1.00000
v 28.78976 72.70191 3.28201 0.00392 0.00000 0.00000 1.00000
v 29.36999 72.69285 -0.24458 0.00392 0.00000 0.00000 1.00000
v 28.86208 72.95779 -3.76739 0.00392 0.00000 0.00000 1.00000
v 27.31573 73.47080 -6.94158 0.00392 0.00000 0.00000 1.00000
v 24.88233 74.18168 -9.45644 0.00392 0.00000 0.00000 1.00000
v 21.80005 75.02082 -11.06580 0.00392 0.00000 0.00000 1.00000
v 18.37063 75.90610 -11.61211 0.00392 0.00000 0.00000 1.00000
v 14.92975 76.75085 -11.04191 0.00392 0.00000 0.00000 1.00000
v 11.81423 77.47238 -9.41101 0.00392 0.00000 0.00000 1.00000
v 9.32905 78.00007 -6.87906 0.00392 0.00000 0.00000 1.00000
v 7.71746 78.28226 -3.69389 0.00392 0.00000 0.00000 1.00000
v 7.13722 78.29133 -0.16730 0.00392 0.00000 0.00000 1.00000
v 7.64514 78.02639 3.35551 0.00392 0.00000 0.00000 1.00000
v 9.19149 77.51337 6.52971 0.00392 0.00000 0.00000 1.00000
v 11.62489 76.80250 9.04456 0.00392 0.00000 0.00000 1.00000
v 14.70717 75.96336 10.65392 0.00392 0.00000 0.00000 1.00000
v 18.13659 75.07808 11.20024 0.00392 0.00000 0.00000 1.00000
v 27.49648 98.93515 14.00906 0.00392 0.00000 0.00000 1.00000
v 35.60297 96.51783 11.23473 0.00392 0.00000 0.00000 1.00000
v 40.65228 95.17213 4.03822 0.00392 0.00000 0.00000 1.00000
v 40.71573 95.41206 -4.83164 0.00392 0.00000 0.00000 1.00000
v 35.76910 97.14596 -11.98687 0.00392 0.00000 0.00000 1.00000
v 27.70183 99.71156 -14.69440 0.00392 0.00000 0.00000 1.00000
v 19.59534 102.12888 -11.92007 0.00392 0.00000 0.00000 1.00000
v 14.54603 103.47459 -4.72356 0.00392 0.00000 0.00000 1.00000
v 14.48257 103.23466 4.14630 0.00392 0.00000 0.00000 1.00000
v 19.42920 101.50076 11.30152 0.00392 0.00000 0.00000 1.00000
v 27.49648 98.93515 14.00906 0.00392 0.00000 0.00000 1.00000
v 28.81486 102.26176 10.84560 0.00392 0.00000 0.00000 1.00000
v 35.21169 100.53240 8.67697 0.00392 0.00000 0.00000 1.00000
v 39.21121 99.61802 3.05368 0.00392 0.00000 0.00000 1.00000
v 39.28574 99.86789 -3.87636 0.00392 0.00000 0.00000 1.00000
v 35.40682 101.18657 -9.46611 0.00392 0.00000 0.00000 1.00000
v 29.05606 103.07036 -11.58048 0.00392 0.00000 0.00000 1.00000
v 22.65923 104.79972 -9.41185 0.00392 0.00000 0.00000 1.00000
v 18.65971 105.71410 -3.78856 0.00392 0.00000 0.00000 1.00000
v 18.58518 105.46423 3.14148 0.00392 0.00000 0.00000 1.00000
v 22.46410 104.14555 8.73123 0.00392 0.00000 0.00000 1.00000
v 28.81486 102.26176 10.84560 0.00392 0.00000 0.00000 1.00000
v 37.20239 122.63412 13.58861 0.00392 0.00000 0.00000 1.00000
v 45.14583 120.20074 10.85646 0.00392 0.00000 0.00000 1.00000
v 50.09063 118.84251 3.78335 0.00392 0.00000 0.00000 1.00000
v 50.14804 119.07825 -4.92904 0.00392 0.00000 0.00000 1.00000
v 45.29615 120.81790 -11.95287 0.00392 0.00000 0.00000 1.00000
v 37.38820 123.39698 -14.60527 0.00392 0.00000 0.00000 1.00000
v 29.44476 125.83036 -11.87313 0.00392 0.00000 0.00000 1.00000
v 24.49996 127.18858 -4.80001 0.00392 0.00000 0.00000 1.00000
v 24.44254 126.95285 3.91238 0.00392 0.00000 0.00000 1.00000
v 29.29444 125.21320 10.93620 0.00392 0.00000 0.00000 1.00000
v 37.20239 122.63412 13.58861 0.00392 0.00000 0.00000 1.00000
v 38.54732 125.94761 10.47786 0.00392 0.00000 0.00000 1.00000
v 44.81816 124.20512 8.34204 0.00392 0.00000 0.00000 1.00000
v 48.73726 123.28049 2.81503 0.00392 0.00000 0.00000 1.00000
v 48.80762 123.52686 -3.99204 0.00392 0.00000 0.00000 1.00000
v 45.00239 124.85014 -9.47911 0.00392 0.00000 0.00000 1.00000
v 38.77503 126.74489 -11.55029 0.00392 0.00000 0.00000 1.00000
v 32.50418 128.48737 -9.41447 0.00392 0.00000 0.00000 1.00000
v 28.58510 129.41202 -3.88746 0.00392 0.00000 0.00000 1.00000
v 28.51473 129.16563 2.91962 0.00392 0.00000 0.00000 1.00000
v 32.31996 127.84237 8.40668 0.00392 0.00000 0.00000 1.00000
v 38.54732 125.94761 10.47786 0.00392 0.00000 0.00000 1.00000
v 47.93489 149.14871 12.67789 0.00392 0.00000 0.00000 1.00000
v 55.51545 146.92635 10.07247 0.00392 0.00000 0.00000 1.00000
v 60.23098 145.69832 3.34282 0.00392 0.00000 0.00000 1.00000
v 60.28032 145.93372 -4.94056 0.00392 0.00000 0.00000 1.00000
v 55.64463 147.54260 -11.61371 0.00392 0.00000 0.00000 1.00000
v 48.09457 149.91046 -14.12771 0.00392 0.00000 0.00000 1.00000
v 40.51402 152.13283 -11.52229 0.00392 0.00000 0.00000 1.00000
v 35.79848 153.36086 -4.79264 0.00392 0.00000 0.00000 1.00000
v 35.74913 153.12546 3.49074 0.00392 0.00000 0.00000 1.00000
v 40.38483 151.51657 10.16389 0.00392 0.00000 0.00000 1.00000
v 47.93489 149.14871 12.67789 0.00392 0.00000 0.00000 1.00000
v 49.25550 152.47388 10.05396 0.00392 0.00000 0.00000 1.00000
v 55.42535 150.82239 7.95153 0.00392 0.00000 0.00000 1.00000
v 59.27681 149.95316 2.52328 0.00392 0.00000 0.00000 1.00000
v 59.33877 150.19820 -4.15737 0.00392 0.00000 0.00000 1.00000
v 55.58755 151.46391 -9.53865 0.00392 0.00000 0.00000 1.00000
v 49.45599 153.26683 -11.56509 0.00392 0.00000 0.00000 1.00000
v 43.28614 154.91832 -9.46266 0.00392 0.00000 0.00000 1.00000
v 39.43468 155.78755 -4.03441 0.00392 0.00000 0.00000 1.00000
v 39.37272 155.54253 2.64624 0.00392 0.00000 0.00000 1.00000
v 43.12395 154.27681 8.02752 0.00392 0.00000 0.00000 1.00000
v 49.25550 152.47388 10.05396 0.00392 0.00000 0.00000 1.00000
v 56.65659 171.94048 11.79595 0.00392 0.00000 0.00000 1.00000
v 63.90430 170.00760 9.31403 0.00392 0.00000 0.00000 1.00000
v 68.40754 168.95932 2.91968 0.00392 0.00000 0.00000 1.00000
v 68.44623 169.19603 -4.94468 0.00392 0.00000 0.00000 1.00000
v 64.00558 170.62732 -11.27513 0.00392 0.00000 0.00000 1.00000
v 56.78178 172.70648 -13.65365 0.00392 0.00000 0.00000 1.00000
v 49.53406 174.63934 -11.17173 0.00392 0.00000 0.00000 1.00000
v 45.03082 175.68764 -4.77738 0.00392 0.00000 0.00000 1.00000
v 44.99213 175.45091 3.08698 0.00392 0.00000 0.00000 1.00000
v 49.43278 174.01964 9.41743 0.00392 0.00000 0.00000 1.00000
v 56.65659 171.94048 11.79595 0.00392 0.00000 0.00000 1.00000
v 57.91329 175.29305 9.64281 0.00392 0.00000 0.00000 1.00000
v 63.99933 173.80446 7.57334 0.00392 0.00000 0.00000 1.00000
v 67.79185 173.03596 2.24368 0.00392 0.00000 0.00000 1.00000
v 67.84224 173.28113 -4.31042 0.00392 0.00000 0.00000 1.00000
v 64.13125 174.44629 -9.58553 0.00392 0.00000 0.00000 1.00000
v 58.07635 176.08641 -11.56672 0.00392 0.00000 0.00000 1.00000
v 51.99031 177.57500 -9.49725 0.00392 0.00000 0.00000 1.00000
v 48.19778 178.34349 -4.16759 0.00392 0.00000 0.00000 1.00000
v 48.14739 178.09833 2.38652 0.00392 0.00000 0.00000 1.00000
v 51.85838 176.93317 7.66162 0.00392 0.00000 0.00000 1.00000
v 57.91329 175.29305 9.64281 0.00392 0.00000 0.00000 1.00000
v 65.36749 196.65686 11.31828 0.00392 0.00000 0.00000 1.00000
v 76.97192 194.07718 2.59511 0.00392 0.00000 0.00000 1.00000
v 72.59276 195.59312 -11.32709 0.00392 0.00000 0.00000 1.00000
v 58.28184 199.10974 -11.20831 0.00392 0.00000 0.00000 1.00000
v 53.81638 199.76717 2.78729 0.00392 0.00000 0.00000 1.00000
v 65.36749 196.65686 11.31828 0.00392 0.00000 0.00000 1.00000
v 66.52845 200.04289 9.20304 0.00392 0.00000 0.00000 1.00000
v 76.27858 198.12267 1.93137 0.00392 0.00000 0.00000 1.00000
v 72.63641 199.40648 -9.67068 0.00392 0.00000 0.00000 1.00000
v 60.63529 202.12018 -9.56946 0.00392 0.00000 0.00000 1.00000
v 56.86037 202.51349 2.09514 0.00392 0.00000 0.00000 1.00000
v 66.52845 200.04289 9.20304 0.00392 0.00000 0.00000 1.00000
v 73.78008 223.38152 11.94773 0.00392 0.00000 0.00000 1.00000
v 86.26292 220.92529 2.58086 0.00392 0.00000 0.00000 1.00000
v 81.49548 222.38536 -12.33972 0.00392 0.00000 0.00000 1.00000
v 66.06620 225.74397 -12.19428 0.00392 0.00000 0.00000 1.00000
v 61.29782 226.35963 2.81619 0.00392 0.00000 0.00000 1.00000
v 73.78008 223.38152 11.94773 0.00392 0.00000 0.00000 1.00000
v 74.83353 226.80846 10.47736 0.00392 0.00000 0.00000 1.00000
v 86.02533 224.76454 2.11250 0.00392 0.00000 0.00000 1.00000
v 81.77284 226.08153 -11.20960 0.00392 0.00000 0.00000 1.00000
v 67.95287 228.93936 -11.07823 0.00392 0.00000 0.00000 1.00000
v 63.66415 229.38863 2.32504 0.00392 0.00000 0.00000 1.00000
v 74.83353 226.80846 10.47736 0.00392 0.00000 0.00000 1.00000
v 80.31979 247.50626 10.31854 0.00392 0.00000 0.00000 1.00000
v 91.61669 245.84865 1.90101 0.00392 0.00000 0.00000 1.00000
v 87.28324 247.01860 -11.47681 0.00392 0.00000 0.00000 1.00000
v 73.30813 249.39929 -11.32723 0.00392 0.00000 0.00000 1.00000
v 69.00449 249.70068 2.14304 0.00392 0.00000 0.00000 1.00000
v 80.31979 247.50626 10.31854 0.00392 0.00000 0.00000 1.00000
v 81.24186 250.96429 8.28048 0.00392 0.00000 0.00000 1.00000
v 90.71980 249.81737 1.26332 0.00392 0.00000 0.00000 1.00000
v 87.11430 250.81331 -9.88509 0.00392 0.00000 0.00000 1.00000
v 75.40805 252.57573 -9.75803 0.00392 0.00000 0.00000 1.00000
v 71.77868 252.66905 1.46891 0.00392 0.00000 0.00000 1.00000
v 81.24186 250.96429 8.28048 0.00392 0.00000 0.00000 1.00000
v 85.15887 268.33191 9.86903 0.00392 0.00000 0.00000 1.00000
v 96.28432 267.13992 1.60079 0.00392 0.00000 0.00000 1.00000
v 91.98048 268.13626 -11.51164 0.00392 0.00000 0.00000 1.00000
v 78.19508 269.94400 -11.34734 0.00392 0.00000 0.00000 1.00000
v 73.97910 270.06491 1.86664 0.00392 0.00000 0.00000 1.00000
v 85.15887 268.33191 9.86903 0.00392 0.00000 0.00000 1.00000
v 85.95237 271.82184 7.86942 0.00392 0.00000 0.00000 1.00000
v 95.27886 271.06516 0.97664 0.00392 0.00000 0.00000 1.00000
v 91.69726 271.91660 -9.95062 0.00392 0.00000 0.00000 1.00000
v 80.15722 273.19949 -9.81126 0.00392 0.00000 0.00000 1.00000
v 76.60668 273.14096 1.20213 0.00392 0.00000 0.00000 1.00000
v 85.95237 271.82184 7.86942 0.00392 0.00000 0.00000 1.00000
v 88.72293 285.69608 14.43463 0.00392 0.00000 0.00000 1.00000
v 103.97678 282.59439 2.83668 0.00392 0.00000 0.00000 1.00000
v 97.83414 283.59680 -15.55018 0.00392 0.00000 0.00000 1.00000
v 78.78393 287.31802 -15.31593 0.00392 0.00000 0.00000 1.00000
v 73.15289 288.61548 3.21570 0.00392 0.00000 0.00000 1.00000
v 88.72293 285.69608 14.43463 0.00392 0.00000 0.00000 1.00000
v 89.34509 289.60342 -2.11783 0.00392 0.00000 0.00000 1.00000
v 89.34509 289.60342 -2.11783 0.00392 0.00000 0.00000 1.00000
v 89.34509 289.60342 -2.11783 0.00392 0.00000 0.00000 1.00000
v 89.34509 289.60342 -2.11783 0.00392 0.00000 0.00000 1.00000
v 89.34509 289.60342 -2.11783 0.00392 0.00000 0.00000 1.00000
v 83.05717 279.59372 7.26706 0.00392 0.85882 0.00000 1.00000
v 92.86897 281.77908 7.66870 0.00392 0.85882 0.01961 1.00000
v 98.35343 269.26169 4.11711 0.00392 0.85882 0.01961 1.00000
v 86.05919 260.39182 -0.09835 0.00392 0.85882 0.00000 1.00000
v 90.83471 276.88089 -11.81502 0.00392 0.85882 0.00000 1.00000
v 98.13173 279.79572 -5.28308 0.00392 0.85882 0.01961 1.00000
v 92.86897 281.77908 7.66870 0.00392 0.85882 0.01961 1.00000
v 83.05717 279.59372 7.26706 0.00392 0.85882 0.00000 1.00000
v 110.98360 283.92612 10.67493 0.00392 0.85882 0.03922 1.00000
v 113.11030 277.18521 8.55853 0.00392 0.85882 0.03922 1.00000
v 113.49437 282.83109 3.82376 0.00392 0.85882 0.03922 1.00000
v 110.98360 283.92609 10.67493 0.00392 0.85882 0.03922 1.00000
v 128.30241 286.30740 16.02946 0.00392 0.85882 0.07843 1.00000
v 128.86555 279.86981 13.59056 0.00392 0.85882 0.07843 1.00000
v 130.18922 285.25235 9.46937 0.00392 0.85882 0.07843 1.00000
v 128.30241 286.30740 16.02946 0.00392 0.85882 0.07843 1.00000
v 146.12329 284.71252 20.80836 0.00392 0.85882 0.09804 1.00000
v 145.98582 278.76947 18.34434 0.00392 0.85882 0.09804 1.00000
v 147.66106 283.75302 14.63383 0.00392 0.85882 0.09804 1.00000
v 146.12328 284.71252 20.80836 0.00392 0.85882 0.09804 1.00000
v 164.06003 281.08157 25.23836 0.00392 0.85882 0.13725 1.00000
v 162.74327 275.86737 22.64625 0.00392 0.85882 0.13725 1.00000
v 165.08858 280.30179 19.40958 0.00392 0.85882 0.13725 1.00000
v 164.06003 281.08157 25.23836 0.00392 0.85882 0.13725 1.00000
v 180.87297 271.89975 26.02933 0.00392 0.85882 0.15686 1.00000
v 180.87297 271.89975 26.02933 0.00392 0.85882 0.15686 1.00000
v 94.88514 280.12177 -4.99614 0.00392 0.81176 0.00000 1.00000
v 89.67655 283.41708 -13.53888 0.00392 0.81176 0.01961 1.00000
v 83.42952 271.22177 -16.94901 0.00392 0.81176 0.01961 1.00000
v 87.11549 260.91983 -3.29498 0.00392 0.81176 0.00000 1.00000
v 74.75576 277.40891 -0.58883 0.00392 0.81176 0.00000 1.00000
v 75.94831 281.51883 -10.83498 0.00392 0.81176 0.01961 1.00000
v 89.67655 283.41708 -13.53889 0.00392 0.81176 0.01961 1.00000
v 94.88515 280.12177 -4.99614 0.00392 0.81176 0.00000 1.00000
v 81.80161 287.37473 -31.63339 0.00392 0.81176 0.04314 1.00000
v 78.72088 280.75482 -32.69538 0.00392 0.81176 0.04314 1.00000
v 74.67856 286.31943 -30.02400 0.00392 0.81176 0.04314 1.00000
v 81.80161 287.37473 -31.63339 0.00392 0.81176 0.04314 1.00000
v 76.40942 291.41046 -50.41040 0.00392 0.81176 0.08627 1.00000
v 73.90831 284.98401 -50.01923 0.00392 0.81176 0.08627 1.00000
v 69.84679 290.36746 -48.52574 0.00392 0.81176 0.08627 1.00000
v 76.40942 291.41046 -50.41040 0.00392 0.81176 0.08627 1.00000
v 70.34328 291.18088 -69.74538 0.00392 0.81176 0.10588 1.00000
v 68.20375 285.19608 -68.73798 0.00392 0.81176 0.10588 1.00000
v 64.28056 290.21317 -67.81742 0.00392 0.81176 0.10588 1.00000
v 70.34328 291.18088 -69.74538 0.00392 0.81176 0.10588 1.00000
v 64.00735 288.74393 -89.15528 0.00392 0.81176 0.14902 1.00000
v 62.39015 283.39429 -87.05608 0.00392 0.81176 0.14902 1.00000
v 58.48121 287.90659 -87.05737 0.00392 0.81176 0.14902 1.00000
v 64.00735 288.74393 -89.15528 0.00392 0.81176 0.14902 1.00000
v 55.31310 280.15930 -106.17908 0.00392 0.81176 0.17255 1.00000
v 55.31310 280.15930 -106.17908 0.00392 0.81176 0.17255 1.00000
v 86.82333 280.65054 -11.48365 0.00392 0.86275 0.00000 1.00000
v 76.72791 285.21207 -10.39960 0.00392 0.86275 0.02353 1.00000
v 70.15646 273.42212 -6.25320 0.00392 0.86275 0.02353 1.00000
v 85.20702 261.44861 -3.69591 0.00392 0.86275 0.00000 1.00000
v 82.63584 277.93768 8.69260 0.00392 0.86275 0.00000 1.00000
v 73.21167 283.48755 3.16658 0.00392 0.86275 0.02353 1.00000
v 76.72791 285.21207 -10.39960 0.00392 0.86275 0.02353 1.00000
v 86.82333 280.65054 -11.48365 0.00392 0.86275 0.00000 1.00000
v 55.56396 291.22888 -11.38535 0.00392 0.86275 0.04706 1.00000
v 52.83850 284.77164 -9.07936 0.00392 0.86275 0.04706 1.00000
v 53.85904 290.27380 -4.27040 0.00392 0.86275 0.04706 1.00000
v 55.56396 291.22888 -11.38535 0.00392 0.86275 0.04706 1.00000
v 34.79694 297.03317 -15.10613 0.00392 0.86275 0.09412 1.00000
v 33.64053 290.66916 -12.68332 0.00392 0.86275 0.09412 1.00000
v 33.46536 296.08157 -8.39575 0.00392 0.86275 0.09412 1.00000
v 34.79694 297.03317 -15.10613 0.00392 0.86275 0.09412 1.00000
v 12.85450 298.05960 -18.84735 0.00392 0.86275 0.11765 1.00000
v 12.43229 292.09445 -16.47066 0.00392 0.86275 0.11765 1.00000
v 11.73483 297.16754 -12.57354 0.00392 0.86275 0.11765 1.00000
v 12.85450 298.05960 -18.84736 0.00392 0.86275 0.11765 1.00000
v -9.36263 296.61362 -22.55136 0.00392 0.86275 0.16471 1.00000
v -8.55616 291.21432 -20.13524 0.00392 0.86275 0.16471 1.00000
v -10.17951 295.81314 -16.69197 0.00392 0.86275 0.16471 1.00000
v -9.36263 296.61362 -22.55136 0.00392 0.86275 0.16471 1.00000
v -30.86736 288.45157 -23.41255 0.00392 0.86275 0.18824 1.00000
v -30.86736 288.45157 -23.41255 0.00392 0.86275 0.18824 1.00000
v 76.49712 281.17923 -2.88580 0.00392 0.26275 0.00000 1.00000
v 78.03819 284.79831 4.05390 0.00392 0.26275 0.01569 1.00000
v 81.96498 273.57043 11.66272 0.00392 0.26275 0.01569 1.00000
v 84.27811 261.97733 -1.23722 0.00392 0.26275 0.00000 1.00000
v 96.65585 278.46640 1.38529 0.00392 0.26275 0.00000 1.00000
v 91.50173 283.33694 8.05095 0.00392 0.26275 0.01569 1.00000
v 78.03819 284.79831 4.05390 0.00392 0.26275 0.01569 1.00000
v 76.49712 281.17923 -2.88580 0.00392 0.26275 0.00000 1.00000
v 77.22266 290.70145 21.07873 0.00392 0.26275 0.03529 1.00000
v 79.42196 284.50168 24.42048 0.00392 0.26275 0.03529 1.00000
v 84.26795 289.91248 23.12395 0.00392 0.26275 0.03529 1.00000
v 77.22266 290.70145 21.07873 0.00392 0.26275 0.03529 1.00000
v 73.48866 296.80051 37.34893 0.00392 0.26275 0.07451 1.00000
v 75.85134 290.58810 39.22814 0.00392 0.26275 0.07451 1.00000
v 80.10239 296.03186 39.18623 0.00392 0.26275 0.07451 1.00000
v 73.48866 296.80051 37.34892 0.00392 0.26275 0.07451 1.00000
v 69.22813 299.20096 54.77212 0.00392 0.26275 0.09412 1.00000
v 71.58064 293.32364 55.92658 0.00392 0.26275 0.09412 1.00000
v 75.39874 298.47726 56.44845 0.00392 0.26275 0.09412 1.00000
v 69.22813 299.20096 54.77212 0.00392 0.26275 0.09412 1.00000
v 64.75184 299.66708 72.53332 0.00392 0.26275 0.13333 1.00000
v 67.22127 294.23181 72.51900 0.00392 0.26275 0.13333 1.00000
v 70.49091 298.99194 74.03259 0.00392 0.26275 0.13333 1.00000
v 64.75184 299.66708 72.53332 0.00392 0.26275 0.13333 1.00000
v 62.59624 294.42709 90.45330 0.00392 0.26275 0.15294 1.00000
v 62.59624 294.42709 90.45330 0.00392 0.26275 0.15294 1.00000
v 84.83003 282.23651 7.51067 0.00392 0.93725 0.00000 1.00000
v 93.15112 288.04709 6.32226 0.00392 0.93725 0.01961 1.00000
v 101.46868 277.12985 3.00389 0.00392 0.93725 0.01961 1.00000
v 86.89698 263.03458 -0.16977 0.00392 0.93725 0.00000 1.00000
v 90.18504 279.52368 -12.38758 0.00392 0.93725 0.00000 1.00000
v 97.40054 286.20779 -7.01710 0.00392 0.93725 0.01961 1.00000
v 93.15112 288.04709 6.32227 0.00392 0.93725 0.01961 1.00000
v 84.83003 282.23651 7.51067 0.00392 0.93725 0.00000 1.00000
v 112.95206 296.85641 7.46158 0.00392 0.93725 0.04314 1.00000
v 116.60448 290.72946 5.57429 0.00392 0.93725 0.04314 1.00000
v 114.96077 295.77237 0.44507 0.00392 0.93725 0.04314 1.00000
v 112.95206 296.85641 7.46158 0.00392 0.93725 0.04314 1.00000
v 132.36966 305.54160 11.03926 0.00392 0.93725 0.09020 1.00000
v 134.38593 299.25809 8.99959 0.00392 0.93725 0.09020 1.00000
v 133.82553 304.37100 4.38959 0.00392 0.93725 0.09020 1.00000
v 132.36966 305.54160 11.03926 0.00392 0.93725 0.09020 1.00000
v 153.62910 309.69400 14.34209 0.00392 0.93725 0.11373 1.00000
v 154.82890 303.70215 12.32501 0.00392 0.93725 0.11373 1.00000
v 154.78195 308.56647 8.11234 0.00392 0.93725 0.11373 1.00000
v 153.62910 309.69400 14.34209 0.00392 0.93725 0.11373 1.00000
v 175.56056 311.46259 17.46576 0.00392 0.93725 0.16078 1.00000
v 175.41890 305.86185 15.40364 0.00392 0.93725 0.16078 1.00000
v 176.25792 310.41162 11.63055 0.00392 0.93725 0.16078 1.00000
v 175.56056 311.46259 17.46576 0.00392 0.93725 0.16078 1.00000
v 197.60890 306.43445 17.60438 0.00392 0.93725 0.18431 1.00000
v 197.60890 306.43445 17.60438 0.00392 0.93725 0.18431 1.00000
v 95.11811 282.76523 1.93145 0.00392 0.86275 0.00000 1.00000
v 95.94023 289.06229 -5.27125 0.00392 0.86275 0.02353 1.00000
v 95.44177 278.90182 -15.06390 0.00392 0.86275 0.02353 1.00000
v 88.27290 263.56332 -2.11881 0.00392 0.86275 0.00000 1.00000
v 77.38376 280.05240 -8.56183 0.00392 0.86275 0.00000 1.00000
v 84.55074 287.75415 -13.51428 0.00392 0.86275 0.02353 1.00000
v 95.94023 289.06229 -5.27125 0.00392 0.86275 0.02353 1.00000
v 95.11812 282.76523 1.93145 0.00392 0.86275 0.00000 1.00000
v 103.29983 299.56717 -23.01778 0.00392 0.86275 0.04706 1.00000
v 102.71615 293.82245 -27.61115 0.00392 0.86275 0.04706 1.00000
v 97.32620 298.85098 -27.28912 0.00392 0.86275 0.04706 1.00000
v 103.29984 299.56717 -23.01778 0.00392 0.86275 0.04706 1.00000
v 113.34272 309.82907 -39.33240 0.00392 0.86275 0.09412 1.00000
v 112.12273 303.84851 -42.56541 0.00392 0.86275 0.09412 1.00000
v 107.70272 309.11127 -43.25452 0.00392 0.86275 0.09412 1.00000
v 113.34272 309.82907 -39.33240 0.00392 0.86275 0.09412 1.00000
v 124.77060 315.69565 -57.40895 0.00392 0.86275 0.11765 1.00000
v 123.29958 309.94791 -59.90091 0.00392 0.86275 0.11765 1.00000
v 119.49075 315.01175 -61.02362 0.00392 0.86275 0.11765 1.00000
v 124.77060 315.69565 -57.40895 0.00392 0.86275 0.11765 1.00000
v 136.70319 319.20844 -76.07796 0.00392 0.86275 0.16471 1.00000
v 134.70490 313.74490 -77.41857 0.00392 0.86275 0.16471 1.00000
v 131.75400 318.56055 -79.35307 0.00392 0.86275 0.16471 1.00000
v 136.70319 319.20844 -76.07796 0.00392 0.86275 0.16471 1.00000
v 146.84865 316.03171 -96.39603 0.00392 0.86275 0.18824 1.00000
v 146.84865 316.03171 -96.39603 0.00392 0.86275 0.18824 1.00000
v 92.37505 283.29398 -9.53045 0.00392 0.73725 0.00000 1.00000
v 86.70339 289.54495 -11.00658 0.00392 0.73725 0.01961 1.00000
v 76.50614 280.09103 -13.45982 0.00392 0.73725 0.01961 1.00000
v 86.78663 264.09204 -3.87086 0.00392 0.73725 0.00000 1.00000
v 77.89674 280.58115 5.13225 0.00392 0.73725 0.00000 1.00000
v 75.85329 288.37817 -2.04595 0.00392 0.73725 0.01961 1.00000
v 86.70339 289.54495 -11.00658 0.00392 0.73725 0.01961 1.00000
v 92.37505 283.29398 -9.53046 0.00392 0.73725 0.00000 1.00000
v 72.52760 300.92877 -21.28829 0.00392 0.73725 0.04314 1.00000
v 67.58849 295.51813 -22.16669 0.00392 0.73725 0.04314 1.00000
v 66.87855 300.29092 -16.58479 0.00392 0.73725 0.04314 1.00000
v 72.52760 300.92877 -21.28829 0.00392 0.73725 0.04314 1.00000
v 60.48411 312.20712 -33.76688 0.00392 0.73725 0.09020 1.00000
v 56.65444 306.45895 -33.74568 0.00392 0.73725 0.09020 1.00000
v 55.23361 311.57175 -29.32430 0.00392 0.73725 0.09020 1.00000
v 60.48412 312.20712 -33.76688 0.00392 0.73725 0.09020 1.00000
v 46.99309 319.61707 -48.21612 0.00392 0.73725 0.10980 1.00000
v 43.81536 314.03897 -47.77243 0.00392 0.73725 0.10980 1.00000
v 42.11772 319.01321 -44.05965 0.00392 0.73725 0.10980 1.00000
v 46.99309 319.61707 -48.21612 0.00392 0.73725 0.10980 1.00000
v 32.99206 324.91235 -63.44170 0.00392 0.73725 0.15686 1.00000
v 30.78741 319.50394 -62.20528 0.00392 0.73725 0.15686 1.00000
v 28.49769 324.33823 -59.55435 0.00392 0.73725 0.15686 1.00000
v 32.99206 324.91235 -63.44171 0.00392 0.73725 0.15686 1.00000
v 16.62006 323.85428 -77.87974 0.00392 0.73725 0.18039 1.00000
v 16.62006 323.85428 -77.87974 0.00392 0.73725 0.18039 1.00000
v 80.59782 283.82272 -9.46519 0.00392 0.59608 0.00000 1.00000
v 78.51477 290.90988 -4.59885 0.00392 0.59608 0.02353 1.00000
v 73.19504 282.12448 5.09116 0.00392 0.59608 0.02353 1.00000
v 84.80676 264.62082 -2.71639 0.00392 0.59608 0.00000 1.00000
v 91.50220 281.10989 8.01939 0.00392 0.59608 0.00000 1.00000
v 84.74072 289.70822 8.01752 0.00392 0.59608 0.02353 1.00000
v 78.51476 290.90988 -4.59885 0.00392 0.59608 0.02353 1.00000
v 80.59782 283.82272 -9.46519 0.00392 0.59608 0.00000 1.00000
v 65.73280 304.12164 6.88631 0.00392 0.59608 0.04706 1.00000
v 63.41292 299.00229 11.66664 0.00392 0.59608 0.04706 1.00000
v 69.04061 303.43021 13.44540 0.00392 0.59608 0.04706 1.00000
v 65.73280 304.12164 6.88631 0.00392 0.59608 0.04706 1.00000
v 51.27716 317.19785 15.96642 0.00392 0.59608 0.09412 1.00000
v 50.07906 311.61093 19.84699 0.00392 0.59608 0.09412 1.00000
v 54.48444 316.45825 22.03883 0.00392 0.59608 0.09412 1.00000
v 51.27716 317.19785 15.96642 0.00392 0.59608 0.09412 1.00000
v 34.36099 326.42639 26.43290 0.00392 0.59608 0.11765 1.00000
v 33.73925 320.94659 29.74885 0.00392 0.59608 0.11765 1.00000
v 37.40299 325.70648 32.05768 0.00392 0.59608 0.11765 1.00000
v 34.36098 326.42639 26.43291 0.00392 0.59608 0.11765 1.00000
v 16.44239 333.52185 37.44084 0.00392 0.59608 0.16471 1.00000
v 16.83963 328.11111 39.93217 0.00392 0.59608 0.16471 1.00000
v 19.37180 332.81644 42.59462 0.00392 0.59608 0.16471 1.00000
v 16.44239 333.52185 37.44084 0.00392 0.59608 0.16471 1.00000
v -1.48963 334.06909 51.30299 0.00392 0.59608 0.18824 1.00000
v -1.48963 334.06909 51.30299 0.00392 0.59608 0.18824 1.00000
v 77.27477 284.35147 -3.74540 0.00392 0.85490 0.00000 1.00000
v 79.32592 290.84348 -0.38473 0.00392 0.85490 0.01961 1.00000
v 81.40508 282.91800 11.11499 0.00392 0.85490 0.01961 1.00000
v 84.86607 265.14957 -1.37189 0.00392 0.85490 0.00000 1.00000
v 96.94209 281.63864 2.40382 0.00392 0.85490 0.00000 1.00000
v 92.22517 289.85971 5.27394 0.00392 0.85490 0.01961 1.00000
v 79.32592 290.84348 -0.38473 0.00392 0.85490 0.01961 1.00000
v 77.27477 284.35147 -3.74540 0.00392 0.85490 0.00000 1.00000
v 77.58042 304.24487 14.56826 0.00392 0.85490 0.04314 1.00000
v 78.82386 299.53253 20.10804 0.00392 0.85490 0.04314 1.00000
v 84.33471 303.67798 17.48369 0.00392 0.85490 0.04314 1.00000
v 77.58042 304.24487 14.56826 0.00392 0.85490 0.04314 1.00000
v 72.97611 317.59372 28.66807 0.00392 0.85490 0.08627 1.00000
v 74.49097 312.29291 32.82916 0.00392 0.85490 0.08627 1.00000
v 79.32885 316.98260 31.30950 0.00392 0.85490 0.08627 1.00000
v 72.97610 317.59372 28.66807 0.00392 0.85490 0.08627 1.00000
v 67.28722 327.50986 45.47950 0.00392 0.85490 0.10588 1.00000
v 68.88251 322.25214 48.82936 0.00392 0.85490 0.10588 1.00000
v 73.22045 326.91324 47.89838 0.00392 0.85490 0.10588 1.00000
v 67.28721 327.50986 45.47950 0.00392 0.85490 0.10588 1.00000
v 61.12235 335.50485 63.41286 0.00392 0.85490 0.14902 1.00000
v 62.96990 330.22070 65.48769 0.00392 0.85490 0.14902 1.00000
v 66.65431 334.91721 65.57909 0.00392 0.85490 0.14902 1.00000
v 61.12235 335.50485 63.41286 0.00392 0.85490 0.14902 1.00000
v 56.60898 337.46771 83.88079 0.00392 0.85490 0.17255 1.00000
v 56.60898 337.46771 83.88079 0.00392 0.85490 0.17255 1.00000
v 91.30001 285.54111 6.54792 0.00392 0.83922 0.00000 1.00000
v 91.72701 292.44534 3.09503 0.00392 0.83922 0.01961 1.00000
v 100.14692 285.31680 -5.71792 0.00392 0.83922 0.01961 1.00000
v 88.57642 266.33920 -0.92493 0.00392 0.83922 0.00000 1.00000
v 84.24383 282.82828 -12.81252 0.00392 0.83922 0.00000 1.00000
v 88.34707 291.36496 -10.57201 0.00392 0.83922 0.01961 1.00000
v 91.72701 292.44534 3.09503 0.00392 0.83922 0.01961 1.00000
v 91.30001 285.54111 6.54792 0.00392 0.83922 0.00000 1.00000
v 103.53782 307.20889 -4.65542 0.00392 0.83922 0.04314 1.00000
v 107.51458 302.86560 -9.10095 0.00392 0.83922 0.04314 1.00000
v 101.70110 306.54239 -11.77046 0.00392 0.83922 0.04314 1.00000
v 103.53782 307.20889 -4.65542 0.00392 0.83922 0.04314 1.00000
v 116.38357 321.98956 -9.78319 0.00392 0.83922 0.08627 1.00000
v 119.16140 316.93597 -13.58487 0.00392 0.83922 0.08627 1.00000
v 114.51141 321.20700 -16.38550 0.00392 0.83922 0.08627 1.00000
v 116.38357 321.98956 -9.78319 0.00392 0.83922 0.08627 1.00000
v 132.19563 333.61935 -16.07124 0.00392 0.83922 0.10980 1.00000
v 134.27982 328.53519 -19.42051 0.00392 0.83922 0.10980 1.00000
v 130.37001 332.83014 -22.19123 0.00392 0.83922 0.10980 1.00000
v 132.19565 333.61935 -16.07124 0.00392 0.83922 0.10980 1.00000
v 149.32635 343.44437 -22.87154 0.00392 0.83922 0.15294 1.00000
v 150.23616 338.20587 -25.58646 0.00392 0.83922 0.15294 1.00000
v 147.47128 342.63089 -28.48736 0.00392 0.83922 0.15294 1.00000
v 149.32635 343.44437 -22.87154 0.00392 0.83922 0.15294 1.00000
v 167.78241 347.20242 -32.86737 0.00392 0.83922 0.17647 1.00000
v 167.78241 347.20242 -32.86737 0.00392 0.83922 0.17647 1.00000
v 96.51319 286.06982 -3.63808 0.00392 0.65882 0.00000 1.00000
v 93.40633 293.75806 -4.17855 0.00392 0.65882 0.01961 1.00000
v 87.45488 287.54501 -15.37486 0.00392 0.65882 0.01961 1.00000
v 88.56890 266.86789 -3.25128 0.00392 0.65882 0.00000 1.00000
v 75.93136 283.35699 -2.63597 0.00392 0.65882 0.00000 1.00000
v 79.34626 292.83627 -5.09711 0.00392 0.65882 0.01961 1.00000
v 93.40633 293.75806 -4.17855 0.00392 0.65882 0.01961 1.00000
v 96.51319 286.06982 -3.63808 0.00392 0.65882 0.00000 1.00000
v 89.58178 310.57605 -17.15646 0.00392 0.65882 0.04314 1.00000
v 86.49476 306.66943 -22.60166 0.00392 0.65882 0.04314 1.00000
v 82.23849 309.98752 -17.57016 0.00392 0.65882 0.04314 1.00000
v 89.58178 310.57605 -17.15646 0.00392 0.65882 0.04314 1.00000
v 88.56474 327.32480 -30.47949 0.00392 0.65882 0.09020 1.00000
v 85.73161 322.58932 -34.63359 0.00392 0.65882 0.09020 1.00000
v 81.70001 326.59647 -30.70968 0.00392 0.65882 0.09020 1.00000
v 88.56474 327.32480 -30.47949 0.00392 0.65882 0.09020 1.00000
v 87.25147 340.98239 -47.45500 0.00392 0.65882 0.11373 1.00000
v 84.64446 336.15091 -50.81219 0.00392 0.65882 0.11373 1.00000
v 80.86136 340.23386 -47.58296 0.00392 0.65882 0.11373 1.00000
v 87.25147 340.98239 -47.45500 0.00392 0.65882 0.11373 1.00000
v 85.79859 352.83609 -66.06384 0.00392 0.65882 0.16078 1.00000
v 83.45033 347.74716 -68.12024 0.00392 0.65882 0.16078 1.00000
v 79.88240 352.03900 -66.00117 0.00392 0.65882 0.16078 1.00000
v 85.79859 352.83609 -66.06384 0.00392 0.65882 0.16078 1.00000
v 81.59103 358.58401 -87.46556 0.00392 0.65882 0.18431 1.00000
v 81.59103 358.58401 -87.46556 0.00392 0.65882 0.18431 1.00000
v 88.91934 286.59860 -11.44316 0.00392 0.96078 0.00000 1.00000
v 88.56414 294.34570 -8.44660 0.00392 0.96078 0.02353 1.00000
v 75.50910 289.19254 -6.90051 0.00392 0.96078 0.02353 1.00000
v 86.51769 267.39667 -3.86071 0.00392 0.96078 0.00000 1.00000
v 82.69723 283.88574 8.20121 0.00392 0.96078 0.00000 1.00000
v 82.66759 293.78436 4.37115 0.00392 0.96078 0.02353 1.00000
v 88.56414 294.34570 -8.44660 0.00392 0.96078 0.02353 1.00000
v 88.91934 286.59860 -11.44316 0.00392 0.96078 0.00000 1.00000
v 76.44560 312.41656 -9.42443 0.00392 0.96078 0.04706 1.00000
v 69.95102 309.03876 -8.50118 0.00392 0.96078 0.04706 1.00000
v 73.38644 312.07257 -2.71886 0.00392 0.96078 0.04706 1.00000
v 76.44559 312.41656 -9.42443 0.00392 0.96078 0.04706 1.00000
v 64.99551 330.32535 -13.37274 0.00392 0.96078 0.09412 1.00000
v 59.71778 326.02213 -12.21704 0.00392 0.96078 0.09412 1.00000
v 62.18982 329.91461 -7.07454 0.00392 0.96078 0.09412 1.00000
v 64.99551 330.32535 -13.37274 0.00392 0.96078 0.09412 1.00000
v 49.77353 345.32083 -18.81594 0.00392 0.96078 0.11765 1.00000
v 45.30286 340.86200 -17.57418 0.00392 0.96078 0.11765 1.00000
v 47.19426 344.90106 -12.93536 0.00392 0.96078 0.11765 1.00000
v 49.77353 345.32083 -18.81595 0.00392 0.96078 0.11765 1.00000
v 32.88222 358.56229 -24.92154 0.00392 0.96078 0.16471 1.00000
v 29.66398 353.76260 -23.42266 0.00392 0.96078 0.16471 1.00000
v 30.56439 358.11606 -19.43802 0.00392 0.96078 0.16471 1.00000
v 32.88222 358.56229 -24.92154 0.00392 0.96078 0.16471 1.00000
v 11.89899 366.00961 -29.82788 0.00392 0.96078 0.18824 1.00000
v 11.89899 366.00961 -29.82788 0.00392 0.96078 0.18824 1.00000
v 78.70763 287.12729 -6.31677 0.00392 0.89804 0.00000 1.00000
v 82.21610 294.55066 -6.26897 0.00392 0.89804 0.01961 1.00000
v 79.83501 290.45673 7.03326 0.00392 0.89804 0.01961 1.00000
v 85.31802 267.92535 -1.89361 0.00392 0.89804 0.00000 1.00000
v 95.83359 284.41446 5.14264 0.00392 0.89804 0.00000 1.00000
v 92.85397 294.15558 3.00782 0.00392 0.89804 0.01961 1.00000
v 82.21610 294.55066 -6.26897 0.00392 0.89804 0.01961 1.00000
v 78.70763 287.12729 -6.31678 0.00392 0.89804 0.00000 1.00000
v 78.85235 313.27640 3.65677 0.00392 0.89804 0.04314 1.00000
v 77.77808 310.42081 10.37488 0.00392 0.89804 0.04314 1.00000
v 84.42455 313.00876 8.48588 0.00392 0.89804 0.04314 1.00000
v 78.85234 313.27640 3.65677 0.00392 0.89804 0.04314 1.00000
v 72.85490 331.87064 12.10259 0.00392 0.89804 0.09020 1.00000
v 72.29433 327.99017 17.78906 0.00392 0.89804 0.09020 1.00000
v 78.10309 331.52631 16.57987 0.00392 0.89804 0.09020 1.00000
v 72.85490 331.87064 12.10260 0.00392 0.89804 0.09020 1.00000
v 64.27723 347.95541 23.87818 0.00392 0.89804 0.11373 1.00000
v 64.01375 343.85315 28.82917 0.00392 0.89804 0.11373 1.00000
v 69.18407 347.59927 28.02621 0.00392 0.89804 0.11373 1.00000
v 64.27723 347.95541 23.87818 0.00392 0.89804 0.11373 1.00000
v 54.51659 362.47150 37.15060 0.00392 0.89804 0.16078 1.00000
v 54.82723 357.92453 41.00660 0.00392 0.89804 0.16078 1.00000
v 59.10314 362.09036 40.95308 0.00392 0.89804 0.16078 1.00000
v 54.51659 362.47150 37.15060 0.00392 0.89804 0.16078 1.00000
v 44.43219 371.59073 55.00774 0.00392 0.89804 0.18431 1.00000
v 44.43219 371.59073 55.00774 0.00392 0.89804 0.18431 1.00000
v 80.24864 287.65533 4.38248 0.00392 0.94902 0.00000 1.00000
v 80.91436 295.26639 0.11785 0.00392 0.94902 0.02353 1.00000
v 92.57998 292.24582 7.47778 0.00392 0.94902 0.02353 1.00000
v 86.79267 268.45340 -0.13827 0.00392 0.94902 0.00000 1.00000
v 97.20270 284.94250 -7.32973 0.00392 0.94902 0.00000 1.00000
v 93.46533 294.98697 -6.34543 0.00392 0.94902 0.02353 1.00000
v 80.91436 295.26639 0.11786 0.00392 0.94902 0.02353 1.00000
v 80.24863 287.65533 4.38248 0.00392 0.94902 0.00000 1.00000
v 88.10297 315.36859 5.62914 0.00392 0.94902 0.04706 1.00000
v 94.08030 313.05923 9.28700 0.00392 0.94902 0.04706 1.00000
v 94.65200 315.15915 2.23682 0.00392 0.94902 0.04706 1.00000
v 88.10297 315.36859 5.62914 0.00392 0.94902 0.04706 1.00000
v 92.98315 335.35797 13.08630 0.00392 0.94902 0.09412 1.00000
v 98.24354 331.93735 15.97344 0.00392 0.94902 0.09412 1.00000
v 99.08834 335.05853 9.86996 0.00392 0.94902 0.09412 1.00000
v 92.98315 335.35797 13.08630 0.00392 0.94902 0.09412 1.00000
v 100.18896 353.19638 24.41144 0.00392 0.94902 0.11765 1.00000
v 104.88700 349.48685 26.77322 0.00392 0.94902 0.11765 1.00000
v 105.86263 352.87784 21.39181 0.00392 0.94902 0.11765 1.00000
v 100.18896 353.19638 24.41144 0.00392 0.94902 0.11765 1.00000
v 108.46621 369.61096 37.54482 0.00392 0.94902 0.16471 1.00000
v 112.37132 365.33536 38.99731 0.00392 0.94902 0.16471 1.00000
v 113.69785 369.25204 34.69148 0.00392 0.94902 0.16471 1.00000
v 108.46621 369.61096 37.54482 0.00392 0.94902 0.16471 1.00000
v 121.24998 380.80966 53.15613 0.00392 0.94902 0.18824 1.00000
v 121.24998 380.80966 53.15613 0.00392 0.94902 0.18824 1.00000
v 151.52977 232.68845 -67.91877 0.21569 0.85882 0.07843 1.00000
v 162.11760 235.12355 -63.22669 0.27059 0.85882 0.09804 1.00000
v 155.12585 255.52773 -27.12854 0.13725 0.85882 0.09804 1.00000
v 141.31526 255.73795 -31.04319 0.11373 0.85882 0.07843 1.00000
v 129.11906 283.80984 13.02980 0.00392 0.85882 0.07843 1.00000
v 146.59006 282.41165 17.92885 0.00392 0.85882 0.09804 1.00000
v 131.55974 257.24246 60.99629 0.13725 0.85882 0.09804 1.00000
v 115.79861 257.87961 56.72050 0.11373 0.85882 0.07843 1.00000
v 104.44397 235.24745 93.92188 0.21569 0.85882 0.07843 1.00000
v 118.28807 238.46468 100.74860 0.27059 0.85882 0.09804 1.00000
v 167.05734 233.56032 -64.97869 0.37255 0.85882 0.13725 1.00000
v 165.63789 254.68056 -24.49502 0.19216 0.85882 0.13725 1.00000
v 163.96396 279.08359 22.43140 0.00392 0.85882 0.13725 1.00000
v 145.93739 256.43027 65.80914 0.19216 0.85882 0.13725 1.00000
v 130.33078 235.93819 101.93983 0.37255 0.85882 0.13725 1.00000
v 179.08301 233.05107 -59.43921 0.42745 0.85882 0.15686 1.00000
v 179.81783 250.63242 -20.38376 0.21569 0.85882 0.15686 1.00000
v 180.87297 271.89975 26.02933 0.00392 0.85882 0.15686 1.00000
v 161.53638 249.35728 67.84504 0.21569 0.85882 0.15686 1.00000
v 145.50217 232.30429 106.50378 0.42745 0.85882 0.15686 1.00000
v 184.89780 230.46681 -60.17582 0.52941 0.85882 0.19608 1.00000
v 190.25359 244.97609 -19.65928 0.27059 0.85882 0.19608 1.00000
v 197.09456 262.94717 29.05633 0.00392 0.85882 0.19608 1.00000
v 175.69543 242.60838 70.61351 0.27059 0.85882 0.19608 1.00000
v 157.17618 224.89299 105.96269 0.52941 0.85882 0.19608 1.00000
v 191.99915 228.79729 -57.66156 0.58431 0.85882 0.21569 1.00000
v 198.40605 240.12224 -18.31895 0.29412 0.85882 0.21569 1.00000
v 207.28056 255.16975 30.49502 0.00392 0.85882 0.21569 1.00000
v 185.46767 236.38023 72.25226 0.29412 0.85882 0.21569 1.00000
v 166.42581 219.83948 107.47591 0.58431 0.85882 0.21569 1.00000
v 201.07161 218.41695 -59.67051 0.63922 0.85882 0.23529 1.00000
v 210.53563 229.13893 -17.02752 0.32549 0.85882 0.23529 1.00000
v 221.02455 241.09792 31.63789 0.00392 0.85882 0.23529 1.00000
v 199.04237 223.82211 73.68710 0.32549 0.85882 0.23529 1.00000
v 180.04100 208.86494 109.59061 0.63922 0.85882 0.23529 1.00000
v 207.71223 213.85429 -58.96208 0.74118 0.85882 0.27451 1.00000
v 220.02419 219.57271 -16.25476 0.37255 0.85882 0.27451 1.00000
v 233.43158 225.73106 32.07240 0.00392 0.85882 0.27451 1.00000
v 210.35274 210.40840 73.62560 0.37255 0.85882 0.27451 1.00000
v 190.33415 197.14168 109.03100 0.74118 0.85882 0.27451 1.00000
v 216.52289 202.05327 -58.56526 0.79608 0.85882 0.29412 1.00000
v 228.44670 204.59485 -17.57760 0.40392 0.85882 0.29412 1.00000
v 242.97530 207.79216 31.03749 0.00392 0.85882 0.29412 1.00000
v 220.04529 193.76732 72.75581 0.40392 0.85882 0.29412 1.00000
v 199.94891 181.57266 108.03854 0.79608 0.85882 0.29412 1.00000
v 221.21056 194.21941 -60.08421 0.89804 0.85882 0.33333 1.00000
v 235.02733 191.83360 -18.60458 0.45098 0.85882 0.33333 1.00000
v 250.78732 189.03047 29.28014 0.00392 0.85882 0.33333 1.00000
v 228.09972 177.14397 71.61530 0.45098 0.85882 0.33333 1.00000
v 209.10780 166.97267 108.59907 0.89804 0.85882 0.33333 1.00000
v 225.62053 179.47055 -62.53898 0.95294 0.85882 0.35294 1.00000
v 239.72786 174.47153 -20.95243 0.48235 0.85882 0.35294 1.00000
v 254.97179 168.71013 26.05660 0.00392 0.85882 0.35294 1.00000
v 232.30046 157.86768 67.98862 0.48235 0.85882 0.35294 1.00000
v 214.46562 148.47293 105.96111 0.95294 0.85882 0.35294 1.00000
v 230.57793 175.68716 -60.61203 0.98431 0.85882 0.39216 1.00000
v 242.09441 163.26276 -23.22414 0.52941 0.85882 0.39216 1.00000
v 257.20670 148.14244 22.18402 0.00392 0.85882 0.39216 1.00000
v 235.09279 135.33778 63.57790 0.52941 0.85882 0.39216 1.00000
v 217.14003 123.93623 100.28962 0.98431 0.85882 0.39216 1.00000
v -11.87713 237.11830 -27.24047 0.22353 0.81176 0.08627 1.00000
v -15.66573 238.71306 -40.14932 0.27843 0.81176 0.10588 1.00000
v 22.93905 261.44617 -53.38605 0.13725 0.81176 0.10588 1.00000
v 29.15822 262.23273 -38.01633 0.10588 0.81176 0.08627 1.00000
v 73.38818 288.92065 -49.65179 0.00392 0.81176 0.08627 1.00000
v 67.60920 288.86337 -68.76693 0.00392 0.81176 0.10588 1.00000
v 114.15691 264.86795 -81.74824 0.13725 0.81176 0.10588 1.00000
v 117.95441 262.66193 -64.25932 0.10588 0.81176 0.08627 1.00000
v 156.56335 240.75761 -76.86842 0.22353 0.81176 0.08627 1.00000
v 153.92906 244.31319 -92.83694 0.27843 0.81176 0.10588 1.00000
v -18.15563 239.87296 -47.36621 0.39608 0.81176 0.14902 1.00000
v 20.21336 262.64755 -66.86732 0.19216 0.81176 0.14902 1.00000
v 61.62624 286.68158 -87.75625 0.00392 0.81176 0.14902 1.00000
v 108.49747 263.11328 -96.62617 0.19216 0.81176 0.14902 1.00000
v 147.91492 242.17552 -103.76041 0.39608 0.81176 0.14902 1.00000
v -20.97957 238.76746 -62.16977 0.45098 0.81176 0.17255 1.00000
v 14.01889 257.01807 -82.05006 0.22353 0.81176 0.17255 1.00000
v 55.31310 280.15930 -106.17908 0.00392 0.81176 0.17255 1.00000
v 103.25447 258.57230 -113.92213 0.22353 0.81176 0.17255 1.00000
v 142.81023 238.40825 -119.32650 0.45098 0.81176 0.17255 1.00000
v -25.92026 234.78740 -68.74649 0.56863 0.81176 0.21569 1.00000
v 9.99287 252.67578 -95.32165 0.27843 0.81176 0.21569 1.00000
v 49.00682 271.56921 -123.80628 0.00392 0.81176 0.21569 1.00000
v 96.93098 251.19487 -127.68495 0.27843 0.81176 0.21569 1.00000
v 138.75444 234.66161 -131.96034 0.56863 0.81176 0.21569 1.00000
v -28.57205 231.80432 -76.45364 0.62353 0.81176 0.23529 1.00000
v 5.54131 246.26640 -103.24543 0.30980 0.81176 0.23529 1.00000
v 44.78159 263.72308 -134.79759 0.00392 0.81176 0.23529 1.00000
v 93.13200 245.09514 -137.80510 0.30980 0.81176 0.23529 1.00000
v 135.54187 230.23909 -141.76862 0.62353 0.81176 0.23529 1.00000
v -33.20242 222.36690 -88.72067 0.67843 0.81176 0.25882 1.00000
v 0.09875 234.35091 -116.43708 0.33333 0.81176 0.25882 1.00000
v 38.61843 249.09688 -149.47536 0.00392 0.81176 0.25882 1.00000
v 87.54464 232.43622 -152.26292 0.33333 0.81176 0.25882 1.00000
v 129.22491 217.95018 -154.31352 0.67843 0.81176 0.25882 1.00000
v -36.43866 215.70018 -97.49178 0.78824 0.81176 0.30196 1.00000
v -4.25921 223.45055 -127.36025 0.38824 0.81176 0.30196 1.00000
v 32.69668 232.91203 -162.62160 0.00392 0.81176 0.30196 1.00000
v 81.88131 218.71364 -163.70605 0.38824 0.81176 0.30196 1.00000
v 124.38484 206.85350 -165.34416 0.78824 0.81176 0.30196 1.00000
v -41.69772 201.22084 -105.19491 0.78824 0.81176 0.32157 1.00000
v -9.58144 206.82677 -136.14975 0.38824 0.81176 0.32157 1.00000
v 27.24357 213.68788 -172.58852 0.00392 0.81176 0.32157 1.00000
v 76.45568 200.98318 -173.55061 0.38824 0.81176 0.32157 1.00000
v 119.46224 190.67128 -176.11697 0.78824 0.81176 0.32157 1.00000
v -45.14029 190.86496 -111.46130 0.78824 0.81176 0.36863 1.00000
v -13.84449 191.93260 -143.09567 0.38824 0.81176 0.36863 1.00000
v 22.15329 193.45045 -180.68626 0.00392 0.81176 0.36863 1.00000
v 72.08290 183.44402 -182.53679 0.38824 0.81176 0.36863 1.00000
v 114.20139 174.61919 -182.50420 0.78824 0.81176 0.36863 1.00000
v -48.80424 173.75418 -116.97207 0.78824 0.81176 0.38824 1.00000
v -17.57335 172.54005 -148.64159 0.38824 0.81176 0.38824 1.00000
v 17.80225 171.22101 -184.90950 0.00392 0.81176 0.38824 1.00000
v 67.69804 162.43532 -187.35368 0.38824 0.81176 0.38824 1.00000
v 109.83862 154.79030 -187.83623 0.78824 0.81176 0.38824 1.00000
v -51.10829 168.16199 -119.08356 0.78824 0.81176 0.43137 1.00000
v -20.27748 158.83360 -151.69484 0.38824 0.81176 0.43137 1.00000
v 13.94643 148.54997 -187.04234 0.00392 0.81176 0.43137 1.00000
v 63.04560 137.83929 -189.45998 0.38824 0.81176 0.43137 1.00000
v 104.67958 128.86627 -190.20595 0.78824 0.81176 0.43137 1.00000
v 12.82671 247.31912 74.69775 0.26275 0.86275 0.09412 1.00000
v -3.83573 246.58351 74.74619 0.32549 0.86275 0.11765 1.00000
v 3.72655 268.66959 32.34173 0.16863 0.86275 0.11765 1.00000
v 22.17679 266.97934 35.55856 0.13725 0.86275 0.09412 1.00000
v 33.96761 294.59464 -12.06173 0.00392 0.86275 0.09412 1.00000
v 12.34054 295.77386 -15.96385 0.00392 0.86275 0.11765 1.00000
v 20.99851 270.57480 -64.41437 0.16863 0.86275 0.11765 1.00000
v 39.68550 267.66849 -59.94468 0.13725 0.86275 0.09412 1.00000
v 45.68919 248.76439 -104.46108 0.26275 0.86275 0.09412 1.00000
v 28.37586 249.20895 -105.69869 0.32549 0.86275 0.11765 1.00000
v -14.78744 250.94481 69.82531 0.45098 0.86275 0.16471 1.00000
v -12.04158 269.99368 28.45602 0.23137 0.86275 0.16471 1.00000
v -9.36610 294.54703 -19.79286 0.00392 0.86275 0.16471 1.00000
v 4.18544 269.43613 -66.13178 0.23137 0.86275 0.16471 1.00000
v 15.53981 251.69005 -109.32130 0.45098 0.86275 0.16471 1.00000
v -31.61640 245.80537 68.87375 0.51373 0.86275 0.18824 1.00000
v -30.88558 264.23935 26.53559 0.26275 0.86275 0.18824 1.00000
v -30.86736 288.45157 -23.41255 0.00392 0.86275 0.18824 1.00000
v -15.13265 264.89099 -69.50853 0.26275 0.86275 0.18824 1.00000
v -1.85378 245.57469 -109.57720 0.51373 0.86275 0.18824 1.00000
v -44.67233 243.97270 65.36035 0.63922 0.86275 0.23529 1.00000
v -47.07553 258.98965 23.74201 0.32549 0.86275 0.23529 1.00000
v -51.67960 280.04590 -26.83505 0.00392 0.86275 0.23529 1.00000
v -32.03318 259.37784 -72.51595 0.32549 0.86275 0.23529 1.00000
v -15.46659 242.19838 -111.97532 0.63922 0.86275 0.23529 1.00000
v -53.86245 237.56740 66.56604 0.70196 0.86275 0.26275 1.00000
v -58.70922 253.32323 21.66420 0.35686 0.86275 0.26275 1.00000
v -64.93272 272.09625 -28.93820 0.00392 0.86275 0.26275 1.00000
v -43.95502 253.53136 -74.66629 0.35686 0.86275 0.26275 1.00000
v -26.44489 238.39738 -114.58746 0.70196 0.86275 0.26275 1.00000
v -69.59225 226.50697 63.99541 0.76471 0.86275 0.28627 1.00000
v -75.66305 240.53461 18.81185 0.38824 0.86275 0.28627 1.00000
v -83.13018 256.96057 -31.72184 0.00392 0.86275 0.28627 1.00000
v -60.75390 240.00337 -76.75298 0.38824 0.86275 0.28627 1.00000
v -42.06137 226.10768 -116.01420 0.76471 0.86275 0.28627 1.00000
v -82.27465 217.29907 61.22061 0.89020 0.86275 0.33333 1.00000
v -89.59599 227.22429 17.21369 0.45098 0.86275 0.33333 1.00000
v -99.80775 240.03236 -34.20630 0.00392 0.86275 0.33333 1.00000
v -75.22997 226.72362 -78.94472 0.45098 0.86275 0.33333 1.00000
v -54.58038 215.66376 -117.70406 0.89020 0.86275 0.33333 1.00000
v -94.12144 200.34135 60.51850 0.96078 0.86275 0.35686 1.00000
v -102.54520 208.99132 15.36544 0.48235 0.86275 0.35686 1.00000
v -113.29276 219.52820 -36.09124 0.00392 0.86275 0.35686 1.00000
v -88.47848 208.49870 -81.14344 0.48235 0.86275 0.35686 1.00000
v -68.36480 199.85809 -121.35210 0.96078 0.86275 0.35686 1.00000
v -103.48711 186.07480 59.42088 0.98431 0.86275 0.40392 1.00000
v -113.22306 191.47464 13.58017 0.54510 0.86275 0.40392 1.00000
v -124.79504 197.75505 -37.62877 0.00392 0.86275 0.40392 1.00000
v -98.63047 190.28375 -81.94607 0.54510 0.86275 0.40392 1.00000
v -78.43092 184.80070 -122.93978 0.98431 0.86275 0.40392 1.00000
v -112.48556 166.07182 56.63297 0.98431 0.86275 0.42745 1.00000
v -120.30309 169.14839 13.35350 0.57647 0.86275 0.42745 1.00000
v -132.15669 173.46132 -38.43837 0.00392 0.86275 0.42745 1.00000
v -106.26980 168.05327 -82.93467 0.57647 0.86275 0.42745 1.00000
v -85.80671 163.91118 -123.32873 0.98431 0.86275 0.42745 1.00000
v -117.56188 155.80721 55.44485 0.98431 0.86275 0.47451 1.00000
v -125.35227 152.40486 12.51160 0.63922 0.86275 0.47451 1.00000
v -137.21567 148.51569 -38.86460 0.00392 0.86275 0.47451 1.00000
v -111.73428 142.60390 -83.13064 0.63922 0.86275 0.47451 1.00000
v -92.58511 137.40804 -124.55968 0.98431 0.86275 0.47451 1.00000
v 160.51405 251.42235 68.78722 0.20000 0.26275 0.07451 1.00000
v 157.31163 254.41217 81.87170 0.24706 0.26275 0.09412 1.00000
v 115.93348 274.50449 69.22858 0.12157 0.26275 0.09412 1.00000
v 121.19814 270.15506 54.94829 0.09804 0.26275 0.07451 1.00000
v 76.48080 294.47348 38.58776 0.00392 0.26275 0.07451 1.00000
v 72.06917 297.00064 55.71572 0.00392 0.26275 0.09412 1.00000
v 27.37119 271.96521 46.35859 0.12157 0.26275 0.09412 1.00000
v 30.15628 270.03287 31.86082 0.09804 0.26275 0.07451 1.00000
v -10.00617 250.42625 25.70271 0.20000 0.26275 0.07451 1.00000
v -10.71272 251.08086 38.34499 0.24706 0.26275 0.09412 1.00000
v 152.41855 258.53024 91.48444 0.34902 0.26275 0.13333 1.00000
v 113.30379 274.98349 82.78525 0.16863 0.26275 0.13333 1.00000
v 67.48801 297.63028 73.02831 0.00392 0.26275 0.13333 1.00000
v 23.59311 274.11520 57.88533 0.16863 0.26275 0.13333 1.00000
v -12.82250 253.50166 45.18093 0.34902 0.26275 0.13333 1.00000
v 150.87785 254.77197 106.10350 0.40392 0.26275 0.15294 1.00000
v 108.17596 273.46793 98.41714 0.20000 0.26275 0.15294 1.00000
v 62.59624 294.42709 90.45330 0.00392 0.26275 0.15294 1.00000
v 20.75196 270.86115 72.87817 0.20000 0.26275 0.15294 1.00000
v -16.90582 252.94508 57.85077 0.40392 0.26275 0.15294 1.00000
v 147.26724 253.21178 117.50640 0.50588 0.26275 0.19216 1.00000
v 105.52395 268.98508 112.32015 0.24706 0.26275 0.19216 1.00000
v 57.66446 289.35739 107.47215 0.00392 0.26275 0.19216 1.00000
v 17.13751 268.39941 85.02755 0.24706 0.26275 0.19216 1.00000
v -19.89315 252.84929 66.24705 0.50588 0.26275 0.19216 1.00000
v 144.00728 250.84738 126.54095 0.56078 0.26275 0.21176 1.00000
v 102.42251 265.20807 122.15900 0.27843 0.26275 0.21176 1.00000
v 54.30182 284.07614 118.47530 0.00392 0.26275 0.21176 1.00000
v 13.90217 265.41409 94.11610 0.27843 0.26275 0.21176 1.00000
v -21.13239 250.16081 73.56525 0.56078 0.26275 0.21176 1.00000
v 138.94623 243.24986 140.38002 0.60784 0.26275 0.23137 1.00000
v 97.23969 256.42142 136.66214 0.30196 0.26275 0.23137 1.00000
v 49.30355 273.43533 133.83490 0.00392 0.26275 0.23137 1.00000
v 9.98342 256.45380 107.65598 0.30196 0.26275 0.23137 1.00000
v -25.20028 243.31187 85.81451 0.60784 0.26275 0.23137 1.00000
v 136.26080 234.89412 151.20030 0.70980 0.26275 0.27059 1.00000
v 93.54810 246.46004 148.95770 0.34902 0.26275 0.27059 1.00000
v 44.44599 261.20532 148.07957 0.00392 0.26275 0.27059 1.00000
v 6.32774 248.19347 118.70789 0.34902 0.26275 0.27059 1.00000
v -28.86962 238.77524 94.63261 0.70980 0.26275 0.27059 1.00000
v 131.96913 222.38235 162.35194 0.76471 0.26275 0.29020 1.00000
v 89.31107 232.60880 160.33815 0.38039 0.26275 0.29020 1.00000
v 39.92642 245.76048 159.91052 0.00392 0.26275 0.29020 1.00000
v 1.18347 235.66261 129.96730 0.38039 0.26275 0.29020 1.00000
v -31.40072 226.86946 104.34827 0.76471 0.26275 0.29020 1.00000
v 127.61773 211.07726 171.50606 0.78824 0.26275 0.32941 1.00000
v 84.46405 219.24043 170.18810 0.38824 0.26275 0.32941 1.00000
v 35.71003 229.09724 170.18469 0.00392 0.26275 0.32941 1.00000
v -2.45473 223.38632 138.73450 0.38824 0.26275 0.32941 1.00000
v -34.56578 218.37051 111.77938 0.78824 0.26275 0.32941 1.00000
v 125.47392 194.28822 178.21715 0.78824 0.26275 0.34902 1.00000
v 80.79250 201.74336 177.44981 0.38824 0.26275 0.34902 1.00000
v 32.15524 210.05487 177.23409 0.00392 0.26275 0.34902 1.00000
v -5.58541 206.52193 145.57076 0.38824 0.26275 0.34902 1.00000
v -37.60375 203.45979 118.50381 0.78824 0.26275 0.34902 1.00000
v 122.88433 186.99959 182.66354 0.78824 0.26275 0.38431 1.00000
v 78.37994 188.50032 182.11153 0.38824 0.26275 0.38431 1.00000
v 29.03370 190.31447 182.48131 0.00392 0.26275 0.38431 1.00000
v -9.29976 186.93936 151.48730 0.38824 0.26275 0.38431 1.00000
v -43.44030 184.21127 125.70013 0.78824 0.26275 0.38431 1.00000
v 161.63210 254.17871 -79.81332 0.25490 0.93725 0.09020 1.00000
v 174.84009 261.52615 -74.85664 0.31765 0.93725 0.11373 1.00000
v 165.60255 280.82047 -34.44981 0.16078 0.93725 0.11373 1.00000
v 148.84375 275.40042 -38.22497 0.12941 0.93725 0.09020 1.00000
v 133.52705 303.05688 8.14282 0.00392 0.93725 0.09020 1.00000
v 154.41331 307.32086 11.59315 0.00392 0.93725 0.11373 1.00000
v 150.04291 284.09525 60.69997 0.16078 0.93725 0.11373 1.00000
v 130.70959 280.78137 58.74949 0.12941 0.93725 0.09020 1.00000
v 127.80843 263.37234 102.35863 0.25490 0.93725 0.09020 1.00000
v 144.92738 269.60886 106.40820 0.31765 0.93725 0.11373 1.00000
v 184.24870 262.51547 -75.26128 0.44314 0.93725 0.16078 1.00000
v 180.14218 282.02402 -33.45874 0.22353 0.93725 0.16078 1.00000
v 175.74579 309.24536 14.83332 0.00392 0.93725 0.16078 1.00000
v 167.61246 286.69641 63.45058 0.22353 0.93725 0.16078 1.00000
v 160.67616 269.74313 106.18430 0.44314 0.93725 0.16078 1.00000
v 200.50693 263.20920 -71.98463 0.50588 0.93725 0.18431 1.00000
v 198.74040 280.55511 -31.02642 0.25490 0.93725 0.18431 1.00000
v 197.60890 306.43445 17.60438 0.00392 0.93725 0.18431 1.00000
v 187.84360 285.05170 66.18646 0.25490 0.93725 0.18431 1.00000
v 179.73546 268.71420 108.67210 0.50588 0.93725 0.18431 1.00000
v 211.11377 259.99722 -73.35693 0.63137 0.93725 0.23137 1.00000
v 214.36934 278.23254 -29.04670 0.31765 0.93725 0.23137 1.00000
v 219.14835 301.29642 20.06743 0.00392 0.93725 0.23137 1.00000
v 206.49471 281.73911 68.52532 0.31765 0.93725 0.23137 1.00000
v 196.41388 267.13651 111.33703 0.63137 0.93725 0.23137 1.00000
v 220.81268 257.97690 -72.31321 0.69412 0.93725 0.25490 1.00000
v 226.11986 274.69650 -27.70045 0.34902 0.93725 0.25490 1.00000
v 233.25223 295.50699 21.41376 0.00392 0.93725 0.25490 1.00000
v 219.30373 276.82993 69.25713 0.34902 0.93725 0.25490 1.00000
v 208.27747 262.74237 111.49856 0.69412 0.93725 0.25490 1.00000
v 237.24300 250.60423 -70.30524 0.75686 0.93725 0.27843 1.00000
v 243.68063 264.41238 -26.88925 0.38039 0.93725 0.27843 1.00000
v 253.20653 283.41354 22.90266 0.00392 0.93725 0.27843 1.00000
v 238.32936 266.16873 70.67326 0.38039 0.93725 0.27843 1.00000
v 226.54526 252.91673 112.62737 0.75686 0.93725 0.27843 1.00000
v 248.24486 243.59013 -70.59550 0.87451 0.93725 0.32549 1.00000
v 258.38840 254.73405 -25.99943 0.44314 0.93725 0.32549 1.00000
v 271.89828 269.30484 23.99796 0.00392 0.93725 0.32549 1.00000
v 255.43875 254.69846 71.98406 0.44314 0.93725 0.32549 1.00000
v 243.26997 244.12389 115.22022 0.87451 0.93725 0.32549 1.00000
v 261.63693 230.10963 -70.55234 0.93725 0.93725 0.34902 1.00000
v 273.24460 239.44954 -25.40741 0.47451 0.93725 0.34902 1.00000
v 287.80905 251.14638 24.27519 0.00392 0.93725 0.34902 1.00000
v 270.59534 237.66113 71.67971 0.47451 0.93725 0.34902 1.00000
v 258.86771 228.51118 115.69559 0.93725 0.93725 0.34902 1.00000
v 272.98465 220.26602 -68.85143 0.98431 0.93725 0.39608 1.00000
v 284.55307 224.52945 -26.05653 0.53725 0.93725 0.39608 1.00000
v 301.86295 231.43498 24.11684 0.00392 0.93725 0.39608 1.00000
v 283.94247 220.50914 71.66851 0.53725 0.93725 0.39608 1.00000
v 271.42361 212.48827 115.11605 0.98431 0.93725 0.39608 1.00000
v 282.72668 202.39073 -69.50722 0.98431 0.93725 0.41961 1.00000
v 294.46750 204.61324 -26.89599 0.56863 0.93725 0.41961 1.00000
v 312.05515 208.71999 23.03996 0.00392 0.93725 0.41961 1.00000
v 294.24118 199.07239 70.54711 0.56863 0.93725 0.41961 1.00000
v 282.90222 192.13268 115.06312 0.98431 0.93725 0.41961 1.00000
v 287.73538 195.35320 -69.84750 0.98431 0.93725 0.46667 1.00000
v 300.94666 190.28697 -27.61053 0.63137 0.93725 0.46667 1.00000
v 320.04730 185.10188 21.51177 0.00392 0.93725 0.46667 1.00000
v 304.19244 173.47496 69.66515 0.63137 0.93725 0.46667 1.00000
v 293.90298 163.62355 113.78669 0.98431 0.93725 0.46667 1.00000
v 38.17234 267.09454 -105.18404 0.24706 0.86275 0.09412 1.00000
v 48.89659 275.18216 -117.55257 0.30980 0.86275 0.11765 1.00000
v 83.41662 290.47238 -91.02887 0.15294 0.86275 0.11765 1.00000
v 73.95196 285.34592 -74.69529 0.12157 0.86275 0.09412 1.00000
v 111.05605 307.59628 -41.71745 0.00392 0.86275 0.09412 1.00000
v 122.52032 313.55176 -59.44449 0.00392 0.86275 0.11765 1.00000
v 166.84749 289.02652 -37.18472 0.15294 0.86275 0.11765 1.00000
v 156.60408 282.55292 -22.66743 0.12157 0.86275 0.09412 1.00000
v 195.64604 263.18564 -5.47930 0.24706 0.86275 0.09412 1.00000
v 204.24275 269.11697 -18.19739 0.30980 0.86275 0.11765 1.00000
v 54.45687 276.73938 -130.61528 0.43529 0.86275 0.16471 1.00000
v 93.30392 294.94058 -104.86242 0.21569 0.86275 0.16471 1.00000
v 134.38736 317.17130 -77.61654 0.00392 0.86275 0.16471 1.00000
v 174.43077 291.46719 -51.22660 0.21569 0.86275 0.16471 1.00000
v 210.76314 273.31372 -27.26421 0.43529 0.86275 0.16471 1.00000
v 65.06519 277.29294 -146.04364 0.49804 0.86275 0.18824 1.00000
v 103.41676 293.35040 -122.49935 0.24706 0.86275 0.18824 1.00000
v 146.84865 316.03171 -96.39603 0.00392 0.86275 0.18824 1.00000
v 185.43466 291.29590 -67.61724 0.24706 0.86275 0.18824 1.00000
v 221.05940 274.20056 -41.76192 0.49804 0.86275 0.18824 1.00000
v 74.06373 276.92584 -158.60599 0.62353 0.86275 0.23529 1.00000
v 113.62702 291.50467 -137.59479 0.30980 0.86275 0.23529 1.00000
v 159.26740 312.50623 -114.98348 0.00392 0.86275 0.23529 1.00000
v 195.47409 290.01535 -81.81597 0.30980 0.86275 0.23529 1.00000
v 227.72209 272.93817 -53.42421 0.62353 0.86275 0.23529 1.00000
v 81.30367 275.03802 -168.35208 0.68627 0.86275 0.25882 1.00000
v 121.41636 288.54819 -148.32738 0.34118 0.86275 0.25882 1.00000
v 167.54008 307.73465 -127.24982 0.00392 0.86275 0.25882 1.00000
v 202.07378 286.42093 -92.43661 0.34118 0.86275 0.25882 1.00000
v 233.98805 271.01752 -62.55437 0.68627 0.86275 0.25882 1.00000
v 90.79354 266.15918 -183.95683 0.74902 0.86275 0.28235 1.00000
v 132.00000 278.98239 -164.69771 0.37255 0.86275 0.28235 1.00000
v 179.46678 297.01532 -144.76714 0.00392 0.86275 0.28235 1.00000
v 212.86333 277.40009 -108.41503 0.37255 0.86275 0.28235 1.00000
v 244.86101 263.92963 -77.26527 0.74902 0.86275 0.28235 1.00000
v 99.54447 258.23312 -196.57628 0.78824 0.86275 0.33333 1.00000
v 141.65659 268.92804 -178.92990 0.38824 0.86275 0.33333 1.00000
v 190.79271 284.15323 -161.30034 0.00392 0.86275 0.33333 1.00000
v 223.24040 268.57590 -122.03252 0.38824 0.86275 0.33333 1.00000
v 251.52716 256.06665 -88.95401 0.78824 0.86275 0.33333 1.00000
v 109.59339 244.57903 -209.79167 0.78824 0.86275 0.35686 1.00000
v 152.22723 254.12062 -192.60767 0.38824 0.86275 0.35686 1.00000
v 200.78395 266.95618 -175.64937 0.00392 0.86275 0.35686 1.00000
v 232.75127 253.55983 -135.48470 0.38824 0.86275 0.35686 1.00000
v 260.67374 242.79367 -101.64346 0.78824 0.86275 0.35686 1.00000
v 115.75822 230.40059 -220.46852 0.78824 0.86275 0.40392 1.00000
v 160.58537 238.33910 -204.27863 0.38824 0.86275 0.40392 1.00000
v 209.82387 248.02913 -188.48260 0.00392 0.86275 0.40392 1.00000
v 240.36249 238.40874 -146.67802 0.38824 0.86275 0.40392 1.00000
v 267.38831 230.77727 -111.48887 0.78824 0.86275 0.40392 1.00000
v 123.04395 211.16005 -230.01373 0.78824 0.86275 0.42745 1.00000
v 167.32761 217.60194 -213.84689 0.38824 0.86275 0.42745 1.00000
v 216.91364 225.73161 -198.14122 0.00392 0.86275 0.42745 1.00000
v 247.87526 218.49953 -156.14250 0.38824 0.86275 0.42745 1.00000
v 276.95566 213.33113 -120.94382 0.78824 0.86275 0.42745 1.00000
v 127.32743 200.51826 -235.57982 0.78824 0.86275 0.47451 1.00000
v 173.17595 201.19788 -220.60347 0.38824 0.86275 0.47451 1.00000
v 222.85524 202.33186 -205.94838 0.00392 0.86275 0.47451 1.00000
v 254.77364 194.97237 -164.54312 0.38824 0.86275 0.47451 1.00000
v 280.66208 188.58057 -129.28853 0.78824 0.86275 0.47451 1.00000
v -20.74741 276.40018 19.14100 0.24706 0.73725 0.09020 1.00000
v -33.28269 282.07004 8.16027 0.30980 0.73725 0.10980 1.00000
v 2.17498 295.69489 -18.03435 0.16078 0.73725 0.10980 1.00000
v 15.01663 289.45245 -5.80525 0.12941 0.73725 0.09020 1.00000
v 57.45739 310.07928 -32.27895 0.00392 0.73725 0.09020 1.00000
v 44.30872 317.55643 -46.68274 0.00392 0.73725 0.10980 1.00000
v 74.02969 292.83215 -84.43339 0.16078 0.73725 0.10980 1.00000
v 84.84856 285.69315 -72.32909 0.12941 0.73725 0.09020 1.00000
v 113.68333 270.90277 -107.86182 0.24706 0.73725 0.09020 1.00000
v 101.61520 275.23138 -117.13517 0.30980 0.73725 0.10980 1.00000
v -41.19444 288.48410 -2.79943 0.42745 0.73725 0.15686 1.00000
v -8.42447 300.98633 -30.05594 0.21569 0.73725 0.15686 1.00000
v 30.75905 322.91815 -61.73378 0.00392 0.73725 0.15686 1.00000
v 64.82908 297.88998 -95.04465 0.21569 0.73725 0.15686 1.00000
v 95.39635 279.81503 -124.35797 0.42745 0.73725 0.15686 1.00000
v -55.30442 287.89828 -14.86248 0.49020 0.73725 0.18039 1.00000
v -21.03028 302.74594 -44.86336 0.24706 0.73725 0.18039 1.00000
v 16.62006 323.85428 -77.87974 0.00392 0.73725 0.18039 1.00000
v 52.89414 299.67319 -109.13030 0.24706 0.73725 0.18039 1.00000
v 85.41296 282.58890 -137.20334 0.49020 0.73725 0.18039 1.00000
v -65.24095 288.50470 -26.70094 0.60784 0.73725 0.22353 1.00000
v -32.51302 302.70926 -58.60456 0.30980 0.73725 0.22353 1.00000
v 2.56254 322.48050 -94.14890 0.00392 0.73725 0.22353 1.00000
v 42.21292 299.26154 -120.77972 0.30980 0.73725 0.22353 1.00000
v 77.11036 282.73456 -145.38048 0.60784 0.73725 0.22353 1.00000
v -72.36197 287.95090 -36.56496 0.67059 0.73725 0.24706 1.00000
v -41.10947 300.14566 -68.04854 0.34118 0.73725 0.24706 1.00000
v -6.75800 319.20377 -105.16915 0.00392 0.73725 0.24706 1.00000
v 34.53812 297.47910 -129.93846 0.34118 0.73725 0.24706 1.00000
v 70.50904 281.80203 -152.95775 0.67059 0.73725 0.24706 1.00000
v -84.84177 280.76239 -50.19992 0.72549 0.73725 0.27059 1.00000
v -53.57591 293.00800 -83.21235 0.36471 0.73725 0.27059 1.00000
v -20.12334 310.75400 -121.32569 0.00392 0.73725 0.27059 1.00000
v 22.81695 291.02274 -144.69044 0.36471 0.73725 0.27059 1.00000
v 60.60066 277.75598 -167.71144 0.72549 0.73725 0.27059 1.00000
v -94.95403 273.73782 -62.39334 0.85098 0.73725 0.31765 1.00000
v -64.48706 284.91241 -97.19546 0.42745 0.73725 0.31765 1.00000
v -32.76419 300.13113 -136.86055 0.00392 0.73725 0.31765 1.00000
v 12.48603 283.23984 -156.51056 0.42745 0.73725 0.31765 1.00000
v 52.39406 272.87650 -178.17833 0.85098 0.73725 0.31765 1.00000
v -104.57053 262.55338 -77.45909 0.90588 0.73725 0.33725 1.00000
v -75.29184 271.06387 -110.09818 0.45882 0.73725 0.33725 1.00000
v -43.82260 285.17206 -150.97342 0.00392 0.73725 0.33725 1.00000
v 2.36397 270.50046 -169.64528 0.45882 0.73725 0.33725 1.00000
v 42.63120 261.14664 -189.93890 0.90588 0.73725 0.33725 1.00000
v -113.11864 250.13435 -88.97473 0.98431 0.73725 0.38431 1.00000
v -84.31413 257.08987 -122.07020 0.52157 0.73725 0.38431 1.00000
v -53.78718 268.44604 -163.97498 0.00392 0.73725 0.38431 1.00000
v -6.10441 257.66284 -180.53972 0.52157 0.73725 0.38431 1.00000
v 35.51546 251.60664 -200.75073 0.98431 0.73725 0.38431 1.00000
v -120.85004 232.14178 -98.89484 0.98431 0.73725 0.40784 1.00000
v -91.94702 238.40352 -132.46547 0.54510 0.73725 0.40784 1.00000
v -61.49601 248.25673 -174.64268 0.00392 0.73725 0.40784 1.00000
v -13.17847 240.24086 -192.11320 0.54510 0.73725 0.40784 1.00000
v 28.65075 235.64445 -212.13713 0.98431 0.73725 0.40784 1.00000
v -124.92995 222.75890 -106.67698 0.98431 0.73725 0.45098 1.00000
v -96.90118 224.03111 -141.59756 0.60784 0.73725 0.45098 1.00000
v -67.88047 226.85854 -183.85851 0.00392 0.73725 0.45098 1.00000
v -20.16166 218.39677 -200.34941 0.60784 0.73725 0.45098 1.00000
v 20.70857 212.06198 -218.16243 0.98431 0.73725 0.45098 1.00000
v 84.95124 281.43799 109.08114 0.23922 0.59608 0.09412 1.00000
v 72.08362 287.81915 119.73742 0.30196 0.59608 0.11765 1.00000
v 53.29116 303.49997 76.07458 0.14510 0.59608 0.11765 1.00000
v 68.05579 294.02805 67.97504 0.11373 0.59608 0.09412 1.00000
v 51.94689 315.08902 19.28408 0.00392 0.59608 0.09412 1.00000
v 35.16774 324.35983 29.41315 0.00392 0.59608 0.11765 1.00000
v 2.05889 301.39948 -7.36665 0.14510 0.59608 0.11765 1.00000
v 16.21820 293.85873 -17.45604 0.11373 0.59608 0.09412 1.00000
v -13.24454 278.07275 -49.55775 0.23922 0.59608 0.09412 1.00000
v -26.01674 286.78683 -42.40991 0.30196 0.59608 0.11765 1.00000
v 61.23925 294.07346 125.91850 0.42745 0.59608 0.16471 1.00000
v 40.11550 308.73038 85.52759 0.20784 0.59608 0.16471 1.00000
v 17.55127 331.48312 39.98921 0.00392 0.59608 0.16471 1.00000
v -10.87225 307.76450 0.29016 0.20784 0.59608 0.16471 1.00000
v -36.05632 293.03354 -37.00367 0.42745 0.59608 0.16471 1.00000
v 45.32552 297.81015 134.81134 0.49020 0.59608 0.18824 1.00000
v 23.08582 311.81873 95.53621 0.23922 0.59608 0.18824 1.00000
v -1.48963 334.06909 51.30299 0.00392 0.59608 0.18824 1.00000
v -27.74259 311.16934 9.79341 0.23922 0.59608 0.18824 1.00000
v -50.78125 295.33374 -27.15818 0.49020 0.59608 0.18824 1.00000
v 31.93468 299.94046 142.10149 0.61569 0.59608 0.23529 1.00000
v 7.38813 313.30341 104.29327 0.30196 0.59608 0.23529 1.00000
v -20.74466 334.24319 62.67941 0.00392 0.59608 0.23529 1.00000
v -42.34608 311.82684 18.96764 0.30196 0.59608 0.23529 1.00000
v -62.67865 297.14276 -20.21673 0.61569 0.59608 0.23529 1.00000
v 22.23025 298.51712 148.88582 0.67843 0.59608 0.25882 1.00000
v -3.70240 311.62378 111.33724 0.33333 0.59608 0.25882 1.00000
v -33.84548 331.89816 70.35613 0.00392 0.59608 0.25882 1.00000
v -53.40901 310.60226 25.54669 0.33333 0.59608 0.25882 1.00000
v -72.97793 297.43362 -14.97610 0.67843 0.59608 0.25882 1.00000
v 5.36858 293.45670 158.60291 0.74118 0.59608 0.28235 1.00000
v -21.40037 305.59006 121.72425 0.36471 0.59608 0.28235 1.00000
v -53.13786 324.64270 81.57618 0.00392 0.59608 0.28235 1.00000
v -71.58349 305.54526 35.12838 0.36471 0.59608 0.28235 1.00000
v -88.43299 291.48535 -4.70690 0.74118 0.59608 0.28235 1.00000
v -9.30236 288.39938 166.30119 0.78824 0.59608 0.32941 1.00000
v -37.99882 299.13849 130.34375 0.38824 0.59608 0.32941 1.00000
v -71.74302 315.05814 92.33993 0.00392 0.59608 0.32941 1.00000
v -87.23580 298.64389 44.05427 0.38824 0.59608 0.32941 1.00000
v -101.91442 286.55804 2.81108 0.78824 0.59608 0.32941 1.00000
v -23.62454 276.04550 175.80011 0.78824 0.59608 0.35294 1.00000
v -54.21243 286.64673 139.52077 0.38824 0.59608 0.35294 1.00000
v -88.77515 300.84680 102.11491 0.00392 0.59608 0.35294 1.00000
v -102.98073 286.00912 53.34659 0.38824 0.59608 0.35294 1.00000
v -116.88679 275.20053 11.60929 0.78824 0.59608 0.35294 1.00000
v -36.63538 265.06876 182.96413 0.78824 0.59608 0.40000 1.00000
v -68.00638 273.26303 147.66554 0.38824 0.59608 0.40000 1.00000
v -104.54247 284.69861 111.13062 0.00392 0.59608 0.40000 1.00000
v -117.37522 273.30566 61.03633 0.38824 0.59608 0.40000 1.00000
v -131.79402 265.83646 17.64371 0.78824 0.59608 0.40000 1.00000
v -48.83907 247.96832 190.11583 0.78824 0.59608 0.42353 1.00000
v -81.30180 255.31104 154.69034 0.38824 0.59608 0.42353 1.00000
v -117.65862 264.74158 118.59125 0.00392 0.59608 0.42353 1.00000
v -130.77290 255.46059 67.99666 0.38824 0.59608 0.42353 1.00000
v -141.95699 247.79391 25.58431 0.78824 0.59608 0.42353 1.00000
v -58.93372 240.25652 192.95375 0.78824 0.59608 0.47059 1.00000
v -91.32539 241.07140 159.50540 0.38824 0.59608 0.47059 1.00000
v -129.09929 243.39207 125.08805 0.00392 0.59608 0.47059 1.00000
v -141.00096 232.61180 75.69674 0.38824 0.59608 0.47059 1.00000
v -156.97383 225.02541 32.45351 0.78824 0.59608 0.47059 1.00000
v 158.24338 285.90680 80.20876 0.23922 0.85490 0.08627 1.00000
v 152.47884 296.20236 92.25414 0.29412 0.85490 0.10588 1.00000
v 113.75832 305.95142 73.36741 0.15294 0.85490 0.10588 1.00000
v 118.91602 296.47055 59.21188 0.12157 0.85490 0.08627 1.00000
v 75.59864 315.62308 30.93558 0.00392 0.85490 0.08627 1.00000
v 69.79672 325.55841 47.40241 0.00392 0.85490 0.10588 1.00000
v 21.19554 303.78601 41.70720 0.15294 0.85490 0.10588 1.00000
v 26.25322 294.50159 28.13766 0.12157 0.85490 0.08627 1.00000
v -17.16091 280.90350 22.26158 0.23922 0.85490 0.08627 1.00000
v -21.55361 289.54401 34.09809 0.29412 0.85490 0.10588 1.00000
v 150.67769 300.48669 105.25542 0.41176 0.85490 0.14902 1.00000
v 108.75352 313.26511 86.62750 0.20784 0.85490 0.14902 1.00000
v 63.58219 333.54758 64.82655 0.00392 0.85490 0.14902 1.00000
v 16.57692 310.73535 53.80530 0.20784 0.85490 0.14902 1.00000
v -25.48947 296.17239 42.38766 0.41176 0.85490 0.14902 1.00000
v 144.64861 305.00412 121.11016 0.46667 0.85490 0.17255 1.00000
v 102.22939 317.70474 103.60728 0.23922 0.85490 0.17255 1.00000
v 56.60898 337.46771 83.88079 0.00392 0.85490 0.17255 1.00000
v 10.96450 314.36646 70.48499 0.23922 0.85490 0.17255 1.00000
v -30.05982 299.43179 57.58314 0.46667 0.85490 0.17255 1.00000
v 138.60603 308.41013 134.72713 0.58431 0.85490 0.21569 1.00000
v 96.75693 319.50824 119.69529 0.29412 0.85490 0.21569 1.00000
v 49.42606 339.21243 103.24262 0.00392 0.85490 0.21569 1.00000
v 5.57019 316.67001 84.87094 0.29412 0.85490 0.21569 1.00000
v -34.02716 301.85367 68.70756 0.58431 0.85490 0.21569 1.00000
v 135.39680 307.86557 145.82970 0.64706 0.85490 0.23922 1.00000
v 92.25943 319.39130 131.39580 0.32549 0.85490 0.23922 1.00000
v 44.38746 338.19492 116.51900 0.00392 0.85490 0.23922 1.00000
v 1.03861 316.96957 95.78722 0.32549 0.85490 0.23922 1.00000
v -39.34735 304.07144 77.77763 0.64706 0.85490 0.23922 1.00000
v 128.71143 304.39880 163.43825 0.70196 0.85490 0.25882 1.00000
v 84.74768 315.80551 149.71861 0.35686 0.85490 0.25882 1.00000
v 36.71559 333.28125 136.26814 0.00392 0.85490 0.25882 1.00000
v -5.26662 312.75827 113.52463 0.35686 0.85490 0.25882 1.00000
v -45.95627 301.34320 94.08287 0.70196 0.85490 0.25882 1.00000
v 120.78123 301.55948 178.75154 0.81961 0.85490 0.30196 1.00000
v 78.73811 309.99301 166.43373 0.41176 0.85490 0.30196 1.00000
v 29.13881 326.21359 155.45744 0.00392 0.85490 0.30196 1.00000
v -11.43370 308.25034 128.77257 0.41176 0.85490 0.30196 1.00000
v -50.56804 297.83563 106.95211 0.81961 0.85490 0.30196 1.00000
v 113.67006 292.27374 195.40202 0.87451 0.85490 0.32549 1.00000
v 71.60602 299.95413 183.41609 0.44314 0.85490 0.32549 1.00000
v 21.79320 314.75027 173.31982 0.00392 0.85490 0.32549 1.00000
v -18.05239 298.51050 145.06425 0.44314 0.85490 0.32549 1.00000
v -57.96533 290.05457 122.37544 0.87451 0.85490 0.32549 1.00000
v 108.15636 281.95776 209.63118 0.98431 0.85490 0.36863 1.00000
v 65.38593 288.80661 198.40358 0.49804 0.85490 0.36863 1.00000
v 14.76899 301.35757 190.00537 0.00392 0.85490 0.36863 1.00000
v -25.19126 289.28555 159.20183 0.49804 0.85490 0.36863 1.00000
v -64.51020 282.88574 134.91766 0.98431 0.85490 0.36863 1.00000
v 100.93880 267.47781 223.54021 0.98431 0.85490 0.39216 1.00000
v 57.94357 273.69119 212.46712 0.52941 0.85490 0.39216 1.00000
v 8.47340 284.10223 204.14012 0.00392 0.85490 0.39216 1.00000
v -29.99135 273.42758 172.26913 0.52941 0.85490 0.39216 1.00000
v -66.65916 266.97198 146.92091 0.98431 0.85490 0.39216 1.00000
v 95.55491 259.82510 231.93652 0.98431 0.85490 0.43529 1.00000
v 54.43990 260.63300 221.95845 0.58431 0.85490 0.43529 1.00000
v 2.72282 265.35681 216.60762 0.00392 0.85490 0.43529 1.00000
v -36.91164 255.07191 185.50302 0.58431 0.85490 0.43529 1.00000
v -72.02473 247.15396 160.26495 0.98431 0.85490 0.43529 1.00000
v 105.03671 289.47055 -110.57351 0.22353 0.83922 0.08627 1.00000
v 116.75980 299.73846 -114.80245 0.28627 0.83922 0.10980 1.00000
v 126.10974 311.53778 -70.06271 0.13725 0.83922 0.10980 1.00000
v 112.61097 301.94876 -63.48689 0.10588 0.83922 0.08627 1.00000
v 116.68546 320.04419 -13.25119 0.00392 0.83922 0.08627 1.00000
v 132.28181 331.66156 -19.22766 0.00392 0.83922 0.10980 1.00000
v 160.67976 312.76614 22.13767 0.13725 0.83922 0.10980 1.00000
v 147.32964 301.93912 27.17731 0.10588 0.83922 0.08627 1.00000
v 170.57420 292.04031 66.23335 0.22353 0.83922 0.08627 1.00000
v 182.64240 302.78842 62.13479 0.28627 0.83922 0.10980 1.00000
v 126.21918 307.39508 -117.96590 0.40392 0.83922 0.15294 1.00000
v 138.24989 319.78149 -74.64716 0.20000 0.83922 0.15294 1.00000
v 149.01128 341.42706 -25.64845 0.00392 0.83922 0.15294 1.00000
v 173.14482 321.48563 17.79754 0.20000 0.83922 0.15294 1.00000
v 192.78654 309.44183 57.21825 0.40392 0.83922 0.15294 1.00000
v 141.28514 313.60767 -123.23464 0.45882 0.83922 0.17647 1.00000
v 154.68031 325.93826 -80.52133 0.22353 0.83922 0.17647 1.00000
v 167.78241 347.20242 -32.86737 0.00392 0.83922 0.17647 1.00000
v 189.63380 326.79901 10.94450 0.22353 0.83922 0.17647 1.00000
v 208.02020 315.26541 51.40601 0.45882 0.83922 0.17647 1.00000
v 153.16960 316.36847 -128.83331 0.57647 0.83922 0.21961 1.00000
v 169.35237 329.12338 -86.68250 0.28627 0.83922 0.21961 1.00000
v 187.08604 350.75455 -40.29965 0.00392 0.83922 0.21961 1.00000
v 204.80727 330.39828 4.99535 0.28627 0.83922 0.21961 1.00000
v 221.17203 319.71393 47.02717 0.57647 0.83922 0.21961 1.00000
v 163.19527 317.77853 -132.66396 0.63922 0.83922 0.24314 1.00000
v 180.60481 329.93494 -91.14150 0.31765 0.83922 0.24314 1.00000
v 200.53239 350.88531 -45.50162 0.00392 0.83922 0.24314 1.00000
v 216.74870 332.12012 1.24979 0.31765 0.83922 0.24314 1.00000
v 231.28355 319.88803 41.92237 0.63922 0.83922 0.24314 1.00000
v 180.67160 316.72522 -138.79366 0.69412 0.83922 0.26275 1.00000
v 199.35963 328.47116 -97.58134 0.34118 0.83922 0.26275 1.00000
v 220.82204 347.59198 -53.41333 0.00392 0.83922 0.26275 1.00000
v 235.47887 329.85529 -5.95575 0.34118 0.83922 0.26275 1.00000
v 249.03737 318.29440 35.22361 0.69412 0.83922 0.26275 1.00000
v 194.01241 313.20926 -145.22258 0.78824 0.83922 0.30588 1.00000
v 215.82993 324.92288 -103.94250 0.38824 0.83922 0.30588 1.00000
v 240.72585 342.05630 -61.22237 0.00392 0.83922 0.30588 1.00000
v 252.39812 325.73239 -12.84486 0.38824 0.83922 0.30588 1.00000
v 264.17865 315.19724 29.06781 0.78824 0.83922 0.30588 1.00000
v 210.73494 305.84442 -151.68176 0.78824 0.83922 0.32941 1.00000
v 233.20564 316.18021 -111.14323 0.38824 0.83922 0.32941 1.00000
v 259.68723 332.02829 -68.80404 0.00392 0.83922 0.32941 1.00000
v 270.71402 317.38083 -19.68649 0.38824 0.83922 0.32941 1.00000
v 283.22754 309.08298 23.71654 0.78824 0.83922 0.32941 1.00000
v 224.05345 298.31726 -157.28526 0.78824 0.83922 0.37255 1.00000
v 248.99568 307.30338 -117.05060 0.38824 0.83922 0.37255 1.00000
v 277.65390 320.01297 -76.08404 0.00392 0.83922 0.37255 1.00000
v 287.43109 307.92224 -25.85787 0.38824 0.83922 0.37255 1.00000
v 296.63040 298.87161 16.26782 0.78824 0.83922 0.37255 1.00000
v 240.62810 286.71210 -161.91389 0.78824 0.83922 0.39608 1.00000
v 264.58743 293.39658 -122.97015 0.38824 0.83922 0.39608 1.00000
v 293.45892 303.96942 -82.70576 0.00392 0.83922 0.39608 1.00000
v 301.23581 292.22202 -33.23344 0.38824 0.83922 0.39608 1.00000
v 313.43243 286.34512 11.14986 0.78824 0.83922 0.39608 1.00000
v 246.30003 279.97287 -165.90901 0.78824 0.83922 0.43922 1.00000
v 273.65213 281.57178 -128.19290 0.38824 0.83922 0.43922 1.00000
v 307.74008 286.29016 -88.80856 0.00392 0.83922 0.43922 1.00000
v 316.14844 273.49731 -40.07666 0.38824 0.83922 0.43922 1.00000
v 328.43494 264.94025 2.79507 0.78824 0.83922 0.43922 1.00000
v -10.49515 299.73965 -49.42912 0.25490 0.65882 0.09020 1.00000
v -14.04971 309.49448 -63.81137 0.31765 0.65882 0.11373 1.00000
v 33.10952 320.37814 -58.95350 0.16078 0.65882 0.11373 1.00000
v 33.80286 307.76089 -44.90396 0.12941 0.65882 0.09020 1.00000
v 85.33212 325.50351 -31.94092 0.00392 0.65882 0.09020 1.00000
v 84.25243 339.12241 -48.61671 0.00392 0.65882 0.11373 1.00000
v 133.62051 321.68665 -64.58267 0.16078 0.65882 0.11373 1.00000
v 134.30246 308.85330 -50.29375 0.12941 0.65882 0.09020 1.00000
v 178.64581 299.65292 -61.53379 0.25490 0.65882 0.09020 1.00000
v 178.65706 312.43628 -74.28778 0.31765 0.65882 0.11373 1.00000
v -14.59630 318.18863 -74.21130 0.44314 0.65882 0.16078 1.00000
v 32.47187 330.37405 -72.16132 0.22353 0.65882 0.16078 1.00000
v 83.04378 350.87408 -66.72842 0.00392 0.65882 0.16078 1.00000
v 132.20103 331.33356 -78.65869 0.22353 0.65882 0.16078 1.00000
v 176.89999 320.79156 -86.35563 0.44314 0.65882 0.16078 1.00000
v -14.91639 326.30807 -90.67299 0.50588 0.65882 0.18431 1.00000
v 30.70841 337.38394 -90.45861 0.25490 0.65882 0.18431 1.00000
v 81.59103 358.58401 -87.46556 0.00392 0.65882 0.18431 1.00000
v 130.92784 338.91290 -97.08457 0.25490 0.65882 0.18431 1.00000
v 175.49406 328.08157 -103.61404 0.50588 0.65882 0.18431 1.00000
v -16.86616 330.33929 -104.63998 0.63137 0.65882 0.23137 1.00000
v 29.54238 342.54904 -107.04576 0.31765 0.65882 0.23137 1.00000
v 80.05518 363.99484 -108.98132 0.00392 0.65882 0.23137 1.00000
v 130.01474 344.47781 -114.30621 0.31765 0.65882 0.23137 1.00000
v 176.06345 334.89459 -118.51034 0.63137 0.65882 0.23137 1.00000
v -17.90110 332.34048 -116.01097 0.68627 0.65882 0.25490 1.00000
v 28.91268 344.75552 -119.86461 0.34902 0.65882 0.25490 1.00000
v 78.93359 365.26627 -124.16457 0.00392 0.65882 0.25490 1.00000
v 128.48563 345.77884 -127.42252 0.34902 0.65882 0.25490 1.00000
v 175.34758 337.28830 -130.75371 0.68627 0.65882 0.25490 1.00000
v -17.79869 333.46661 -136.06200 0.74902 0.65882 0.27843 1.00000
v 26.75468 343.17502 -140.78181 0.38039 0.65882 0.27843 1.00000
v 77.16394 363.40762 -147.35588 0.00392 0.65882 0.27843 1.00000
v 126.96246 344.84476 -148.70692 0.38039 0.65882 0.27843 1.00000
v 173.32677 336.19067 -151.11604 0.74902 0.65882 0.27843 1.00000
v -18.92551 331.87656 -152.99721 0.87451 0.65882 0.32549 1.00000
v 25.38988 340.64093 -159.67439 0.44314 0.65882 0.32549 1.00000
v 75.38437 359.08148 -170.28435 0.00392 0.65882 0.32549 1.00000
v 125.35317 341.94763 -168.09360 0.44314 0.65882 0.32549 1.00000
v 172.80534 334.99600 -169.36604 0.87451 0.65882 0.32549 1.00000
v -20.95201 324.24582 -172.54509 0.93725 0.65882 0.34902 1.00000
v 23.64934 332.63565 -180.17142 0.47451 0.65882 0.34902 1.00000
v 73.61511 349.76590 -192.44136 0.00392 0.65882 0.34902 1.00000
v 124.70029 334.91562 -189.38702 0.47451 0.65882 0.34902 1.00000
v 172.25154 328.61856 -190.17134 0.93725 0.65882 0.34902 1.00000
v -21.46515 317.24234 -190.05928 0.98431 0.65882 0.39608 1.00000
v 23.16557 324.47675 -199.18565 0.53725 0.65882 0.39608 1.00000
v 71.91167 338.20120 -213.59154 0.00392 0.65882 0.39608 1.00000
v 122.30427 324.83286 -207.48233 0.53725 0.65882 0.39608 1.00000
v 168.06816 317.92322 -205.92079 0.98431 0.65882 0.39608 1.00000
v -21.85350 304.47974 -208.61870 0.98431 0.65882 0.41961 1.00000
v 20.82261 309.33997 -216.59485 0.56863 0.65882 0.41961 1.00000
v 70.38010 322.18549 -232.56337 0.00392 0.65882 0.41961 1.00000
v 121.65332 311.02640 -226.31700 0.56863 0.65882 0.41961 1.00000
v 166.19075 303.91806 -223.29820 0.98431 0.65882 0.41961 1.00000
v -25.01998 295.53061 -216.31396 0.98431 0.65882 0.46667 1.00000
v 20.75638 298.32898 -230.60289 0.63137 0.65882 0.46667 1.00000
v 68.98556 304.35880 -249.94283 0.00392 0.65882 0.46667 1.00000
v 119.35209 291.96667 -244.14934 0.63137 0.65882 0.46667 1.00000
v 165.21223 284.38168 -244.01750 0.98431 0.65882 0.46667 1.00000
v 7.06372 308.03494 74.85272 0.23922 0.96078 0.09412 1.00000
v -4.58755 321.80569 69.93556 0.30196 0.96078 0.11765 1.00000
v 17.04222 328.39755 27.99007 0.14510 0.96078 0.11765 1.00000
v 29.90489 314.46350 32.92063 0.11373 0.96078 0.09412 1.00000
v 62.30104 328.75403 -10.88811 0.00392 0.96078 0.09412 1.00000
v 47.42355 343.69464 -16.44182 0.00392 0.96078 0.11765 1.00000
v 50.11517 325.18741 -68.02686 0.14510 0.96078 0.11765 1.00000
v 62.17898 311.43585 -63.00422 0.11373 0.96078 0.09412 1.00000
v 69.65878 302.77701 -109.33213 0.23922 0.96078 0.09412 1.00000
v 57.52024 314.74109 -112.86094 0.30196 0.96078 0.11765 1.00000
v -15.41350 332.79102 65.23858 0.42745 0.96078 0.16471 1.00000
v 4.62366 340.04721 22.80629 0.20784 0.96078 0.16471 1.00000
v 31.03686 356.81363 -22.59407 0.00392 0.96078 0.16471 1.00000
v 37.93878 335.45496 -72.11085 0.20784 0.96078 0.16471 1.00000
v 48.35888 324.01648 -116.43003 0.42745 0.96078 0.16471 1.00000
v -32.41365 340.83853 59.82102 0.49020 0.96078 0.18824 1.00000
v -12.89111 348.58725 16.67864 0.23922 0.96078 0.18824 1.00000
v 11.89899 366.00961 -29.82788 0.00392 0.96078 0.18824 1.00000
v 21.21812 344.10471 -78.36801 0.23922 0.96078 0.18824 1.00000
v 33.48686 333.05869 -122.85195 0.49020 0.96078 0.18824 1.00000
v -47.07458 347.27908 54.14530 0.61569 0.96078 0.23529 1.00000
v -29.26133 355.04617 10.54403 0.30196 0.96078 0.23529 1.00000
v -8.11284 372.96021 -37.40157 0.00392 0.96078 0.23529 1.00000
v 6.29622 351.19907 -84.99244 0.30196 0.96078 0.23529 1.00000
v 19.93711 337.98853 -126.79888 0.61569 0.96078 0.23529 1.00000
v -58.41569 350.95120 49.05075 0.67843 0.96078 0.25882 1.00000
v -41.34694 358.66077 4.99355 0.33333 0.96078 0.25882 1.00000
v -22.39323 375.33755 -42.81230 0.00392 0.96078 0.25882 1.00000
v -5.75601 354.09766 -89.71231 0.33333 0.96078 0.25882 1.00000
v 9.25221 341.18869 -131.15996 0.67843 0.96078 0.25882 1.00000
v -78.42364 350.72110 42.67711 0.74118 0.96078 0.28235 1.00000
v -61.74158 359.27820 -2.86853 0.36471 0.96078 0.28235 1.00000
v -44.47347 375.21060 -51.15997 0.00392 0.96078 0.28235 1.00000
v -25.85004 354.41971 -97.09167 0.36471 0.96078 0.28235 1.00000
v -9.58164 341.87689 -138.12511 0.74118 0.96078 0.28235 1.00000
v -95.82318 350.05585 35.79289 0.78824 0.96078 0.32941 1.00000
v -80.81159 357.61349 -9.85396 0.38824 0.96078 0.32941 1.00000
v -66.48569 372.60373 -59.47113 0.00392 0.96078 0.32941 1.00000
v -43.91025 353.59189 -104.46759 0.38824 0.96078 0.32941 1.00000
v -25.05886 343.34238 -146.42162 0.78824 0.96078 0.32941 1.00000
v -115.65025 343.81570 28.45654 0.78824 0.96078 0.35294 1.00000
v -101.21519 351.41678 -18.11642 0.38824 0.96078 0.35294 1.00000
v -88.12145 364.90060 -67.64771 0.00392 0.96078 0.35294 1.00000
v -63.88032 347.66513 -112.68578 0.38824 0.96078 0.35294 1.00000
v -44.23434 335.90536 -151.62859 0.78824 0.96078 0.35294 1.00000
v -133.43225 338.28812 19.27647 0.78824 0.96078 0.40000 1.00000
v -120.00346 343.64908 -25.90356 0.38824 0.96078 0.40000 1.00000
v -108.94965 354.82382 -75.53592 0.00392 0.96078 0.40000 1.00000
v -81.63357 338.76004 -117.81255 0.38824 0.96078 0.40000 1.00000
v -60.31838 331.09518 -159.76305 0.78824 0.96078 0.40000 1.00000
v -151.20110 323.88837 14.54155 0.78824 0.96078 0.42353 1.00000
v -138.11523 328.97629 -31.21074 0.38824 0.96078 0.42353 1.00000
v -127.94106 339.99521 -82.77934 0.00392 0.96078 0.42353 1.00000
v -99.44399 325.45114 -124.38166 0.38824 0.96078 0.42353 1.00000
v -77.34855 317.75888 -164.75667 0.78824 0.96078 0.42353 1.00000
v -162.39606 317.61258 7.84549 0.78824 0.96078 0.47059 1.00000
v -151.59747 317.56778 -36.35946 0.38824 0.96078 0.47059 1.00000
v -145.49416 323.18066 -89.51828 0.00392 0.96078 0.47059 1.00000
v -117.73917 308.80014 -131.85031 0.38824 0.96078 0.47059 1.00000
v -97.29305 300.37381 -173.86516 0.78824 0.96078 0.47059 1.00000
v 141.32806 313.15909 92.89517 0.25490 0.89804 0.09020 1.00000
v 134.17174 327.69742 102.02596 0.31765 0.89804 0.11373 1.00000
v 99.27427 333.36221 68.59371 0.16078 0.89804 0.11373 1.00000
v 106.90675 318.31973 58.96241 0.12941 0.89804 0.09020 1.00000
v 74.41744 330.46237 15.49051 0.00392 0.89804 0.09020 1.00000
v 65.82502 346.46927 26.91118 0.00392 0.89804 0.11373 1.00000
v 16.59985 329.29941 11.33772 0.16078 0.89804 0.11373 1.00000
v 23.60124 315.28671 1.26793 0.12941 0.89804 0.09020 1.00000
v -18.43655 307.66644 -18.26228 0.25490 0.89804 0.09020 1.00000
v -24.53325 320.46893 -8.60116 0.31765 0.89804 0.11373 1.00000
v 126.81802 340.06332 110.14473 0.44314 0.89804 0.16078 1.00000
v 91.83535 345.42416 79.18949 0.22353 0.89804 0.16078 1.00000
v 56.14898 360.82880 39.70343 0.00392 0.89804 0.16078 1.00000
v 9.73394 340.72806 20.29156 0.22353 0.89804 0.16078 1.00000
v -29.79849 330.12411 -1.42814 0.44314 0.89804 0.16078 1.00000
v 117.12782 349.62827 124.34662 0.49804 0.89804 0.18431 1.00000
v 81.21476 355.85837 92.94072 0.25490 0.89804 0.18431 1.00000
v 44.43219 371.59073 55.00774 0.00392 0.89804 0.18431 1.00000
v -0.59398 351.02280 33.13280 0.25490 0.89804 0.18431 1.00000
v -40.05913 341.09134 8.96689 0.49804 0.89804 0.18431 1.00000
v 107.48084 357.35922 137.07785 0.62353 0.89804 0.23137 1.00000
v 70.53056 364.21350 106.16213 0.31765 0.89804 0.23137 1.00000
v 31.98696 380.21988 71.16040 0.00392 0.89804 0.23137 1.00000
v -9.57914 358.00266 45.68518 0.31765 0.89804 0.23137 1.00000
v -48.00251 348.15585 18.81310 0.62353 0.89804 0.23137 1.00000
v 98.46656 363.00290 145.67839 0.68627 0.89804 0.25490 1.00000
v 62.83941 367.63000 116.92596 0.34902 0.89804 0.25490 1.00000
v 22.90821 383.84235 82.81440 0.00392 0.89804 0.25490 1.00000
v -17.14529 361.88818 55.13379 0.34902 0.89804 0.25490 1.00000
v -54.37540 351.57217 27.67877 0.68627 0.89804 0.25490 1.00000
v 85.11929 365.75656 162.17262 0.74902 0.89804 0.27843 1.00000
v 49.36386 370.06259 133.77193 0.38039 0.89804 0.27843 1.00000
v 8.58050 385.68298 101.00832 0.00392 0.89804 0.27843 1.00000
v -29.86603 364.08578 71.37437 0.38039 0.89804 0.27843 1.00000
v -67.15720 354.92093 42.22464 0.74902 0.89804 0.27843 1.00000
v 73.17747 365.83026 177.91002 0.87451 0.89804 0.32549 1.00000
v 36.73505 370.17859 149.79340 0.44314 0.89804 0.32549 1.00000
v -5.88689 385.06802 119.26011 0.00392 0.89804 0.32549 1.00000
v -42.42813 365.49985 85.32897 0.44314 0.89804 0.32549 1.00000
v -78.45271 356.87979 54.43674 0.87451 0.89804 0.32549 1.00000
v 58.50793 362.22409 194.52196 0.93725 0.89804 0.34902 1.00000
v 21.79783 366.38400 166.52092 0.47451 0.89804 0.34902 1.00000
v -20.48270 379.38919 137.43269 0.00392 0.89804 0.34902 1.00000
v -54.85172 360.13641 102.30736 0.47451 0.89804 0.34902 1.00000
v -88.30051 350.26126 71.53375 0.93725 0.89804 0.34902 1.00000
v 44.51677 356.99487 209.81206 0.98431 0.89804 0.39608 1.00000
v 9.81977 358.97736 182.82625 0.52941 0.89804 0.39608 1.00000
v -34.73232 371.27963 155.03899 0.00392 0.89804 0.39608 1.00000
v -67.72009 355.06595 116.65104 0.52941 0.89804 0.39608 1.00000
v -98.38583 345.26688 84.67481 0.98431 0.89804 0.39608 1.00000
v 34.88382 343.20557 226.32027 0.98431 0.89804 0.41961 1.00000
v -4.15737 347.90543 198.33003 0.56078 0.89804 0.41961 1.00000
v -48.12578 358.34323 171.36147 0.00392 0.89804 0.41961 1.00000
v -79.49243 343.16006 132.09055 0.56078 0.89804 0.41961 1.00000
v -111.60444 335.61545 98.96760 0.98431 0.89804 0.41961 1.00000
v 27.53073 336.50958 235.34988 0.98431 0.89804 0.46275 1.00000
v -13.25092 337.41162 210.13582 0.62353 0.89804 0.46275 1.00000
v -60.72183 343.33774 186.60806 0.00392 0.89804 0.46275 1.00000
v -93.37679 328.47623 147.81154 0.62353 0.89804 0.46275 1.00000
v -127.62618 320.20245 115.85281 0.98431 0.89804 0.46275 1.00000
v 193.49638 320.12961 -21.44029 0.24706 0.94902 0.09412 1.00000
v 198.48637 336.52280 -12.16425 0.30980 0.94902 0.11765 1.00000
v 155.75676 340.20300 8.76944 0.15294 0.94902 0.11765 1.00000
v 150.36188 323.50662 -0.97303 0.12157 0.94902 0.09412 1.00000
v 96.77167 334.11795 12.97657 0.00392 0.94902 0.09412 1.00000
v 103.64619 351.85370 24.19215 0.00392 0.94902 0.11765 1.00000
v 71.35644 336.42960 65.69981 0.15294 0.94902 0.11765 1.00000
v 65.03495 320.82504 56.26418 0.12157 0.94902 0.09412 1.00000
v 31.65080 314.33514 88.39267 0.24706 0.94902 0.09412 1.00000
v 36.73906 329.30319 96.92211 0.30980 0.94902 0.11765 1.00000
v 205.26555 349.12033 -2.86970 0.43529 0.94902 0.16471 1.00000
v 162.48337 353.79202 18.91136 0.21569 0.94902 0.16471 1.00000
v 111.51180 368.06613 37.07787 0.00392 0.94902 0.16471 1.00000
v 76.99920 349.24100 74.84446 0.21569 0.94902 0.16471 1.00000
v 40.38657 341.07422 104.35814 0.43529 0.94902 0.16471 1.00000
v 213.57271 361.19992 11.07584 0.49804 0.94902 0.18824 1.00000
v 171.29526 365.88724 33.35335 0.24706 0.94902 0.18824 1.00000
v 121.24998 380.80966 53.15613 0.00392 0.94902 0.18824 1.00000
v 84.39932 361.67361 88.84435 0.24706 0.94902 0.18824 1.00000
v 49.43000 351.46829 117.13773 0.49804 0.94902 0.18824 1.00000
v 220.80717 371.11029 24.52867 0.62353 0.94902 0.23922 1.00000
v 178.93190 376.21439 47.78971 0.30980 0.94902 0.23922 1.00000
v 131.67775 391.39566 70.42599 0.00392 0.94902 0.23922 1.00000
v 92.20344 370.87051 102.06846 0.30980 0.94902 0.23922 1.00000
v 55.76313 359.90164 128.21950 0.62353 0.94902 0.23922 1.00000
v 228.31285 375.19162 34.82215 0.69412 0.94902 0.26275 1.00000
v 185.53885 381.33957 59.04834 0.34118 0.94902 0.26275 1.00000
v 139.34932 396.28024 83.16480 0.00392 0.94902 0.26275 1.00000
v 98.81577 375.54715 112.66183 0.34118 0.94902 0.26275 1.00000
v 61.65812 364.53305 137.73421 0.69412 0.94902 0.26275 1.00000
v 239.00725 379.53195 53.17049 0.75686 0.94902 0.28627 1.00000
v 197.03487 385.12277 77.76501 0.37255 0.94902 0.28627 1.00000
v 151.52942 399.92346 103.40805 0.00392 0.94902 0.28627 1.00000
v 109.31889 379.90128 131.14043 0.37255 0.94902 0.28627 1.00000
v 69.91272 370.52911 155.94069 0.75686 0.94902 0.28627 1.00000
v 249.26448 381.30646 69.95074 0.78824 0.94902 0.33333 1.00000
v 207.36064 387.27765 95.95608 0.38824 0.94902 0.33333 1.00000
v 163.87413 401.03256 123.93018 0.00392 0.94902 0.33333 1.00000
v 119.00224 382.20569 148.48532 0.38824 0.94902 0.33333 1.00000
v 80.65453 370.81564 170.08369 0.78824 0.94902 0.33333 1.00000
v 259.10443 380.41971 90.75744 0.78824 0.94902 0.35686 1.00000
v 218.77217 384.60727 116.13157 0.38824 0.94902 0.35686 1.00000
v 176.44505 397.00638 144.79753 0.00392 0.94902 0.35686 1.00000
v 131.79819 377.75766 166.80852 0.38824 0.94902 0.35686 1.00000
v 90.28407 369.79324 189.80284 0.78824 0.94902 0.35686 1.00000
v 271.10812 374.18640 106.93816 0.78824 0.94902 0.40784 1.00000
v 230.92540 378.22037 133.36705 0.38824 0.94902 0.40784 1.00000
v 188.78490 390.50378 165.25237 0.00392 0.94902 0.40784 1.00000
v 142.49458 372.84039 184.14897 0.38824 0.94902 0.40784 1.00000
v 101.07661 364.59344 204.96870 0.78824 0.94902 0.40784 1.00000
v 281.01022 365.76648 126.96670 0.78824 0.94902 0.43137 1.00000
v 242.34361 367.71463 151.78168 0.38824 0.94902 0.43137 1.00000
v 200.58449 379.01572 184.69646 0.00392 0.94902 0.43137 1.00000
v 153.22295 363.15726 202.96083 0.38824 0.94902 0.43137 1.00000
v 110.79086 356.34998 224.24486 0.78824 0.94902 0.43137 1.00000
v 288.13486 359.11890 136.71544 0.78824 0.94902 0.47843 1.00000
v 250.32863 359.26797 166.43172 0.38824 0.94902 0.47843 1.00000
v 211.79652 365.30087 203.10182 0.00392 0.94902 0.47843 1.00000
v 164.55142 349.68121 223.08098 0.38824 0.94902 0.47843 1.00000
v 123.39780 341.20294 246.04965 0.78824 0.94902 0.47843 1.00000
# Normals
vn 0.32241 0.11173 0.93998
vn 0.14806 -0.14521 0.97826
vn 0.03293 0.30501 0.95178
vn -0.00447 -0.12859 0.99169
vn 0.30037 -0.16714 0.93906
vn 0.58603 0.21809 0.78038
vn 0.44004 -0.18255 0.87923
vn 0.57193 -0.20239 0.79494
vn 0.81040 0.03902 0.58458
vn 0.68595 -0.21479 0.69523
vn 0.78451 -0.23065 0.57562
vn 0.93755 0.16090 0.30839
vn 0.86296 -0.23849 0.44545
vn 0.91970 -0.24894 0.30361
vn 0.99993 0.00948 0.00650
vn 0.95560 -0.25105 0.15431
vn 0.96685 -0.25530 0.00450
vn 0.94431 0.15867 -0.28828
vn 0.95613 -0.25102 -0.15101
vn 0.92246 -0.24901 -0.29506
vn 0.81641 0.03677 -0.57630
vn 0.86452 -0.23833 -0.44250
vn 0.78977 -0.23063 -0.56840
vn 0.59640 0.21372 -0.77371
vn 0.68843 -0.21429 -0.69292
vn 0.57915 -0.20201 -0.78979
vn 0.32599 0.10981 -0.93898
vn 0.44334 -0.18149 -0.87779
vn 0.30880 -0.16615 -0.93650
vn 0.03219 0.30242 -0.95263
vn 0.15208 -0.14347 -0.97790
vn 0.00429 -0.12687 -0.99191
vn -0.28247 0.19789 -0.93864
vn -0.15688 -0.10427 -0.98210
vn -0.30370 -0.08835 -0.94866
vn -0.52185 0.38794 -0.75972
vn -0.45258 -0.06787 -0.88914
vn -0.58339 -0.05445 -0.81037
vn -0.77229 0.26640 -0.57671
vn -0.70519 -0.03773 -0.70801
vn -0.80611 -0.02832 -0.59109
vn -0.85400 0.43845 -0.28008
vn -0.88945 -0.01648 -0.45674
vn -0.94962 -0.01213 -0.31318
vn -0.95661 0.29132 0.00479
vn -0.98707 -0.00579 -0.16021
vn -0.99997 -0.00705 -0.00441
vn -0.84750 0.43790 0.29997
vn -0.98831 -0.00640 0.15235
vn -0.95232 -0.01334 0.30480
vn -0.76775 0.26536 0.58321
vn -0.89281 -0.01817 0.45006
vn -0.81122 -0.03042 0.58394
vn -0.51071 0.38780 0.76732
vn -0.70982 -0.04014 0.70324
vn -0.59040 -0.05692 0.80510
vn -0.27944 0.19777 0.93957
vn -0.45754 -0.07048 0.88639
vn -0.31196 -0.09064 0.94576
vn 0.03293 0.30501 0.95178
vn -0.16153 -0.10660 0.98109
vn -0.00447 -0.12859 0.99169
vn 0.01147 0.16136 0.98683
vn 0.31738 0.39170 0.86362
vn 0.58186 0.01855 0.81308
vn 0.77862 0.29300 0.55489
vn 0.94571 -0.07482 0.31629
vn 0.96785 0.25126 0.01141
vn 0.94732 -0.07758 -0.31074
vn 0.79014 0.28685 -0.54166
vn 0.58301 0.01235 -0.81237
vn 0.32173 0.38453 -0.86523
vn 0.00514 0.15612 -0.98772
vn -0.22910 0.50113 -0.83450
vn -0.55173 0.29449 -0.78030
vn -0.64155 0.58989 -0.49034
vn -0.88068 0.37662 -0.28732
vn -0.78284 0.62199 0.01682
vn -0.87490 0.37704 0.30397
vn -0.62397 0.59029 0.51208
vn -0.54071 0.29684 0.78709
vn -0.21538 0.50470 0.83599
vn 0.01147 0.16136 0.98683
vn 0.09084 0.43797 0.89439
vn 0.33481 0.07116 0.93960
vn 0.60090 0.28914 0.74520
vn 0.81077 -0.06683 0.58154
vn 0.93525 0.18940 0.29905
vn 0.99246 -0.12256 0.00070
vn 0.94292 0.18453 -0.27723
vn 0.81035 -0.07232 -0.58147
vn 0.61110 0.27946 -0.74058
vn 0.33117 0.06444 -0.94137
vn 0.08476 0.43181 -0.89797
vn -0.26086 0.23224 -0.93703
vn -0.41586 0.57720 -0.70278
vn -0.73426 0.36488 -0.57247
vn -0.70566 0.66228 -0.25185
vn -0.91002 0.41451 0.00702
vn -0.69513 0.66151 0.28142
vn -0.72632 0.36570 0.58200
vn -0.39663 0.57775 0.71337
vn -0.25240 0.23602 0.93840
vn 0.09084 0.43797 0.89439
vn 0.02258 0.12668 0.99169
vn 0.35568 0.34139 0.87003
vn 0.57883 -0.06531 0.81283
vn 0.80644 0.19782 0.55724
vn 0.93027 -0.18912 0.31437
vn 0.99045 0.13749 0.01073
vn 0.93072 -0.19221 -0.31116
vn 0.81652 0.18982 -0.54522
vn 0.57754 -0.07235 -0.81315
vn 0.35820 0.33263 -0.87238
vn 0.01471 0.12059 -0.99259
vn -0.18321 0.50331 -0.84446
vn -0.53244 0.30858 -0.78821
vn -0.59154 0.63374 -0.49845
vn -0.85856 0.42152 -0.29187
vn -0.73233 0.68076 0.01615
vn -0.85297 0.42208 0.30709
vn -0.57392 0.63328 0.51920
vn -0.52123 0.31145 0.79456
vn -0.16856 0.50681 0.84541
vn 0.02258 0.12668 0.99169
vn 0.11278 0.41525 0.90269
vn 0.32948 0.01457 0.94405
vn 0.61723 0.23083 0.75216
vn 0.79629 -0.15856 0.58376
vn 0.94752 0.10780 0.30097
vn 0.97376 -0.22756 -0.00065
vn 0.95416 0.10221 -0.28132
vn 0.79381 -0.16418 -0.58559
vn 0.62529 0.21969 -0.74883
vn 0.32352 0.00720 -0.94619
vn 0.10484 0.40823 -0.90684
vn -0.25617 0.21848 -0.94162
vn -0.38899 0.58838 -0.70887
vn -0.71999 0.38705 -0.57602
vn -0.67387 0.69387 -0.25386
vn -0.89256 0.45088 0.00614
vn -0.66303 0.69288 0.28338
vn -0.71221 0.38875 0.58449
vn -0.36876 0.58887 0.71920
vn -0.24681 0.22339 0.94297
vn 0.11278 0.41525 0.90269
vn 0.07893 0.29763 0.95141
vn 0.36695 0.25583 0.89437
vn 0.60776 0.09591 0.78831
vn 0.81807 0.08444 0.56889
vn 0.94958 -0.03647 0.31140
vn 0.99988 0.01306 0.00858
vn 0.95382 -0.04163 -0.29749
vn 0.82506 0.07545 -0.55999
vn 0.61201 0.08487 -0.78628
vn 0.36609 0.24568 -0.89756
vn 0.06985 0.28916 -0.95473
vn -0.18009 0.45091 -0.87421
vn -0.44821 0.48685 -0.74972
vn -0.59745 0.61002 -0.52051
vn -0.74922 0.60428 -0.27113
vn -0.74361 0.66846 0.01436
vn -0.73932 0.60433 0.29696
vn -0.58050 0.61035 0.53897
vn -0.42956 0.48962 0.75878
vn -0.16445 0.45570 0.87481
vn 0.07893 0.29763 0.95141
vn 0.09402 0.29373 0.95125
vn 0.59544 -0.05646 0.80141
vn 0.95081 -0.05025 0.30566
vn 0.93077 -0.19772 -0.30753
vn 0.61874 0.07467 -0.78204
vn 0.04554 0.14988 -0.98765
vn -0.43266 0.49140 -0.75586
vn -0.81675 0.49582 -0.29511
vn -0.72961 0.61536 0.29833
vn -0.47953 0.36967 0.79586
vn 0.09402 0.29373 0.95125
vn 0.04637 0.14739 0.98799
vn 0.62802 0.21762 0.74715
vn 0.92494 -0.21712 0.31199
vn 0.95622 0.07980 -0.28156
vn 0.58148 -0.08511 -0.80909
vn 0.12218 0.40997 -0.90388
vn -0.50095 0.35767 -0.78812
vn -0.64398 0.72158 -0.25418
vn -0.81271 0.49393 0.30909
vn -0.34301 0.60715 0.71674
vn 0.04637 0.14739 0.98799
vn 0.13298 0.41217 0.90135
vn 0.58974 -0.08046 0.80357
vn 0.95190 0.07293 0.29762
vn 0.92342 -0.22677 -0.30962
vn 0.63308 0.19572 -0.74894
vn 0.03903 0.13245 -0.99042
vn -0.36438 0.60368 -0.70908
vn -0.81917 0.49147 -0.29568
vn -0.63236 0.72098 0.28338
vn -0.48223 0.36128 0.79808
vn 0.13298 0.41217 0.90135
vn 0.05535 0.16796 0.98424
vn 0.63037 0.21966 0.74456
vn 0.93059 -0.19346 0.31076
vn 0.95627 0.08037 -0.28121
vn 0.58759 -0.06376 -0.80665
vn 0.12538 0.41238 -0.90234
vn -0.49253 0.37521 -0.78526
vn -0.63807 0.72708 -0.25341
vn -0.80196 0.51106 0.30933
vn -0.33628 0.61188 0.71590
vn 0.05535 0.16796 0.98424
vn 0.11742 0.37173 0.92088
vn 0.58945 -0.07778 0.80405
vn 0.95312 0.03202 0.30090
vn 0.92414 -0.22231 -0.31070
vn 0.62610 0.15416 -0.76435
vn 0.03487 0.13005 -0.99089
vn -0.39454 0.56308 -0.72614
vn -0.82439 0.48318 -0.29484
vn -0.67072 0.68268 0.28997
vn -0.48553 0.35608 0.79841
vn 0.11742 0.37173 0.92088
vn 0.04846 0.14539 0.98819
vn 0.62588 0.17219 0.76067
vn 0.92952 -0.20086 0.30927
vn 0.95668 0.03412 -0.28912
vn 0.58312 -0.07769 -0.80866
vn 0.10455 0.36251 -0.92610
vn -0.50750 0.34329 -0.79031
vn -0.68617 0.67838 -0.26261
vn -0.82242 0.47584 0.31177
vn -0.37211 0.56362 0.73747
vn 0.04846 0.14539 0.98819
vn 0.09470 0.31807 0.94333
vn 0.58539 -0.09152 0.80557
vn 0.95258 -0.01130 0.30408
vn 0.92185 -0.22894 -0.31269
vn 0.61520 0.10608 -0.78120
vn 0.02280 0.10433 -0.99428
vn -0.43625 0.50306 -0.74607
vn -0.84719 0.44100 -0.29630
vn -0.72431 0.62188 0.29773
vn -0.50280 0.32090 0.80263
vn 0.09470 0.31807 0.94333
vn 0.06668 0.22473 0.97214
vn 0.61455 0.08274 0.78453
vn 0.94577 -0.10110 0.30869
vn 0.95219 -0.05000 -0.30139
vn 0.59992 0.01334 -0.79995
vn 0.06713 0.26580 -0.96169
vn -0.48457 0.40738 -0.77410
vn -0.76847 0.57661 -0.27745
vn -0.79024 0.53001 0.30760
vn -0.43536 0.46508 0.77082
vn 0.06668 0.22473 0.97214
vn 0.06634 0.18789 0.97995
vn 0.93746 -0.16884 0.30439
vn 0.60318 0.03700 -0.79675
vn -0.51598 0.32619 -0.79206
vn -0.79193 0.52873 0.30545
vn 0.06634 0.18789 0.97995
vn 0.07810 0.21102 0.97436
vn 0.95484 0.01759 0.29661
vn 0.57680 -0.09408 -0.81145
vn -0.45172 0.47292 -0.75650
vn -0.86671 0.38615 0.31575
vn 0.07810 0.21102 0.97436
vn 0.03485 0.13525 0.99020
vn 0.92390 -0.23417 0.30262
vn 0.59789 0.03242 -0.80092
vn -0.55784 0.21277 -0.80221
vn -0.82053 0.48106 0.30872
vn 0.03485 0.13525 0.99020
vn 0.06295 0.19649 0.97848
vn 0.95439 -0.01397 0.29823
vn 0.58501 -0.04171 -0.80995
vn -0.49263 0.39972 -0.77301
vn -0.87012 0.37881 0.31528
vn 0.06295 0.19649 0.97848
vn 0.04803 0.25756 0.96507
vn 0.95030 -0.07531 0.30208
vn 0.60325 0.18187 -0.77654
vn -0.53372 0.31048 -0.78660
vn -0.77430 0.55785 0.29877
vn 0.04803 0.25756 0.96507
vn 0.06492 0.21963 0.97342
vn 0.95201 0.08183 0.29492
vn 0.58230 -0.04033 -0.81197
vn -0.48822 0.43470 -0.75675
vn -0.88963 0.32790 0.31788
vn 0.06492 0.21963 0.97342
vn 0.03145 0.20927 0.97735
vn 0.94751 -0.10627 0.30156
vn 0.59500 0.16875 -0.78581
vn -0.56297 0.22492 -0.79528
vn -0.81216 0.49815 0.30371
vn 0.03145 0.20927 0.97735
vn 0.01866 0.03721 0.99913
vn 0.95450 -0.01645 0.29775
vn 0.52646 -0.28124 -0.80234
vn -0.53841 0.30779 -0.78446
vn -0.94549 0.05927 0.32021
vn 0.01866 0.03721 0.99913
vn 0.04708 0.34247 0.93835
vn 0.95567 -0.06985 0.28602
vn 0.58661 0.38529 -0.71235
vn -0.55006 0.22329 -0.80472
vn -0.69448 0.66756 0.26844
vn 0.04708 0.34247 0.93835
vn 0.18965 0.95397 0.23232
vn 0.45833 0.88256 -0.10500
vn 0.17895 0.93533 -0.30516
vn -0.09258 0.99092 -0.09751
vn 0.18965 0.95397 0.23232
vn -0.22262 0.64189 0.73377
vn -0.22401 0.64824 0.72774
vn 0.50788 -0.79439 0.33316
vn 0.47777 -0.81639 0.32440
vn 0.45226 0.43437 -0.77897
vn 0.43419 0.42103 -0.79637
vn -0.22401 0.64824 0.72774
vn -0.22262 0.64189 0.73377
vn -0.27292 0.62723 0.72945
vn 0.29081 -0.92143 0.25768
vn 0.30711 0.37378 -0.87520
vn -0.27292 0.62723 0.72945
vn -0.27015 0.62465 0.73268
vn 0.03505 -0.98420 0.17356
vn 0.27917 0.36031 -0.89008
vn -0.27015 0.62465 0.73268
vn -0.13054 0.61928 0.77424
vn -0.13177 -0.98384 0.12122
vn 0.30656 0.35792 -0.88199
vn -0.13054 0.61928 0.77424
vn 0.03802 0.57710 0.81579
vn -0.20767 -0.97331 0.09767
vn 0.40576 0.31814 -0.85682
vn 0.03802 0.57710 0.81579
vn -0.22853 -0.96959 0.08754
vn 0.48022 0.87654 -0.03252
vn 0.76170 0.62968 -0.15270
vn 0.75352 0.64028 -0.14916
vn -0.01725 -0.76702 -0.64139
vn -0.00493 -0.79890 -0.60144
vn -0.89343 0.42934 0.13213
vn -0.89489 0.42551 0.13460
vn 0.75352 0.64028 -0.14916
vn 0.76170 0.62968 -0.15270
vn 0.77562 0.61931 -0.12193
vn 0.03792 -0.89990 -0.43444
vn -0.89058 0.37447 0.25815
vn 0.77562 0.61931 -0.12193
vn 0.77663 0.61753 -0.12450
vn 0.10457 -0.97616 -0.19021
vn -0.89137 0.36167 0.27321
vn 0.77663 0.61753 -0.12450
vn 0.73868 0.62350 -0.25612
vn 0.15160 -0.98820 -0.02196
vn -0.90180 0.36118 0.23727
vn 0.73868 0.62350 -0.25612
vn 0.68868 0.59762 -0.41058
vn 0.17577 -0.98248 0.06198
vn -0.93474 0.32923 0.13366
vn 0.68868 0.59762 -0.41058
vn 0.18390 -0.97811 0.09741
vn -0.26111 0.90895 -0.32501
vn 0.25955 0.60436 -0.75325
vn 0.25905 0.61910 -0.74136
vn -0.62325 -0.73850 -0.25724
vn -0.57603 -0.77778 -0.25150
vn -0.18763 0.41775 0.88898
vn -0.20879 0.42928 0.87871
vn 0.25905 0.61910 -0.74136
vn 0.25955 0.60436 -0.75325
vn 0.27846 0.60087 -0.74927
vn -0.42347 -0.87851 -0.22111
vn -0.12377 0.38011 0.91662
vn 0.27846 0.60087 -0.74927
vn 0.27837 0.59975 -0.75021
vn -0.18365 -0.96706 -0.17629
vn -0.13296 0.37122 0.91898
vn 0.27837 0.59975 -0.75021
vn 0.14943 0.61446 -0.77467
vn -0.00516 -0.98983 -0.14217
vn -0.18214 0.37354 0.90956
vn 0.14943 0.61446 -0.77467
vn 0.00130 0.59992 -0.80006
vn 0.09015 -0.98811 -0.12454
vn -0.29625 0.34755 0.88963
vn 0.00130 0.59992 -0.80006
vn 0.13861 -0.98372 -0.11438
vn -0.35649 0.93108 0.07750
vn -0.74419 0.60939 -0.27353
vn -0.73143 0.62234 -0.27874
vn -0.27843 -0.64573 0.71099
vn -0.26647 -0.74015 0.61739
vn 0.87609 0.44092 0.19509
vn 0.85212 0.46683 0.23656
vn -0.73143 0.62234 -0.27874
vn -0.74419 0.60939 -0.27353
vn -0.74125 0.58005 -0.33777
vn -0.24139 -0.82477 0.51135
vn 0.90652 0.39780 0.14131
vn -0.74125 0.58005 -0.33777
vn -0.73430 0.56685 -0.37347
vn -0.18332 -0.94765 0.26143
vn 0.90737 0.38933 0.15845
vn -0.73430 0.56685 -0.37347
vn -0.76256 0.59051 -0.26419
vn -0.13989 -0.98614 0.08920
vn 0.89068 0.39736 0.22090
vn -0.76256 0.59051 -0.26419
vn -0.79904 0.58891 -0.12128
vn -0.11890 -0.99288 0.00719
vn 0.85096 0.37836 0.36430
vn -0.79904 0.58891 -0.12128
vn -0.11196 -0.99355 -0.01805
vn 0.03831 0.95785 0.28469
vn -0.41049 0.55634 0.72248
vn -0.37989 0.60597 0.69891
vn 0.71230 -0.62711 0.31522
vn 0.62864 -0.71746 0.30012
vn 0.14503 0.38639 -0.91086
vn 0.18247 0.41846 -0.88972
vn -0.37989 0.60597 0.69891
vn -0.41049 0.55634 0.72248
vn -0.37511 0.59661 0.70947
vn 0.53633 -0.79631 0.27973
vn 0.09352 0.34508 -0.93390
vn -0.37511 0.59661 0.70947
vn -0.35891 0.60115 0.71401
vn 0.31236 -0.92039 0.23518
vn 0.08365 0.33026 -0.94018
vn -0.35891 0.60115 0.71401
vn -0.21981 0.63680 0.73903
vn 0.14167 -0.96896 0.20259
vn 0.11655 0.33690 -0.93430
vn -0.21981 0.63680 0.73903
vn -0.05656 0.64392 0.76300
vn 0.05095 -0.98114 0.18649
vn 0.21868 0.32780 -0.91909
vn -0.05656 0.64392 0.76300
vn 0.00784 -0.98418 0.17698
vn 0.22080 0.96414 -0.14726
vn 0.55819 0.50170 0.66084
vn 0.53796 0.55458 0.63485
vn 0.52199 -0.57359 -0.63129
vn 0.48121 -0.68576 -0.54606
vn -0.86172 0.36615 -0.35123
vn -0.80059 0.43958 -0.40722
vn 0.53796 0.55458 0.63485
vn 0.55819 0.50170 0.66084
vn 0.54460 0.54020 0.64156
vn 0.43792 -0.75718 -0.48466
vn -0.85130 0.37747 -0.36442
vn 0.54460 0.54020 0.64156
vn 0.53710 0.53256 0.65414
vn 0.32129 -0.89950 -0.29610
vn -0.83913 0.37842 -0.39072
vn 0.53710 0.53256 0.65414
vn 0.59902 0.57326 0.55906
vn 0.22627 -0.96272 -0.14822
vn -0.80459 0.39551 -0.44296
vn 0.59902 0.57326 0.55906
vn 0.67419 0.59127 0.44258
vn 0.17382 -0.98249 -0.06715
vn -0.73221 0.39673 -0.55360
vn 0.67419 0.59127 0.44258
vn 0.14608 -0.98894 -0.02569
vn -0.02034 0.98619 -0.16435
vn 0.82220 0.44806 -0.35106
vn 0.77958 0.52867 -0.33581
vn -0.52270 -0.49539 -0.69382
vn -0.43427 -0.65173 -0.62182
vn -0.51718 0.33513 0.78754
vn -0.56692 0.44355 0.69416
vn 0.77958 0.52867 -0.33581
vn 0.82220 0.44806 -0.35106
vn 0.78505 0.51561 -0.34328
vn -0.41027 -0.69722 -0.58784
vn -0.54105 0.37097 0.75475
vn 0.78505 0.51561 -0.34328
vn 0.80049 0.50179 -0.32776
vn -0.26486 -0.85984 -0.43650
vn -0.56294 0.37366 0.73721
vn 0.80049 0.50179 -0.32776
vn 0.73092 0.54989 -0.40420
vn -0.15264 -0.93672 -0.31506
vn -0.60496 0.39683 0.69032
vn 0.73092 0.54989 -0.40420
vn 0.64096 0.57992 -0.50286
vn -0.09128 -0.96442 -0.24812
vn -0.69796 0.41122 0.58630
vn 0.64096 0.57992 -0.50286
vn -0.06155 -0.97470 -0.21489
vn -0.09599 0.99473 0.03595
vn -0.11391 0.37364 -0.92055
vn -0.10455 0.49266 -0.86392
vn -0.82244 -0.43476 0.36685
vn -0.73025 -0.61611 0.29520
vn 0.69869 0.27613 0.65998
vn 0.58880 0.41997 0.69061
vn -0.10455 0.49266 -0.86392
vn -0.11391 0.37364 -0.92055
vn -0.12476 0.50000 -0.85699
vn -0.70960 -0.64259 0.28904
vn 0.64696 0.34286 0.68109
vn -0.12476 0.50000 -0.85699
vn -0.11639 0.49181 -0.86289
vn -0.54494 -0.81742 0.18674
vn 0.63133 0.34370 0.69519
vn -0.11639 0.49181 -0.86289
vn -0.20800 0.55085 -0.80827
vn -0.40862 -0.90668 0.10472
vn 0.58484 0.36853 0.72260
vn -0.20800 0.55085 -0.80827
vn -0.32486 0.59241 -0.73724
vn -0.33106 -0.94182 0.05806
vn 0.47529 0.39090 0.78823
vn -0.32486 0.59241 -0.73724
vn -0.28970 -0.95651 0.03420
vn 0.09397 0.99216 0.08239
vn -0.68864 0.28048 -0.66865
vn -0.63084 0.45216 -0.63055
vn -0.39394 -0.33791 0.85477
vn -0.37054 -0.58128 0.72444
vn 0.97719 0.21237 -0.00232
vn 0.89661 0.42720 0.11660
vn -0.63084 0.45216 -0.63055
vn -0.68864 0.28048 -0.66865
vn -0.64303 0.46744 -0.60664
vn -0.36565 -0.57234 0.73398
vn 0.93745 0.33920 0.07822
vn -0.64303 0.46744 -0.60664
vn -0.63845 0.45228 -0.62276
vn -0.30689 -0.77167 0.55708
vn 0.93435 0.34180 0.10083
vn -0.63845 0.45228 -0.62276
vn -0.67239 0.51898 -0.52778
vn -0.25564 -0.87507 0.41097
vn 0.91517 0.37271 0.15349
vn -0.67239 0.51898 -0.52778
vn -0.71675 0.57085 -0.40050
vn -0.22731 -0.91606 0.33039
vn 0.86930 0.40677 0.28082
vn -0.71675 0.57085 -0.40050
vn -0.21355 -0.93186 0.29331
vn 0.13092 0.98919 -0.06599
vn -0.12854 0.17924 0.97537
vn -0.15606 0.40827 0.89942
vn 0.93969 -0.26183 -0.22007
vn 0.82478 -0.54284 -0.15830
vn -0.63945 0.11892 -0.75958
vn -0.49887 0.39442 -0.77172
vn -0.15606 0.40827 0.89942
vn -0.12854 0.17924 0.97537
vn -0.11830 0.45135 0.88447
vn 0.84873 -0.50053 -0.17066
vn -0.54833 0.29831 -0.78125
vn -0.11830 0.45135 0.88447
vn -0.12484 0.44211 0.88823
vn 0.69483 -0.71062 -0.11063
vn -0.53857 0.29421 -0.78955
vn -0.12484 0.44211 0.88823
vn -0.03113 0.52064 0.85321
vn 0.56253 -0.82452 -0.06107
vn -0.49713 0.32413 -0.80486
vn -0.03113 0.52064 0.85321
vn 0.09671 0.58780 0.80320
vn 0.48685 -0.87288 -0.03258
vn -0.38375 0.36573 -0.84793
vn 0.09671 0.58780 0.80320
vn 0.44962 -0.89300 -0.01988
vn -0.23223 0.97056 -0.06388
vn 0.90521 0.06988 0.41918
vn 0.82151 0.33810 0.45914
vn 0.06935 -0.20406 -0.97650
vn 0.09210 -0.49995 -0.86114
vn -0.91195 0.02344 0.40962
vn -0.88647 0.36374 0.28613
vn 0.82151 0.33810 0.45914
vn 0.90521 0.06988 0.41918
vn 0.81248 0.41040 0.41407
vn 0.08695 -0.43836 -0.89458
vn -0.90737 0.27701 0.31613
vn 0.81248 0.41040 0.41407
vn 0.81354 0.40586 0.41645
vn 0.09691 -0.65586 -0.74863
vn -0.91220 0.27657 0.30233
vn 0.81354 0.40586 0.41645
vn 0.80832 0.49339 0.32123
vn 0.10426 -0.78117 -0.61556
vn -0.91430 0.30940 0.26139
vn 0.80832 0.49339 0.32123
vn 0.79892 0.57009 0.19161
vn 0.10897 -0.83699 -0.53626
vn -0.92172 0.35804 0.14913
vn 0.79892 0.57009 0.19161
vn 0.11032 -0.86255 -0.49379
vn -0.12526 0.95172 0.28023
vn 0.69544 -0.05477 -0.71650
vn 0.75285 0.25673 -0.60606
vn -0.90270 -0.13047 -0.41001
vn -0.79705 -0.45754 -0.39417
vn 0.07622 -0.08652 0.99333
vn -0.01460 0.35113 0.93621
vn 0.75285 0.25673 -0.60606
vn 0.69544 -0.05477 -0.71650
vn 0.71170 0.35040 -0.60886
vn -0.83778 -0.36978 -0.40174
vn -0.00809 0.27744 0.96071
vn 0.71170 0.35040 -0.60886
vn 0.72007 0.33769 -0.60619
vn -0.71378 -0.60188 -0.35812
vn -0.03353 0.29212 0.95579
vn 0.72007 0.33769 -0.60619
vn 0.64206 0.42813 -0.63598
vn -0.59304 -0.74177 -0.31317
vn -0.07850 0.33677 0.93831
vn 0.64206 0.42813 -0.63598
vn 0.53265 0.50903 -0.67614
vn -0.51928 -0.80540 -0.28580
vn -0.18947 0.39904 0.89715
vn 0.53265 0.50903 -0.67614
vn -0.47864 -0.83548 -0.26995
vn 0.28657 0.93750 0.19742
vn -0.52693 -0.17936 -0.83077
vn -0.36343 0.18468 -0.91313
vn -0.64720 -0.04415 0.76104
vn -0.61053 -0.41567 0.67414
vn 0.95503 -0.21556 0.20361
vn 0.91156 0.32663 0.24974
vn -0.36343 0.18468 -0.91313
vn -0.52693 -0.17936 -0.83077
vn -0.37081 0.30775 -0.87624
vn -0.63570 -0.28698 0.71661
vn 0.93273 0.25296 0.25695
vn -0.37081 0.30775 -0.87624
vn -0.36613 0.29304 -0.88322
vn -0.57041 -0.53111 0.62654
vn 0.92198 0.26886 0.27867
vn -0.36613 0.29304 -0.88322
vn -0.41147 0.38953 -0.82399
vn -0.50077 -0.68140 0.53378
vn 0.89453 0.31801 0.31415
vn -0.41147 0.38953 -0.82399
vn -0.47596 0.47945 -0.73729
vn -0.45742 -0.75131 0.47570
vn 0.82513 0.39230 0.40652
vn -0.47596 0.47945 -0.73729
vn -0.43308 -0.78437 0.44407
vn 0.31248 0.90581 -0.28611
vn -0.93186 -0.27572 0.23582
vn -0.99368 0.11211 -0.00630
vn 0.47242 0.02491 0.88102
vn 0.41945 -0.36771 0.82997
vn 0.54002 -0.32885 -0.77475
vn 0.55321 0.28653 -0.78221
vn -0.99368 0.11211 -0.00630
vn -0.93186 -0.27572 0.23582
vn -0.96528 0.26122 0.00129
vn 0.44433 -0.20582 0.87190
vn 0.56985 0.22007 -0.79173
vn -0.96528 0.26122 0.00129
vn -0.96879 0.24787 -0.00373
vn 0.39694 -0.45420 0.79758
vn 0.58502 0.23839 -0.77519
vn -0.96879 0.24787 -0.00373
vn -0.93520 0.35022 0.05238
vn 0.34404 -0.61299 0.71126
vn 0.60526 0.29067 -0.74106
vn -0.93520 0.35022 0.05238
vn -0.88278 0.44946 0.13669
vn 0.30848 -0.69099 0.65374
vn 0.66142 0.37362 -0.65033
vn -0.88278 0.44946 0.13669
vn 0.28758 -0.73110 0.61870
vn -0.19298 0.86527 -0.46267
vn 23.44131 38.72373 -23.49420
vn 26.30109 38.26642 -21.09344
vn 23.46480 44.47378 -8.51382
vn 19.43004 46.04438 -10.16799
vn 13.31326 49.01733 4.58895
vn 18.16854 47.28392 5.92744
vn 15.15051 44.03690 20.78975
vn 10.28321 45.75714 20.03845
vn 6.45621 38.33393 33.01251
vn 10.57101 37.14751 33.30639
vn 27.59446 37.18045 -21.38129
vn 26.32043 43.04733 -7.42706
vn 22.74795 45.09286 7.08267
vn 19.13704 42.09034 21.52154
vn 14.30350 35.89244 33.28877
vn 30.78574 35.97089 -18.95609
vn 30.20769 40.66257 -5.92029
vn 27.24813 42.36074 8.00664
vn 23.82657 39.40368 21.92362
vn 18.53476 33.58526 33.60792
vn 32.26884 34.65309 -18.94425
vn 33.13589 38.35972 -5.61639
vn 31.42039 39.20889 8.74197
vn 27.70527 36.53221 22.33418
vn 22.20851 31.36713 33.52440
vn 34.01617 33.55500 -17.83145
vn 35.33011 36.41997 -5.13501
vn 34.10482 36.81165 9.09745
vn 30.35325 34.20882 22.57071
vn 24.74402 29.39506 33.53599
vn 36.79650 30.13278 -18.41285
vn 38.83334 32.72518 -4.69406
vn 37.89647 32.80936 9.40225
vn 34.21536 30.15234 22.82860
vn 28.47510 25.63333 33.66157
vn 38.42628 28.31788 -17.95878
vn 41.39020 29.46843 -4.41160
vn 41.26114 28.43050 9.49867
vn 37.50965 26.01997 22.73734
vn 31.54327 22.06804 33.45181
vn 41.04510 24.50830 -17.76632
vn 44.20153 24.97540 -4.84288
vn 44.25212 23.59386 9.27787
vn 40.58285 21.09400 22.56270
vn 34.53336 17.42096 33.24089
vn 42.30793 21.94271 -18.15368
vn 46.18856 21.00095 -5.15523
vn 46.72759 18.42443 8.83588
vn 43.00479 16.06842 22.21247
vn 36.76924 12.82235 32.93341
vn 43.97366 17.45272 -19.04520
vn 48.12863 15.79029 -5.94146
vn 48.68612 12.87768 8.05151
vn 45.05918 10.42896 21.49202
vn 38.68049 7.37051 32.41133
vn 44.87513 16.02922 -18.17376
vn 49.03498 12.32997 -6.67399
vn 50.01684 7.05918 7.03445
vn 46.59259 3.55584 20.43247
vn 40.25793 0.00000 31.30972
vn -33.66421 37.30571 -8.71803
vn -33.52943 36.29604 -12.62434
vn -20.62111 43.48630 -16.87340
vn -19.34841 45.55042 -12.32065
vn -3.78218 48.74031 -14.52848
vn -5.32366 46.80325 -19.54774
vn 9.02401 43.29222 -25.40375
vn 10.85329 45.17242 -21.03943
vn 23.72186 37.51342 -25.12003
vn 21.45111 36.35397 -28.62234
vn -33.40425 35.66717 -14.59482
vn -20.58314 41.97955 -20.37279
vn -6.80400 44.40406 -24.14507
vn 6.97765 41.28504 -29.11799
vn 19.25398 35.12749 -31.56490
vn -33.07756 34.04194 -18.65531
vn -21.88261 39.06289 -24.41805
vn -8.35085 41.43048 -28.54432
vn 5.16576 38.40526 -33.15645
vn 17.06299 32.79028 -35.13760
vn -33.95291 32.18814 -20.30081
vn -22.39986 36.57991 -27.58905
vn -9.81468 38.05796 -32.50019
vn 3.22710 35.49158 -36.48196
vn 15.36111 30.69403 -37.72151
vn -34.11927 30.70610 -22.22633
vn -23.44464 34.29067 -29.58882
vn -10.80201 35.50685 -34.97970
vn 2.08732 33.12565 -38.72124
vn 14.11277 28.76622 -39.67788
vn -34.79045 27.33311 -25.36781
vn -24.59680 30.27187 -32.85742
vn -12.27383 31.27143 -38.37252
vn 0.48512 28.93431 -41.99488
vn 12.18210 24.99562 -42.75295
vn -35.06453 24.90690 -27.40666
vn -25.36770 26.63991 -35.32413
vn -13.63509 26.71124 -41.25038
vn -1.08206 24.75778 -44.57445
vn 10.62764 21.48501 -45.01607
vn -36.26465 20.57876 -29.36648
vn -26.70407 21.82482 -37.57086
vn -14.98190 21.69893 -43.65430
vn -2.55916 19.73367 -46.95777
vn 9.13667 16.77929 -47.28611
vn -36.77124 17.40966 -30.75353
vn -27.63086 17.48650 -39.13766
vn -16.19715 16.43362 -45.48173
vn -3.70052 14.71491 -48.69062
vn 7.68527 12.38406 -48.87301
vn -37.58337 12.53257 -32.11580
vn -28.54541 12.05908 -40.50602
vn -17.36420 10.81459 -46.71755
vn -4.87928 9.04427 -49.95391
vn 6.47672 6.98708 -50.10222
vn -37.86242 10.86670 -32.39369
vn -29.09563 8.21901 -41.07179
vn -18.36764 5.03109 -47.31086
vn -6.13882 2.41993 -50.57132
vn 5.08673 0.00000 -50.74569
vn -24.42245 36.72448 25.60969
vn -28.46677 34.62607 24.32443
vn -26.42654 42.20296 11.02488
vn -21.78973 44.29245 12.82131
vn -15.97480 48.33358 -3.10977
vn -21.42029 46.10339 -4.08018
vn -20.59323 42.24104 -19.81447
vn -15.73044 44.31914 -19.73236
vn -13.10077 36.26250 -33.38263
vn -18.00249 34.97680 -32.45817
vn -30.59348 34.49099 21.80391
vn -29.80386 40.33809 9.25028
vn -26.31973 43.40480 -4.92899
vn -24.80890 40.07470 -19.48169
vn -20.88302 33.90966 -31.85960
vn -34.27827 31.61307 20.65461
vn -34.08716 37.01307 8.31246
vn -31.00049 40.09372 -5.69756
vn -29.25771 36.91021 -19.56073
vn -25.42933 31.33760 -31.18178
vn -36.69608 29.94447 18.91363
vn -37.26460 34.06660 7.19832
vn -35.13241 36.41892 -6.35418
vn -32.73538 33.85023 -19.58459
vn -28.30715 29.25760 -30.71967
vn -38.51192 27.59532 18.87669
vn -39.47676 31.63931 6.44511
vn -37.70864 33.66810 -6.74666
vn -35.08535 31.37048 -19.64460
vn -30.40958 27.33109 -30.48391
vn -41.52971 23.79403 17.61040
vn -42.74046 27.27816 5.49132
vn -41.21549 29.14773 -7.25898
vn -38.55919 26.97143 -19.66548
vn -33.81482 23.43600 -30.13820
vn -43.62526 20.72168 16.38441
vn -45.18789 23.12391 4.93343
vn -44.13174 24.38517 -7.66499
vn -41.15755 22.81117 -19.66485
vn -36.16191 20.14148 -29.79323
vn -45.75204 15.99262 15.87409
vn -47.50190 18.04232 4.36389
vn -46.56993 19.19726 -7.98159
vn -43.53448 17.74615 -19.76923
vn -38.41223 15.54821 -29.72799
vn -47.12936 12.10957 15.27028
vn -49.07952 13.32493 3.82708
vn -48.39194 13.85907 -8.19423
vn -45.25538 12.96619 -19.61703
vn -40.00629 11.53635 -29.45180
vn -48.44960 6.99956 14.30529
vn -50.27144 7.73743 3.73018
vn -49.64504 8.20753 -8.30694
vn -46.49846 7.41433 -19.59390
vn -41.32000 6.37706 -29.20599
vn -48.90004 4.42163 13.79256
vn -50.75385 3.60269 3.47372
vn -50.25546 2.50171 -8.31443
vn -47.16181 1.23977 -19.37075
vn -42.03830 0.00000 -28.87527
vn 30.94428 27.92310 29.38966
vn 27.85225 27.43034 32.75406
vn 12.83670 38.76152 30.55755
vn 16.46828 40.24625 26.64647
vn -4.13229 47.70955 17.54203
vn -5.58715 45.13531 23.07784
vn -25.77111 38.55309 21.22520
vn -26.42295 40.58473 15.99085
vn -40.85489 28.16833 11.76531
vn -39.68807 27.43253 16.53218
vn 24.78480 27.74588 34.88379
vn 10.94017 36.41221 33.99210
vn -6.89166 42.15318 27.86779
vn -25.52621 36.75505 24.46382
vn -38.90218 27.26810 18.54914
vn 22.89806 24.91567 38.15610
vn 8.29641 33.43918 37.60307
vn -8.20155 38.57267 32.34011
vn -25.26105 33.53095 28.95780
vn -38.18962 25.50029 22.18756
vn 20.69120 23.31467 40.36459
vn 6.92229 30.10464 40.58068
vn -9.37074 34.73451 36.14835
vn -25.22611 30.82643 31.84923
vn -37.65446 24.39980 24.24442
vn 18.96293 21.79539 42.02818
vn 5.60646 27.70369 42.45083
vn -10.13688 31.90496 38.47488
vn -25.36889 28.56038 33.78940
vn -37.24168 22.91894 26.24460
vn 16.56394 18.48071 44.55445
vn 3.64805 23.50197 45.11483
vn -11.24454 27.31699 41.57333
vn -25.56439 24.28528 36.84679
vn -36.95136 19.63339 29.15692
vn 15.16157 15.29831 46.22866
vn 2.34596 19.42669 47.09671
vn -12.21062 22.60780 44.05437
vn -25.70559 20.63529 38.91538
vn -36.69032 17.42349 30.84221
vn 13.40110 11.13528 47.93137
vn 0.98759 14.57185 48.86395
vn -13.12099 17.51641 46.06533
vn -26.21379 15.89598 40.75727
vn -36.50884 13.26219 33.04873
vn 11.75761 7.59568 49.04145
vn -0.45489 10.16917 49.97380
vn -13.88167 12.38236 47.48659
vn -26.42818 11.70048 42.01963
vn -36.33927 10.29316 34.27110
vn 10.89035 2.78229 49.74594
vn -1.48148 4.95822 50.73678
vn -14.54650 6.97779 48.38088
vn -26.68663 6.49879 42.97196
vn -36.30371 5.65208 35.37081
vn 9.98256 0.75527 50.00778
vn -2.11751 1.18704 50.94219
vn -15.05070 1.61161 48.70194
vn -26.91106 0.77012 43.31514
vn -36.31641 0.00000 35.80667
vn 27.22242 32.70344 -28.11449
vn 29.95625 33.10663 -24.64900
vn 27.86808 41.16071 -11.40903
vn 23.97536 42.81660 -13.88958
vn 16.33695 48.18612 3.49307
vn 21.77762 45.91264 4.33191
vn 21.68380 40.95185 21.30161
vn 16.28271 42.91106 22.23767
vn 14.10978 33.86945 35.42279
vn 18.40962 33.25429 34.00349
vn 31.76453 32.05528 -23.75863
vn 31.02134 39.12027 -10.40578
vn 26.57466 43.24239 4.98822
vn 25.71041 38.89264 20.67214
vn 22.48431 32.06057 32.67376
vn 34.90116 30.42064 -21.38909
vn 34.80325 36.17850 -8.99162
vn 31.17856 39.98594 5.47924
vn 30.05868 35.92849 20.16480
vn 26.64176 29.95025 31.53092
vn 36.78035 28.38905 -21.03015
vn 37.54723 33.58883 -7.93695
vn 35.18757 36.45275 5.83367
vn 33.56542 32.97211 19.67744
vn 29.73969 27.94517 30.58787
vn 38.38804 26.91788 -20.06953
vn 39.52999 31.39227 -7.27359
vn 37.69804 33.82176 5.99550
vn 35.96810 30.60369 19.25383
vn 32.09875 26.07354 29.84694
vn 41.14078 23.70006 -18.62104
vn 42.57462 27.25739 -6.74057
vn 41.13700 29.51613 6.12734
vn 39.31424 26.50976 18.77825
vn 35.42778 22.54919 28.93796
vn 42.75035 21.10362 -18.11200
vn 44.73595 23.67864 -6.24632
vn 43.99784 25.04651 6.15320
vn 41.90998 22.56079 18.31840
vn 37.80527 19.38231 28.21502
vn 44.78775 16.97861 -17.51524
vn 46.94627 19.03701 -5.88553
vn 46.44988 20.17026 6.04721
vn 44.37452 17.82224 17.72765
vn 40.24438 15.12834 27.43216
vn 46.16719 14.00424 -16.53698
vn 48.42678 14.87386 -5.88343
vn 48.32983 15.20025 5.84634
vn 46.14417 13.27814 17.18738
vn 42.07227 11.10250 26.60184
vn 47.41132 9.35499 -16.29879
vn 49.69777 9.78368 -5.95072
vn 49.72002 9.92994 5.50590
vn 47.54542 8.10351 16.57606
vn 43.49015 6.30499 25.88153
vn 47.80124 7.52781 -16.10506
vn 50.25928 6.24187 -6.00361
vn 50.53411 4.64251 5.07444
vn 48.40558 2.18806 15.90948
vn 44.54637 0.00000 24.83184
vn -17.76564 28.94313 -38.04834
vn -12.80695 29.60087 -39.50658
vn -1.11094 38.39038 -33.55509
vn -5.20268 40.55676 -30.48083
vn 9.84673 47.46349 -15.85114
vn 12.96465 44.81266 -20.60929
vn 30.75935 38.38921 -13.45849
vn 30.06878 40.22889 -8.86026
vn 42.10567 28.74516 -1.35199
vn 41.84066 28.58642 -5.75979
vn -10.22289 28.24462 -41.21570
vn 2.38869 36.61485 -35.42099
vn 15.62652 41.84367 -24.61542
vn 31.16633 36.41146 -17.43172
vn 41.56791 28.31380 -8.45200
vn -6.37011 26.53090 -43.08749
vn 5.41464 33.26910 -38.27334
vn 18.17076 38.28954 -28.36784
vn 32.16503 33.34873 -21.31366
vn 41.76205 26.54655 -12.33740
vn -3.48053 24.99611 -44.31794
vn 8.06351 30.44287 -40.11497
vn 20.33059 34.55975 -31.51651
vn 32.92169 30.60616 -24.09200
vn 41.80004 24.94502 -15.21519
vn -1.37619 23.50736 -45.23837
vn 9.89422 28.21876 -41.31351
vn 21.67468 31.81557 -33.45113
vn 33.43791 28.27427 -26.14328
vn 41.91793 23.40820 -17.20299
vn 1.14132 19.99433 -46.90335
vn 12.14298 24.05503 -43.30015
vn 23.50213 27.37275 -36.04694
vn 34.37577 24.13664 -28.92626
vn 42.32857 20.12304 -20.10858
vn 3.24527 17.15124 -47.91975
vn 13.95569 20.27990 -44.66502
vn 24.98828 22.86941 -38.12579
vn 35.10162 20.51479 -30.78992
vn 42.43631 17.33971 -22.34936
vn 5.47219 13.19233 -48.95934
vn 15.83856 15.76111 -45.84460
vn 26.25484 17.98428 -39.85284
vn 35.80461 15.89329 -32.65629
vn 42.74244 13.29367 -24.44097
vn 6.68031 9.50465 -49.65918
vn 17.11510 11.47427 -46.65206
vn 27.20567 13.10023 -41.10030
vn 36.17397 11.70464 -33.99183
vn 42.79285 9.97506 -25.88956
vn 8.06039 4.96198 -50.11396
vn 18.05716 6.47268 -47.25509
vn 27.91017 7.94258 -41.93968
vn 36.56395 6.77329 -34.90272
vn 43.00262 5.58443 -26.84378
vn 8.79708 2.56374 -50.17009
vn 18.79378 2.73154 -47.33215
vn 28.31786 2.85301 -42.31972
vn 36.67890 1.39211 -35.40790
vn 42.65748 0.00000 -27.95243
vn -43.12090 25.87407 8.49230
vn -43.91187 25.66972 3.71660
vn -35.87917 35.59457 -6.83458
vn -34.57534 37.44479 -1.85282
vn -13.88090 46.88512 -14.49503
vn -17.61458 44.06771 -18.67519
vn -5.46788 35.48204 -36.22329
vn -0.81519 36.86917 -35.22781
vn 11.17597 24.17058 -43.49575
vn 5.83944 24.36638 -44.42049
vn -43.75873 26.19338 -0.28227
vn -36.37701 34.08605 -10.76353
vn -20.63435 41.05432 -22.13066
vn -8.59561 34.07992 -36.95502
vn 3.24543 24.65166 -44.52821
vn -44.82728 23.97737 -4.07440
vn -37.28825 31.45331 -14.87533
vn -23.42104 37.48100 -25.44856
vn -12.02509 31.37155 -38.36954
vn -0.35566 23.58331 -45.21836
vn -45.07062 22.70878 -7.34506
vn -37.94107 28.90384 -18.05665
vn -25.69995 33.81736 -28.22939
vn -14.67069 28.90131 -39.37619
vn -2.98273 22.50614 -45.66812
vn -45.15416 21.57349 -9.83289
vn -38.60955 26.65553 -19.99463
vn -27.08473 31.12479 -29.97774
vn -16.31246 26.82722 -40.18959
vn -4.87411 21.28826 -46.08745
vn -45.79852 18.36567 -12.89173
vn -39.45910 22.80614 -22.88797
vn -28.91641 26.77131 -32.37496
vn -18.54321 23.00024 -41.57088
vn -7.32546 18.59794 -46.91965
vn -46.05159 15.65487 -15.33545
vn -39.93755 19.27264 -25.19042
vn -30.34258 22.41050 -34.32341
vn -20.33898 19.56580 -42.47947
vn -9.17297 16.36764 -47.42316
vn -46.06096 12.17335 -18.19881
vn -40.57655 14.79951 -27.12044
vn -31.49332 17.67072 -36.01273
vn -21.83336 15.16905 -43.52245
vn -11.22813 12.56983 -48.13448
vn -46.05310 8.78453 -20.07346
vn -40.78106 10.75167 -28.67588
vn -32.28412 12.97777 -37.28689
vn -22.89365 11.27630 -44.15569
vn -12.43673 9.65062 -48.50972
vn -46.02430 4.45750 -21.51498
vn -40.87639 6.03478 -29.89484
vn -32.77423 8.01672 -38.24371
vn -23.47404 6.63762 -44.78740
vn -13.45133 5.48571 -48.88730
vn -45.65520 2.31010 -22.61118
vn -40.52251 2.64491 -30.85337
vn -32.93657 3.15727 -38.80996
vn -24.13824 1.43392 -44.90310
vn -14.84348 0.00000 -48.79211
vn -0.67005 23.09411 45.46661
vn -5.37091 23.25228 45.07199
vn -14.69181 34.62591 34.44120
vn -9.45203 35.19362 35.68008
vn -17.87949 46.48499 10.97584
vn -22.57282 43.60653 13.78179
vn -37.79941 34.15267 -2.40817
vn -36.01595 35.22958 -7.92009
vn -41.51066 22.05724 -19.78240
vn -42.65232 23.39394 -15.31349
vn -8.76217 23.86748 44.21049
vn -18.27263 32.91216 34.40785
vn -26.34507 40.62527 16.01637
vn -38.87286 33.00120 0.90602
vn -43.27271 23.99538 -12.35695
vn -13.12362 23.14934 43.50722
vn -22.30858 30.49087 34.25834
vn -29.95477 37.08523 18.12175
vn -40.59509 30.58692 4.18085
vn -44.80669 22.93297 -8.21210
vn -16.26728 22.29809 42.88555
vn -25.36417 28.27148 34.03501
vn -32.93159 33.50999 19.83910
vn -41.92699 28.22624 6.81223
vn -45.64586 22.05355 -5.57639
vn -18.26181 20.85361 42.80926
vn -27.28001 26.16453 34.23767
vn -34.79586 30.87786 20.89989
vn -42.91441 26.23255 8.43840
vn -46.31484 21.01686 -3.77179
vn -21.51482 18.12728 42.53838
vn -30.11030 22.46378 34.49273
vn -37.33572 26.61844 22.32716
vn -44.48775 22.64722 10.43759
vn -47.67325 18.10276 -0.74240
vn -23.99732 15.85985 42.11405
vn -32.37228 19.25734 34.38299
vn -39.36807 22.38611 23.45243
vn -45.62468 19.32312 12.08327
vn -48.46818 15.82141 1.23224
vn -26.10644 12.08532 42.11174
vn -34.37224 15.04301 34.54355
vn -41.10621 17.77300 24.40081
vn -46.77771 15.04826 13.65265
vn -49.41293 12.18481 3.30043
vn -27.82985 9.04375 41.76972
vn -35.75643 11.15698 34.61213
vn -42.38668 13.23362 25.08466
vn -47.52692 11.25012 14.68420
vn -49.93764 9.33231 4.48769
vn -29.24706 4.95479 41.48565
vn -36.96653 6.66839 34.49649
vn -43.31533 8.42276 25.57028
vn -48.12061 6.73792 15.49214
vn -50.38717 5.01976 6.07739
vn -30.44910 3.18697 40.78841
vn -37.67970 3.39833 34.20075
vn -43.82352 3.73176 25.81807
vn -48.24212 1.60809 16.46546
vn -50.49781 0.00000 7.13940
vn 31.54808 17.08848 36.24503
vn 26.84742 20.01877 38.46381
vn 13.89232 30.18723 38.68765
vn 19.34293 29.60979 36.74386
vn -7.37354 45.47975 21.86832
vn -9.15184 42.45157 26.74150
vn -34.44361 29.77860 22.97546
vn -37.37558 29.27638 18.62684
vn -47.35022 15.38652 11.05494
vn -45.35435 17.76000 15.11837
vn 24.02923 20.03093 40.27850
vn 9.97686 29.90745 40.08748
vn -10.56104 39.46870 30.52353
vn -32.54831 29.51217 25.89670
vn -43.93690 19.19725 17.37855
vn 19.99016 19.95599 42.46353
vn 6.19062 28.12319 42.09231
vn -11.97044 35.92822 34.15949
vn -31.01871 27.52820 29.68228
vn -42.19676 18.89320 21.52859
vn 16.69681 19.70427 43.97679
vn 3.61411 26.00004 43.72569
vn -13.13735 32.44692 37.08917
vn -30.04990 25.74844 32.17175
vn -40.98817 18.57124 24.00164
vn 14.86685 18.53466 45.12696
vn 1.86812 24.27113 44.81542
vn -13.89386 29.89487 38.91345
vn -29.60775 24.13103 33.79459
vn -40.26419 18.18164 25.47985
vn 11.90204 16.21750 46.86506
vn -0.59772 21.02492 46.46068
vn -14.96134 25.77993 41.38300
vn -29.02947 20.70829 36.46170
vn -39.21523 16.01925 28.39981
vn 9.06234 14.46640 48.05826
vn -2.25648 17.81055 47.73565
vn -15.83861 21.75438 43.32303
vn -28.67572 17.85313 38.20954
vn -38.37555 14.16897 30.45583
vn 6.73381 11.26512 49.28238
vn -3.98088 13.92605 48.90008
vn -16.65244 17.34263 44.97699
vn -28.46085 13.95346 39.95348
vn -37.73167 11.18941 32.43636
vn 5.07724 8.23543 50.07393
vn -5.28227 10.32306 49.66419
vn -17.29842 13.03534 46.17190
vn -28.43405 10.70662 40.96184
vn -37.23935 8.79990 33.71635
vn 3.20074 4.56840 50.69403
vn -6.72745 6.20840 50.17167
vn -17.84655 8.42942 47.02600
vn -28.15711 6.33975 42.04741
vn -36.43324 4.70815 35.37587
vn 1.92648 2.75656 50.88899
vn -7.25866 3.03291 50.38961
vn -18.23429 3.95249 47.46460
vn -28.05459 1.79705 42.55244
vn -35.66394 0.00000 36.45658
vn 8.17959 11.09370 -49.10217
vn 12.48659 14.57616 -47.25061
vn 21.87220 26.02655 -38.01612
vn 17.17106 24.76435 -41.14463
vn 23.83769 44.17464 -9.02024
vn 28.02888 41.25417 -10.65243
vn 41.25886 26.76321 13.50692
vn 40.20625 24.63725 19.42842
vn 38.32544 12.42012 31.27140
vn 40.24844 15.91904 26.97494
vn 15.45469 16.70846 -45.63967
vn 25.04006 26.76866 -35.46031
vn 31.24592 38.50875 -11.90665
vn 41.87775 27.47259 9.61826
vn 41.78278 17.56861 23.37825
vn 19.58534 17.54240 -43.69987
vn 28.71181 25.85792 -33.28662
vn 34.52950 35.14029 -13.18608
vn 43.43297 26.16490 5.47492
vn 43.61429 18.12914 19.23870
vn 22.21225 17.25076 -42.54441
vn 31.25359 24.34340 -32.11871
vn 37.18860 31.86980 -14.22405
vn 44.52505 24.72927 2.64247
vn 44.73083 18.25389 16.33854
vn 24.26599 16.81645 -41.58568
vn 33.00595 22.90553 -31.41566
vn 38.89561 29.43139 -14.89714
vn 45.28183 23.43651 1.13346
vn 45.84493 17.45318 13.95091
vn 27.51462 15.20294 -40.15988
vn 35.68585 20.16869 -30.34376
vn 41.24895 25.46685 -15.84183
vn 46.71776 20.41817 -1.24447
vn 47.33007 15.57960 10.86921
vn 29.47997 13.29104 -39.43703
vn 37.57438 17.48769 -29.72114
vn 43.10581 21.61686 -16.60119
vn 47.78036 17.55639 -3.13215
vn 48.38220 13.71982 8.48109
vn 31.80429 10.50959 -38.45823
vn 39.35159 13.78663 -29.36632
vn 44.72289 17.36958 -17.29624
vn 48.83347 13.93556 -4.70021
vn 49.35558 11.10005 6.46644
vn 33.32483 8.11274 -37.74438
vn 40.67089 10.63247 -28.87609
vn 45.90469 13.25665 -17.83310
vn 49.53259 10.61951 -5.89472
vn 50.15991 8.11709 4.36986
vn 35.16921 4.98249 -36.59646
vn 41.78893 6.69430 -28.45823
vn 46.78201 8.84157 -18.28305
vn 50.07091 6.37478 -7.29832
vn 50.68914 4.79064 2.94291
vn 35.47360 3.34648 -36.48869
vn 42.13885 3.75376 -28.48204
vn 47.27214 4.57111 -18.58626
vn 50.27634 1.87705 -8.35256
vn 50.98995 0.00000 1.01233
vn -45.03340 9.68221 -21.89171
vn -42.12111 12.80138 -25.74754
vn -30.98553 23.89919 -32.70666
vn -36.56665 19.90826 -29.45403
vn -1.58825 42.92521 -27.49369
vn -1.87729 40.33720 -31.15101
vn 26.67145 24.58780 -35.84792
vn 32.57925 20.75014 -33.30201
vn 41.99975 9.57906 -27.29949
vn 38.46564 14.14032 -30.35532
vn -39.64452 15.37447 -28.15914
vn -27.08542 25.60661 -34.80920
vn -2.11284 37.92106 -34.03716
vn 22.27950 25.94627 -37.83404
vn 35.18996 16.46194 -33.04044
vn -36.30507 16.92581 -31.56673
vn -23.92022 24.88204 -37.54606
vn -2.38320 34.77318 -37.23098
vn 18.52636 25.40267 -40.15566
vn 31.44072 17.53370 -36.12548
vn -34.21701 16.98028 -33.79150
vn -21.61970 23.97453 -39.48176
vn -2.60900 31.73789 -39.83590
vn 15.98744 24.45870 -41.79921
vn 28.91355 18.23452 -37.84849
vn -32.64753 16.66413 -35.46047
vn -20.16567 22.88518 -40.87315
vn -2.76523 29.42905 -41.56061
vn 14.26398 23.07555 -43.18631
vn 27.00682 17.90238 -39.38446
vn -29.91453 15.60531 -38.24388
vn -18.70233 19.97484 -43.03752
vn -2.99585 25.62018 -43.99580
vn 12.27564 20.32962 -45.13330
vn 24.22831 16.12848 -41.87912
vn -28.15706 14.10991 -40.11346
vn -17.44893 17.50676 -44.60995
vn -3.18758 21.92455 -45.93641
vn 10.74310 17.72650 -46.59781
vn 22.27968 14.61108 -43.48714
vn -26.62120 11.20930 -42.03169
vn -16.44655 13.97191 -46.20926
vn -3.36677 17.77760 -47.68251
vn 9.63632 14.37573 -47.97374
vn 20.44716 11.96578 -45.16340
vn -25.10067 8.89929 -43.49435
vn -15.35265 10.98346 -47.37783
vn -3.50725 13.75978 -48.98333
vn 8.41836 11.00416 -49.08196
vn 18.53584 8.96015 -46.65981
vn -23.63942 5.58126 -44.84447
vn -14.90468 6.87983 -48.28580
vn -3.61707 9.41502 -49.99274
vn 7.69562 7.17718 -49.90255
vn 17.07410 5.42741 -47.74953
vn -23.57868 3.52701 -45.08443
vn -14.15929 4.17785 -48.81659
vn -3.68881 5.22303 -50.59755
vn 6.73148 2.75211 -50.47884
vn 15.66824 1.12609 -48.52049
vn -35.62587 12.78171 34.18223
vn -37.70653 17.46920 29.56424
vn -39.42674 27.60569 16.86586
vn -38.56123 23.68149 23.52059
vn -22.62320 44.98868 -8.07523
vn -26.31247 42.63086 -9.55314
vn -21.34785 26.43803 -38.03024
vn -17.38163 22.35279 -42.41735
vn -8.02905 10.76556 -49.19997
vn -12.59202 15.05278 -47.07286
vn -39.09600 20.38800 25.62874
vn -39.92149 29.38092 12.00148
vn -29.24367 40.38348 -10.72301
vn -24.51338 27.96239 -34.90270
vn -15.36468 17.70370 -45.29354
vn -41.20153 21.20424 21.30292
vn -41.44247 28.69861 7.74018
vn -32.49208 37.43104 -12.00753
vn -28.04928 27.56286 -32.47347
vn -19.18122 19.20944 -43.17496
vn -42.62698 21.58710 17.83081
vn -42.57531 27.69963 4.59059
vn -35.15772 34.56027 -13.05840
vn -30.24590 26.89086 -31.03332
vn -22.35045 19.51129 -41.48212
vn -43.64784 21.48311 15.30822
vn -43.34606 26.76825 2.36217
vn -36.93056 32.37273 -13.75282
vn -32.00886 25.76583 -30.20851
vn -24.37399 19.36108 -40.39872
vn -45.45476 19.60619 12.26628
vn -44.92863 24.13195 -0.25895
vn -39.46215 28.75194 -14.73307
vn -34.78545 23.12180 -29.26353
vn -27.66886 17.89690 -38.92472
vn -46.70844 18.06154 9.64898
vn -46.18169 21.53141 -2.15637
vn -41.52247 25.21476 -15.52740
vn -36.68973 20.79581 -28.67747
vn -29.53687 16.85617 -38.00582
vn -48.10968 15.30464 7.22673
vn -47.47775 18.17654 -4.05910
vn -43.43450 21.21171 -16.26368
vn -38.64397 17.49149 -28.31415
vn -32.37214 13.94628 -36.85845
vn -49.05604 13.11862 4.73353
vn -48.41159 15.03815 -5.58323
vn -44.92280 17.30054 -16.84141
vn -40.38594 14.22697 -27.70502
vn -33.86972 11.89563 -36.22617
vn -50.01394 9.35654 3.47278
vn -49.40911 10.89616 -6.40412
vn -46.16177 13.02606 -17.33242
vn -41.76448 10.32995 -27.38648
vn -35.76679 8.36230 -35.38090
vn -50.37091 7.73397 1.98920
vn -49.85667 7.99186 -7.17232
vn -47.00835 8.86699 -17.68024
vn -42.76465 6.15793 -27.09731
vn -37.18565 4.24945 -34.64345
vn 24.13652 14.88852 42.38821
vn 19.32264 19.72963 42.87629
vn 6.83838 30.53597 40.27147
vn 13.39046 26.27078 41.61179
vn -11.90859 46.86860 16.20246
vn -14.44655 44.86722 19.47383
vn -41.28981 28.90166 7.80032
vn -44.51164 24.78801 2.29514
vn -48.78247 12.84801 -7.49660
vn -47.85818 17.39683 -2.81859
vn 15.12417 23.04601 42.90852
vn 2.22126 32.01861 39.63425
vn -16.49066 42.90466 22.09634
vn -39.12042 30.72398 11.25296
vn -46.85799 20.13139 0.23516
vn 10.32479 24.15032 43.71682
vn -2.54145 31.83794 39.76036
vn -18.80287 40.26660 25.02105
vn -37.84089 30.65931 15.13516
vn -45.81919 22.04508 3.95164
vn 6.41677 24.63470 44.19226
vn -6.18170 31.13819 39.91490
vn -20.73863 37.65293 27.44386
vn -37.05830 29.91046 18.24956
vn -45.09866 22.77937 6.94341
vn 3.35714 24.97248 44.34078
vn -8.31961 29.88459 40.48080
vn -22.05484 35.63660 29.06227
vn -36.83443 28.94627 20.15780
vn -44.72177 22.65131 9.37451
vn -0.59577 23.64779 45.18215
vn -11.55348 27.49411 41.37137
vn -23.98130 32.25607 31.39176
vn -36.90413 26.54425 23.11899
vn -44.41498 21.59718 12.72285
vn -3.59861 21.94034 45.89849
vn -14.02970 25.07793 42.13389
vn -25.59531 28.91232 33.31602
vn -37.09984 24.50513 24.98200
vn -44.18631 20.54390 15.05051
vn -6.82453 19.54218 46.61039
vn -16.66035 22.02208 42.87727
vn -27.15228 25.08622 35.13453
vn -37.41524 21.14150 27.46154
vn -44.11662 17.69815 18.47970
vn -9.50521 17.15182 47.07936
vn -18.33414 18.73422 43.74800
vn -28.42737 21.30767 36.59053
vn -37.78566 18.34225 28.92758
vn -44.02048 15.51623 20.55344
vn -11.01148 13.31940 47.98272
vn -20.23124 15.06322 44.32602
vn -29.56512 17.14407 37.85478
vn -38.11049 14.47342 30.64490
vn -44.11507 12.37535 22.39889
vn -12.12910 11.50667 48.18175
vn -21.21106 12.15026 44.76004
vn -30.43304 13.06004 38.78485
vn -38.43928 10.35209 31.87877
vn -44.12145 8.29009 24.19859
vn 47.06787 17.64663 -8.61458
vn 45.36225 22.93713 -4.14175
vn 38.10348 33.36090 6.01455
vn 42.06366 28.82981 0.70023
vn 8.44813 48.44602 13.51341
vn 10.64298 46.82939 17.16784
vn -9.15217 31.99967 38.64270
vn -15.32780 27.74466 39.95362
vn -25.49262 15.54154 41.34715
vn -21.27043 20.55505 41.54585
vn 44.04985 25.70038 -0.31709
vn 35.75671 34.97277 9.96806
vn 12.42138 45.17909 20.13848
vn -5.11090 33.86701 37.78761
vn -18.27312 23.60428 41.35130
vn 42.77792 27.41045 4.44031
vn 34.25074 34.91906 14.44112
vn 14.44708 42.87011 23.54645
vn -1.25273 34.00148 37.99117
vn -13.45847 25.21070 42.24086
vn 41.60789 28.30583 8.28028
vn 32.96912 34.52781 17.94066
vn 16.15588 40.51367 26.43159
vn 1.77647 33.44635 38.46018
vn -10.35080 26.03085 42.61755
vn 41.34846 27.82863 10.81071
vn 32.60914 33.55471 20.29101
vn 17.32289 38.65435 28.40348
vn 3.89632 32.47893 39.12720
vn -7.94708 25.99351 43.15300
vn 40.82648 26.70791 14.86220
vn 32.63095 31.18245 23.74606
vn 19.03504 35.48948 31.29159
vn 6.66724 30.27500 40.49657
vn -4.87949 25.16906 44.08751
vn 40.48784 25.25186 18.00215
vn 32.50667 28.97383 26.54869
vn 20.47834 32.31455 33.72546
vn 8.73867 28.16114 41.61232
vn -1.76712 23.71492 45.11629
vn 39.92682 23.26873 21.57347
vn 32.65893 25.91721 29.37162
vn 21.87724 28.65944 36.06969
vn 11.32788 24.85025 43.07138
vn 0.69596 21.55029 46.21796
vn 40.16051 20.51302 23.81908
vn 33.23531 22.66244 31.35008
vn 23.03419 25.02525 38.00214
vn 13.06652 21.93364 44.14953
vn 3.11635 19.18934 47.14930
vn 39.84299 17.57734 26.54378
vn 33.60520 18.94759 33.35684
vn 24.09240 21.00104 39.74308
vn 14.55422 18.30831 45.32086
vn 4.97497 16.16118 48.11512
vn 39.92632 15.66676 27.59422
vn 33.60281 16.27571 34.74121
vn 24.92957 17.02381 41.10603
vn 15.87618 14.26604 46.31874
vn 7.11809 12.03130 49.04671
# Uv
vt 0.05000 0.41914
vt 0.02500 0.00000
vt 0.00000 0.41914
vt 0.00000 0.00000
vt 0.05000 0.00000
vt 0.10000 0.41914
vt 0.07500 0.00000
vt 0.10000 0.00000
vt 0.15000 0.41914
vt 0.12500 0.00000
vt 0.15000 0.00000
vt 0.20000 0.41914
vt 0.17500 0.00000
vt 0.20000 0.00000
vt 0.25000 0.41914
vt 0.22500 0.00000
vt 0.25000 0.00000
vt 0.30000 0.41914
vt 0.27500 0.00000
vt 0.30000 0.00000
vt 0.35000 0.41914
vt 0.32500 0.00000
vt 0.35000 0.00000
vt 0.40000 0.41914
vt 0.37500 0.00000
vt 0.40000 0.00000
vt 0.45000 0.41914
vt 0.42500 0.00000
vt 0.45000 0.00000
vt 0.50000 0.41914
vt 0.47500 0.00000
vt 0.50000 0.00000
vt 0.55000 0.41914
vt 0.52500 0.00000
vt 0.55000 0.00000
vt 0.60000 0.41914
vt 0.57500 0.00000
vt 0.60000 0.00000
vt 0.65000 0.41914
vt 0.62500 0.00000
vt 0.65000 0.00000
vt 0.70000 0.41914
vt 0.67500 0.00000
vt 0.70000 0.00000
vt 0.75000 0.41914
vt 0.72500 0.00000
vt 0.75000 0.00000
vt 0.80000 0.41914
vt 0.77500 0.00000
vt 0.80000 0.00000
vt 0.85000 0.41914
vt 0.82500 0.00000
vt 0.85000 0.00000
vt 0.90000 0.41914
vt 0.87500 0.00000
vt 0.90000 0.00000
vt 0.95000 0.41914
vt 0.92500 0.00000
vt 0.95000 0.00000
vt 1.00000 0.41914
vt 0.97500 0.00000
vt 1.00000 0.00000
vt 0.00000 0.48219
vt 0.05000 0.48219
vt 0.10000 0.48219
vt 0.15000 0.48219
vt 0.20000 0.48219
vt 0.25000 0.48219
vt 0.30000 0.48219
vt 0.35000 0.48219
vt 0.40000 0.48219
vt 0.45000 0.48219
vt 0.50000 0.48219
vt 0.55000 0.48219
vt 0.60000 0.48219
vt 0.65000 0.48219
vt 0.70000 0.48219
vt 0.75000 0.48219
vt 0.80000 0.48219
vt 0.85000 0.48219
vt 0.90000 0.48219
vt 0.95000 0.48219
vt 1.00000 0.48219
vt 0.00000 0.92619
vt 0.05000 0.92619
vt 0.10000 0.92619
vt 0.15000 0.92619
vt 0.20000 0.92619
vt 0.25000 0.92619
vt 0.30000 0.92619
vt 0.35000 0.92619
vt 0.40000 0.92619
vt 0.45000 0.92619
vt 0.50000 0.92619
vt 0.55000 0.92619
vt 0.60000 0.92619
vt 0.65000 0.92619
vt 0.70000 0.92619
vt 0.75000 0.92619
vt 0.80000 0.92619
vt 0.85000 0.92619
vt 0.90000 0.92619
vt 0.95000 0.92619
vt 1.00000 0.92619
vt 0.00000 0.99006
vt 0.05000 0.99006
vt 0.10000 0.99006
vt 0.15000 0.99006
vt 0.20000 0.99006
vt 0.25000 0.99006
vt 0.30000 0.99006
vt 0.35000 0.99006
vt 0.40000 0.99006
vt 0.45000 0.99006
vt 0.50000 0.99006
vt 0.55000 0.99006
vt 0.60000 0.99006
vt 0.65000 0.99006
vt 0.70000 0.99006
vt 0.75000 0.99006
vt 0.80000 0.99006
vt 0.85000 0.99006
vt 0.90000 0.99006
vt 0.95000 0.99006
vt 1.00000 0.99006
vt 0.00000 1.31091
vt 0.05000 1.31091
vt 0.10000 1.31091
vt 0.15000 1.31091
vt 0.20000 1.31091
vt 0.25000 1.31091
vt 0.30000 1.31091
vt 0.35000 1.31091
vt 0.40000 1.31091
vt 0.45000 1.31091
vt 0.50000 1.31091
vt 0.55000 1.31091
vt 0.60000 1.31091
vt 0.65000 1.31091
vt 0.70000 1.31091
vt 0.75000 1.31091
vt 0.80000 1.31091
vt 0.85000 1.31091
vt 0.90000 1.31091
vt 0.95000 1.31091
vt 1.00000 1.31091
vt 0.00000 1.37554
vt 0.05000 1.37554
vt 0.10000 1.37554
vt 0.15000 1.37554
vt 0.20000 1.37554
vt 0.25000 1.37554
vt 0.30000 1.37554
vt 0.35000 1.37554
vt 0.40000 1.37554
vt 0.45000 1.37554
vt 0.50000 1.37554
vt 0.55000 1.37554
vt 0.60000 1.37554
vt 0.65000 1.37554
vt 0.70000 1.37554
vt 0.75000 1.37554
vt 0.80000 1.37554
vt 0.85000 1.37554
vt 0.90000 1.37554
vt 0.95000 1.37554
vt 1.00000 1.37554
vt 0.00000 1.84086
vt 0.10000 1.84086
vt 0.20000 1.84086
vt 0.30000 1.84086
vt 0.40000 1.84086
vt 0.50000 1.84086
vt 0.60000 1.84086
vt 0.70000 1.84086
vt 0.80000 1.84086
vt 0.90000 1.84086
vt 1.00000 1.84086
vt 0.00000 1.90623
vt 0.10000 1.90623
vt 0.20000 1.90623
vt 0.30000 1.90623
vt 0.40000 1.90623
vt 0.50000 1.90623
vt 0.60000 1.90623
vt 0.70000 1.90623
vt 0.80000 1.90623
vt 0.90000 1.90623
vt 1.00000 1.90623
vt 0.00000 2.31182
vt 0.10000 2.31182
vt 0.20000 2.31182
vt 0.30000 2.31182
vt 0.40000 2.31182
vt 0.50000 2.31182
vt 0.60000 2.31182
vt 0.70000 2.31182
vt 0.80000 2.31182
vt 0.90000 2.31182
vt 1.00000 2.31182
vt 0.00000 2.37795
vt 0.10000 2.37795
vt 0.20000 2.37795
vt 0.30000 2.37795
vt 0.40000 2.37795
vt 0.50000 2.37795
vt 0.60000 2.37795
vt 0.70000 2.37795
vt 0.80000 2.37795
vt 0.90000 2.37795
vt 1.00000 2.37795
vt 0.00000 2.84445
vt 0.10000 2.84445
vt 0.20000 2.84445
vt 0.30000 2.84445
vt 0.40000 2.84445
vt 0.50000 2.84445
vt 0.60000 2.84445
vt 0.70000 2.84445
vt 0.80000 2.84445
vt 0.90000 2.84445
vt 1.00000 2.84445
vt 0.00000 2.91139
vt 0.10000 2.91139
vt 0.20000 2.91139
vt 0.30000 2.91139
vt 0.40000 2.91139
vt 0.50000 2.91139
vt 0.60000 2.91139
vt 0.70000 2.91139
vt 0.80000 2.91139
vt 0.90000 2.91139
vt 1.00000 2.91139
vt 0.00000 3.30543
vt 0.10000 3.30543
vt 0.20000 3.30543
vt 0.30000 3.30543
vt 0.40000 3.30543
vt 0.50000 3.30543
vt 0.60000 3.30543
vt 0.70000 3.30543
vt 0.80000 3.30543
vt 0.90000 3.30543
vt 1.00000 3.30543
vt 0.00000 3.37320
vt 0.10000 3.37320
vt 0.20000 3.37320
vt 0.30000 3.37320
vt 0.40000 3.37320
vt 0.50000 3.37320
vt 0.60000 3.37320
vt 0.70000 3.37320
vt 0.80000 3.37320
vt 0.90000 3.37320
vt 1.00000 3.37320
vt 0.00000 3.80616
vt 0.20000 3.80616
vt 0.40000 3.80616
vt 0.60000 3.80616
vt 0.80000 3.80616
vt 1.00000 3.80616
vt 0.00000 3.87475
vt 0.20000 3.87475
vt 0.40000 3.87475
vt 0.60000 3.87475
vt 0.80000 3.87475
vt 1.00000 3.87475
vt 0.00000 4.34762
vt 0.20000 4.34762
vt 0.40000 4.34762
vt 0.60000 4.34762
vt 0.80000 4.34762
vt 1.00000 4.34762
vt 0.00000 4.41701
vt 0.20000 4.41701
vt 0.40000 4.41701
vt 0.60000 4.41701
vt 0.80000 4.41701
vt 1.00000 4.41701
vt 0.00000 4.83855
vt 0.20000 4.83855
vt 0.40000 4.83855
vt 0.60000 4.83855
vt 0.80000 4.83855
vt 1.00000 4.83855
vt 0.00000 4.90885
vt 0.20000 4.90885
vt 0.40000 4.90885
vt 0.60000 4.90885
vt 0.80000 4.90885
vt 1.00000 4.90885
vt 0.00000 5.26370
vt 0.20000 5.26370
vt 0.40000 5.26370
vt 0.60000 5.26370
vt 0.80000 5.26370
vt 1.00000 5.26370
vt 0.00000 5.33486
vt 0.20000 5.33486
vt 0.40000 5.33486
vt 0.60000 5.33486
vt 0.80000 5.33486
vt 1.00000 5.33486
vt 0.00000 5.61961
vt 0.20000 5.61961
vt 0.40000 5.61961
vt 0.60000 5.61961
vt 0.80000 5.61961
vt 1.00000 5.61961
vt 0.10000 5.53361
vt 0.30000 5.53361
vt 0.50000 5.53361
vt 0.70000 5.53361
vt 0.90000 5.53361
vt 0.00049 0.00000
vt 0.00049 0.15000
vt 0.33317 0.15000
vt 0.33317 0.00000
vt 0.66586 0.00000
vt 0.66586 0.15000
vt 0.99854 0.15000
vt 0.99854 0.00000
vt 0.00049 0.30000
vt 0.33317 0.30000
vt 0.66586 0.30000
vt 0.99854 0.30000
vt 0.00049 0.45000
vt 0.33317 0.45000
vt 0.66586 0.45000
vt 0.99854 0.45000
vt 0.00049 0.60000
vt 0.33317 0.60000
vt 0.66586 0.60000
vt 0.99854 0.60000
vt 0.00049 0.75000
vt 0.33317 0.75000
vt 0.66586 0.75000
vt 0.99854 0.75000
vt 0.33317 0.90000
vt 0.99854 0.90000
vt 0.00049 0.00000
vt 0.00049 0.15000
vt 0.33317 0.15000
vt 0.33317 0.00000
vt 0.66586 0.00000
vt 0.66586 0.15000
vt 0.99854 0.15000
vt 0.99854 0.00000
vt 0.00049 0.30000
vt 0.33317 0.30000
vt 0.66586 0.30000
vt 0.99854 0.30000
vt 0.00049 0.45000
vt 0.33317 0.45000
vt 0.66586 0.45000
vt 0.99854 0.45000
vt 0.00049 0.60000
vt 0.33317 0.60000
vt 0.66586 0.60000
vt 0.99854 0.60000
vt 0.00049 0.75000
vt 0.33317 0.75000
vt 0.66586 0.75000
vt 0.99854 0.75000
vt 0.33317 0.90000
vt 0.99854 0.90000
vt 0.00049 0.00000
vt 0.00049 0.15000
vt 0.33317 0.15000
vt 0.33317 0.00000
vt 0.66586 0.00000
vt 0.66586 0.15000
vt 0.99854 0.15000
vt 0.99854 0.00000
vt 0.00049 0.30000
vt 0.33317 0.30000
vt 0.66586 0.30000
vt 0.99854 0.30000
vt 0.00049 0.45000
vt 0.33317 0.45000
vt 0.66586 0.45000
vt 0.99854 0.45000
vt 0.00049 0.60000
vt 0.33317 0.60000
vt 0.66586 0.60000
vt 0.99854 0.60000
vt 0.00049 0.75000
vt 0.33317 0.75000
vt 0.66586 0.75000
vt 0.99854 0.75000
vt 0.33317 0.90000
vt 0.99854 0.90000
vt 0.00049 0.00000
vt 0.00049 0.15000
vt 0.33317 0.15000
vt 0.33317 0.00000
vt 0.66586 0.00000
vt 0.66586 0.15000
vt 0.99854 0.15000
vt 0.99854 0.00000
vt 0.00049 0.30000
vt 0.33317 0.30000
vt 0.66586 0.30000
vt 0.99854 0.30000
vt 0.00049 0.45000
vt 0.33317 0.45000
vt 0.66586 0.45000
vt 0.99854 0.45000
vt 0.00049 0.60000
vt 0.33317 0.60000
vt 0.66586 0.60000
vt 0.99854 0.60000
vt 0.00049 0.75000
vt 0.33317 0.75000
vt 0.66586 0.75000
vt 0.99854 0.75000
vt 0.33317 0.90000
vt 0.99854 0.90000
vt 0.00049 0.00000
vt 0.00049 0.15000
vt 0.33317 0.15000
vt 0.33317 0.00000
vt 0.66586 0.00000
vt 0.66586 0.15000
vt 0.99854 0.15000
vt 0.99854 0.00000
vt 0.00049 0.30000
vt 0.33317 0.30000
vt 0.66586 0.30000
vt 0.99854 0.30000
vt 0.00049 0.45000
vt 0.33317 0.45000
vt 0.66586 0.45000
vt 0.99854 0.45000
vt 0.00049 0.60000
vt 0.33317 0.60000
vt 0.66586 0.60000
vt 0.99854 0.60000
vt 0.00049 0.75000
vt 0.33317 0.75000
vt 0.66586 0.75000
vt 0.99854 0.75000
vt 0.33317 0.90000
vt 0.99854 0.90000
vt 0.00049 0.00000
vt 0.00049 0.15000
vt 0.33317 0.15000
vt 0.33317 0.00000
vt 0.66586 0.00000
vt 0.66586 0.15000
vt 0.99854 0.15000
vt 0.99854 0.00000
vt 0.00049 0.30000
vt 0.33317 0.30000
vt 0.66586 0.30000
vt 0.99854 0.30000
vt 0.00049 0.45000
vt 0.33317 0.45000
vt 0.66586 0.45000
vt 0.99854 0.45000
vt 0.00049 0.60000
vt 0.33317 0.60000
vt 0.66586 0.60000
vt 0.99854 0.60000
vt 0.00049 0.75000
vt 0.33317 0.75000
vt 0.66586 0.75000
vt 0.99854 0.75000
vt 0.33317 0.90000
vt 0.99854 0.90000
vt 0.00049 0.00000
vt 0.00049 0.15000
vt 0.33317 0.15000
vt 0.33317 0.00000
vt 0.66586 0.00000
vt 0.66586 0.15000
vt 0.99854 0.15000
vt 0.99854 0.00000
vt 0.00049 0.30000
vt 0.33317 0.30000
vt 0.66586 0.30000
vt 0.99854 0.30000
vt 0.00049 0.45000
vt 0.33317 0.45000
vt 0.66586 0.45000
vt 0.99854 0.45000
vt 0.00049 0.60000
vt 0.33317 0.60000
vt 0.66586 0.60000
vt 0.99854 0.60000
vt 0.00049 0.75000
vt 0.33317 0.75000
vt 0.66586 0.75000
vt 0.99854 0.75000
vt 0.33317 0.90000
vt 0.99854 0.90000
vt 0.00049 0.00000
vt 0.00049 0.15000
vt 0.33317 0.15000
vt 0.33317 0.00000
vt 0.66586 0.00000
vt 0.66586 0.15000
vt 0.99854 0.15000
vt 0.99854 0.00000
vt 0.00049 0.30000
vt 0.33317 0.30000
vt 0.66586 0.30000
vt 0.99854 0.30000
vt 0.00049 0.45000
vt 0.33317 0.45000
vt 0.66586 0.45000
vt 0.99854 0.45000
vt 0.00049 0.60000
vt 0.33317 0.60000
vt 0.66586 0.60000
vt 0.99854 0.60000
vt 0.00049 0.75000
vt 0.33317 0.75000
vt 0.66586 0.75000
vt 0.99854 0.75000
vt 0.33317 0.90000
vt 0.99854 0.90000
vt 0.00049 0.00000
vt 0.00049 0.15000
vt 0.33317 0.15000
vt 0.33317 0.00000
vt 0.66586 0.00000
vt 0.66586 0.15000
vt 0.99854 0.15000
vt 0.99854 0.00000
vt 0.00049 0.30000
vt 0.33317 0.30000
vt 0.66586 0.30000
vt 0.99854 0.30000
vt 0.00049 0.45000
vt 0.33317 0.45000
vt 0.66586 0.45000
vt 0.99854 0.45000
vt 0.00049 0.60000
vt 0.33317 0.60000
vt 0.66586 0.60000
vt 0.99854 0.60000
vt 0.00049 0.75000
vt 0.33317 0.75000
vt 0.66586 0.75000
vt 0.99854 0.75000
vt 0.33317 0.90000
vt 0.99854 0.90000
vt 0.00049 0.00000
vt 0.00049 0.15000
vt 0.33317 0.15000
vt 0.33317 0.00000
vt 0.66586 0.00000
vt 0.66586 0.15000
vt 0.99854 0.15000
vt 0.99854 0.00000
vt 0.00049 0.30000
vt 0.33317 0.30000
vt 0.66586 0.30000
vt 0.99854 0.30000
vt 0.00049 0.45000
vt 0.33317 0.45000
vt 0.66586 0.45000
vt 0.99854 0.45000
vt 0.00049 0.60000
vt 0.33317 0.60000
vt 0.66586 0.60000
vt 0.99854 0.60000
vt 0.00049 0.75000
vt 0.33317 0.75000
vt 0.66586 0.75000
vt 0.99854 0.75000
vt 0.33317 0.90000
vt 0.99854 0.90000
vt 0.00049 0.00000
vt 0.00049 0.15000
vt 0.33317 0.15000
vt 0.33317 0.00000
vt 0.66586 0.00000
vt 0.66586 0.15000
vt 0.99854 0.15000
vt 0.99854 0.00000
vt 0.00049 0.30000
vt 0.33317 0.30000
vt 0.66586 0.30000
vt 0.99854 0.30000
vt 0.00049 0.45000
vt 0.33317 0.45000
vt 0.66586 0.45000
vt 0.99854 0.45000
vt 0.00049 0.60000
vt 0.33317 0.60000
vt 0.66586 0.60000
vt 0.99854 0.60000
vt 0.00049 0.75000
vt 0.33317 0.75000
vt 0.66586 0.75000
vt 0.99854 0.75000
vt 0.33317 0.90000
vt 0.99854 0.90000
vt 0.00049 0.00000
vt 0.00049 0.15000
vt 0.33317 0.15000
vt 0.33317 0.00000
vt 0.66586 0.00000
vt 0.66586 0.15000
vt 0.99854 0.15000
vt 0.99854 0.00000
vt 0.00049 0.30000
vt 0.33317 0.30000
vt 0.66586 0.30000
vt 0.99854 0.30000
vt 0.00049 0.45000
vt 0.33317 0.45000
vt 0.66586 0.45000
vt 0.99854 0.45000
vt 0.00049 0.60000
vt 0.33317 0.60000
vt 0.66586 0.60000
vt 0.99854 0.60000
vt 0.00049 0.75000
vt 0.33317 0.75000
vt 0.66586 0.75000
vt 0.99854 0.75000
vt 0.33317 0.90000
vt 0.99854 0.90000
vt 0.00049 0.00000
vt 0.00049 0.15000
vt 0.33317 0.15000
vt 0.33317 0.00000
vt 0.66586 0.00000
vt 0.66586 0.15000
vt 0.99854 0.15000
vt 0.99854 0.00000
vt 0.00049 0.30000
vt 0.33317 0.30000
vt 0.66586 0.30000
vt 0.99854 0.30000
vt 0.00049 0.45000
vt 0.33317 0.45000
vt 0.66586 0.45000
vt 0.99854 0.45000
vt 0.00049 0.60000
vt 0.33317 0.60000
vt 0.66586 0.60000
vt 0.99854 0.60000
vt 0.00049 0.75000
vt 0.33317 0.75000
vt 0.66586 0.75000
vt 0.99854 0.75000
vt 0.33317 0.90000
vt 0.99854 0.90000
vt 0.00049 0.00000
vt 0.00049 0.15000
vt 0.33317 0.15000
vt 0.33317 0.00000
vt 0.66586 0.00000
vt 0.66586 0.15000
vt 0.99854 0.15000
vt 0.99854 0.00000
vt 0.00049 0.30000
vt 0.33317 0.30000
vt 0.66586 0.30000
vt 0.99854 0.30000
vt 0.00049 0.45000
vt 0.33317 0.45000
vt 0.66586 0.45000
vt 0.99854 0.45000
vt 0.00049 0.60000
vt 0.33317 0.60000
vt 0.66586 0.60000
vt 0.99854 0.60000
vt 0.00049 0.75000
vt 0.33317 0.75000
vt 0.66586 0.75000
vt 0.99854 0.75000
vt 0.33317 0.90000
vt 0.99854 0.90000
vt 0.00000 0.00000
vt 0.00000 0.10491
vt 0.25000 0.09361
vt 0.25000 0.00000
vt 0.50000 0.00000
vt 0.50000 0.08704
vt 0.75000 0.08447
vt 0.75000 0.00000
vt 1.00000 0.00000
vt 1.00000 0.08643
vt 0.00000 0.15340
vt 0.25000 0.16448
vt 0.50000 0.17434
vt 0.75000 0.16295
vt 1.00000 0.15419
vt 0.00000 0.27087
vt 0.25000 0.26430
vt 0.50000 0.26387
vt 0.75000 0.25210
vt 1.00000 0.24329
vt 0.00000 0.32766
vt 0.25000 0.34184
vt 0.50000 0.35366
vt 0.75000 0.33443
vt 1.00000 0.31915
vt 0.00000 0.39606
vt 0.25000 0.40432
vt 0.50000 0.41534
vt 0.75000 0.39492
vt 1.00000 0.37752
vt 0.00000 0.51957
vt 0.25000 0.51134
vt 0.50000 0.50957
vt 0.75000 0.49079
vt 1.00000 0.47407
vt 0.00000 0.59128
vt 0.25000 0.59934
vt 0.50000 0.60405
vt 0.75000 0.58148
vt 1.00000 0.55964
vt 0.00000 0.72189
vt 0.25000 0.71172
vt 0.50000 0.70136
vt 0.75000 0.68112
vt 1.00000 0.66010
vt 0.00000 0.80394
vt 0.25000 0.80557
vt 0.50000 0.79892
vt 0.75000 0.77678
vt 1.00000 0.75462
vt 0.00000 0.94213
vt 0.25000 0.92385
vt 0.50000 0.89933
vt 0.75000 0.88046
vt 1.00000 0.86118
vt 0.00000 1.00000
vt 0.25000 1.00000
vt 0.50000 1.00000
vt 0.75000 1.00000
vt 1.00000 1.00000
vt 0.00000 0.00000
vt 0.00000 0.09933
vt 0.25000 0.09255
vt 0.25000 0.00000
vt 0.50000 0.00000
vt 0.50000 0.08704
vt 0.75000 0.08628
vt 0.75000 0.00000
vt 1.00000 0.00000
vt 1.00000 0.08642
vt 0.00000 0.15594
vt 0.25000 0.16953
vt 0.50000 0.17434
vt 0.75000 0.16291
vt 1.00000 0.15241
vt 0.00000 0.26673
vt 0.25000 0.26619
vt 0.50000 0.26386
vt 0.75000 0.25207
vt 1.00000 0.24008
vt 0.00000 0.33372
vt 0.25000 0.34722
vt 0.50000 0.35363
vt 0.75000 0.33268
vt 1.00000 0.31199
vt 0.00000 0.39736
vt 0.25000 0.40922
vt 0.50000 0.41531
vt 0.75000 0.39207
vt 1.00000 0.37056
vt 0.00000 0.51580
vt 0.25000 0.51288
vt 0.50000 0.50954
vt 0.75000 0.48783
vt 1.00000 0.46790
vt 0.00000 0.59999
vt 0.25000 0.60228
vt 0.50000 0.60401
vt 0.75000 0.57752
vt 1.00000 0.55332
vt 0.00000 0.72626
vt 0.25000 0.71124
vt 0.50000 0.70134
vt 0.75000 0.67797
vt 1.00000 0.65791
vt 0.00000 0.81853
vt 0.25000 0.80590
vt 0.50000 0.79891
vt 0.75000 0.77456
vt 1.00000 0.75210
vt 0.00000 0.95303
vt 0.25000 0.92027
vt 0.50000 0.89934
vt 0.75000 0.87980
vt 1.00000 0.86159
vt 0.00000 1.00000
vt 0.25000 1.00000
vt 0.50000 1.00000
vt 0.75000 1.00000
vt 1.00000 1.00000
vt 0.00000 0.00000
vt 0.00000 0.09332
vt 0.25000 0.08956
vt 0.25000 0.00000
vt 0.50000 0.00000
vt 0.50000 0.08703
vt 0.75000 0.08734
vt 0.75000 0.00000
vt 1.00000 0.00000
vt 1.00000 0.08646
vt 0.00000 0.16479
vt 0.25000 0.16716
vt 0.50000 0.17432
vt 0.75000 0.16348
vt 1.00000 0.15401
vt 0.00000 0.26339
vt 0.25000 0.26144
vt 0.50000 0.26384
vt 0.75000 0.25396
vt 1.00000 0.24582
vt 0.00000 0.33973
vt 0.25000 0.34358
vt 0.50000 0.35362
vt 0.75000 0.33500
vt 1.00000 0.31667
vt 0.00000 0.40277
vt 0.25000 0.40600
vt 0.50000 0.41530
vt 0.75000 0.39546
vt 1.00000 0.37597
vt 0.00000 0.51132
vt 0.25000 0.50804
vt 0.50000 0.50954
vt 0.75000 0.49286
vt 1.00000 0.47517
vt 0.00000 0.60038
vt 0.25000 0.60012
vt 0.50000 0.60402
vt 0.75000 0.58170
vt 1.00000 0.55679
vt 0.00000 0.71619
vt 0.25000 0.70699
vt 0.50000 0.70135
vt 0.75000 0.68346
vt 1.00000 0.66279
vt 0.00000 0.81187
vt 0.25000 0.80506
vt 0.50000 0.79891
vt 0.75000 0.77725
vt 1.00000 0.75332
vt 0.00000 0.93558
vt 0.25000 0.91662
vt 0.50000 0.89934
vt 0.75000 0.88300
vt 1.00000 0.86365
vt 0.00000 1.00000
vt 0.25000 1.00000
vt 0.50000 1.00000
vt 0.75000 1.00000
vt 1.00000 1.00000
vt 0.00000 0.00000
vt 0.00000 0.09043
vt 0.25000 0.09033
vt 0.25000 0.00000
vt 0.50000 0.00000
vt 0.50000 0.08704
vt 0.75000 0.08800
vt 0.75000 0.00000
vt 1.00000 0.00000
vt 1.00000 0.09002
vt 0.00000 0.16609
vt 0.25000 0.16918
vt 0.50000 0.17434
vt 0.75000 0.16082
vt 1.00000 0.14364
vt 0.00000 0.26552
vt 0.25000 0.26345
vt 0.50000 0.26388
vt 0.75000 0.25304
vt 1.00000 0.23824
vt 0.00000 0.34457
vt 0.25000 0.34817
vt 0.50000 0.35367
vt 0.75000 0.32936
vt 1.00000 0.30152
vt 0.00000 0.40939
vt 0.25000 0.41086
vt 0.50000 0.41534
vt 0.75000 0.38905
vt 1.00000 0.35757
vt 0.00000 0.51803
vt 0.25000 0.51205
vt 0.50000 0.50957
vt 0.75000 0.48777
vt 1.00000 0.46131
vt 0.00000 0.60934
vt 0.25000 0.60477
vt 0.50000 0.60405
vt 0.75000 0.57214
vt 1.00000 0.53638
vt 0.00000 0.72271
vt 0.25000 0.70989
vt 0.50000 0.70135
vt 0.75000 0.67625
vt 1.00000 0.64696
vt 0.00000 0.82221
vt 0.25000 0.80860
vt 0.50000 0.79891
vt 0.75000 0.76797
vt 1.00000 0.73021
vt 0.00000 0.94153
vt 0.25000 0.91871
vt 0.50000 0.89934
vt 0.75000 0.87711
vt 1.00000 0.84833
vt 0.00000 1.00000
vt 0.25000 1.00000
vt 0.50000 1.00000
vt 0.75000 1.00000
vt 1.00000 1.00000
vt 0.00000 0.00000
vt 0.00000 0.10105
vt 0.25000 0.09201
vt 0.25000 0.00000
vt 0.50000 0.00000
vt 0.50000 0.08703
vt 0.75000 0.08596
vt 0.75000 0.00000
vt 1.00000 0.00000
vt 1.00000 0.08502
vt 0.00000 0.16121
vt 0.25000 0.16671
vt 0.50000 0.17433
vt 0.75000 0.16434
vt 1.00000 0.15678
vt 0.00000 0.26666
vt 0.25000 0.26281
vt 0.50000 0.26386
vt 0.75000 0.25366
vt 1.00000 0.24446
vt 0.00000 0.33761
vt 0.25000 0.34415
vt 0.50000 0.35365
vt 0.75000 0.33689
vt 1.00000 0.32174
vt 0.00000 0.40089
vt 0.25000 0.40720
vt 0.50000 0.41533
vt 0.75000 0.39680
vt 1.00000 0.37937
vt 0.00000 0.51601
vt 0.25000 0.51123
vt 0.50000 0.50955
vt 0.75000 0.49211
vt 1.00000 0.47401
vt 0.00000 0.59892
vt 0.25000 0.60128
vt 0.50000 0.60403
vt 0.75000 0.58212
vt 1.00000 0.56089
vt 0.00000 0.71964
vt 0.25000 0.71020
vt 0.50000 0.70134
vt 0.75000 0.68157
vt 1.00000 0.66145
vt 0.00000 0.81568
vt 0.25000 0.80588
vt 0.50000 0.79890
vt 0.75000 0.77634
vt 1.00000 0.75422
vt 0.00000 0.94508
vt 0.25000 0.91960
vt 0.50000 0.89933
vt 0.75000 0.88017
vt 1.00000 0.86067
vt 0.00000 1.00000
vt 0.25000 1.00000
vt 0.50000 1.00000
vt 0.75000 1.00000
vt 1.00000 1.00000
vt 0.00000 0.00000
vt 0.00000 0.09494
vt 0.25000 0.08987
vt 0.25000 0.00000
vt 0.50000 0.00000
vt 0.50000 0.08703
vt 0.75000 0.08690
vt 0.75000 0.00000
vt 1.00000 0.00000
vt 1.00000 0.08573
vt 0.00000 0.16920
vt 0.25000 0.17064
vt 0.50000 0.17433
vt 0.75000 0.16109
vt 1.00000 0.14787
vt 0.00000 0.26660
vt 0.25000 0.26433
vt 0.50000 0.26386
vt 0.75000 0.25182
vt 1.00000 0.24061
vt 0.00000 0.34697
vt 0.25000 0.34848
vt 0.50000 0.35365
vt 0.75000 0.33195
vt 1.00000 0.31089
vt 0.00000 0.41086
vt 0.25000 0.41091
vt 0.50000 0.41533
vt 0.75000 0.39174
vt 1.00000 0.36943
vt 0.00000 0.51645
vt 0.25000 0.51067
vt 0.50000 0.50956
vt 0.75000 0.48956
vt 1.00000 0.47162
vt 0.00000 0.60631
vt 0.25000 0.60219
vt 0.50000 0.60404
vt 0.75000 0.57807
vt 1.00000 0.55281
vt 0.00000 0.71808
vt 0.25000 0.70677
vt 0.50000 0.70134
vt 0.75000 0.68051
vt 1.00000 0.65967
vt 0.00000 0.81577
vt 0.25000 0.80478
vt 0.50000 0.79890
vt 0.75000 0.77387
vt 1.00000 0.74783
vt 0.00000 0.93370
vt 0.25000 0.91418
vt 0.50000 0.89933
vt 0.75000 0.88090
vt 1.00000 0.86258
vt 0.00000 1.00000
vt 0.25000 1.00000
vt 0.50000 1.00000
vt 0.75000 1.00000
vt 1.00000 1.00000
vt 0.00000 0.00000
vt 0.00000 0.09225
vt 0.25000 0.08984
vt 0.25000 0.00000
vt 0.50000 0.00000
vt 0.50000 0.08704
vt 0.75000 0.08747
vt 0.75000 0.00000
vt 1.00000 0.00000
vt 1.00000 0.08851
vt 0.00000 0.17067
vt 0.25000 0.17050
vt 0.50000 0.17435
vt 0.75000 0.16110
vt 1.00000 0.14767
vt 0.00000 0.26800
vt 0.25000 0.26382
vt 0.50000 0.26387
vt 0.75000 0.25258
vt 1.00000 0.23999
vt 0.00000 0.34907
vt 0.25000 0.34940
vt 0.50000 0.35365
vt 0.75000 0.33057
vt 1.00000 0.30518
vt 0.00000 0.41289
vt 0.25000 0.41165
vt 0.50000 0.41533
vt 0.75000 0.39015
vt 1.00000 0.36164
vt 0.00000 0.51683
vt 0.25000 0.51147
vt 0.50000 0.50954
vt 0.75000 0.48839
vt 1.00000 0.46360
vt 0.00000 0.60765
vt 0.25000 0.60464
vt 0.50000 0.60402
vt 0.75000 0.57481
vt 1.00000 0.54285
vt 0.00000 0.71815
vt 0.25000 0.70880
vt 0.50000 0.70133
vt 0.75000 0.67795
vt 1.00000 0.65063
vt 0.00000 0.81758
vt 0.25000 0.80674
vt 0.50000 0.79889
vt 0.75000 0.77091
vt 1.00000 0.74057
vt 0.00000 0.93263
vt 0.25000 0.91525
vt 0.50000 0.89933
vt 0.75000 0.87981
vt 1.00000 0.85678
vt 0.00000 1.00000
vt 0.25000 1.00000
vt 0.50000 1.00000
vt 0.75000 1.00000
vt 1.00000 1.00000
vt 0.00000 0.00000
vt 0.00000 0.09410
vt 0.25000 0.09046
vt 0.25000 0.00000
vt 0.50000 0.00000
vt 0.50000 0.08704
vt 0.75000 0.08691
vt 0.75000 0.00000
vt 1.00000 0.00000
vt 1.00000 0.08573
vt 0.00000 0.16757
vt 0.25000 0.17023
vt 0.50000 0.17434
vt 0.75000 0.16176
vt 1.00000 0.15116
vt 0.00000 0.26548
vt 0.25000 0.26383
vt 0.50000 0.26386
vt 0.75000 0.25193
vt 1.00000 0.24105
vt 0.00000 0.34649
vt 0.25000 0.34827
vt 0.50000 0.35364
vt 0.75000 0.33108
vt 1.00000 0.31097
vt 0.00000 0.40924
vt 0.25000 0.41028
vt 0.50000 0.41532
vt 0.75000 0.39038
vt 1.00000 0.36914
vt 0.00000 0.51504
vt 0.25000 0.51042
vt 0.50000 0.50953
vt 0.75000 0.48742
vt 1.00000 0.46721
vt 0.00000 0.60619
vt 0.25000 0.60304
vt 0.50000 0.60401
vt 0.75000 0.57591
vt 1.00000 0.54875
vt 0.00000 0.71756
vt 0.25000 0.70805
vt 0.50000 0.70132
vt 0.75000 0.67783
vt 1.00000 0.65318
vt 0.00000 0.81474
vt 0.25000 0.80578
vt 0.50000 0.79889
vt 0.75000 0.77268
vt 1.00000 0.74684
vt 0.00000 0.93151
vt 0.25000 0.91542
vt 0.50000 0.89933
vt 0.75000 0.87988
vt 1.00000 0.85845
vt 0.00000 1.00000
vt 0.25000 1.00000
vt 0.50000 1.00000
vt 0.75000 1.00000
vt 1.00000 1.00000
vt 0.00000 0.00000
vt 0.00000 0.09145
vt 0.25000 0.08899
vt 0.25000 0.00000
vt 0.50000 0.00000
vt 0.50000 0.08703
vt 0.75000 0.08742
vt 0.75000 0.00000
vt 1.00000 0.00000
vt 1.00000 0.08657
vt 0.00000 0.16634
vt 0.25000 0.16871
vt 0.50000 0.17433
vt 0.75000 0.16211
vt 1.00000 0.15062
vt 0.00000 0.26154
vt 0.25000 0.26231
vt 0.50000 0.26387
vt 0.75000 0.25344
vt 1.00000 0.24229
vt 0.00000 0.34442
vt 0.25000 0.34774
vt 0.50000 0.35366
vt 0.75000 0.33239
vt 1.00000 0.31051
vt 0.00000 0.40718
vt 0.25000 0.41040
vt 0.50000 0.41534
vt 0.75000 0.39248
vt 1.00000 0.37132
vt 0.00000 0.51105
vt 0.25000 0.51101
vt 0.50000 0.50957
vt 0.75000 0.49051
vt 1.00000 0.47206
vt 0.00000 0.60584
vt 0.25000 0.60443
vt 0.50000 0.60405
vt 0.75000 0.57719
vt 1.00000 0.55192
vt 0.00000 0.71619
vt 0.25000 0.70930
vt 0.50000 0.70135
vt 0.75000 0.67935
vt 1.00000 0.65825
vt 0.00000 0.81610
vt 0.25000 0.80771
vt 0.50000 0.79892
vt 0.75000 0.77250
vt 1.00000 0.74800
vt 0.00000 0.93182
vt 0.25000 0.91742
vt 0.50000 0.89933
vt 0.75000 0.87974
vt 1.00000 0.86144
vt 0.00000 1.00000
vt 0.25000 1.00000
vt 0.50000 1.00000
vt 0.75000 1.00000
vt 1.00000 1.00000
vt 0.00000 0.00000
vt 0.00000 0.09500
vt 0.25000 0.09125
vt 0.25000 0.00000
vt 0.50000 0.00000
vt 0.50000 0.08704
vt 0.75000 0.08566
vt 0.75000 0.00000
vt 1.00000 0.00000
vt 1.00000 0.08472
vt 0.00000 0.16898
vt 0.25000 0.16999
vt 0.50000 0.17434
vt 0.75000 0.16131
vt 1.00000 0.15124
vt 0.00000 0.26975
vt 0.25000 0.26476
vt 0.50000 0.26385
vt 0.75000 0.25040
vt 1.00000 0.23922
vt 0.00000 0.34873
vt 0.25000 0.34788
vt 0.50000 0.35363
vt 0.75000 0.33022
vt 1.00000 0.31320
vt 0.00000 0.41241
vt 0.25000 0.41002
vt 0.50000 0.41531
vt 0.75000 0.39063
vt 1.00000 0.37077
vt 0.00000 0.52155
vt 0.25000 0.51186
vt 0.50000 0.50954
vt 0.75000 0.48721
vt 1.00000 0.46753
vt 0.00000 0.61110
vt 0.25000 0.60410
vt 0.50000 0.60402
vt 0.75000 0.57677
vt 1.00000 0.55207
vt 0.00000 0.72512
vt 0.25000 0.71033
vt 0.50000 0.70134
vt 0.75000 0.67845
vt 1.00000 0.65731
vt 0.00000 0.82098
vt 0.25000 0.80791
vt 0.50000 0.79891
vt 0.75000 0.77492
vt 1.00000 0.75092
vt 0.00000 0.94310
vt 0.25000 0.91913
vt 0.50000 0.89933
vt 0.75000 0.88094
vt 1.00000 0.86055
vt 0.00000 1.00000
vt 0.25000 1.00000
vt 0.50000 1.00000
vt 0.75000 1.00000
vt 1.00000 1.00000
vt 0.00000 0.00000
vt 0.00000 0.09448
vt 0.25000 0.09017
vt 0.25000 0.00000
vt 0.50000 0.00000
vt 0.50000 0.08704
vt 0.75000 0.08673
vt 0.75000 0.00000
vt 1.00000 0.00000
vt 1.00000 0.08540
vt 0.00000 0.16673
vt 0.25000 0.16928
vt 0.50000 0.17434
vt 0.75000 0.16401
vt 1.00000 0.15531
vt 0.00000 0.26451
vt 0.25000 0.26316
vt 0.50000 0.26386
vt 0.75000 0.25412
vt 1.00000 0.24416
vt 0.00000 0.34263
vt 0.25000 0.34625
vt 0.50000 0.35365
vt 0.75000 0.33590
vt 1.00000 0.32167
vt 0.00000 0.40438
vt 0.25000 0.40839
vt 0.50000 0.41533
vt 0.75000 0.39579
vt 1.00000 0.38076
vt 0.00000 0.51134
vt 0.25000 0.50902
vt 0.50000 0.50954
vt 0.75000 0.49218
vt 1.00000 0.47767
vt 0.00000 0.60214
vt 0.25000 0.60022
vt 0.50000 0.60402
vt 0.75000 0.58095
vt 1.00000 0.56420
vt 0.00000 0.71442
vt 0.25000 0.70555
vt 0.50000 0.70132
vt 0.75000 0.68220
vt 1.00000 0.66714
vt 0.00000 0.81493
vt 0.25000 0.80432
vt 0.50000 0.79889
vt 0.75000 0.77631
vt 1.00000 0.75933
vt 0.00000 0.93491
vt 0.25000 0.91497
vt 0.50000 0.89932
vt 0.75000 0.88175
vt 1.00000 0.86525
vt 0.00000 1.00000
vt 0.25000 1.00000
vt 0.50000 1.00000
vt 0.75000 1.00000
vt 1.00000 1.00000
vt 0.00000 0.00000
vt 0.00000 0.09133
vt 0.25000 0.08930
vt 0.25000 0.00000
vt 0.50000 0.00000
vt 0.50000 0.08702
vt 0.75000 0.08655
vt 0.75000 0.00000
vt 1.00000 0.00000
vt 1.00000 0.08525
vt 0.00000 0.17009
vt 0.25000 0.17041
vt 0.50000 0.17433
vt 0.75000 0.16157
vt 1.00000 0.15145
vt 0.00000 0.26571
vt 0.25000 0.26351
vt 0.50000 0.26386
vt 0.75000 0.25208
vt 1.00000 0.24232
vt 0.00000 0.34871
vt 0.25000 0.34844
vt 0.50000 0.35365
vt 0.75000 0.33330
vt 1.00000 0.31554
vt 0.00000 0.41204
vt 0.25000 0.41125
vt 0.50000 0.41534
vt 0.75000 0.39381
vt 1.00000 0.37420
vt 0.00000 0.51462
vt 0.25000 0.51090
vt 0.50000 0.50955
vt 0.75000 0.49149
vt 1.00000 0.47261
vt 0.00000 0.60609
vt 0.25000 0.60377
vt 0.50000 0.60404
vt 0.75000 0.58057
vt 1.00000 0.55892
vt 0.00000 0.71377
vt 0.25000 0.70799
vt 0.50000 0.70134
vt 0.75000 0.68274
vt 1.00000 0.66284
vt 0.00000 0.81519
vt 0.25000 0.80721
vt 0.50000 0.79890
vt 0.75000 0.77633
vt 1.00000 0.75421
vt 0.00000 0.92928
vt 0.25000 0.91616
vt 0.50000 0.89932
vt 0.75000 0.88210
vt 1.00000 0.86294
vt 0.00000 1.00000
vt 0.25000 1.00000
vt 0.50000 1.00000
vt 0.75000 1.00000
vt 1.00000 1.00000
vt 0.00000 0.00000
vt 0.00000 0.08934
vt 0.25000 0.08900
vt 0.25000 0.00000
vt 0.50000 0.00000
vt 0.50000 0.08703
vt 0.75000 0.08728
vt 0.75000 0.00000
vt 1.00000 0.00000
vt 1.00000 0.08638
vt 0.00000 0.16868
vt 0.25000 0.17008
vt 0.50000 0.17433
vt 0.75000 0.16255
vt 1.00000 0.15248
vt 0.00000 0.26318
vt 0.25000 0.26294
vt 0.50000 0.26386
vt 0.75000 0.25362
vt 1.00000 0.24443
vt 0.00000 0.34842
vt 0.25000 0.34973
vt 0.50000 0.35365
vt 0.75000 0.33303
vt 1.00000 0.31737
vt 0.00000 0.41411
vt 0.25000 0.41234
vt 0.50000 0.41534
vt 0.75000 0.39261
vt 1.00000 0.37496
vt 0.00000 0.51688
vt 0.25000 0.51181
vt 0.50000 0.50955
vt 0.75000 0.48985
vt 1.00000 0.47389
vt 0.00000 0.61177
vt 0.25000 0.60528
vt 0.50000 0.60404
vt 0.75000 0.57810
vt 1.00000 0.55821
vt 0.00000 0.71961
vt 0.25000 0.70950
vt 0.50000 0.70133
vt 0.75000 0.67986
vt 1.00000 0.66297
vt 0.00000 0.82228
vt 0.25000 0.80822
vt 0.50000 0.79890
vt 0.75000 0.77325
vt 1.00000 0.75007
vt 0.00000 0.93548
vt 0.25000 0.91649
vt 0.50000 0.89932
vt 0.75000 0.88000
vt 1.00000 0.85946
vt 0.00000 1.00000
vt 0.25000 1.00000
vt 0.50000 1.00000
vt 0.75000 1.00000
vt 1.00000 1.00000
vt 0.00000 0.00000
vt 0.00000 0.09210
vt 0.25000 0.08963
vt 0.25000 0.00000
vt 0.50000 0.00000
vt 0.50000 0.08703
vt 0.75000 0.08644
vt 0.75000 0.00000
vt 1.00000 0.00000
vt 1.00000 0.08514
vt 0.00000 0.17273
vt 0.25000 0.17109
vt 0.50000 0.17433
vt 0.75000 0.16132
vt 1.00000 0.15336
vt 0.00000 0.26837
vt 0.25000 0.26397
vt 0.50000 0.26384
vt 0.75000 0.25149
vt 1.00000 0.24243
vt 0.00000 0.35443
vt 0.25000 0.35026
vt 0.50000 0.35363
vt 0.75000 0.33165
vt 1.00000 0.31494
vt 0.00000 0.41766
vt 0.25000 0.41289
vt 0.50000 0.41531
vt 0.75000 0.39137
vt 1.00000 0.37235
vt 0.00000 0.52011
vt 0.25000 0.51243
vt 0.50000 0.50952
vt 0.75000 0.48854
vt 1.00000 0.47127
vt 0.00000 0.61345
vt 0.25000 0.60634
vt 0.50000 0.60401
vt 0.75000 0.57810
vt 1.00000 0.55545
vt 0.00000 0.72232
vt 0.25000 0.71054
vt 0.50000 0.70132
vt 0.75000 0.68016
vt 1.00000 0.65958
vt 0.00000 0.82200
vt 0.25000 0.80895
vt 0.50000 0.79890
vt 0.75000 0.77402
vt 1.00000 0.75118
vt 0.00000 0.93485
vt 0.25000 0.91648
vt 0.50000 0.89932
vt 0.75000 0.88027
vt 1.00000 0.86070
vt 0.00000 1.00000
vt 0.25000 1.00000
vt 0.50000 1.00000
vt 0.75000 1.00000
vt 1.00000 1.00000

g palm03basecolor
usemtl palm03basecolor
f 2/2/2 1/1/1 3/3/3
f 4/4/4 2/2/2 3/3/3
f 5/5/5 1/1/1 2/2/2
f 7/7/7 6/6/6 1/1/1
f 5/5/5 7/7/7 1/1/1
f 8/8/8 6/6/6 7/7/7
f 10/10/10 9/9/9 6/6/6
f 8/8/8 10/10/10 6/6/6
f 11/11/11 9/9/9 10/10/10
f 13/13/13 12/12/12 9/9/9
f 11/11/11 13/13/13 9/9/9
f 14/14/14 12/12/12 13/13/13
f 16/16/16 15/15/15 12/12/12
f 14/14/14 16/16/16 12/12/12
f 17/17/17 15/15/15 16/16/16
f 19/19/19 18/18/18 15/15/15
f 17/17/17 19/19/19 15/15/15
f 20/20/20 18/18/18 19/19/19
f 22/22/22 21/21/21 18/18/18
f 20/20/20 22/22/22 18/18/18
f 23/23/23 21/21/21 22/22/22
f 25/25/25 24/24/24 21/21/21
f 23/23/23 25/25/25 21/21/21
f 26/26/26 24/24/24 25/25/25
f 28/28/28 27/27/27 24/24/24
f 26/26/26 28/28/28 24/24/24
f 29/29/29 27/27/27 28/28/28
f 31/31/31 30/30/30 27/27/27
f 29/29/29 31/31/31 27/27/27
f 32/32/32 30/30/30 31/31/31
f 34/34/34 33/33/33 30/30/30
f 32/32/32 34/34/34 30/30/30
f 35/35/35 33/33/33 34/34/34
f 37/37/37 36/36/36 33/33/33
f 35/35/35 37/37/37 33/33/33
f 38/38/38 36/36/36 37/37/37
f 40/40/40 39/39/39 36/36/36
f 38/38/38 40/40/40 36/36/36
f 41/41/41 39/39/39 40/40/40
f 43/43/43 42/42/42 39/39/39
f 41/41/41 43/43/43 39/39/39
f 44/44/44 42/42/42 43/43/43
f 46/46/46 45/45/45 42/42/42
f 44/44/44 46/46/46 42/42/42
f 47/47/47 45/45/45 46/46/46
f 49/49/49 48/48/48 45/45/45
f 47/47/47 49/49/49 45/45/45
f 50/50/50 48/48/48 49/49/49
f 52/52/52 51/51/51 48/48/48
f 50/50/50 52/52/52 48/48/48
f 53/53/53 51/51/51 52/52/52
f 55/55/55 54/54/54 51/51/51
f 53/53/53 55/55/55 51/51/51
f 56/56/56 54/54/54 55/55/55
f 58/58/58 57/57/57 54/54/54
f 56/56/56 58/58/58 54/54/54
f 59/59/59 57/57/57 58/58/58
f 61/61/61 60/60/60 57/57/57
f 59/59/59 61/61/61 57/57/57
f 62/62/62 60/60/60 61/61/61
f 63/63/63 3/3/3 64/64/64
f 1/1/1 64/64/64 3/3/3
f 1/1/1 6/6/6 64/64/64
f 65/65/65 64/64/64 6/6/6
f 65/65/65 6/6/6 66/66/66
f 9/9/9 66/66/66 6/6/6
f 9/9/9 12/12/12 66/66/66
f 67/67/67 66/66/66 12/12/12
f 67/67/67 12/12/12 68/68/68
f 15/15/15 68/68/68 12/12/12
f 15/15/15 18/18/18 68/68/68
f 69/69/69 68/68/68 18/18/18
f 69/69/69 18/18/18 70/70/70
f 21/21/21 70/70/70 18/18/18
f 21/21/21 24/24/24 70/70/70
f 71/71/71 70/70/70 24/24/24
f 71/71/71 24/24/24 72/72/72
f 27/27/27 72/72/72 24/24/24
f 27/27/27 30/30/30 72/72/72
f 73/73/73 72/72/72 30/30/30
f 73/73/73 30/30/30 74/74/74
f 33/33/33 74/74/74 30/30/30
f 33/33/33 36/36/36 74/74/74
f 75/75/75 74/74/74 36/36/36
f 75/75/75 36/36/36 76/76/76
f 39/39/39 76/76/76 36/36/36
f 39/39/39 42/42/42 76/76/76
f 77/77/77 76/76/76 42/42/42
f 77/77/77 42/42/42 78/78/78
f 45/45/45 78/78/78 42/42/42
f 45/45/45 48/48/48 78/78/78
f 79/79/79 78/78/78 48/48/48
f 79/79/79 48/48/48 80/80/80
f 51/51/51 80/80/80 48/48/48
f 51/51/51 54/54/54 80/80/80
f 81/81/81 80/80/80 54/54/54
f 81/81/81 54/54/54 82/82/82
f 57/57/57 82/82/82 54/54/54
f 57/57/57 60/60/60 82/82/82
f 83/83/83 82/82/82 60/60/60
f 84/84/84 63/63/63 85/85/85
f 64/64/64 85/85/85 63/63/63
f 64/64/64 65/65/65 85/85/85
f 86/86/86 85/85/85 65/65/65
f 86/86/86 65/65/65 87/87/87
f 66/66/66 87/87/87 65/65/65
f 66/66/66 67/67/67 87/87/87
f 88/88/88 87/87/87 67/67/67
f 88/88/88 67/67/67 89/89/89
f 68/68/68 89/89/89 67/67/67
f 68/68/68 69/69/69 89/89/89
f 90/90/90 89/89/89 69/69/69
f 90/90/90 69/69/69 91/91/91
f 70/70/70 91/91/91 69/69/69
f 70/70/70 71/71/71 91/91/91
f 92/92/92 91/91/91 71/71/71
f 92/92/92 71/71/71 93/93/93
f 72/72/72 93/93/93 71/71/71
f 72/72/72 73/73/73 93/93/93
f 94/94/94 93/93/93 73/73/73
f 94/94/94 73/73/73 95/95/95
f 74/74/74 95/95/95 73/73/73
f 74/74/74 75/75/75 95/95/95
f 96/96/96 95/95/95 75/75/75
f 96/96/96 75/75/75 97/97/97
f 76/76/76 97/97/97 75/75/75
f 76/76/76 77/77/77 97/97/97
f 98/98/98 97/97/97 77/77/77
f 98/98/98 77/77/77 99/99/99
f 78/78/78 99/99/99 77/77/77
f 78/78/78 79/79/79 99/99/99
f 100/100/100 99/99/99 79/79/79
f 100/100/100 79/79/79 101/101/101
f 80/80/80 101/101/101 79/79/79
f 80/80/80 81/81/81 101/101/101
f 102/102/102 101/101/101 81/81/81
f 102/102/102 81/81/81 103/103/103
f 82/82/82 103/103/103 81/81/81
f 82/82/82 83/83/83 103/103/103
f 104/104/104 103/103/103 83/83/83
f 105/105/105 84/84/84 106/106/106
f 85/85/85 106/106/106 84/84/84
f 85/85/85 86/86/86 106/106/106
f 107/107/107 106/106/106 86/86/86
f 107/107/107 86/86/86 108/108/108
f 87/87/87 108/108/108 86/86/86
f 87/87/87 88/88/88 108/108/108
f 109/109/109 108/108/108 88/88/88
f 109/109/109 88/88/88 110/110/110
f 89/89/89 110/110/110 88/88/88
f 89/89/89 90/90/90 110/110/110
f 111/111/111 110/110/110 90/90/90
f 111/111/111 90/90/90 112/112/112
f 91/91/91 112/112/112 90/90/90
f 91/91/91 92/92/92 112/112/112
f 113/113/113 112/112/112 92/92/92
f 113/113/113 92/92/92 114/114/114
f 93/93/93 114/114/114 92/92/92
f 93/93/93 94/94/94 114/114/114
f 115/115/115 114/114/114 94/94/94
f 115/115/115 94/94/94 116/116/116
f 95/95/95 116/116/116 94/94/94
f 95/95/95 96/96/96 116/116/116
f 117/117/117 116/116/116 96/96/96
f 117/117/117 96/96/96 118/118/118
f 97/97/97 118/118/118 96/96/96
f 97/97/97 98/98/98 118/118/118
f 119/119/119 118/118/118 98/98/98
f 119/119/119 98/98/98 120/120/120
f 99/99/99 120/120/120 98/98/98
f 99/99/99 100/100/100 120/120/120
f 121/121/121 120/120/120 100/100/100
f 121/121/121 100/100/100 122/122/122
f 101/101/101 122/122/122 100/100/100
f 101/101/101 102/102/102 122/122/122
f 123/123/123 122/122/122 102/102/102
f 123/123/123 102/102/102 124/124/124
f 103/103/103 124/124/124 102/102/102
f 103/103/103 104/104/104 124/124/124
f 125/125/125 124/124/124 104/104/104
f 126/126/126 105/105/105 127/127/127
f 106/106/106 127/127/127 105/105/105
f 106/106/106 107/107/107 127/127/127
f 128/128/128 127/127/127 107/107/107
f 128/128/128 107/107/107 129/129/129
f 108/108/108 129/129/129 107/107/107
f 108/108/108 109/109/109 129/129/129
f 130/130/130 129/129/129 109/109/109
f 130/130/130 109/109/109 131/131/131
f 110/110/110 131/131/131 109/109/109
f 110/110/110 111/111/111 131/131/131
f 132/132/132 131/131/131 111/111/111
f 132/132/132 111/111/111 133/133/133
f 112/112/112 133/133/133 111/111/111
f 112/112/112 113/113/113 133/133/133
f 134/134/134 133/133/133 113/113/113
f 134/134/134 113/113/113 135/135/135
f 114/114/114 135/135/135 113/113/113
f 114/114/114 115/115/115 135/135/135
f 136/136/136 135/135/135 115/115/115
f 136/136/136 115/115/115 137/137/137
f 116/116/116 137/137/137 115/115/115
f 116/116/116 117/117/117 137/137/137
f 138/138/138 137/137/137 117/117/117
f 138/138/138 117/117/117 139/139/139
f 118/118/118 139/139/139 117/117/117
f 118/118/118 119/119/119 139/139/139
f 140/140/140 139/139/139 119/119/119
f 140/140/140 119/119/119 141/141/141
f 120/120/120 141/141/141 119/119/119
f 120/120/120 121/121/121 141/141/141
f 142/142/142 141/141/141 121/121/121
f 142/142/142 121/121/121 143/143/143
f 122/122/122 143/143/143 121/121/121
f 122/122/122 123/123/123 143/143/143
f 144/144/144 143/143/143 123/123/123
f 144/144/144 123/123/123 145/145/145
f 124/124/124 145/145/145 123/123/123
f 124/124/124 125/125/125 145/145/145
f 146/146/146 145/145/145 125/125/125
f 147/147/147 126/126/126 148/148/148
f 127/127/127 148/148/148 126/126/126
f 127/127/127 128/128/128 148/148/148
f 149/149/149 148/148/148 128/128/128
f 149/149/149 128/128/128 150/150/150
f 129/129/129 150/150/150 128/128/128
f 129/129/129 130/130/130 150/150/150
f 151/151/151 150/150/150 130/130/130
f 151/151/151 130/130/130 152/152/152
f 131/131/131 152/152/152 130/130/130
f 131/131/131 132/132/132 152/152/152
f 153/153/153 152/152/152 132/132/132
f 153/153/153 132/132/132 154/154/154
f 133/133/133 154/154/154 132/132/132
f 133/133/133 134/134/134 154/154/154
f 155/155/155 154/154/154 134/134/134
f 155/155/155 134/134/134 156/156/156
f 135/135/135 156/156/156 134/134/134
f 135/135/135 136/136/136 156/156/156
f 157/157/157 156/156/156 136/136/136
f 157/157/157 136/136/136 158/158/158
f 137/137/137 158/158/158 136/136/136
f 137/137/137 138/138/138 158/158/158
f 159/159/159 158/158/158 138/138/138
f 159/159/159 138/138/138 160/160/160
f 139/139/139 160/160/160 138/138/138
f 139/139/139 140/140/140 160/160/160
f 161/161/161 160/160/160 140/140/140
f 161/161/161 140/140/140 162/162/162
f 141/141/141 162/162/162 140/140/140
f 141/141/141 142/142/142 162/162/162
f 163/163/163 162/162/162 142/142/142
f 163/163/163 142/142/142 164/164/164
f 143/143/143 164/164/164 142/142/142
f 143/143/143 144/144/144 164/164/164
f 165/165/165 164/164/164 144/144/144
f 165/165/165 144/144/144 166/166/166
f 145/145/145 166/166/166 144/144/144
f 145/145/145 146/146/146 166/166/166
f 167/167/167 166/166/166 146/146/146
f 147/147/147 148/148/148 168/168/168
f 149/149/149 169/169/169 148/148/148
f 148/148/148 169/169/169 168/168/168
f 149/149/149 150/150/150 169/169/169
f 151/151/151 170/170/170 150/150/150
f 150/150/150 170/170/170 169/169/169
f 151/151/151 152/152/152 170/170/170
f 153/153/153 171/171/171 152/152/152
f 152/152/152 171/171/171 170/170/170
f 153/153/153 154/154/154 171/171/171
f 155/155/155 172/172/172 154/154/154
f 154/154/154 172/172/172 171/171/171
f 155/155/155 156/156/156 172/172/172
f 157/157/157 173/173/173 156/156/156
f 156/156/156 173/173/173 172/172/172
f 157/157/157 158/158/158 173/173/173
f 159/159/159 174/174/174 158/158/158
f 158/158/158 174/174/174 173/173/173
f 159/159/159 160/160/160 174/174/174
f 161/161/161 175/175/175 160/160/160
f 160/160/160 175/175/175 174/174/174
f 161/161/161 162/162/162 175/175/175
f 163/163/163 176/176/176 162/162/162
f 162/162/162 176/176/176 175/175/175
f 163/163/163 164/164/164 176/176/176
f 165/165/165 177/177/177 164/164/164
f 164/164/164 177/177/177 176/176/176
f 165/165/165 166/166/166 177/177/177
f 167/167/167 178/178/178 166/166/166
f 166/166/166 178/178/178 177/177/177
f 179/179/179 168/168/168 180/180/180
f 169/169/169 180/180/180 168/168/168
f 169/169/169 170/170/170 180/180/180
f 181/181/181 180/180/180 170/170/170
f 181/181/181 170/170/170 182/182/182
f 171/171/171 182/182/182 170/170/170
f 171/171/171 172/172/172 182/182/182
f 183/183/183 182/182/182 172/172/172
f 183/183/183 172/172/172 184/184/184
f 173/173/173 184/184/184 172/172/172
f 173/173/173 174/174/174 184/184/184
f 185/185/185 184/184/184 174/174/174
f 185/185/185 174/174/174 186/186/186
f 175/175/175 186/186/186 174/174/174
f 175/175/175 176/176/176 186/186/186
f 187/187/187 186/186/186 176/176/176
f 187/187/187 176/176/176 188/188/188
f 177/177/177 188/188/188 176/176/176
f 177/177/177 178/178/178 188/188/188
f 189/189/189 188/188/188 178/178/178
f 190/190/190 179/179/179 191/191/191
f 180/180/180 191/191/191 179/179/179
f 180/180/180 181/181/181 191/191/191
f 192/192/192 191/191/191 181/181/181
f 192/192/192 181/181/181 193/193/193
f 182/182/182 193/193/193 181/181/181
f 182/182/182 183/183/183 193/193/193
f 194/194/194 193/193/193 183/183/183
f 194/194/194 183/183/183 195/195/195
f 184/184/184 195/195/195 183/183/183
f 184/184/184 185/185/185 195/195/195
f 196/196/196 195/195/195 185/185/185
f 196/196/196 185/185/185 197/197/197
f 186/186/186 197/197/197 185/185/185
f 186/186/186 187/187/187 197/197/197
f 198/198/198 197/197/197 187/187/187
f 198/198/198 187/187/187 199/199/199
f 188/188/188 199/199/199 187/187/187
f 188/188/188 189/189/189 199/199/199
f 200/200/200 199/199/199 189/189/189
f 201/201/201 190/190/190 202/202/202
f 191/191/191 202/202/202 190/190/190
f 191/191/191 192/192/192 202/202/202
f 203/203/203 202/202/202 192/192/192
f 203/203/203 192/192/192 204/204/204
f 193/193/193 204/204/204 192/192/192
f 193/193/193 194/194/194 204/204/204
f 205/205/205 204/204/204 194/194/194
f 205/205/205 194/194/194 206/206/206
f 195/195/195 206/206/206 194/194/194
f 195/195/195 196/196/196 206/206/206
f 207/207/207 206/206/206 196/196/196
f 207/207/207 196/196/196 208/208/208
f 197/197/197 208/208/208 196/196/196
f 197/197/197 198/198/198 208/208/208
f 209/209/209 208/208/208 198/198/198
f 209/209/209 198/198/198 210/210/210
f 199/199/199 210/210/210 198/198/198
f 199/199/199 200/200/200 210/210/210
f 211/211/211 210/210/210 200/200/200
f 212/212/212 201/201/201 213/213/213
f 202/202/202 213/213/213 201/201/201
f 202/202/202 203/203/203 213/213/213
f 214/214/214 213/213/213 203/203/203
f 214/214/214 203/203/203 215/215/215
f 204/204/204 215/215/215 203/203/203
f 204/204/204 205/205/205 215/215/215
f 216/216/216 215/215/215 205/205/205
f 216/216/216 205/205/205 217/217/217
f 206/206/206 217/217/217 205/205/205
f 206/206/206 207/207/207 217/217/217
f 218/218/218 217/217/217 207/207/207
f 218/218/218 207/207/207 219/219/219
f 208/208/208 219/219/219 207/207/207
f 208/208/208 209/209/209 219/219/219
f 220/220/220 219/219/219 209/209/209
f 220/220/220 209/209/209 221/221/221
f 210/210/210 221/221/221 209/209/209
f 210/210/210 211/211/211 221/221/221
f 222/222/222 221/221/221 211/211/211
f 223/223/223 212/212/212 224/224/224
f 213/213/213 224/224/224 212/212/212
f 213/213/213 214/214/214 224/224/224
f 225/225/225 224/224/224 214/214/214
f 225/225/225 214/214/214 226/226/226
f 215/215/215 226/226/226 214/214/214
f 215/215/215 216/216/216 226/226/226
f 227/227/227 226/226/226 216/216/216
f 227/227/227 216/216/216 228/228/228
f 217/217/217 228/228/228 216/216/216
f 217/217/217 218/218/218 228/228/228
f 229/229/229 228/228/228 218/218/218
f 229/229/229 218/218/218 230/230/230
f 219/219/219 230/230/230 218/218/218
f 219/219/219 220/220/220 230/230/230
f 231/231/231 230/230/230 220/220/220
f 231/231/231 220/220/220 232/232/232
f 221/221/221 232/232/232 220/220/220
f 221/221/221 222/222/222 232/232/232
f 233/233/233 232/232/232 222/222/222
f 234/234/234 223/223/223 235/235/235
f 224/224/224 235/235/235 223/223/223
f 224/224/224 225/225/225 235/235/235
f 236/236/236 235/235/235 225/225/225
f 236/236/236 225/225/225 237/237/237
f 226/226/226 237/237/237 225/225/225
f 226/226/226 227/227/227 237/237/237
f 238/238/238 237/237/237 227/227/227
f 238/238/238 227/227/227 239/239/239
f 228/228/228 239/239/239 227/227/227
f 228/228/228 229/229/229 239/239/239
f 240/240/240 239/239/239 229/229/229
f 240/240/240 229/229/229 241/241/241
f 230/230/230 241/241/241 229/229/229
f 230/230/230 231/231/231 241/241/241
f 242/242/242 241/241/241 231/231/231
f 242/242/242 231/231/231 243/243/243
f 232/232/232 243/243/243 231/231/231
f 232/232/232 233/233/233 243/243/243
f 244/244/244 243/243/243 233/233/233
f 245/245/245 234/234/234 246/246/246
f 235/235/235 246/246/246 234/234/234
f 235/235/235 236/236/236 246/246/246
f 247/247/247 246/246/246 236/236/236
f 247/247/247 236/236/236 248/248/248
f 237/237/237 248/248/248 236/236/236
f 237/237/237 238/238/238 248/248/248
f 249/249/249 248/248/248 238/238/238
f 249/249/249 238/238/238 250/250/250
f 239/239/239 250/250/250 238/238/238
f 239/239/239 240/240/240 250/250/250
f 251/251/251 250/250/250 240/240/240
f 251/251/251 240/240/240 252/252/252
f 241/241/241 252/252/252 240/240/240
f 241/241/241 242/242/242 252/252/252
f 253/253/253 252/252/252 242/242/242
f 253/253/253 242/242/242 254/254/254
f 243/243/243 254/254/254 242/242/242
f 243/243/243 244/244/244 254/254/254
f 255/255/255 254/254/254 244/244/244
f 245/245/245 246/246/246 256/256/256
f 247/247/247 257/257/257 246/246/246
f 246/246/246 257/257/257 256/256/256
f 247/247/247 248/248/248 257/257/257
f 249/249/249 258/258/258 248/248/248
f 248/248/248 258/258/258 257/257/257
f 249/249/249 250/250/250 258/258/258
f 251/251/251 259/259/259 250/250/250
f 250/250/250 259/259/259 258/258/258
f 251/251/251 252/252/252 259/259/259
f 253/253/253 260/260/260 252/252/252
f 252/252/252 260/260/260 259/259/259
f 253/253/253 254/254/254 260/260/260
f 255/255/255 261/261/261 254/254/254
f 254/254/254 261/261/261 260/260/260
f 262/262/262 256/256/256 263/263/263
f 257/257/257 263/263/263 256/256/256
f 257/257/257 258/258/258 263/263/263
f 264/264/264 263/263/263 258/258/258
f 264/264/264 258/258/258 265/265/265
f 259/259/259 265/265/265 258/258/258
f 259/259/259 260/260/260 265/265/265
f 266/266/266 265/265/265 260/260/260
f 266/266/266 260/260/260 267/267/267
f 261/261/261 267/267/267 260/260/260
f 268/268/268 262/262/262 269/269/269
f 263/263/263 269/269/269 262/262/262
f 263/263/263 264/264/264 269/269/269
f 270/270/270 269/269/269 264/264/264
f 270/270/270 264/264/264 271/271/271
f 265/265/265 271/271/271 264/264/264
f 265/265/265 266/266/266 271/271/271
f 272/272/272 271/271/271 266/266/266
f 272/272/272 266/266/266 273/273/273
f 267/267/267 273/273/273 266/266/266
f 274/274/274 268/268/268 275/275/275
f 269/269/269 275/275/275 268/268/268
f 269/269/269 270/270/270 275/275/275
f 276/276/276 275/275/275 270/270/270
f 276/276/276 270/270/270 277/277/277
f 271/271/271 277/277/277 270/270/270
f 271/271/271 272/272/272 277/277/277
f 278/278/278 277/277/277 272/272/272
f 278/278/278 272/272/272 279/279/279
f 273/273/273 279/279/279 272/272/272
f 280/280/280 274/274/274 281/281/281
f 275/275/275 281/281/281 274/274/274
f 275/275/275 276/276/276 281/281/281
f 282/282/282 281/281/281 276/276/276
f 282/282/282 276/276/276 283/283/283
f 277/277/277 283/283/283 276/276/276
f 277/277/277 278/278/278 283/283/283
f 284/284/284 283/283/283 278/278/278
f 284/284/284 278/278/278 285/285/285
f 279/279/279 285/285/285 278/278/278
f 286/286/286 280/280/280 287/287/287
f 281/281/281 287/287/287 280/280/280
f 281/281/281 282/282/282 287/287/287
f 288/288/288 287/287/287 282/282/282
f 288/288/288 282/282/282 289/289/289
f 283/283/283 289/289/289 282/282/282
f 283/283/283 284/284/284 289/289/289
f 290/290/290 289/289/289 284/284/284
f 290/290/290 284/284/284 291/291/291
f 285/285/285 291/291/291 284/284/284
f 292/292/292 286/286/286 293/293/293
f 287/287/287 293/293/293 286/286/286
f 287/287/287 288/288/288 293/293/293
f 294/294/294 293/293/293 288/288/288
f 294/294/294 288/288/288 295/295/295
f 289/289/289 295/295/295 288/288/288
f 289/289/289 290/290/290 295/295/295
f 296/296/296 295/295/295 290/290/290
f 296/296/296 290/290/290 297/297/297
f 291/291/291 297/297/297 290/290/290
f 298/298/298 292/292/292 299/299/299
f 293/293/293 299/299/299 292/292/292
f 293/293/293 294/294/294 299/299/299
f 300/300/300 299/299/299 294/294/294
f 300/300/300 294/294/294 301/301/301
f 295/295/295 301/301/301 294/294/294
f 295/295/295 296/296/296 301/301/301
f 302/302/302 301/301/301 296/296/296
f 302/302/302 296/296/296 303/303/303
f 297/297/297 303/303/303 296/296/296
f 304/304/304 298/298/298 305/305/305
f 299/299/299 305/305/305 298/298/298
f 299/299/299 300/300/300 305/305/305
f 306/306/306 305/305/305 300/300/300
f 306/306/306 300/300/300 307/307/307
f 301/301/301 307/307/307 300/300/300
f 301/301/301 302/302/302 307/307/307
f 308/308/308 307/307/307 302/302/302
f 308/308/308 302/302/302 309/309/309
f 303/303/303 309/309/309 302/302/302
f 304/304/304 305/305/305 310/310/310
f 305/305/305 306/306/306 311/311/311
f 306/306/306 307/307/307 312/312/312
f 307/307/307 308/308/308 313/313/313
f 308/308/308 309/309/309 314/314/314

g 
usemtl 
f 316/316/316 315/315/315 317/317/317
f 315/315/315 318/318/318 317/317/317
f 318/318/318 319/319/319 317/317/317
f 317/317/317 319/319/319 320/320/320
f 320/320/320 319/319/319 321/321/321
f 319/319/319 322/322/322 321/321/321
f 323/323/323 316/316/316 324/324/324
f 316/316/316 317/317/317 324/324/324
f 317/317/317 320/320/320 324/324/324
f 324/324/324 320/320/320 325/325/325
f 325/325/325 320/320/320 326/326/326
f 320/320/320 321/321/321 326/326/326
f 327/327/327 323/323/323 328/328/328
f 323/323/323 324/324/324 328/328/328
f 324/324/324 325/325/325 328/328/328
f 328/328/328 325/325/325 329/329/329
f 329/329/329 325/325/325 330/330/330
f 325/325/325 326/326/326 330/330/330
f 331/331/331 327/327/327 332/332/332
f 327/327/327 328/328/328 332/332/332
f 328/328/328 329/329/329 332/332/332
f 332/332/332 329/329/329 333/333/333
f 333/333/333 329/329/329 334/334/334
f 329/329/329 330/330/330 334/334/334
f 335/335/335 331/331/331 336/336/336
f 331/331/331 332/332/332 336/336/336
f 332/332/332 333/333/333 336/336/336
f 336/336/336 333/333/333 337/337/337
f 337/337/337 333/333/333 338/338/338
f 333/333/333 334/334/334 338/338/338
f 335/335/335 336/336/336 339/339/339
f 336/336/336 337/337/337 339/339/339
f 337/337/337 338/338/338 340/340/340
f 342/342/342 341/341/341 343/343/343
f 341/341/341 344/344/344 343/343/343
f 344/344/344 345/345/345 343/343/343
f 343/343/343 345/345/345 346/346/346
f 346/346/346 345/345/345 347/347/347
f 345/345/345 348/348/348 347/347/347
f 349/349/349 342/342/342 350/350/350
f 342/342/342 343/343/343 350/350/350
f 343/343/343 346/346/346 350/350/350
f 350/350/350 346/346/346 351/351/351
f 351/351/351 346/346/346 352/352/352
f 346/346/346 347/347/347 352/352/352
f 353/353/353 349/349/349 354/354/354
f 349/349/349 350/350/350 354/354/354
f 350/350/350 351/351/351 354/354/354
f 354/354/354 351/351/351 355/355/355
f 355/355/355 351/351/351 356/356/356
f 351/351/351 352/352/352 356/356/356
f 357/357/357 353/353/353 358/358/358
f 353/353/353 354/354/354 358/358/358
f 354/354/354 355/355/355 358/358/358
f 358/358/358 355/355/355 359/359/359
f 359/359/359 355/355/355 360/360/360
f 355/355/355 356/356/356 360/360/360
f 361/361/361 357/357/357 362/362/362
f 357/357/357 358/358/358 362/362/362
f 358/358/358 359/359/359 362/362/362
f 362/362/362 359/359/359 363/363/363
f 363/363/363 359/359/359 364/364/364
f 359/359/359 360/360/360 364/364/364
f 361/361/361 362/362/362 365/365/365
f 362/362/362 363/363/363 365/365/365
f 363/363/363 364/364/364 366/366/366
f 368/368/368 367/367/367 369/369/369
f 367/367/367 370/370/370 369/369/369
f 370/370/370 371/371/371 369/369/369
f 369/369/369 371/371/371 372/372/372
f 372/372/372 371/371/371 373/373/373
f 371/371/371 374/374/374 373/373/373
f 375/375/375 368/368/368 376/376/376
f 368/368/368 369/369/369 376/376/376
f 369/369/369 372/372/372 376/376/376
f 376/376/376 372/372/372 377/377/377
f 377/377/377 372/372/372 378/378/378
f 372/372/372 373/373/373 378/378/378
f 379/379/379 375/375/375 380/380/380
f 375/375/375 376/376/376 380/380/380
f 376/376/376 377/377/377 380/380/380
f 380/380/380 377/377/377 381/381/381
f 381/381/381 377/377/377 382/382/382
f 377/377/377 378/378/378 382/382/382
f 383/383/383 379/379/379 384/384/384
f 379/379/379 380/380/380 384/384/384
f 380/380/380 381/381/381 384/384/384
f 384/384/384 381/381/381 385/385/385
f 385/385/385 381/381/381 386/386/386
f 381/381/381 382/382/382 386/386/386
f 387/387/387 383/383/383 388/388/388
f 383/383/383 384/384/384 388/388/388
f 384/384/384 385/385/385 388/388/388
f 388/388/388 385/385/385 389/389/389
f 389/389/389 385/385/385 390/390/390
f 385/385/385 386/386/386 390/390/390
f 387/387/387 388/388/388 391/391/391
f 388/388/388 389/389/389 391/391/391
f 389/389/389 390/390/390 392/392/392
f 394/394/394 393/393/393 395/395/395
f 393/393/393 396/396/396 395/395/395
f 396/396/396 397/397/397 395/395/395
f 395/395/395 397/397/397 398/398/398
f 398/398/398 397/397/397 399/399/399
f 397/397/397 400/400/400 399/399/399
f 401/401/401 394/394/394 402/402/402
f 394/394/394 395/395/395 402/402/402
f 395/395/395 398/398/398 402/402/402
f 402/402/402 398/398/398 403/403/403
f 403/403/403 398/398/398 404/404/404
f 398/398/398 399/399/399 404/404/404
f 405/405/405 401/401/401 406/406/406
f 401/401/401 402/402/402 406/406/406
f 402/402/402 403/403/403 406/406/406
f 406/406/406 403/403/403 407/407/407
f 407/407/407 403/403/403 408/408/408
f 403/403/403 404/404/404 408/408/408
f 409/409/409 405/405/405 410/410/410
f 405/405/405 406/406/406 410/410/410
f 406/406/406 407/407/407 410/410/410
f 410/410/410 407/407/407 411/411/411
f 411/411/411 407/407/407 412/412/412
f 407/407/407 408/408/408 412/412/412
f 413/413/413 409/409/409 414/414/414
f 409/409/409 410/410/410 414/414/414
f 410/410/410 411/411/411 414/414/414
f 414/414/414 411/411/411 415/415/415
f 415/415/415 411/411/411 416/416/416
f 411/411/411 412/412/412 416/416/416
f 413/413/413 414/414/414 417/417/417
f 414/414/414 415/415/415 417/417/417
f 415/415/415 416/416/416 418/418/418
f 420/420/420 419/419/419 421/421/421
f 419/419/419 422/422/422 421/421/421
f 422/422/422 423/423/423 421/421/421
f 421/421/421 423/423/423 424/424/424
f 424/424/424 423/423/423 425/425/425
f 423/423/423 426/426/426 425/425/425
f 427/427/427 420/420/420 428/428/428
f 420/420/420 421/421/421 428/428/428
f 421/421/421 424/424/424 428/428/428
f 428/428/428 424/424/424 429/429/429
f 429/429/429 424/424/424 430/430/430
f 424/424/424 425/425/425 430/430/430
f 431/431/431 427/427/427 432/432/432
f 427/427/427 428/428/428 432/432/432
f 428/428/428 429/429/429 432/432/432
f 432/432/432 429/429/429 433/433/433
f 433/433/433 429/429/429 434/434/434
f 429/429/429 430/430/430 434/434/434
f 435/435/435 431/431/431 436/436/436
f 431/431/431 432/432/432 436/436/436
f 432/432/432 433/433/433 436/436/436
f 436/436/436 433/433/433 437/437/437
f 437/437/437 433/433/433 438/438/438
f 433/433/433 434/434/434 438/438/438
f 439/439/439 435/435/435 440/440/440
f 435/435/435 436/436/436 440/440/440
f 436/436/436 437/437/437 440/440/440
f 440/440/440 437/437/437 441/441/441
f 441/441/441 437/437/437 442/442/442
f 437/437/437 438/438/438 442/442/442
f 439/439/439 440/440/440 443/443/443
f 440/440/440 441/441/441 443/443/443
f 441/441/441 442/442/442 444/444/444
f 446/446/446 445/445/445 447/447/447
f 445/445/445 448/448/448 447/447/447
f 448/448/448 449/449/449 447/447/447
f 447/447/447 449/449/449 450/450/450
f 450/450/450 449/449/449 451/451/451
f 449/449/449 452/452/452 451/451/451
f 453/453/453 446/446/446 454/454/454
f 446/446/446 447/447/447 454/454/454
f 447/447/447 450/450/450 454/454/454
f 454/454/454 450/450/450 455/455/455
f 455/455/455 450/450/450 456/456/456
f 450/450/450 451/451/451 456/456/456
f 457/457/457 453/453/453 458/458/458
f 453/453/453 454/454/454 458/458/458
f 454/454/454 455/455/455 458/458/458
f 458/458/458 455/455/455 459/459/459
f 459/459/459 455/455/455 460/460/460
f 455/455/455 456/456/456 460/460/460
f 461/461/461 457/457/457 462/462/462
f 457/457/457 458/458/458 462/462/462
f 458/458/458 459/459/459 462/462/462
f 462/462/462 459/459/459 463/463/463
f 463/463/463 459/459/459 464/464/464
f 459/459/459 460/460/460 464/464/464
f 465/465/465 461/461/461 466/466/466
f 461/461/461 462/462/462 466/466/466
f 462/462/462 463/463/463 466/466/466
f 466/466/466 463/463/463 467/467/467
f 467/467/467 463/463/463 468/468/468
f 463/463/463 464/464/464 468/468/468
f 465/465/465 466/466/466 469/469/469
f 466/466/466 467/467/467 469/469/469
f 467/467/467 468/468/468 470/470/470
f 472/472/472 471/471/471 473/473/473
f 471/471/471 474/474/474 473/473/473
f 474/474/474 475/475/475 473/473/473
f 473/473/473 475/475/475 476/476/476
f 476/476/476 475/475/475 477/477/477
f 475/475/475 478/478/478 477/477/477
f 479/479/479 472/472/472 480/480/480
f 472/472/472 473/473/473 480/480/480
f 473/473/473 476/476/476 480/480/480
f 480/480/480 476/476/476 481/481/481
f 481/481/481 476/476/476 482/482/482
f 476/476/476 477/477/477 482/482/482
f 483/483/483 479/479/479 484/484/484
f 479/479/479 480/480/480 484/484/484
f 480/480/480 481/481/481 484/484/484
f 484/484/484 481/481/481 485/485/485
f 485/485/485 481/481/481 486/486/486
f 481/481/481 482/482/482 486/486/486
f 487/487/487 483/483/483 488/488/488
f 483/483/483 484/484/484 488/488/488
f 484/484/484 485/485/485 488/488/488
f 488/488/488 485/485/485 489/489/489
f 489/489/489 485/485/485 490/490/490
f 485/485/485 486/486/486 490/490/490
f 491/491/491 487/487/487 492/492/492
f 487/487/487 488/488/488 492/492/492
f 488/488/488 489/489/489 492/492/492
f 492/492/492 489/489/489 493/493/493
f 493/493/493 489/489/489 494/494/494
f 489/489/489 490/490/490 494/494/494
f 491/491/491 492/492/492 495/495/495
f 492/492/492 493/493/493 495/495/495
f 493/493/493 494/494/494 496/496/496
f 498/498/498 497/497/497 499/499/499
f 497/497/497 500/500/500 499/499/499
f 500/500/500 501/501/501 499/499/499
f 499/499/499 501/501/501 502/502/502
f 502/502/502 501/501/501 503/503/503
f 501/501/501 504/504/504 503/503/503
f 505/505/505 498/498/498 506/506/506
f 498/498/498 499/499/499 506/506/506
f 499/499/499 502/502/502 506/506/506
f 506/506/506 502/502/502 507/507/507
f 507/507/507 502/502/502 508/508/508
f 502/502/502 503/503/503 508/508/508
f 509/509/509 505/505/505 510/510/510
f 505/505/505 506/506/506 510/510/510
f 506/506/506 507/507/507 510/510/510
f 510/510/510 507/507/507 511/511/511
f 511/511/511 507/507/507 512/512/512
f 507/507/507 508/508/508 512/512/512
f 513/513/513 509/509/509 514/514/514
f 509/509/509 510/510/510 514/514/514
f 510/510/510 511/511/511 514/514/514
f 514/514/514 511/511/511 515/515/515
f 515/515/515 511/511/511 516/516/516
f 511/511/511 512/512/512 516/516/516
f 517/517/517 513/513/513 518/518/518
f 513/513/513 514/514/514 518/518/518
f 514/514/514 515/515/515 518/518/518
f 518/518/518 515/515/515 519/519/519
f 519/519/519 515/515/515 520/520/520
f 515/515/515 516/516/516 520/520/520
f 517/517/517 518/518/518 521/521/521
f 518/518/518 519/519/519 521/521/521
f 519/519/519 520/520/520 522/522/522
f 524/524/524 523/523/523 525/525/525
f 523/523/523 526/526/526 525/525/525
f 526/526/526 527/527/527 525/525/525
f 525/525/525 527/527/527 528/528/528
f 528/528/528 527/527/527 529/529/529
f 527/527/527 530/530/530 529/529/529
f 531/531/531 524/524/524 532/532/532
f 524/524/524 525/525/525 532/532/532
f 525/525/525 528/528/528 532/532/532
f 532/532/532 528/528/528 533/533/533
f 533/533/533 528/528/528 534/534/534
f 528/528/528 529/529/529 534/534/534
f 535/535/535 531/531/531 536/536/536
f 531/531/531 532/532/532 536/536/536
f 532/532/532 533/533/533 536/536/536
f 536/536/536 533/533/533 537/537/537
f 537/537/537 533/533/533 538/538/538
f 533/533/533 534/534/534 538/538/538
f 539/539/539 535/535/535 540/540/540
f 535/535/535 536/536/536 540/540/540
f 536/536/536 537/537/537 540/540/540
f 540/540/540 537/537/537 541/541/541
f 541/541/541 537/537/537 542/542/542
f 537/537/537 538/538/538 542/542/542
f 543/543/543 539/539/539 544/544/544
f 539/539/539 540/540/540 544/544/544
f 540/540/540 541/541/541 544/544/544
f 544/544/544 541/541/541 545/545/545
f 545/545/545 541/541/541 546/546/546
f 541/541/541 542/542/542 546/546/546
f 543/543/543 544/544/544 547/547/547
f 544/544/544 545/545/545 547/547/547
f 545/545/545 546/546/546 548/548/548
f 550/550/550 549/549/549 551/551/551
f 549/549/549 552/552/552 551/551/551
f 552/552/552 553/553/553 551/551/551
f 551/551/551 553/553/553 554/554/554
f 554/554/554 553/553/553 555/555/555
f 553/553/553 556/556/556 555/555/555
f 557/557/557 550/550/550 558/558/558
f 550/550/550 551/551/551 558/558/558
f 551/551/551 554/554/554 558/558/558
f 558/558/558 554/554/554 559/559/559
f 559/559/559 554/554/554 560/560/560
f 554/554/554 555/555/555 560/560/560
f 561/561/561 557/557/557 562/562/562
f 557/557/557 558/558/558 562/562/562
f 558/558/558 559/559/559 562/562/562
f 562/562/562 559/559/559 563/563/563
f 563/563/563 559/559/559 564/564/564
f 559/559/559 560/560/560 564/564/564
f 565/565/565 561/561/561 566/566/566
f 561/561/561 562/562/562 566/566/566
f 562/562/562 563/563/563 566/566/566
f 566/566/566 563/563/563 567/567/567
f 567/567/567 563/563/563 568/568/568
f 563/563/563 564/564/564 568/568/568
f 569/569/569 565/565/565 570/570/570
f 565/565/565 566/566/566 570/570/570
f 566/566/566 567/567/567 570/570/570
f 570/570/570 567/567/567 571/571/571
f 571/571/571 567/567/567 572/572/572
f 567/567/567 568/568/568 572/572/572
f 569/569/569 570/570/570 573/573/573
f 570/570/570 571/571/571 573/573/573
f 571/571/571 572/572/572 574/574/574
f 576/576/576 575/575/575 577/577/577
f 575/575/575 578/578/578 577/577/577
f 578/578/578 579/579/579 577/577/577
f 577/577/577 579/579/579 580/580/580
f 580/580/580 579/579/579 581/581/581
f 579/579/579 582/582/582 581/581/581
f 583/583/583 576/576/576 584/584/584
f 576/576/576 577/577/577 584/584/584
f 577/577/577 580/580/580 584/584/584
f 584/584/584 580/580/580 585/585/585
f 585/585/585 580/580/580 586/586/586
f 580/580/580 581/581/581 586/586/586
f 587/587/587 583/583/583 588/588/588
f 583/583/583 584/584/584 588/588/588
f 584/584/584 585/585/585 588/588/588
f 588/588/588 585/585/585 589/589/589
f 589/589/589 585/585/585 590/590/590
f 585/585/585 586/586/586 590/590/590
f 591/591/591 587/587/587 592/592/592
f 587/587/587 588/588/588 592/592/592
f 588/588/588 589/589/589 592/592/592
f 592/592/592 589/589/589 593/593/593
f 593/593/593 589/589/589 594/594/594
f 589/589/589 590/590/590 594/594/594
f 595/595/595 591/591/591 596/596/596
f 591/591/591 592/592/592 596/596/596
f 592/592/592 593/593/593 596/596/596
f 596/596/596 593/593/593 597/597/597
f 597/597/597 593/593/593 598/598/598
f 593/593/593 594/594/594 598/598/598
f 595/595/595 596/596/596 599/599/599
f 596/596/596 597/597/597 599/599/599
f 597/597/597 598/598/598 600/600/600
f 602/602/602 601/601/601 603/603/603
f 601/601/601 604/604/604 603/603/603
f 604/604/604 605/605/605 603/603/603
f 603/603/603 605/605/605 606/606/606
f 606/606/606 605/605/605 607/607/607
f 605/605/605 608/608/608 607/607/607
f 609/609/609 602/602/602 610/610/610
f 602/602/602 603/603/603 610/610/610
f 603/603/603 606/606/606 610/610/610
f 610/610/610 606/606/606 611/611/611
f 611/611/611 606/606/606 612/612/612
f 606/606/606 607/607/607 612/612/612
f 613/613/613 609/609/609 614/614/614
f 609/609/609 610/610/610 614/614/614
f 610/610/610 611/611/611 614/614/614
f 614/614/614 611/611/611 615/615/615
f 615/615/615 611/611/611 616/616/616
f 611/611/611 612/612/612 616/616/616
f 617/617/617 613/613/613 618/618/618
f 613/613/613 614/614/614 618/618/618
f 614/614/614 615/615/615 618/618/618
f 618/618/618 615/615/615 619/619/619
f 619/619/619 615/615/615 620/620/620
f 615/615/615 616/616/616 620/620/620
f 621/621/621 617/617/617 622/622/622
f 617/617/617 618/618/618 622/622/622
f 618/618/618 619/619/619 622/622/622
f 622/622/622 619/619/619 623/623/623
f 623/623/623 619/619/619 624/624/624
f 619/619/619 620/620/620 624/624/624
f 621/621/621 622/622/622 625/625/625
f 622/622/622 623/623/623 625/625/625
f 623/623/623 624/624/624 626/626/626
f 628/628/628 627/627/627 629/629/629
f 627/627/627 630/630/630 629/629/629
f 630/630/630 631/631/631 629/629/629
f 629/629/629 631/631/631 632/632/632
f 632/632/632 631/631/631 633/633/633
f 631/631/631 634/634/634 633/633/633
f 635/635/635 628/628/628 636/636/636
f 628/628/628 629/629/629 636/636/636
f 629/629/629 632/632/632 636/636/636
f 636/636/636 632/632/632 637/637/637
f 637/637/637 632/632/632 638/638/638
f 632/632/632 633/633/633 638/638/638
f 639/639/639 635/635/635 640/640/640
f 635/635/635 636/636/636 640/640/640
f 636/636/636 637/637/637 640/640/640
f 640/640/640 637/637/637 641/641/641
f 641/641/641 637/637/637 642/642/642
f 637/637/637 638/638/638 642/642/642
f 643/643/643 639/639/639 644/644/644
f 639/639/639 640/640/640 644/644/644
f 640/640/640 641/641/641 644/644/644
f 644/644/644 641/641/641 645/645/645
f 645/645/645 641/641/641 646/646/646
f 641/641/641 642/642/642 646/646/646
f 647/647/647 643/643/643 648/648/648
f 643/643/643 644/644/644 648/648/648
f 644/644/644 645/645/645 648/648/648
f 648/648/648 645/645/645 649/649/649
f 649/649/649 645/645/645 650/650/650
f 645/645/645 646/646/646 650/650/650
f 647/647/647 648/648/648 651/651/651
f 648/648/648 649/649/649 651/651/651
f 649/649/649 650/650/650 652/652/652
f 654/654/654 653/653/653 655/655/655
f 653/653/653 656/656/656 655/655/655
f 656/656/656 657/657/657 655/655/655
f 655/655/655 657/657/657 658/658/658
f 658/658/658 657/657/657 659/659/659
f 657/657/657 660/660/660 659/659/659
f 661/661/661 654/654/654 662/662/662
f 654/654/654 655/655/655 662/662/662
f 655/655/655 658/658/658 662/662/662
f 662/662/662 658/658/658 663/663/663
f 663/663/663 658/658/658 664/664/664
f 658/658/658 659/659/659 664/664/664
f 665/665/665 661/661/661 666/666/666
f 661/661/661 662/662/662 666/666/666
f 662/662/662 663/663/663 666/666/666
f 666/666/666 663/663/663 667/667/667
f 667/667/667 663/663/663 668/668/668
f 663/663/663 664/664/664 668/668/668
f 669/669/669 665/665/665 670/670/670
f 665/665/665 666/666/666 670/670/670
f 666/666/666 667/667/667 670/670/670
f 670/670/670 667/667/667 671/671/671
f 671/671/671 667/667/667 672/672/672
f 667/667/667 668/668/668 672/672/672
f 673/673/673 669/669/669 674/674/674
f 669/669/669 670/670/670 674/674/674
f 670/670/670 671/671/671 674/674/674
f 674/674/674 671/671/671 675/675/675
f 675/675/675 671/671/671 676/676/676
f 671/671/671 672/672/672 676/676/676
f 673/673/673 674/674/674 677/677/677
f 674/674/674 675/675/675 677/677/677
f 675/675/675 676/676/676 678/678/678

g palmtree03_basecolor
usemtl palmtree03_basecolor
f 680/680/680 679/679/679 681/681/681
f 679/679/679 682/682/682 681/681/681
f 682/682/682 683/683/683 681/681/681
f 681/681/681 683/683/683 684/684/684
f 684/684/684 683/683/683 685/685/685
f 683/683/683 686/686/686 685/685/685
f 686/686/686 687/687/687 685/685/685
f 685/685/685 687/687/687 688/688/688
f 689/689/689 680/680/680 690/690/690
f 680/680/680 681/681/681 690/690/690
f 681/681/681 684/684/684 690/690/690
f 690/690/690 684/684/684 691/691/691
f 691/691/691 684/684/684 692/692/692
f 684/684/684 685/685/685 692/692/692
f 685/685/685 688/688/688 692/692/692
f 692/692/692 688/688/688 693/693/693
f 694/694/694 689/689/689 695/695/695
f 689/689/689 690/690/690 695/695/695
f 690/690/690 691/691/691 695/695/695
f 695/695/695 691/691/691 696/696/696
f 696/696/696 691/691/691 697/697/697
f 691/691/691 692/692/692 697/697/697
f 692/692/692 693/693/693 697/697/697
f 697/697/697 693/693/693 698/698/698
f 699/699/699 694/694/694 700/700/700
f 694/694/694 695/695/695 700/700/700
f 695/695/695 696/696/696 700/700/700
f 700/700/700 696/696/696 701/701/701
f 701/701/701 696/696/696 702/702/702
f 696/696/696 697/697/697 702/702/702
f 697/697/697 698/698/698 702/702/702
f 702/702/702 698/698/698 703/703/703
f 704/704/704 699/699/699 705/705/705
f 699/699/699 700/700/700 705/705/705
f 700/700/700 701/701/701 705/705/705
f 705/705/705 701/701/701 706/706/706
f 706/706/706 701/701/701 707/707/707
f 701/701/701 702/702/702 707/707/707
f 702/702/702 703/703/703 707/707/707
f 707/707/707 703/703/703 708/708/708
f 709/709/709 704/704/704 710/710/710
f 704/704/704 705/705/705 710/710/710
f 705/705/705 706/706/706 710/710/710
f 710/710/710 706/706/706 711/711/711
f 711/711/711 706/706/706 712/712/712
f 706/706/706 707/707/707 712/712/712
f 707/707/707 708/708/708 712/712/712
f 712/712/712 708/708/708 713/713/713
f 714/714/714 709/709/709 715/715/715
f 709/709/709 710/710/710 715/715/715
f 710/710/710 711/711/711 715/715/715
f 715/715/715 711/711/711 716/716/716
f 716/716/716 711/711/711 717/717/717
f 711/711/711 712/712/712 717/717/717
f 712/712/712 713/713/713 717/717/717
f 717/717/717 713/713/713 718/718/718
f 719/719/719 714/714/714 720/720/720
f 714/714/714 715/715/715 720/720/720
f 715/715/715 716/716/716 720/720/720
f 720/720/720 716/716/716 721/721/721
f 721/721/721 716/716/716 722/722/722
f 716/716/716 717/717/717 722/722/722
f 717/717/717 718/718/718 722/722/722
f 722/722/722 718/718/718 723/723/723
f 724/724/724 719/719/719 725/725/725
f 719/719/719 720/720/720 725/725/725
f 720/720/720 721/721/721 725/725/725
f 725/725/725 721/721/721 726/726/726
f 726/726/726 721/721/721 727/727/727
f 721/721/721 722/722/722 727/727/727
f 722/722/722 723/723/723 727/727/727
f 727/727/727 723/723/723 728/728/728
f 729/729/729 724/724/724 730/730/730
f 724/724/724 725/725/725 730/730/730
f 725/725/725 726/726/726 730/730/730
f 730/730/730 726/726/726 731/731/731
f 731/731/731 726/726/726 732/732/732
f 726/726/726 727/727/727 732/732/732
f 727/727/727 728/728/728 732/732/732
f 732/732/732 728/728/728 733/733/733
f 734/734/734 729/729/729 735/735/735
f 729/729/729 730/730/730 735/735/735
f 730/730/730 731/731/731 735/735/735
f 735/735/735 731/731/731 736/736/736
f 736/736/736 731/731/731 737/737/737
f 731/731/731 732/732/732 737/737/737
f 732/732/732 733/733/733 737/737/737
f 737/737/737 733/733/733 738/738/738
f 740/740/740 739/739/739 741/741/741
f 739/739/739 742/742/742 741/741/741
f 742/742/742 743/743/743 741/741/741
f 741/741/741 743/743/743 744/744/744
f 744/744/744 743/743/743 745/745/745
f 743/743/743 746/746/746 745/745/745
f 746/746/746 747/747/747 745/745/745
f 745/745/745 747/747/747 748/748/748
f 749/749/749 740/740/740 750/750/750
f 740/740/740 741/741/741 750/750/750
f 741/741/741 744/744/744 750/750/750
f 750/750/750 744/744/744 751/751/751
f 751/751/751 744/744/744 752/752/752
f 744/744/744 745/745/745 752/752/752
f 745/745/745 748/748/748 752/752/752
f 752/752/752 748/748/748 753/753/753
f 754/754/754 749/749/749 755/755/755
f 749/749/749 750/750/750 755/755/755
f 750/750/750 751/751/751 755/755/755
f 755/755/755 751/751/751 756/756/756
f 756/756/756 751/751/751 757/757/757
f 751/751/751 752/752/752 757/757/757
f 752/752/752 753/753/753 757/757/757
f 757/757/757 753/753/753 758/758/758
f 759/759/759 754/754/754 760/760/760
f 754/754/754 755/755/755 760/760/760
f 755/755/755 756/756/756 760/760/760
f 760/760/760 756/756/756 761/761/761
f 761/761/761 756/756/756 762/762/762
f 756/756/756 757/757/757 762/762/762
f 757/757/757 758/758/758 762/762/762
f 762/762/762 758/758/758 763/763/763
f 764/764/764 759/759/759 765/765/765
f 759/759/759 760/760/760 765/765/765
f 760/760/760 761/761/761 765/765/765
f 765/765/765 761/761/761 766/766/766
f 766/766/766 761/761/761 767/767/767
f 761/761/761 762/762/762 767/767/767
f 762/762/762 763/763/763 767/767/767
f 767/767/767 763/763/763 768/768/768
f 769/769/769 764/764/764 770/770/770
f 764/764/764 765/765/765 770/770/770
f 765/765/765 766/766/766 770/770/770
f 770/770/770 766/766/766 771/771/771
f 771/771/771 766/766/766 772/772/772
f 766/766/766 767/767/767 772/772/772
f 767/767/767 768/768/768 772/772/772
f 772/772/772 768/768/768 773/773/773
f 774/774/774 769/769/769 775/775/775
f 769/769/769 770/770/770 775/775/775
f 770/770/770 771/771/771 775/775/775
f 775/775/775 771/771/771 776/776/776
f 776/776/776 771/771/771 777/777/777
f 771/771/771 772/772/772 777/777/777
f 772/772/772 773/773/773 777/777/777
f 777/777/777 773/773/773 778/778/778
f 779/779/779 774/774/774 780/780/780
f 774/774/774 775/775/775 780/780/780
f 775/775/775 776/776/776 780/780/780
f 780/780/780 776/776/776 781/781/781
f 781/781/781 776/776/776 782/782/782
f 776/776/776 777/777/777 782/782/782
f 777/777/777 778/778/778 782/782/782
f 782/782/782 778/778/778 783/783/783
f 784/784/784 779/779/779 785/785/785
f 779/779/779 780/780/780 785/785/785
f 780/780/780 781/781/781 785/785/785
f 785/785/785 781/781/781 786/786/786
f 786/786/786 781/781/781 787/787/787
f 781/781/781 782/782/782 787/787/787
f 782/782/782 783/783/783 787/787/787
f 787/787/787 783/783/783 788/788/788
f 789/789/789 784/784/784 790/790/790
f 784/784/784 785/785/785 790/790/790
f 785/785/785 786/786/786 790/790/790
f 790/790/790 786/786/786 791/791/791
f 791/791/791 786/786/786 792/792/792
f 786/786/786 787/787/787 792/792/792
f 787/787/787 788/788/788 792/792/792
f 792/792/792 788/788/788 793/793/793
f 794/794/794 789/789/789 795/795/795
f 789/789/789 790/790/790 795/795/795
f 790/790/790 791/791/791 795/795/795
f 795/795/795 791/791/791 796/796/796
f 796/796/796 791/791/791 797/797/797
f 791/791/791 792/792/792 797/797/797
f 792/792/792 793/793/793 797/797/797
f 797/797/797 793/793/793 798/798/798
f 800/800/800 799/799/799 801/801/801
f 799/799/799 802/802/802 801/801/801
f 802/802/802 803/803/803 801/801/801
f 801/801/801 803/803/803 804/804/804
f 804/804/804 803/803/803 805/805/805
f 803/803/803 806/806/806 805/805/805
f 806/806/806 807/807/807 805/805/805
f 805/805/805 807/807/807 808/808/808
f 809/809/809 800/800/800 810/810/810
f 800/800/800 801/801/801 810/810/810
f 801/801/801 804/804/804 810/810/810
f 810/810/810 804/804/804 811/811/811
f 811/811/811 804/804/804 812/812/812
f 804/804/804 805/805/805 812/812/812
f 805/805/805 808/808/808 812/812/812
f 812/812/812 808/808/808 813/813/813
f 814/814/814 809/809/809 815/815/815
f 809/809/809 810/810/810 815/815/815
f 810/810/810 811/811/811 815/815/815
f 815/815/815 811/811/811 816/816/816
f 816/816/816 811/811/811 817/817/817
f 811/811/811 812/812/812 817/817/817
f 812/812/812 813/813/813 817/817/817
f 817/817/817 813/813/813 818/818/818
f 819/819/819 814/814/814 820/820/820
f 814/814/814 815/815/815 820/820/820
f 815/815/815 816/816/816 820/820/820
f 820/820/820 816/816/816 821/821/821
f 821/821/821 816/816/816 822/822/822
f 816/816/816 817/817/817 822/822/822
f 817/817/817 818/818/818 822/822/822
f 822/822/822 818/818/818 823/823/823
f 824/824/824 819/819/819 825/825/825
f 819/819/819 820/820/820 825/825/825
f 820/820/820 821/821/821 825/825/825
f 825/825/825 821/821/821 826/826/826
f 826/826/826 821/821/821 827/827/827
f 821/821/821 822/822/822 827/827/827
f 822/822/822 823/823/823 827/827/827
f 827/827/827 823/823/823 828/828/828
f 829/829/829 824/824/824 830/830/830
f 824/824/824 825/825/825 830/830/830
f 825/825/825 826/826/826 830/830/830
f 830/830/830 826/826/826 831/831/831
f 831/831/831 826/826/826 832/832/832
f 826/826/826 827/827/827 832/832/832
f 827/827/827 828/828/828 832/832/832
f 832/832/832 828/828/828 833/833/833
f 834/834/834 829/829/829 835/835/835
f 829/829/829 830/830/830 835/835/835
f 830/830/830 831/831/831 835/835/835
f 835/835/835 831/831/831 836/836/836
f 836/836/836 831/831/831 837/837/837
f 831/831/831 832/832/832 837/837/837
f 832/832/832 833/833/833 837/837/837
f 837/837/837 833/833/833 838/838/838
f 839/839/839 834/834/834 840/840/840
f 834/834/834 835/835/835 840/840/840
f 835/835/835 836/836/836 840/840/840
f 840/840/840 836/836/836 841/841/841
f 841/841/841 836/836/836 842/842/842
f 836/836/836 837/837/837 842/842/842
f 837/837/837 838/838/838 842/842/842
f 842/842/842 838/838/838 843/843/843
f 844/844/844 839/839/839 845/845/845
f 839/839/839 840/840/840 845/845/845
f 840/840/840 841/841/841 845/845/845
f 845/845/845 841/841/841 846/846/846
f 846/846/846 841/841/841 847/847/847
f 841/841/841 842/842/842 847/847/847
f 842/842/842 843/843/843 847/847/847
f 847/847/847 843/843/843 848/848/848
f 849/849/849 844/844/844 850/850/850
f 844/844/844 845/845/845 850/850/850
f 845/845/845 846/846/846 850/850/850
f 850/850/850 846/846/846 851/851/851
f 851/851/851 846/846/846 852/852/852
f 846/846/846 847/847/847 852/852/852
f 847/847/847 848/848/848 852/852/852
f 852/852/852 848/848/848 853/853/853
f 854/854/854 849/849/849 855/855/855
f 849/849/849 850/850/850 855/855/855
f 850/850/850 851/851/851 855/855/855
f 855/855/855 851/851/851 856/856/856
f 856/856/856 851/851/851 857/857/857
f 851/851/851 852/852/852 857/857/857
f 852/852/852 853/853/853 857/857/857
f 857/857/857 853/853/853 858/858/858
f 860/860/860 859/859/859 861/861/861
f 859/859/859 862/862/862 861/861/861
f 862/862/862 863/863/863 861/861/861
f 861/861/861 863/863/863 864/864/864
f 864/864/864 863/863/863 865/865/865
f 863/863/863 866/866/866 865/865/865
f 866/866/866 867/867/867 865/865/865
f 865/865/865 867/867/867 868/868/868
f 869/869/869 860/860/860 870/870/870
f 860/860/860 861/861/861 870/870/870
f 861/861/861 864/864/864 870/870/870
f 870/870/870 864/864/864 871/871/871
f 871/871/871 864/864/864 872/872/872
f 864/864/864 865/865/865 872/872/872
f 865/865/865 868/868/868 872/872/872
f 872/872/872 868/868/868 873/873/873
f 874/874/874 869/869/869 875/875/875
f 869/869/869 870/870/870 875/875/875
f 870/870/870 871/871/871 875/875/875
f 875/875/875 871/871/871 876/876/876
f 876/876/876 871/871/871 877/877/877
f 871/871/871 872/872/872 877/877/877
f 872/872/872 873/873/873 877/877/877
f 877/877/877 873/873/873 878/878/878
f 879/879/879 874/874/874 880/880/880
f 874/874/874 875/875/875 880/880/880
f 875/875/875 876/876/876 880/880/880
f 880/880/880 876/876/876 881/881/881
f 881/881/881 876/876/876 882/882/882
f 876/876/876 877/877/877 882/882/882
f 877/877/877 878/878/878 882/882/882
f 882/882/882 878/878/878 883/883/883
f 884/884/884 879/879/879 885/885/885
f 879/879/879 880/880/880 885/885/885
f 880/880/880 881/881/881 885/885/885
f 885/885/885 881/881/881 886/886/886
f 886/886/886 881/881/881 887/887/887
f 881/881/881 882/882/882 887/887/887
f 882/882/882 883/883/883 887/887/887
f 887/887/887 883/883/883 888/888/888
f 889/889/889 884/884/884 890/890/890
f 884/884/884 885/885/885 890/890/890
f 885/885/885 886/886/886 890/890/890
f 890/890/890 886/886/886 891/891/891
f 891/891/891 886/886/886 892/892/892
f 886/886/886 887/887/887 892/892/892
f 887/887/887 888/888/888 892/892/892
f 892/892/892 888/888/888 893/893/893
f 894/894/894 889/889/889 895/895/895
f 889/889/889 890/890/890 895/895/895
f 890/890/890 891/891/891 895/895/895
f 895/895/895 891/891/891 896/896/896
f 896/896/896 891/891/891 897/897/897
f 891/891/891 892/892/892 897/897/897
f 892/892/892 893/893/893 897/897/897
f 897/897/897 893/893/893 898/898/898
f 899/899/899 894/894/894 900/900/900
f 894/894/894 895/895/895 900/900/900
f 895/895/895 896/896/896 900/900/900
f 900/900/900 896/896/896 901/901/901
f 901/901/901 896/896/896 902/902/902
f 896/896/896 897/897/897 902/902/902
f 897/897/897 898/898/898 902/902/902
f 902/902/902 898/898/898 903/903/903
f 904/904/904 899/899/899 905/905/905
f 899/899/899 900/900/900 905/905/905
f 900/900/900 901/901/901 905/905/905
f 905/905/905 901/901/901 906/906/906
f 906/906/906 901/901/901 907/907/907
f 901/901/901 902/902/902 907/907/907
f 902/902/902 903/903/903 907/907/907
f 907/907/907 903/903/903 908/908/908
f 909/909/909 904/904/904 910/910/910
f 904/904/904 905/905/905 910/910/910
f 905/905/905 906/906/906 910/910/910
f 910/910/910 906/906/906 911/911/911
f 911/911/911 906/906/906 912/912/912
f 906/906/906 907/907/907 912/912/912
f 907/907/907 908/908/908 912/912/912
f 912/912/912 908/908/908 913/913/913
f 914/914/914 909/909/909 915/915/915
f 909/909/909 910/910/910 915/915/915
f 910/910/910 911/911/911 915/915/915
f 915/915/915 911/911/911 916/916/916
f 916/916/916 911/911/911 917/917/917
f 911/911/911 912/912/912 917/917/917
f 912/912/912 913/913/913 917/917/917
f 917/917/917 913/913/913 918/918/918
f 920/920/920 919/919/919 921/921/921
f 919/919/919 922/922/922 921/921/921
f 922/922/922 923/923/923 921/921/921
f 921/921/921 923/923/923 924/924/924
f 924/924/924 923/923/923 925/925/925
f 923/923/923 926/926/926 925/925/925
f 926/926/926 927/927/927 925/925/925
f 925/925/925 927/927/927 928/928/928
f 929/929/929 920/920/920 930/930/930
f 920/920/920 921/921/921 930/930/930
f 921/921/921 924/924/924 930/930/930
f 930/930/930 924/924/924 931/931/931
f 931/931/931 924/924/924 932/932/932
f 924/924/924 925/925/925 932/932/932
f 925/925/925 928/928/928 932/932/932
f 932/932/932 928/928/928 933/933/933
f 934/934/934 929/929/929 935/935/935
f 929/929/929 930/930/930 935/935/935
f 930/930/930 931/931/931 935/935/935
f 935/935/935 931/931/931 936/936/936
f 936/936/936 931/931/931 937/937/937
f 931/931/931 932/932/932 937/937/937
f 932/932/932 933/933/933 937/937/937
f 937/937/937 933/933/933 938/938/938
f 939/939/939 934/934/934 940/940/940
f 934/934/934 935/935/935 940/940/940
f 935/935/935 936/936/936 940/940/940
f 940/940/940 936/936/936 941/941/941
f 941/941/941 936/936/936 942/942/942
f 936/936/936 937/937/937 942/942/942
f 937/937/937 938/938/938 942/942/942
f 942/942/942 938/938/938 943/943/943
f 944/944/944 939/939/939 945/945/945
f 939/939/939 940/940/940 945/945/945
f 940/940/940 941/941/941 945/945/945
f 945/945/945 941/941/941 946/946/946
f 946/946/946 941/941/941 947/947/947
f 941/941/941 942/942/942 947/947/947
f 942/942/942 943/943/943 947/947/947
f 947/947/947 943/943/943 948/948/948
f 949/949/949 944/944/944 950/950/950
f 944/944/944 945/945/945 950/950/950
f 945/945/945 946/946/946 950/950/950
f 950/950/950 946/946/946 951/951/951
f 951/951/951 946/946/946 952/952/952
f 946/946/946 947/947/947 952/952/952
f 947/947/947 948/948/948 952/952/952
f 952/952/952 948/948/948 953/953/953
f 954/954/954 949/949/949 955/955/955
f 949/949/949 950/950/950 955/955/955
f 950/950/950 951/951/951 955/955/955
f 955/955/955 951/951/951 956/956/956
f 956/956/956 951/951/951 957/957/957
f 951/951/951 952/952/952 957/957/957
f 952/952/952 953/953/953 957/957/957
f 957/957/957 953/953/953 958/958/958
f 959/959/959 954/954/954 960/960/960
f 954/954/954 955/955/955 960/960/960
f 955/955/955 956/956/956 960/960/960
f 960/960/960 956/956/956 961/961/961
f 961/961/961 956/956/956 962/962/962
f 956/956/956 957/957/957 962/962/962
f 957/957/957 958/958/958 962/962/962
f 962/962/962 958/958/958 963/963/963
f 964/964/964 959/959/959 965/965/965
f 959/959/959 960/960/960 965/965/965
f 960/960/960 961/961/961 965/965/965
f 965/965/965 961/961/961 966/966/966
f 966/966/966 961/961/961 967/967/967
f 961/961/961 962/962/962 967/967/967
f 962/962/962 963/963/963 967/967/967
f 967/967/967 963/963/963 968/968/968
f 969/969/969 964/964/964 970/970/970
f 964/964/964 965/965/965 970/970/970
f 965/965/965 966/966/966 970/970/970
f 970/970/970 966/966/966 971/971/971
f 971/971/971 966/966/966 972/972/972
f 966/966/966 967/967/967 972/972/972
f 967/967/967 968/968/968 972/972/972
f 972/972/972 968/968/968 973/973/973
f 974/974/974 969/969/969 975/975/975
f 969/969/969 970/970/970 975/975/975
f 970/970/970 971/971/971 975/975/975
f 975/975/975 971/971/971 976/976/976
f 976/976/976 971/971/971 977/977/977
f 971/971/971 972/972/972 977/977/977
f 972/972/972 973/973/973 977/977/977
f 977/977/977 973/973/973 978/978/978
f 980/980/980 979/979/979 981/981/981
f 979/979/979 982/982/982 981/981/981
f 982/982/982 983/983/983 981/981/981
f 981/981/981 983/983/983 984/984/984
f 984/984/984 983/983/983 985/985/985
f 983/983/983 986/986/986 985/985/985
f 986/986/986 987/987/987 985/985/985
f 985/985/985 987/987/987 988/988/988
f 989/989/989 980/980/980 990/990/990
f 980/980/980 981/981/981 990/990/990
f 981/981/981 984/984/984 990/990/990
f 990/990/990 984/984/984 991/991/991
f 991/991/991 984/984/984 992/992/992
f 984/984/984 985/985/985 992/992/992
f 985/985/985 988/988/988 992/992/992
f 992/992/992 988/988/988 993/993/993
f 994/994/994 989/989/989 995/995/995
f 989/989/989 990/990/990 995/995/995
f 990/990/990 991/991/991 995/995/995
f 995/995/995 991/991/991 996/996/996
f 996/996/996 991/991/991 997/997/997
f 991/991/991 992/992/992 997/997/997
f 992/992/992 993/993/993 997/997/997
f 997/997/997 993/993/993 998/998/998
f 999/999/999 994/994/994 1000/1000/1000
f 994/994/994 995/995/995 1000/1000/1000
f 995/995/995 996/996/996 1000/1000/1000
f 1000/1000/1000 996/996/996 1001/1001/1001
f 1001/1001/1001 996/996/996 1002/1002/1002
f 996/996/996 997/997/997 1002/1002/1002
f 997/997/997 998/998/998 1002/1002/1002
f 1002/1002/1002 998/998/998 1003/1003/1003
f 1004/1004/1004 999/999/999 1005/1005/1005
f 999/999/999 1000/1000/1000 1005/1005/1005
f 1000/1000/1000 1001/1001/1001 1005/1005/1005
f 1005/1005/1005 1001/1001/1001 1006/1006/1006
f 1006/1006/1006 1001/1001/1001 1007/1007/1007
f 1001/1001/1001 1002/1002/1002 1007/1007/1007
f 1002/1002/1002 1003/1003/1003 1007/1007/1007
f 1007/1007/1007 1003/1003/1003 1008/1008/1008
f 1009/1009/1009 1004/1004/1004 1010/1010/1010
f 1004/1004/1004 1005/1005/1005 1010/1010/1010
f 1005/1005/1005 1006/1006/1006 1010/1010/1010
f 1010/1010/1010 1006/1006/1006 1011/1011/1011
f 1011/1011/1011 1006/1006/1006 1012/1012/1012
f 1006/1006/1006 1007/1007/1007 1012/1012/1012
f 1007/1007/1007 1008/1008/1008 1012/1012/1012
f 1012/1012/1012 1008/1008/1008 1013/1013/1013
f 1014/1014/1014 1009/1009/1009 1015/1015/1015
f 1009/1009/1009 1010/1010/1010 1015/1015/1015
f 1010/1010/1010 1011/1011/1011 1015/1015/1015
f 1015/1015/1015 1011/1011/1011 1016/1016/1016
f 1016/1016/1016 1011/1011/1011 1017/1017/1017
f 1011/1011/1011 1012/1012/1012 1017/1017/1017
f 1012/1012/1012 1013/1013/1013 1017/1017/1017
f 1017/1017/1017 1013/1013/1013 1018/1018/1018
f 1019/1019/1019 1014/1014/1014 1020/1020/1020
f 1014/1014/1014 1015/1015/1015 1020/1020/1020
f 1015/1015/1015 1016/1016/1016 1020/1020/1020
f 1020/1020/1020 1016/1016/1016 1021/1021/1021
f 1021/1021/1021 1016/1016/1016 1022/1022/1022
f 1016/1016/1016 1017/1017/1017 1022/1022/1022
f 1017/1017/1017 1018/1018/1018 1022/1022/1022
f 1022/1022/1022 1018/1018/1018 1023/1023/1023
f 1024/1024/1024 1019/1019/1019 1025/1025/1025
f 1019/1019/1019 1020/1020/1020 1025/1025/1025
f 1020/1020/1020 1021/1021/1021 1025/1025/1025
f 1025/1025/1025 1021/1021/1021 1026/1026/1026
f 1026/1026/1026 1021/1021/1021 1027/1027/1027
f 1021/1021/1021 1022/1022/1022 1027/1027/1027
f 1022/1022/1022 1023/1023/1023 1027/1027/1027
f 1027/1027/1027 1023/1023/1023 1028/1028/1028
f 1029/1029/1029 1024/1024/1024 1030/1030/1030
f 1024/1024/1024 1025/1025/1025 1030/1030/1030
f 1025/1025/1025 1026/1026/1026 1030/1030/1030
f 1030/1030/1030 1026/1026/1026 1031/1031/1031
f 1031/1031/1031 1026/1026/1026 1032/1032/1032
f 1026/1026/1026 1027/1027/1027 1032/1032/1032
f 1027/1027/1027 1028/1028/1028 1032/1032/1032
f 1032/1032/1032 1028/1028/1028 1033/1033/1033
f 1034/1034/1034 1029/1029/1029 1035/1035/1035
f 1029/1029/1029 1030/1030/1030 1035/1035/1035
f 1030/1030/1030 1031/1031/1031 1035/1035/1035
f 1035/1035/1035 1031/1031/1031 1036/1036/1036
f 1036/1036/1036 1031/1031/1031 1037/1037/1037
f 1031/1031/1031 1032/1032/1032 1037/1037/1037
f 1032/1032/1032 1033/1033/1033 1037/1037/1037
f 1037/1037/1037 1033/1033/1033 1038/1038/1038
f 1040/1040/1040 1039/1039/1039 1041/1041/1041
f 1039/1039/1039 1042/1042/1042 1041/1041/1041
f 1042/1042/1042 1043/1043/1043 1041/1041/1041
f 1041/1041/1041 1043/1043/1043 1044/1044/1044
f 1044/1044/1044 1043/1043/1043 1045/1045/1045
f 1043/1043/1043 1046/1046/1046 1045/1045/1045
f 1046/1046/1046 1047/1047/1047 1045/1045/1045
f 1045/1045/1045 1047/1047/1047 1048/1048/1048
f 1049/1049/1049 1040/1040/1040 1050/1050/1050
f 1040/1040/1040 1041/1041/1041 1050/1050/1050
f 1041/1041/1041 1044/1044/1044 1050/1050/1050
f 1050/1050/1050 1044/1044/1044 1051/1051/1051
f 1051/1051/1051 1044/1044/1044 1052/1052/1052
f 1044/1044/1044 1045/1045/1045 1052/1052/1052
f 1045/1045/1045 1048/1048/1048 1052/1052/1052
f 1052/1052/1052 1048/1048/1048 1053/1053/1053
f 1054/1054/1054 1049/1049/1049 1055/1055/1055
f 1049/1049/1049 1050/1050/1050 1055/1055/1055
f 1050/1050/1050 1051/1051/1051 1055/1055/1055
f 1055/1055/1055 1051/1051/1051 1056/1056/1056
f 1056/1056/1056 1051/1051/1051 1057/1057/1057
f 1051/1051/1051 1052/1052/1052 1057/1057/1057
f 1052/1052/1052 1053/1053/1053 1057/1057/1057
f 1057/1057/1057 1053/1053/1053 1058/1058/1058
f 1059/1059/1059 1054/1054/1054 1060/1060/1060
f 1054/1054/1054 1055/1055/1055 1060/1060/1060
f 1055/1055/1055 1056/1056/1056 1060/1060/1060
f 1060/1060/1060 1056/1056/1056 1061/1061/1061
f 1061/1061/1061 1056/1056/1056 1062/1062/1062
f 1056/1056/1056 1057/1057/1057 1062/1062/1062
f 1057/1057/1057 1058/1058/1058 1062/1062/1062
f 1062/1062/1062 1058/1058/1058 1063/1063/1063
f 1064/1064/1064 1059/1059/1059 1065/1065/1065
f 1059/1059/1059 1060/1060/1060 1065/1065/1065
f 1060/1060/1060 1061/1061/1061 1065/1065/1065
f 1065/1065/1065 1061/1061/1061 1066/1066/1066
f 1066/1066/1066 1061/1061/1061 1067/1067/1067
f 1061/1061/1061 1062/1062/1062 1067/1067/1067
f 1062/1062/1062 1063/1063/1063 1067/1067/1067
f 1067/1067/1067 1063/1063/1063 1068/1068/1068
f 1069/1069/1069 1064/1064/1064 1070/1070/1070
f 1064/1064/1064 1065/1065/1065 1070/1070/1070
f 1065/1065/1065 1066/1066/1066 1070/1070/1070
f 1070/1070/1070 1066/1066/1066 1071/1071/1071
f 1071/1071/1071 1066/1066/1066 1072/1072/1072
f 1066/1066/1066 1067/1067/1067 1072/1072/1072
f 1067/1067/1067 1068/1068/1068 1072/1072/1072
f 1072/1072/1072 1068/1068/1068 1073/1073/1073
f 1074/1074/1074 1069/1069/1069 1075/1075/1075
f 1069/1069/1069 1070/1070/1070 1075/1075/1075
f 1070/1070/1070 1071/1071/1071 1075/1075/1075
f 1075/1075/1075 1071/1071/1071 1076/1076/1076
f 1076/1076/1076 1071/1071/1071 1077/1077/1077
f 1071/1071/1071 1072/1072/1072 1077/1077/1077
f 1072/1072/1072 1073/1073/1073 1077/1077/1077
f 1077/1077/1077 1073/1073/1073 1078/1078/1078
f 1079/1079/1079 1074/1074/1074 1080/1080/1080
f 1074/1074/1074 1075/1075/1075 1080/1080/1080
f 1075/1075/1075 1076/1076/1076 1080/1080/1080
f 1080/1080/1080 1076/1076/1076 1081/1081/1081
f 1081/1081/1081 1076/1076/1076 1082/1082/1082
f 1076/1076/1076 1077/1077/1077 1082/1082/1082
f 1077/1077/1077 1078/1078/1078 1082/1082/1082
f 1082/1082/1082 1078/1078/1078 1083/1083/1083
f 1084/1084/1084 1079/1079/1079 1085/1085/1085
f 1079/1079/1079 1080/1080/1080 1085/1085/1085
f 1080/1080/1080 1081/1081/1081 1085/1085/1085
f 1085/1085/1085 1081/1081/1081 1086/1086/1086
f 1086/1086/1086 1081/1081/1081 1087/1087/1087
f 1081/1081/1081 1082/1082/1082 1087/1087/1087
f 1082/1082/1082 1083/1083/1083 1087/1087/1087
f 1087/1087/1087 1083/1083/1083 1088/1088/1088
f 1089/1089/1089 1084/1084/1084 1090/1090/1090
f 1084/1084/1084 1085/1085/1085 1090/1090/1090
f 1085/1085/1085 1086/1086/1086 1090/1090/1090
f 1090/1090/1090 1086/1086/1086 1091/1091/1091
f 1091/1091/1091 1086/1086/1086 1092/1092/1092
f 1086/1086/1086 1087/1087/1087 1092/1092/1092
f 1087/1087/1087 1088/1088/1088 1092/1092/1092
f 1092/1092/1092 1088/1088/1088 1093/1093/1093
f 1094/1094/1094 1089/1089/1089 1095/1095/1095
f 1089/1089/1089 1090/1090/1090 1095/1095/1095
f 1090/1090/1090 1091/1091/1091 1095/1095/1095
f 1095/1095/1095 1091/1091/1091 1096/1096/1096
f 1096/1096/1096 1091/1091/1091 1097/1097/1097
f 1091/1091/1091 1092/1092/1092 1097/1097/1097
f 1092/1092/1092 1093/1093/1093 1097/1097/1097
f 1097/1097/1097 1093/1093/1093 1098/1098/1098
f 1100/1100/1100 1099/1099/1099 1101/1101/1101
f 1099/1099/1099 1102/1102/1102 1101/1101/1101
f 1102/1102/1102 1103/1103/1103 1101/1101/1101
f 1101/1101/1101 1103/1103/1103 1104/1104/1104
f 1104/1104/1104 1103/1103/1103 1105/1105/1105
f 1103/1103/1103 1106/1106/1106 1105/1105/1105
f 1106/1106/1106 1107/1107/1107 1105/1105/1105
f 1105/1105/1105 1107/1107/1107 1108/1108/1108
f 1109/1109/1109 1100/1100/1100 1110/1110/1110
f 1100/1100/1100 1101/1101/1101 1110/1110/1110
f 1101/1101/1101 1104/1104/1104 1110/1110/1110
f 1110/1110/1110 1104/1104/1104 1111/1111/1111
f 1111/1111/1111 1104/1104/1104 1112/1112/1112
f 1104/1104/1104 1105/1105/1105 1112/1112/1112
f 1105/1105/1105 1108/1108/1108 1112/1112/1112
f 1112/1112/1112 1108/1108/1108 1113/1113/1113
f 1114/1114/1114 1109/1109/1109 1115/1115/1115
f 1109/1109/1109 1110/1110/1110 1115/1115/1115
f 1110/1110/1110 1111/1111/1111 1115/1115/1115
f 1115/1115/1115 1111/1111/1111 1116/1116/1116
f 1116/1116/1116 1111/1111/1111 1117/1117/1117
f 1111/1111/1111 1112/1112/1112 1117/1117/1117
f 1112/1112/1112 1113/1113/1113 1117/1117/1117
f 1117/1117/1117 1113/1113/1113 1118/1118/1118
f 1119/1119/1119 1114/1114/1114 1120/1120/1120
f 1114/1114/1114 1115/1115/1115 1120/1120/1120
f 1115/1115/1115 1116/1116/1116 1120/1120/1120
f 1120/1120/1120 1116/1116/1116 1121/1121/1121
f 1121/1121/1121 1116/1116/1116 1122/1122/1122
f 1116/1116/1116 1117/1117/1117 1122/1122/1122
f 1117/1117/1117 1118/1118/1118 1122/1122/1122
f 1122/1122/1122 1118/1118/1118 1123/1123/1123
f 1124/1124/1124 1119/1119/1119 1125/1125/1125
f 1119/1119/1119 1120/1120/1120 1125/1125/1125
f 1120/1120/1120 1121/1121/1121 1125/1125/1125
f 1125/1125/1125 1121/1121/1121 1126/1126/1126
f 1126/1126/1126 1121/1121/1121 1127/1127/1127
f 1121/1121/1121 1122/1122/1122 1127/1127/1127
f 1122/1122/1122 1123/1123/1123 1127/1127/1127
f 1127/1127/1127 1123/1123/1123 1128/1128/1128
f 1129/1129/1129 1124/1124/1124 1130/1130/1130
f 1124/1124/1124 1125/1125/1125 1130/1130/1130
f 1125/1125/1125 1126/1126/1126 1130/1130/1130
f 1130/1130/1130 1126/1126/1126 1131/1131/1131
f 1131/1131/1131 1126/1126/1126 1132/1132/1132
f 1126/1126/1126 1127/1127/1127 1132/1132/1132
f 1127/1127/1127 1128/1128/1128 1132/1132/1132
f 1132/1132/1132 1128/1128/1128 1133/1133/1133
f 1134/1134/1134 1129/1129/1129 1135/1135/1135
f 1129/1129/1129 1130/1130/1130 1135/1135/1135
f 1130/1130/1130 1131/1131/1131 1135/1135/1135
f 1135/1135/1135 1131/1131/1131 1136/1136/1136
f 1136/1136/1136 1131/1131/1131 1137/1137/1137
f 1131/1131/1131 1132/1132/1132 1137/1137/1137
f 1132/1132/1132 1133/1133/1133 1137/1137/1137
f 1137/1137/1137 1133/1133/1133 1138/1138/1138
f 1139/1139/1139 1134/1134/1134 1140/1140/1140
f 1134/1134/1134 1135/1135/1135 1140/1140/1140
f 1135/1135/1135 1136/1136/1136 1140/1140/1140
f 1140/1140/1140 1136/1136/1136 1141/1141/1141
f 1141/1141/1141 1136/1136/1136 1142/1142/1142
f 1136/1136/1136 1137/1137/1137 1142/1142/1142
f 1137/1137/1137 1138/1138/1138 1142/1142/1142
f 1142/1142/1142 1138/1138/1138 1143/1143/1143
f 1144/1144/1144 1139/1139/1139 1145/1145/1145
f 1139/1139/1139 1140/1140/1140 1145/1145/1145
f 1140/1140/1140 1141/1141/1141 1145/1145/1145
f 1145/1145/1145 1141/1141/1141 1146/1146/1146
f 1146/1146/1146 1141/1141/1141 1147/1147/1147
f 1141/1141/1141 1142/1142/1142 1147/1147/1147
f 1142/1142/1142 1143/1143/1143 1147/1147/1147
f 1147/1147/1147 1143/1143/1143 1148/1148/1148
f 1149/1149/1149 1144/1144/1144 1150/1150/1150
f 1144/1144/1144 1145/1145/1145 1150/1150/1150
f 1145/1145/1145 1146/1146/1146 1150/1150/1150
f 1150/1150/1150 1146/1146/1146 1151/1151/1151
f 1151/1151/1151 1146/1146/1146 1152/1152/1152
f 1146/1146/1146 1147/1147/1147 1152/1152/1152
f 1147/1147/1147 1148/1148/1148 1152/1152/1152
f 1152/1152/1152 1148/1148/1148 1153/1153/1153
f 1154/1154/1154 1149/1149/1149 1155/1155/1155
f 1149/1149/1149 1150/1150/1150 1155/1155/1155
f 1150/1150/1150 1151/1151/1151 1155/1155/1155
f 1155/1155/1155 1151/1151/1151 1156/1156/1156
f 1156/1156/1156 1151/1151/1151 1157/1157/1157
f 1151/1151/1151 1152/1152/1152 1157/1157/1157
f 1152/1152/1152 1153/1153/1153 1157/1157/1157
f 1157/1157/1157 1153/1153/1153 1158/1158/1158
f 1160/1160/1160 1159/1159/1159 1161/1161/1161
f 1159/1159/1159 1162/1162/1162 1161/1161/1161
f 1162/1162/1162 1163/1163/1163 1161/1161/1161
f 1161/1161/1161 1163/1163/1163 1164/1164/1164
f 1164/1164/1164 1163/1163/1163 1165/1165/1165
f 1163/1163/1163 1166/1166/1166 1165/1165/1165
f 1166/1166/1166 1167/1167/1167 1165/1165/1165
f 1165/1165/1165 1167/1167/1167 1168/1168/1168
f 1169/1169/1169 1160/1160/1160 1170/1170/1170
f 1160/1160/1160 1161/1161/1161 1170/1170/1170
f 1161/1161/1161 1164/1164/1164 1170/1170/1170
f 1170/1170/1170 1164/1164/1164 1171/1171/1171
f 1171/1171/1171 1164/1164/1164 1172/1172/1172
f 1164/1164/1164 1165/1165/1165 1172/1172/1172
f 1165/1165/1165 1168/1168/1168 1172/1172/1172
f 1172/1172/1172 1168/1168/1168 1173/1173/1173
f 1174/1174/1174 1169/1169/1169 1175/1175/1175
f 1169/1169/1169 1170/1170/1170 1175/1175/1175
f 1170/1170/1170 1171/1171/1171 1175/1175/1175
f 1175/1175/1175 1171/1171/1171 1176/1176/1176
f 1176/1176/1176 1171/1171/1171 1177/1177/1177
f 1171/1171/1171 1172/1172/1172 1177/1177/1177
f 1172/1172/1172 1173/1173/1173 1177/1177/1177
f 1177/1177/1177 1173/1173/1173 1178/1178/1178
f 1179/1179/1179 1174/1174/1174 1180/1180/1180
f 1174/1174/1174 1175/1175/1175 1180/1180/1180
f 1175/1175/1175 1176/1176/1176 1180/1180/1180
f 1180/1180/1180 1176/1176/1176 1181/1181/1181
f 1181/1181/1181 1176/1176/1176 1182/1182/1182
f 1176/1176/1176 1177/1177/1177 1182/1182/1182
f 1177/1177/1177 1178/1178/1178 1182/1182/1182
f 1182/1182/1182 1178/1178/1178 1183/1183/1183
f 1184/1184/1184 1179/1179/1179 1185/1185/1185
f 1179/1179/1179 1180/1180/1180 1185/1185/1185
f 1180/1180/1180 1181/1181/1181 1185/1185/1185
f 1185/1185/1185 1181/1181/1181 1186/1186/1186
f 1186/1186/1186 1181/1181/1181 1187/1187/1187
f 1181/1181/1181 1182/1182/1182 1187/1187/1187
f 1182/1182/1182 1183/1183/1183 1187/1187/1187
f 1187/1187/1187 1183/1183/1183 1188/1188/1188
f 1189/1189/1189 1184/1184/1184 1190/1190/1190
f 1184/1184/1184 1185/1185/1185 1190/1190/1190
f 1185/1185/1185 1186/1186/1186 1190/1190/1190
f 1190/1190/1190 1186/1186/1186 1191/1191/1191
f 1191/1191/1191 1186/1186/1186 1192/1192/1192
f 1186/1186/1186 1187/1187/1187 1192/1192/1192
f 1187/1187/1187 1188/1188/1188 1192/1192/1192
f 1192/1192/1192 1188/1188/1188 1193/1193/1193
f 1194/1194/1194 1189/1189/1189 1195/1195/1195
f 1189/1189/1189 1190/1190/1190 1195/1195/1195
f 1190/1190/1190 1191/1191/1191 1195/1195/1195
f 1195/1195/1195 1191/1191/1191 1196/1196/1196
f 1196/1196/1196 1191/1191/1191 1197/1197/1197
f 1191/1191/1191 1192/1192/1192 1197/1197/1197
f 1192/1192/1192 1193/1193/1193 1197/1197/1197
f 1197/1197/1197 1193/1193/1193 1198/1198/1198
f 1199/1199/1199 1194/1194/1194 1200/1200/1200
f 1194/1194/1194 1195/1195/1195 1200/1200/1200
f 1195/1195/1195 1196/1196/1196 1200/1200/1200
f 1200/1200/1200 1196/1196/1196 1201/1201/1201
f 1201/1201/1201 1196/1196/1196 1202/1202/1202
f 1196/1196/1196 1197/1197/1197 1202/1202/1202
f 1197/1197/1197 1198/1198/1198 1202/1202/1202
f 1202/1202/1202 1198/1198/1198 1203/1203/1203
f 1204/1204/1204 1199/1199/1199 1205/1205/1205
f 1199/1199/1199 1200/1200/1200 1205/1205/1205
f 1200/1200/1200 1201/1201/1201 1205/1205/1205
f 1205/1205/1205 1201/1201/1201 1206/1206/1206
f 1206/1206/1206 1201/1201/1201 1207/1207/1207
f 1201/1201/1201 1202/1202/1202 1207/1207/1207
f 1202/1202/1202 1203/1203/1203 1207/1207/1207
f 1207/1207/1207 1203/1203/1203 1208/1208/1208
f 1209/1209/1209 1204/1204/1204 1210/1210/1210
f 1204/1204/1204 1205/1205/1205 1210/1210/1210
f 1205/1205/1205 1206/1206/1206 1210/1210/1210
f 1210/1210/1210 1206/1206/1206 1211/1211/1211
f 1211/1211/1211 1206/1206/1206 1212/1212/1212
f 1206/1206/1206 1207/1207/1207 1212/1212/1212
f 1207/1207/1207 1208/1208/1208 1212/1212/1212
f 1212/1212/1212 1208/1208/1208 1213/1213/1213
f 1214/1214/1214 1209/1209/1209 1215/1215/1215
f 1209/1209/1209 1210/1210/1210 1215/1215/1215
f 1210/1210/1210 1211/1211/1211 1215/1215/1215
f 1215/1215/1215 1211/1211/1211 1216/1216/1216
f 1216/1216/1216 1211/1211/1211 1217/1217/1217
f 1211/1211/1211 1212/1212/1212 1217/1217/1217
f 1212/1212/1212 1213/1213/1213 1217/1217/1217
f 1217/1217/1217 1213/1213/1213 1218/1218/1218
f 1220/1220/1220 1219/1219/1219 1221/1221/1221
f 1219/1219/1219 1222/1222/1222 1221/1221/1221
f 1222/1222/1222 1223/1223/1223 1221/1221/1221
f 1221/1221/1221 1223/1223/1223 1224/1224/1224
f 1224/1224/1224 1223/1223/1223 1225/1225/1225
f 1223/1223/1223 1226/1226/1226 1225/1225/1225
f 1226/1226/1226 1227/1227/1227 1225/1225/1225
f 1225/1225/1225 1227/1227/1227 1228/1228/1228
f 1229/1229/1229 1220/1220/1220 1230/1230/1230
f 1220/1220/1220 1221/1221/1221 1230/1230/1230
f 1221/1221/1221 1224/1224/1224 1230/1230/1230
f 1230/1230/1230 1224/1224/1224 1231/1231/1231
f 1231/1231/1231 1224/1224/1224 1232/1232/1232
f 1224/1224/1224 1225/1225/1225 1232/1232/1232
f 1225/1225/1225 1228/1228/1228 1232/1232/1232
f 1232/1232/1232 1228/1228/1228 1233/1233/1233
f 1234/1234/1234 1229/1229/1229 1235/1235/1235
f 1229/1229/1229 1230/1230/1230 1235/1235/1235
f 1230/1230/1230 1231/1231/1231 1235/1235/1235
f 1235/1235/1235 1231/1231/1231 1236/1236/1236
f 1236/1236/1236 1231/1231/1231 1237/1237/1237
f 1231/1231/1231 1232/1232/1232 1237/1237/1237
f 1232/1232/1232 1233/1233/1233 1237/1237/1237
f 1237/1237/1237 1233/1233/1233 1238/1238/1238
f 1239/1239/1239 1234/1234/1234 1240/1240/1240
f 1234/1234/1234 1235/1235/1235 1240/1240/1240
f 1235/1235/1235 1236/1236/1236 1240/1240/1240
f 1240/1240/1240 1236/1236/1236 1241/1241/1241
f 1241/1241/1241 1236/1236/1236 1242/1242/1242
f 1236/1236/1236 1237/1237/1237 1242/1242/1242
f 1237/1237/1237 1238/1238/1238 1242/1242/1242
f 1242/1242/1242 1238/1238/1238 1243/1243/1243
f 1244/1244/1244 1239/1239/1239 1245/1245/1245
f 1239/1239/1239 1240/1240/1240 1245/1245/1245
f 1240/1240/1240 1241/1241/1241 1245/1245/1245
f 1245/1245/1245 1241/1241/1241 1246/1246/1246
f 1246/1246/1246 1241/1241/1241 1247/1247/1247
f 1241/1241/1241 1242/1242/1242 1247/1247/1247
f 1242/1242/1242 1243/1243/1243 1247/1247/1247
f 1247/1247/1247 1243/1243/1243 1248/1248/1248
f 1249/1249/1249 1244/1244/1244 1250/1250/1250
f 1244/1244/1244 1245/1245/1245 1250/1250/1250
f 1245/1245/1245 1246/1246/1246 1250/1250/1250
f 1250/1250/1250 1246/1246/1246 1251/1251/1251
f 1251/1251/1251 1246/1246/1246 1252/1252/1252
f 1246/1246/1246 1247/1247/1247 1252/1252/1252
f 1247/1247/1247 1248/1248/1248 1252/1252/1252
f 1252/1252/1252 1248/1248/1248 1253/1253/1253
f 1254/1254/1254 1249/1249/1249 1255/1255/1255
f 1249/1249/1249 1250/1250/1250 1255/1255/1255
f 1250/1250/1250 1251/1251/1251 1255/1255/1255
f 1255/1255/1255 1251/1251/1251 1256/1256/1256
f 1256/1256/1256 1251/1251/1251 1257/1257/1257
f 1251/1251/1251 1252/1252/1252 1257/1257/1257
f 1252/1252/1252 1253/1253/1253 1257/1257/1257
f 1257/1257/1257 1253/1253/1253 1258/1258/1258
f 1259/1259/1259 1254/1254/1254 1260/1260/1260
f 1254/1254/1254 1255/1255/1255 1260/1260/1260
f 1255/1255/1255 1256/1256/1256 1260/1260/1260
f 1260/1260/1260 1256/1256/1256 1261/1261/1261
f 1261/1261/1261 1256/1256/1256 1262/1262/1262
f 1256/1256/1256 1257/1257/1257 1262/1262/1262
f 1257/1257/1257 1258/1258/1258 1262/1262/1262
f 1262/1262/1262 1258/1258/1258 1263/1263/1263
f 1264/1264/1264 1259/1259/1259 1265/1265/1265
f 1259/1259/1259 1260/1260/1260 1265/1265/1265
f 1260/1260/1260 1261/1261/1261 1265/1265/1265
f 1265/1265/1265 1261/1261/1261 1266/1266/1266
f 1266/1266/1266 1261/1261/1261 1267/1267/1267
f 1261/1261/1261 1262/1262/1262 1267/1267/1267
f 1262/1262/1262 1263/1263/1263 1267/1267/1267
f 1267/1267/1267 1263/1263/1263 1268/1268/1268
f 1269/1269/1269 1264/1264/1264 1270/1270/1270
f 1264/1264/1264 1265/1265/1265 1270/1270/1270
f 1265/1265/1265 1266/1266/1266 1270/1270/1270
f 1270/1270/1270 1266/1266/1266 1271/1271/1271
f 1271/1271/1271 1266/1266/1266 1272/1272/1272
f 1266/1266/1266 1267/1267/1267 1272/1272/1272
f 1267/1267/1267 1268/1268/1268 1272/1272/1272
f 1272/1272/1272 1268/1268/1268 1273/1273/1273
f 1274/1274/1274 1269/1269/1269 1275/1275/1275
f 1269/1269/1269 1270/1270/1270 1275/1275/1275
f 1270/1270/1270 1271/1271/1271 1275/1275/1275
f 1275/1275/1275 1271/1271/1271 1276/1276/1276
f 1276/1276/1276 1271/1271/1271 1277/1277/1277
f 1271/1271/1271 1272/1272/1272 1277/1277/1277
f 1272/1272/1272 1273/1273/1273 1277/1277/1277
f 1277/1277/1277 1273/1273/1273 1278/1278/1278
f 1280/1280/1280 1279/1279/1279 1281/1281/1281
f 1279/1279/1279 1282/1282/1282 1281/1281/1281
f 1282/1282/1282 1283/1283/1283 1281/1281/1281
f 1281/1281/1281 1283/1283/1283 1284/1284/1284
f 1284/1284/1284 1283/1283/1283 1285/1285/1285
f 1283/1283/1283 1286/1286/1286 1285/1285/1285
f 1286/1286/1286 1287/1287/1287 1285/1285/1285
f 1285/1285/1285 1287/1287/1287 1288/1288/1288
f 1289/1289/1289 1280/1280/1280 1290/1290/1290
f 1280/1280/1280 1281/1281/1281 1290/1290/1290
f 1281/1281/1281 1284/1284/1284 1290/1290/1290
f 1290/1290/1290 1284/1284/1284 1291/1291/1291
f 1291/1291/1291 1284/1284/1284 1292/1292/1292
f 1284/1284/1284 1285/1285/1285 1292/1292/1292
f 1285/1285/1285 1288/1288/1288 1292/1292/1292
f 1292/1292/1292 1288/1288/1288 1293/1293/1293
f 1294/1294/1294 1289/1289/1289 1295/1295/1295
f 1289/1289/1289 1290/1290/1290 1295/1295/1295
f 1290/1290/1290 1291/1291/1291 1295/1295/1295
f 1295/1295/1295 1291/1291/1291 1296/1296/1296
f 1296/1296/1296 1291/1291/1291 1297/1297/1297
f 1291/1291/1291 1292/1292/1292 1297/1297/1297
f 1292/1292/1292 1293/1293/1293 1297/1297/1297
f 1297/1297/1297 1293/1293/1293 1298/1298/1298
f 1299/1299/1299 1294/1294/1294 1300/1300/1300
f 1294/1294/1294 1295/1295/1295 1300/1300/1300
f 1295/1295/1295 1296/1296/1296 1300/1300/1300
f 1300/1300/1300 1296/1296/1296 1301/1301/1301
f 1301/1301/1301 1296/1296/1296 1302/1302/1302
f 1296/1296/1296 1297/1297/1297 1302/1302/1302
f 1297/1297/1297 1298/1298/1298 1302/1302/1302
f 1302/1302/1302 1298/1298/1298 1303/1303/1303
f 1304/1304/1304 1299/1299/1299 1305/1305/1305
f 1299/1299/1299 1300/1300/1300 1305/1305/1305
f 1300/1300/1300 1301/1301/1301 1305/1305/1305
f 1305/1305/1305 1301/1301/1301 1306/1306/1306
f 1306/1306/1306 1301/1301/1301 1307/1307/1307
f 1301/1301/1301 1302/1302/1302 1307/1307/1307
f 1302/1302/1302 1303/1303/1303 1307/1307/1307
f 1307/1307/1307 1303/1303/1303 1308/1308/1308
f 1309/1309/1309 1304/1304/1304 1310/1310/1310
f 1304/1304/1304 1305/1305/1305 1310/1310/1310
f 1305/1305/1305 1306/1306/1306 1310/1310/1310
f 1310/1310/1310 1306/1306/1306 1311/1311/1311
f 1311/1311/1311 1306/1306/1306 1312/1312/1312
f 1306/1306/1306 1307/1307/1307 1312/1312/1312
f 1307/1307/1307 1308/1308/1308 1312/1312/1312
f 1312/1312/1312 1308/1308/1308 1313/1313/1313
f 1314/1314/1314 1309/1309/1309 1315/1315/1315
f 1309/1309/1309 1310/1310/1310 1315/1315/1315
f 1310/1310/1310 1311/1311/1311 1315/1315/1315
f 1315/1315/1315 1311/1311/1311 1316/1316/1316
f 1316/1316/1316 1311/1311/1311 1317/1317/1317
f 1311/1311/1311 1312/1312/1312 1317/1317/1317
f 1312/1312/1312 1313/1313/1313 1317/1317/1317
f 1317/1317/1317 1313/1313/1313 1318/1318/1318
f 1319/1319/1319 1314/1314/1314 1320/1320/1320
f 1314/1314/1314 1315/1315/1315 1320/1320/1320
f 1315/1315/1315 1316/1316/1316 1320/1320/1320
f 1320/1320/1320 1316/1316/1316 1321/1321/1321
f 1321/1321/1321 1316/1316/1316 1322/1322/1322
f 1316/1316/1316 1317/1317/1317 1322/1322/1322
f 1317/1317/1317 1318/1318/1318 1322/1322/1322
f 1322/1322/1322 1318/1318/1318 1323/1323/1323
f 1324/1324/1324 1319/1319/1319 1325/1325/1325
f 1319/1319/1319 1320/1320/1320 1325/1325/1325
f 1320/1320/1320 1321/1321/1321 1325/1325/1325
f 1325/1325/1325 1321/1321/1321 1326/1326/1326
f 1326/1326/1326 1321/1321/1321 1327/1327/1327
f 1321/1321/1321 1322/1322/1322 1327/1327/1327
f 1322/1322/1322 1323/1323/1323 1327/1327/1327
f 1327/1327/1327 1323/1323/1323 1328/1328/1328
f 1329/1329/1329 1324/1324/1324 1330/1330/1330
f 1324/1324/1324 1325/1325/1325 1330/1330/1330
f 1325/1325/1325 1326/1326/1326 1330/1330/1330
f 1330/1330/1330 1326/1326/1326 1331/1331/1331
f 1331/1331/1331 1326/1326/1326 1332/1332/1332
f 1326/1326/1326 1327/1327/1327 1332/1332/1332
f 1327/1327/1327 1328/1328/1328 1332/1332/1332
f 1332/1332/1332 1328/1328/1328 1333/1333/1333
f 1334/1334/1334 1329/1329/1329 1335/1335/1335
f 1329/1329/1329 1330/1330/1330 1335/1335/1335
f 1330/1330/1330 1331/1331/1331 1335/1335/1335
f 1335/1335/1335 1331/1331/1331 1336/1336/1336
f 1336/1336/1336 1331/1331/1331 1337/1337/1337
f 1331/1331/1331 1332/1332/1332 1337/1337/1337
f 1332/1332/1332 1333/1333/1333 1337/1337/1337
f 1337/1337/1337 1333/1333/1333 1338/1338/1338
f 1340/1340/1340 1339/1339/1339 1341/1341/1341
f 1339/1339/1339 1342/1342/1342 1341/1341/1341
f 1342/1342/1342 1343/1343/1343 1341/1341/1341
f 1341/1341/1341 1343/1343/1343 1344/1344/1344
f 1344/1344/1344 1343/1343/1343 1345/1345/1345
f 1343/1343/1343 1346/1346/1346 1345/1345/1345
f 1346/1346/1346 1347/1347/1347 1345/1345/1345
f 1345/1345/1345 1347/1347/1347 1348/1348/1348
f 1349/1349/1349 1340/1340/1340 1350/1350/1350
f 1340/1340/1340 1341/1341/1341 1350/1350/1350
f 1341/1341/1341 1344/1344/1344 1350/1350/1350
f 1350/1350/1350 1344/1344/1344 1351/1351/1351
f 1351/1351/1351 1344/1344/1344 1352/1352/1352
f 1344/1344/1344 1345/1345/1345 1352/1352/1352
f 1345/1345/1345 1348/1348/1348 1352/1352/1352
f 1352/1352/1352 1348/1348/1348 1353/1353/1353
f 1354/1354/1354 1349/1349/1349 1355/1355/1355
f 1349/1349/1349 1350/1350/1350 1355/1355/1355
f 1350/1350/1350 1351/1351/1351 1355/1355/1355
f 1355/1355/1355 1351/1351/1351 1356/1356/1356
f 1356/1356/1356 1351/1351/1351 1357/1357/1357
f 1351/1351/1351 1352/1352/1352 1357/1357/1357
f 1352/1352/1352 1353/1353/1353 1357/1357/1357
f 1357/1357/1357 1353/1353/1353 1358/1358/1358
f 1359/1359/1359 1354/1354/1354 1360/1360/1360
f 1354/1354/1354 1355/1355/1355 1360/1360/1360
f 1355/1355/1355 1356/1356/1356 1360/1360/1360
f 1360/1360/1360 1356/1356/1356 1361/1361/1361
f 1361/1361/1361 1356/1356/1356 1362/1362/1362
f 1356/1356/1356 1357/1357/1357 1362/1362/1362
f 1357/1357/1357 1358/1358/1358 1362/1362/1362
f 1362/1362/1362 1358/1358/1358 1363/1363/1363
f 1364/1364/1364 1359/1359/1359 1365/1365/1365
f 1359/1359/1359 1360/1360/1360 1365/1365/1365
f 1360/1360/1360 1361/1361/1361 1365/1365/1365
f 1365/1365/1365 1361/1361/1361 1366/1366/1366
f 1366/1366/1366 1361/1361/1361 1367/1367/1367
f 1361/1361/1361 1362/1362/1362 1367/1367/1367
f 1362/1362/1362 1363/1363/1363 1367/1367/1367
f 1367/1367/1367 1363/1363/1363 1368/1368/1368
f 1369/1369/1369 1364/1364/1364 1370/1370/1370
f 1364/1364/1364 1365/1365/1365 1370/1370/1370
f 1365/1365/1365 1366/1366/1366 1370/1370/1370
f 1370/1370/1370 1366/1366/1366 1371/1371/1371
f 1371/1371/1371 1366/1366/1366 1372/1372/1372
f 1366/1366/1366 1367/1367/1367 1372/1372/1372
f 1367/1367/1367 1368/1368/1368 1372/1372/1372
f 1372/1372/1372 1368/1368/1368 1373/1373/1373
f 1374/1374/1374 1369/1369/1369 1375/1375/1375
f 1369/1369/1369 1370/1370/1370 1375/1375/1375
f 1370/1370/1370 1371/1371/1371 1375/1375/1375
f 1375/1375/1375 1371/1371/1371 1376/1376/1376
f 1376/1376/1376 1371/1371/1371 1377/1377/1377
f 1371/1371/1371 1372/1372/1372 1377/1377/1377
f 1372/1372/1372 1373/1373/1373 1377/1377/1377
f 1377/1377/1377 1373/1373/1373 1378/1378/1378
f 1379/1379/1379 1374/1374/1374 1380/1380/1380
f 1374/1374/1374 1375/1375/1375 1380/1380/1380
f 1375/1375/1375 1376/1376/1376 1380/1380/1380
f 1380/1380/1380 1376/1376/1376 1381/1381/1381
f 1381/1381/1381 1376/1376/1376 1382/1382/1382
f 1376/1376/1376 1377/1377/1377 1382/1382/1382
f 1377/1377/1377 1378/1378/1378 1382/1382/1382
f 1382/1382/1382 1378/1378/1378 1383/1383/1383
f 1384/1384/1384 1379/1379/1379 1385/1385/1385
f 1379/1379/1379 1380/1380/1380 1385/1385/1385
f 1380/1380/1380 1381/1381/1381 1385/1385/1385
f 1385/1385/1385 1381/1381/1381 1386/1386/1386
f 1386/1386/1386 1381/1381/1381 1387/1387/1387
f 1381/1381/1381 1382/1382/1382 1387/1387/1387
f 1382/1382/1382 1383/1383/1383 1387/1387/1387
f 1387/1387/1387 1383/1383/1383 1388/1388/1388
f 1389/1389/1389 1384/1384/1384 1390/1390/1390
f 1384/1384/1384 1385/1385/1385 1390/1390/1390
f 1385/1385/1385 1386/1386/1386 1390/1390/1390
f 1390/1390/1390 1386/1386/1386 1391/1391/1391
f 1391/1391/1391 1386/1386/1386 1392/1392/1392
f 1386/1386/1386 1387/1387/1387 1392/1392/1392
f 1387/1387/1387 1388/1388/1388 1392/1392/1392
f 1392/1392/1392 1388/1388/1388 1393/1393/1393
f 1394/1394/1394 1389/1389/1389 1395/1395/1395
f 1389/1389/1389 1390/1390/1390 1395/1395/1395
f 1390/1390/1390 1391/1391/1391 1395/1395/1395
f 1395/1395/1395 1391/1391/1391 1396/1396/1396
f 1396/1396/1396 1391/1391/1391 1397/1397/1397
f 1391/1391/1391 1392/1392/1392 1397/1397/1397
f 1392/1392/1392 1393/1393/1393 1397/1397/1397
f 1397/1397/1397 1393/1393/1393 1398/1398/1398
f 1400/1400/1400 1399/1399/1399 1401/1401/1401
f 1399/1399/1399 1402/1402/1402 1401/1401/1401
f 1402/1402/1402 1403/1403/1403 1401/1401/1401
f 1401/1401/1401 1403/1403/1403 1404/1404/1404
f 1404/1404/1404 1403/1403/1403 1405/1405/1405
f 1403/1403/1403 1406/1406/1406 1405/1405/1405
f 1406/1406/1406 1407/1407/1407 1405/1405/1405
f 1405/1405/1405 1407/1407/1407 1408/1408/1408
f 1409/1409/1409 1400/1400/1400 1410/1410/1410
f 1400/1400/1400 1401/1401/1401 1410/1410/1410
f 1401/1401/1401 1404/1404/1404 1410/1410/1410
f 1410/1410/1410 1404/1404/1404 1411/1411/1411
f 1411/1411/1411 1404/1404/1404 1412/1412/1412
f 1404/1404/1404 1405/1405/1405 1412/1412/1412
f 1405/1405/1405 1408/1408/1408 1412/1412/1412
f 1412/1412/1412 1408/1408/1408 1413/1413/1413
f 1414/1414/1414 1409/1409/1409 1415/1415/1415
f 1409/1409/1409 1410/1410/1410 1415/1415/1415
f 1410/1410/1410 1411/1411/1411 1415/1415/1415
f 1415/1415/1415 1411/1411/1411 1416/1416/1416
f 1416/1416/1416 1411/1411/1411 1417/1417/1417
f 1411/1411/1411 1412/1412/1412 1417/1417/1417
f 1412/1412/1412 1413/1413/1413 1417/1417/1417
f 1417/1417/1417 1413/1413/1413 1418/1418/1418
f 1419/1419/1419 1414/1414/1414 1420/1420/1420
f 1414/1414/1414 1415/1415/1415 1420/1420/1420
f 1415/1415/1415 1416/1416/1416 1420/1420/1420
f 1420/1420/1420 1416/1416/1416 1421/1421/1421
f 1421/1421/1421 1416/1416/1416 1422/1422/1422
f 1416/1416/1416 1417/1417/1417 1422/1422/1422
f 1417/1417/1417 1418/1418/1418 1422/1422/1422
f 1422/1422/1422 1418/1418/1418 1423/1423/1423
f 1424/1424/1424 1419/1419/1419 1425/1425/1425
f 1419/1419/1419 1420/1420/1420 1425/1425/1425
f 1420/1420/1420 1421/1421/1421 1425/1425/1425
f 1425/1425/1425 1421/1421/1421 1426/1426/1426
f 1426/1426/1426 1421/1421/1421 1427/1427/1427
f 1421/1421/1421 1422/1422/1422 1427/1427/1427
f 1422/1422/1422 1423/1423/1423 1427/1427/1427
f 1427/1427/1427 1423/1423/1423 1428/1428/1428
f 1429/1429/1429 1424/1424/1424 1430/1430/1430
f 1424/1424/1424 1425/1425/1425 1430/1430/1430
f 1425/1425/1425 1426/1426/1426 1430/1430/1430
f 1430/1430/1430 1426/1426/1426 1431/1431/1431
f 1431/1431/1431 1426/1426/1426 1432/1432/1432
f 1426/1426/1426 1427/1427/1427 1432/1432/1432
f 1427/1427/1427 1428/1428/1428 1432/1432/1432
f 1432/1432/1432 1428/1428/1428 1433/1433/1433
f 1434/1434/1434 1429/1429/1429 1435/1435/1435
f 1429/1429/1429 1430/1430/1430 1435/1435/1435
f 1430/1430/1430 1431/1431/1431 1435/1435/1435
f 1435/1435/1435 1431/1431/1431 1436/1436/1436
f 1436/1436/1436 1431/1431/1431 1437/1437/1437
f 1431/1431/1431 1432/1432/1432 1437/1437/1437
f 1432/1432/1432 1433/1433/1433 1437/1437/1437
f 1437/1437/1437 1433/1433/1433 1438/1438/1438
f 1439/1439/1439 1434/1434/1434 1440/1440/1440
f 1434/1434/1434 1435/1435/1435 1440/1440/1440
f 1435/1435/1435 1436/1436/1436 1440/1440/1440
f 1440/1440/1440 1436/1436/1436 1441/1441/1441
f 1441/1441/1441 1436/1436/1436 1442/1442/1442
f 1436/1436/1436 1437/1437/1437 1442/1442/1442
f 1437/1437/1437 1438/1438/1438 1442/1442/1442
f 1442/1442/1442 1438/1438/1438 1443/1443/1443
f 1444/1444/1444 1439/1439/1439 1445/1445/1445
f 1439/1439/1439 1440/1440/1440 1445/1445/1445
f 1440/1440/1440 1441/1441/1441 1445/1445/1445
f 1445/1445/1445 1441/1441/1441 1446/1446/1446
f 1446/1446/1446 1441/1441/1441 1447/1447/1447
f 1441/1441/1441 1442/1442/1442 1447/1447/1447
f 1442/1442/1442 1443/1443/1443 1447/1447/1447
f 1447/1447/1447 1443/1443/1443 1448/1448/1448
f 1449/1449/1449 1444/1444/1444 1450/1450/1450
f 1444/1444/1444 1445/1445/1445 1450/1450/1450
f 1445/1445/1445 1446/1446/1446 1450/1450/1450
f 1450/1450/1450 1446/1446/1446 1451/1451/1451
f 1451/1451/1451 1446/1446/1446 1452/1452/1452
f 1446/1446/1446 1447/1447/1447 1452/1452/1452
f 1447/1447/1447 1448/1448/1448 1452/1452/1452
f 1452/1452/1452 1448/1448/1448 1453/1453/1453
f 1454/1454/1454 1449/1449/1449 1455/1455/1455
f 1449/1449/1449 1450/1450/1450 1455/1455/1455
f 1450/1450/1450 1451/1451/1451 1455/1455/1455
f 1455/1455/1455 1451/1451/1451 1456/1456/1456
f 1456/1456/1456 1451/1451/1451 1457/1457/1457
f 1451/1451/1451 1452/1452/1452 1457/1457/1457
f 1452/1452/1452 1453/1453/1453 1457/1457/1457
f 1457/1457/1457 1453/1453/1453 1458/1458/1458
f 1460/1460/1460 1459/1459/1459 1461/1461/1461
f 1459/1459/1459 1462/1462/1462 1461/1461/1461
f 1462/1462/1462 1463/1463/1463 1461/1461/1461
f 1461/1461/1461 1463/1463/1463 1464/1464/1464
f 1464/1464/1464 1463/1463/1463 1465/1465/1465
f 1463/1463/1463 1466/1466/1466 1465/1465/1465
f 1466/1466/1466 1467/1467/1467 1465/1465/1465
f 1465/1465/1465 1467/1467/1467 1468/1468/1468
f 1469/1469/1469 1460/1460/1460 1470/1470/1470
f 1460/1460/1460 1461/1461/1461 1470/1470/1470
f 1461/1461/1461 1464/1464/1464 1470/1470/1470
f 1470/1470/1470 1464/1464/1464 1471/1471/1471
f 1471/1471/1471 1464/1464/1464 1472/1472/1472
f 1464/1464/1464 1465/1465/1465 1472/1472/1472
f 1465/1465/1465 1468/1468/1468 1472/1472/1472
f 1472/1472/1472 1468/1468/1468 1473/1473/1473
f 1474/1474/1474 1469/1469/1469 1475/1475/1475
f 1469/1469/1469 1470/1470/1470 1475/1475/1475
f 1470/1470/1470 1471/1471/1471 1475/1475/1475
f 1475/1475/1475 1471/1471/1471 1476/1476/1476
f 1476/1476/1476 1471/1471/1471 1477/1477/1477
f 1471/1471/1471 1472/1472/1472 1477/1477/1477
f 1472/1472/1472 1473/1473/1473 1477/1477/1477
f 1477/1477/1477 1473/1473/1473 1478/1478/1478
f 1479/1479/1479 1474/1474/1474 1480/1480/1480
f 1474/1474/1474 1475/1475/1475 1480/1480/1480
f 1475/1475/1475 1476/1476/1476 1480/1480/1480
f 1480/1480/1480 1476/1476/1476 1481/1481/1481
f 1481/1481/1481 1476/1476/1476 1482/1482/1482
f 1476/1476/1476 1477/1477/1477 1482/1482/1482
f 1477/1477/1477 1478/1478/1478 1482/1482/1482
f 1482/1482/1482 1478/1478/1478 1483/1483/1483
f 1484/1484/1484 1479/1479/1479 1485/1485/1485
f 1479/1479/1479 1480/1480/1480 1485/1485/1485
f 1480/1480/1480 1481/1481/1481 1485/1485/1485
f 1485/1485/1485 1481/1481/1481 1486/1486/1486
f 1486/1486/1486 1481/1481/1481 1487/1487/1487
f 1481/1481/1481 1482/1482/1482 1487/1487/1487
f 1482/1482/1482 1483/1483/1483 1487/1487/1487
f 1487/1487/1487 1483/1483/1483 1488/1488/1488
f 1489/1489/1489 1484/1484/1484 1490/1490/1490
f 1484/1484/1484 1485/1485/1485 1490/1490/1490
f 1485/1485/1485 1486/1486/1486 1490/1490/1490
f 1490/1490/1490 1486/1486/1486 1491/1491/1491
f 1491/1491/1491 1486/1486/1486 1492/1492/1492
f 1486/1486/1486 1487/1487/1487 1492/1492/1492
f 1487/1487/1487 1488/1488/1488 1492/1492/1492
f 1492/1492/1492 1488/1488/1488 1493/1493/1493
f 1494/1494/1494 1489/1489/1489 1495/1495/1495
f 1489/1489/1489 1490/1490/1490 1495/1495/1495
f 1490/1490/1490 1491/1491/1491 1495/1495/1495
f 1495/1495/1495 1491/1491/1491 1496/1496/1496
f 1496/1496/1496 1491/1491/1491 1497/1497/1497
f 1491/1491/1491 1492/1492/1492 1497/1497/1497
f 1492/1492/1492 1493/1493/1493 1497/1497/1497
f 1497/1497/1497 1493/1493/1493 1498/1498/1498
f 1499/1499/1499 1494/1494/1494 1500/1500/1500
f 1494/1494/1494 1495/1495/1495 1500/1500/1500
f 1495/1495/1495 1496/1496/1496 1500/1500/1500
f 1500/1500/1500 1496/1496/1496 1501/1501/1501
f 1501/1501/1501 1496/1496/1496 1502/1502/1502
f 1496/1496/1496 1497/1497/1497 1502/1502/1502
f 1497/1497/1497 1498/1498/1498 1502/1502/1502
f 1502/1502/1502 1498/1498/1498 1503/1503/1503
f 1504/1504/1504 1499/1499/1499 1505/1505/1505
f 1499/1499/1499 1500/1500/1500 1505/1505/1505
f 1500/1500/1500 1501/1501/1501 1505/1505/1505
f 1505/1505/1505 1501/1501/1501 1506/1506/1506
f 1506/1506/1506 1501/1501/1501 1507/1507/1507
f 1501/1501/1501 1502/1502/1502 1507/1507/1507
f 1502/1502/1502 1503/1503/1503 1507/1507/1507
f 1507/1507/1507 1503/1503/1503 1508/1508/1508
f 1509/1509/1509 1504/1504/1504 1510/1510/1510
f 1504/1504/1504 1505/1505/1505 1510/1510/1510
f 1505/1505/1505 1506/1506/1506 1510/1510/1510
f 1510/1510/1510 1506/1506/1506 1511/1511/1511
f 1511/1511/1511 1506/1506/1506 1512/1512/1512
f 1506/1506/1506 1507/1507/1507 1512/1512/1512
f 1507/1507/1507 1508/1508/1508 1512/1512/1512
f 1512/1512/1512 1508/1508/1508 1513/1513/1513
f 1514/1514/1514 1509/1509/1509 1515/1515/1515
f 1509/1509/1509 1510/1510/1510 1515/1515/1515
f 1510/1510/1510 1511/1511/1511 1515/1515/1515
f 1515/1515/1515 1511/1511/1511 1516/1516/1516
f 1516/1516/1516 1511/1511/1511 1517/1517/1517
f 1511/1511/1511 1512/1512/1512 1517/1517/1517
f 1512/1512/1512 1513/1513/1513 1517/1517/1517
f 1517/1517/1517 1513/1513/1513 1518/1518/1518

