// Created by Tree IT
mtllib CoconutPalm02.mtl
o tree
# Position
v 7.59619 21.24254 22.84326 0.00392 0.00000 0.00000 1.00000
v 2.64830 0.01520 17.21214 0.00392 0.00000 0.00000 1.00000
v 0.11595 21.81472 24.02586 0.00392 0.00000 0.00000 1.00000
v -0.07687 0.01538 17.41451 0.00392 0.00000 0.00000 1.00000
v 5.30827 0.01464 16.58594 0.00392 0.00000 0.00000 1.00000
v 14.34433 20.89507 19.40381 0.00392 0.00000 0.00000 1.00000
v 7.83753 0.01372 15.55134 0.00392 0.00000 0.00000 1.00000
v 10.17381 0.01246 14.13382 0.00392 0.00000 0.00000 1.00000
v 19.69982 20.80632 14.04420 0.00392 0.00000 0.00000 1.00000
v 12.25957 0.01090 12.36828 0.00392 0.00000 0.00000 1.00000
v 14.04346 0.00907 10.29819 0.00392 0.00000 0.00000 1.00000
v 23.13844 20.98499 7.28906 0.00392 0.00000 0.00000 1.00000
v 15.48155 0.00701 7.97452 0.00392 0.00000 0.00000 1.00000
v 16.53843 0.00479 5.45449 0.00392 0.00000 0.00000 1.00000
v 24.32358 21.41357 -0.20037 0.00392 0.00000 0.00000 1.00000
v 17.18809 0.00244 2.80016 0.00392 0.00000 0.00000 1.00000
v 17.41452 0.00004 0.07687 0.00392 0.00000 0.00000 1.00000
v 23.13924 22.05012 -7.69098 0.00392 0.00000 0.00000 1.00000
v 17.21214 -0.00237 -2.64830 0.00392 0.00000 0.00000 1.00000
v 16.58595 -0.00472 -5.30827 0.00392 0.00000 0.00000 1.00000
v 19.70134 22.83234 -14.44952 0.00392 0.00000 0.00000 1.00000
v 15.55135 -0.00695 -7.83753 0.00392 0.00000 0.00000 1.00000
v 14.13383 -0.00901 -10.17380 0.00392 0.00000 0.00000 1.00000
v 14.34642 23.68364 -19.81443 0.00392 0.00000 0.00000 1.00000
v 12.36828 -0.01085 -12.25956 0.00392 0.00000 0.00000 1.00000
v 10.29819 -0.01242 -14.04345 0.00392 0.00000 0.00000 1.00000
v 7.59865 24.52070 -23.26054 0.00392 0.00000 0.00000 1.00000
v 7.97452 -0.01369 -15.48155 0.00392 0.00000 0.00000 1.00000
v 5.45449 -0.01462 -16.53843 0.00392 0.00000 0.00000 1.00000
v 0.11854 25.26158 -24.45055 0.00392 0.00000 0.00000 1.00000
v 2.80016 -0.01518 -17.18808 0.00392 0.00000 0.00000 1.00000
v 0.07687 -0.01538 -17.41451 0.00392 0.00000 0.00000 1.00000
v -7.36169 25.83376 -23.26794 0.00392 0.00000 0.00000 1.00000
v -2.64830 -0.01520 -17.21214 0.00392 0.00000 0.00000 1.00000
v -5.30827 -0.01464 -16.58594 0.00392 0.00000 0.00000 1.00000
v -14.10984 26.18123 -19.82850 0.00392 0.00000 0.00000 1.00000
v -7.83753 -0.01372 -15.55134 0.00392 0.00000 0.00000 1.00000
v -10.17381 -0.01246 -14.13382 0.00392 0.00000 0.00000 1.00000
v -19.46533 26.26997 -14.46889 0.00392 0.00000 0.00000 1.00000
v -12.25956 -0.01090 -12.36828 0.00392 0.00000 0.00000 1.00000
v -14.04345 -0.00907 -10.29819 0.00392 0.00000 0.00000 1.00000
v -22.90395 26.09131 -7.71375 0.00392 0.00000 0.00000 1.00000
v -15.48155 -0.00701 -7.97451 0.00392 0.00000 0.00000 1.00000
v -16.53843 -0.00479 -5.45449 0.00392 0.00000 0.00000 1.00000
v -24.08909 25.66273 -0.22431 0.00392 0.00000 0.00000 1.00000
v -17.18809 -0.00244 -2.80016 0.00392 0.00000 0.00000 1.00000
v -17.41452 -0.00004 -0.07687 0.00392 0.00000 0.00000 1.00000
v -22.90475 25.02617 7.26629 0.00392 0.00000 0.00000 1.00000
v -17.21214 0.00237 2.64830 0.00392 0.00000 0.00000 1.00000
v -16.58595 0.00472 5.30827 0.00392 0.00000 0.00000 1.00000
v -19.46685 24.24396 14.02483 0.00392 0.00000 0.00000 1.00000
v -15.55135 0.00695 7.83752 0.00392 0.00000 0.00000 1.00000
v -14.13382 0.00901 10.17381 0.00392 0.00000 0.00000 1.00000
v -14.11193 23.39266 19.38973 0.00392 0.00000 0.00000 1.00000
v -12.36828 0.01085 12.25956 0.00392 0.00000 0.00000 1.00000
v -10.29819 0.01242 14.04345 0.00392 0.00000 0.00000 1.00000
v -7.36415 22.55560 22.83586 0.00392 0.00000 0.00000 1.00000
v -7.97452 0.01369 15.48154 0.00392 0.00000 0.00000 1.00000
v -5.45449 0.01462 16.53843 0.00392 0.00000 0.00000 1.00000
v 0.11595 21.81472 24.02586 0.00392 0.00000 0.00000 1.00000
v -2.80016 0.01518 17.18808 0.00392 0.00000 0.00000 1.00000
v -0.07687 0.01538 17.41451 0.00392 0.00000 0.00000 1.00000
v 0.14518 27.03823 18.67242 0.00392 0.00000 0.00000 1.00000
v 5.98844 26.47858 17.74971 0.00392 0.00000 0.00000 1.00000
v 11.26007 26.14790 15.06326 0.00392 0.00000 0.00000 1.00000
v 15.44405 26.07857 10.87607 0.00392 0.00000 0.00000 1.00000
v 18.13082 26.27737 5.59799 0.00392 0.00000 0.00000 1.00000
v 19.05739 26.72484 -0.25432 0.00392 0.00000 0.00000 1.00000
v 18.13305 27.37718 -6.10800 0.00392 0.00000 0.00000 1.00000
v 15.44828 28.17053 -11.39004 0.00392 0.00000 0.00000 1.00000
v 11.26589 29.02723 -15.58340 0.00392 0.00000 0.00000 1.00000
v 5.99528 29.86344 -18.27761 0.00392 0.00000 0.00000 1.00000
v 0.15237 30.59728 -19.20894 0.00392 0.00000 0.00000 1.00000
v -5.69089 31.15693 -18.28623 0.00392 0.00000 0.00000 1.00000
v -10.96252 31.48761 -15.59979 0.00392 0.00000 0.00000 1.00000
v -15.14650 31.55694 -11.41259 0.00392 0.00000 0.00000 1.00000
v -17.83327 31.35814 -6.13451 0.00392 0.00000 0.00000 1.00000
v -18.75984 30.91068 -0.28220 0.00392 0.00000 0.00000 1.00000
v -17.83549 30.25834 5.57148 0.00392 0.00000 0.00000 1.00000
v -15.15073 29.46498 10.85352 0.00392 0.00000 0.00000 1.00000
v -10.96834 28.60828 15.04688 0.00392 0.00000 0.00000 1.00000
v -5.69773 27.77208 17.74109 0.00392 0.00000 0.00000 1.00000
v 0.14518 27.03823 18.67242 0.00392 0.00000 0.00000 1.00000
v 0.35563 50.10916 22.42033 0.00392 0.00000 0.00000 1.00000
v 7.49719 49.61365 21.29246 0.00392 0.00000 0.00000 1.00000
v 13.93668 49.04170 18.01353 0.00392 0.00000 0.00000 1.00000
v 19.04376 48.44929 12.90451 0.00392 0.00000 0.00000 1.00000
v 22.31850 47.89441 6.46550 0.00392 0.00000 0.00000 1.00000
v 23.44036 47.43137 -0.67319 0.00392 0.00000 0.00000 1.00000
v 22.29952 47.10550 -7.81278 0.00392 0.00000 0.00000 1.00000
v 19.00765 46.94870 -14.25441 0.00392 0.00000 0.00000 1.00000
v 13.88698 46.97632 -19.36751 0.00392 0.00000 0.00000 1.00000
v 7.43877 47.18565 -22.65159 0.00392 0.00000 0.00000 1.00000
v 0.29420 47.55621 -23.78518 0.00392 0.00000 0.00000 1.00000
v -6.84736 48.05171 -22.65730 0.00392 0.00000 0.00000 1.00000
v -13.28686 48.62366 -19.37837 0.00392 0.00000 0.00000 1.00000
v -18.39393 49.21608 -14.26935 0.00392 0.00000 0.00000 1.00000
v -21.66868 49.77096 -7.83035 0.00392 0.00000 0.00000 1.00000
v -22.79054 50.23400 -0.69166 0.00392 0.00000 0.00000 1.00000
v -21.64969 50.55986 6.44794 0.00392 0.00000 0.00000 1.00000
v -18.35782 50.71666 12.88957 0.00392 0.00000 0.00000 1.00000
v -13.23716 50.68904 18.00267 0.00392 0.00000 0.00000 1.00000
v -6.78894 50.47971 21.28675 0.00392 0.00000 0.00000 1.00000
v 0.35563 50.10916 22.42033 0.00392 0.00000 0.00000 1.00000
v 0.40193 55.92568 17.22005 0.00392 0.00000 0.00000 1.00000
v 5.98050 55.44975 16.34104 0.00392 0.00000 0.00000 1.00000
v 11.01052 54.90735 13.78167 0.00392 0.00000 0.00000 1.00000
v 14.99962 54.35159 9.79249 0.00392 0.00000 0.00000 1.00000
v 17.55730 53.83685 4.76397 0.00392 0.00000 0.00000 1.00000
v 18.43322 53.41352 -0.81166 0.00392 0.00000 0.00000 1.00000
v 17.54162 53.12306 -6.38860 0.00392 0.00000 0.00000 1.00000
v 14.96980 52.99388 -11.42096 0.00392 0.00000 0.00000 1.00000
v 10.96947 53.03863 -15.41613 0.00392 0.00000 0.00000 1.00000
v 5.93225 53.25293 -17.98304 0.00392 0.00000 0.00000 1.00000
v 0.35119 53.61581 -18.87041 0.00392 0.00000 0.00000 1.00000
v -5.22738 54.09173 -17.99140 0.00392 0.00000 0.00000 1.00000
v -10.25741 54.63412 -15.43203 0.00392 0.00000 0.00000 1.00000
v -14.24649 55.18990 -11.44285 0.00392 0.00000 0.00000 1.00000
v -16.80419 55.70463 -6.41433 0.00392 0.00000 0.00000 1.00000
v -17.68010 56.12795 -0.83870 0.00392 0.00000 0.00000 1.00000
v -16.78851 56.41842 4.73824 0.00392 0.00000 0.00000 1.00000
v -14.21667 56.54760 9.77061 0.00392 0.00000 0.00000 1.00000
v -10.21636 56.50285 13.76577 0.00392 0.00000 0.00000 1.00000
v -5.17913 56.28855 16.33268 0.00392 0.00000 0.00000 1.00000
v 0.40193 55.92568 17.22005 0.00392 0.00000 0.00000 1.00000
v 0.53543 85.93843 18.40423 0.00392 0.00000 0.00000 1.00000
v 6.73625 84.42107 17.45601 0.00392 0.00000 0.00000 1.00000
v 12.32686 82.90736 14.63711 0.00392 0.00000 0.00000 1.00000
v 16.75999 81.54546 10.22347 0.00392 0.00000 0.00000 1.00000
v 19.60171 80.46870 4.64712 0.00392 0.00000 0.00000 1.00000
v 20.57385 79.78246 -1.54609 0.00392 0.00000 0.00000 1.00000
v 19.58124 79.55393 -7.74992 0.00392 0.00000 0.00000 1.00000
v 16.72105 79.80547 -13.35709 0.00392 0.00000 0.00000 1.00000
v 12.27326 80.51246 -17.81874 0.00392 0.00000 0.00000 1.00000
v 6.67324 81.60571 -20.69814 0.00392 0.00000 0.00000 1.00000
v 0.46917 82.97818 -21.71342 0.00392 0.00000 0.00000 1.00000
v -5.73165 84.49554 -20.76520 0.00392 0.00000 0.00000 1.00000
v -11.32226 86.00925 -17.94630 0.00392 0.00000 0.00000 1.00000
v -15.75539 87.37115 -13.53266 0.00392 0.00000 0.00000 1.00000
v -18.59711 88.44791 -7.95631 0.00392 0.00000 0.00000 1.00000
v -19.56925 89.13415 -1.76310 0.00392 0.00000 0.00000 1.00000
v -18.57664 89.36268 4.44073 0.00392 0.00000 0.00000 1.00000
v -15.71645 89.11114 10.04791 0.00392 0.00000 0.00000 1.00000
v -11.26866 88.40414 14.50955 0.00392 0.00000 0.00000 1.00000
v -5.66864 87.31091 17.38895 0.00392 0.00000 0.00000 1.00000
v 0.53543 85.93843 18.40423 0.00392 0.00000 0.00000 1.00000
v 0.55116 90.42731 13.87495 0.00392 0.00000 0.00000 1.00000
v 5.39403 88.92281 13.14353 0.00392 0.00000 0.00000 1.00000
v 9.76023 87.43333 10.95028 0.00392 0.00000 0.00000 1.00000
v 13.22235 86.10467 7.50990 0.00392 0.00000 0.00000 1.00000
v 15.44150 85.06689 3.15915 0.00392 0.00000 0.00000 1.00000
v 16.20046 84.42157 -1.67608 0.00392 0.00000 0.00000 1.00000
v 15.42494 84.23189 -6.52250 0.00392 0.00000 0.00000 1.00000
v 13.19083 84.51641 -10.90569 0.00392 0.00000 0.00000 1.00000
v 9.71685 85.24728 -14.39660 0.00392 0.00000 0.00000 1.00000
v 5.34304 86.35295 -16.65352 0.00392 0.00000 0.00000 1.00000
v 0.49754 87.72520 -17.45552 0.00392 0.00000 0.00000 1.00000
v -4.34533 89.22971 -16.72410 0.00392 0.00000 0.00000 1.00000
v -8.71153 90.71919 -14.53085 0.00392 0.00000 0.00000 1.00000
v -12.17365 92.04785 -11.09048 0.00392 0.00000 0.00000 1.00000
v -14.39280 93.08563 -6.73972 0.00392 0.00000 0.00000 1.00000
v -15.15176 93.73095 -1.90449 0.00392 0.00000 0.00000 1.00000
v -14.37624 93.92063 2.94193 0.00392 0.00000 0.00000 1.00000
v -12.14213 93.63612 7.32512 0.00392 0.00000 0.00000 1.00000
v -8.66815 92.90524 10.81602 0.00392 0.00000 0.00000 1.00000
v -4.29434 91.79957 13.07294 0.00392 0.00000 0.00000 1.00000
v 0.55116 90.42731 13.87495 0.00392 0.00000 0.00000 1.00000
v 0.40544 113.63261 16.27884 0.00392 0.00000 0.00000 1.00000
v 6.23957 113.64969 15.34198 0.00392 0.00000 0.00000 1.00000
v 11.50014 113.46741 12.65375 0.00392 0.00000 0.00000 1.00000
v 15.67220 113.10362 8.47728 0.00392 0.00000 0.00000 1.00000
v 18.34736 112.59394 3.22139 0.00392 0.00000 0.00000 1.00000
v 19.26377 111.98824 -2.59944 0.00392 0.00000 0.00000 1.00000
v 18.33171 111.34585 -8.41541 0.00392 0.00000 0.00000 1.00000
v 15.64243 110.72961 -13.65722 0.00392 0.00000 0.00000 1.00000
v 11.45916 110.19987 -17.81177 0.00392 0.00000 0.00000 1.00000
v 6.19140 109.80846 -20.47239 0.00392 0.00000 0.00000 1.00000
v 0.35479 109.59372 -21.37862 0.00392 0.00000 0.00000 1.00000
v -5.47934 109.57665 -20.44177 0.00392 0.00000 0.00000 1.00000
v -10.73991 109.75893 -17.75353 0.00392 0.00000 0.00000 1.00000
v -14.91197 110.12272 -13.57707 0.00392 0.00000 0.00000 1.00000
v -17.58713 110.63239 -8.32118 0.00392 0.00000 0.00000 1.00000
v -18.50354 111.23809 -2.50035 0.00392 0.00000 0.00000 1.00000
v -17.57148 111.88049 3.31562 0.00392 0.00000 0.00000 1.00000
v -14.88220 112.49672 8.55744 0.00392 0.00000 0.00000 1.00000
v -10.69893 113.02647 12.71199 0.00392 0.00000 0.00000 1.00000
v -5.43117 113.41787 15.37260 0.00392 0.00000 0.00000 1.00000
v 0.40544 113.63261 16.27884 0.00392 0.00000 0.00000 1.00000
v 0.34508 119.75939 11.93833 0.00392 0.00000 0.00000 1.00000
v 4.90300 119.77273 11.20642 0.00392 0.00000 0.00000 1.00000
v 9.01306 119.60072 9.10723 0.00392 0.00000 0.00000 1.00000
v 12.27295 119.26022 5.84626 0.00392 0.00000 0.00000 1.00000
v 14.36357 118.78456 1.74271 0.00392 0.00000 0.00000 1.00000
v 15.08028 118.22030 -2.80173 0.00392 0.00000 0.00000 1.00000
v 14.35290 117.62266 -7.34223 0.00392 0.00000 0.00000 1.00000
v 12.25266 117.05014 -11.43432 0.00392 0.00000 0.00000 1.00000
v 8.98513 116.55882 -14.67745 0.00392 0.00000 0.00000 1.00000
v 4.87016 116.19673 -16.75415 0.00392 0.00000 0.00000 1.00000
v 0.31056 115.99938 -17.46115 0.00392 0.00000 0.00000 1.00000
v -4.24736 115.98603 -16.72923 0.00392 0.00000 0.00000 1.00000
v -8.35742 116.15804 -14.63005 0.00392 0.00000 0.00000 1.00000
v -11.61731 116.49854 -11.36908 0.00392 0.00000 0.00000 1.00000
v -13.70793 116.97420 -7.26553 0.00392 0.00000 0.00000 1.00000
v -14.42464 117.53848 -2.72109 0.00392 0.00000 0.00000 1.00000
v -13.69727 118.13610 1.81941 0.00392 0.00000 0.00000 1.00000
v -11.59702 118.70862 5.91150 0.00392 0.00000 0.00000 1.00000
v -8.32949 119.19994 9.15463 0.00392 0.00000 0.00000 1.00000
v -4.21452 119.56203 11.23133 0.00392 0.00000 0.00000 1.00000
v 0.34508 119.75939 11.93833 0.00392 0.00000 0.00000 1.00000
v -0.09914 137.84364 13.17025 0.00392 0.00000 0.00000 1.00000
v 4.98831 138.79451 12.31823 0.00392 0.00000 0.00000 1.00000
v 9.57096 139.71007 9.92774 0.00392 0.00000 0.00000 1.00000
v 13.20024 140.50076 6.23280 0.00392 0.00000 0.00000 1.00000
v 15.52087 141.08913 1.59507 0.00392 0.00000 0.00000 1.00000
v 16.30571 141.41762 -3.53146 0.00392 0.00000 0.00000 1.00000
v 15.47793 141.45406 -8.64497 0.00392 0.00000 0.00000 1.00000
v 13.11855 141.19487 -13.24492 0.00392 0.00000 0.00000 1.00000
v 9.45853 140.66547 -16.88103 0.00392 0.00000 0.00000 1.00000
v 4.85614 139.91762 -19.19737 0.00392 0.00000 0.00000 1.00000
v -0.23812 139.02457 -19.96721 0.00392 0.00000 0.00000 1.00000
v -5.32557 138.07372 -19.11519 0.00392 0.00000 0.00000 1.00000
v -9.90823 137.15813 -16.72471 0.00392 0.00000 0.00000 1.00000
v -13.53749 136.36746 -13.02976 0.00392 0.00000 0.00000 1.00000
v -15.85813 135.77908 -8.39204 0.00392 0.00000 0.00000 1.00000
v -16.64297 135.45059 -3.26551 0.00392 0.00000 0.00000 1.00000
v -15.81519 135.41415 1.84800 0.00392 0.00000 0.00000 1.00000
v -13.45581 135.67332 6.44796 0.00392 0.00000 0.00000 1.00000
v -9.79579 136.20276 10.08406 0.00392 0.00000 0.00000 1.00000
v -5.19340 136.95059 12.40041 0.00392 0.00000 0.00000 1.00000
v -0.09914 137.84364 13.17025 0.00392 0.00000 0.00000 1.00000
v -0.24726 143.33937 9.38299 0.00392 0.00000 0.00000 1.00000
v 3.72271 144.26802 8.71171 0.00392 0.00000 0.00000 1.00000
v 7.29818 145.17435 6.83835 0.00392 0.00000 0.00000 1.00000
v 10.12915 145.96962 3.94629 0.00392 0.00000 0.00000 1.00000
v 11.93852 146.57597 0.31861 0.00392 0.00000 0.00000 1.00000
v 12.54916 146.93408 -3.68956 0.00392 0.00000 0.00000 1.00000
v 11.90131 147.00888 -7.68590 0.00392 0.00000 0.00000 1.00000
v 10.05837 146.79305 -11.27920 0.00392 0.00000 0.00000 1.00000
v 7.20076 146.30769 -14.11774 0.00392 0.00000 0.00000 1.00000
v 3.60819 145.60036 -15.92365 0.00392 0.00000 0.00000 1.00000
v -0.36768 144.74025 -16.52016 0.00392 0.00000 0.00000 1.00000
v -4.33765 143.81160 -15.84888 0.00392 0.00000 0.00000 1.00000
v -7.91312 142.90527 -13.97552 0.00392 0.00000 0.00000 1.00000
v -10.74409 142.11000 -11.08346 0.00392 0.00000 0.00000 1.00000
v -12.55345 141.50365 -7.45578 0.00392 0.00000 0.00000 1.00000
v -13.16409 141.14554 -3.44760 0.00392 0.00000 0.00000 1.00000
v -12.51624 141.07074 0.54874 0.00392 0.00000 0.00000 1.00000
v -10.67331 141.28658 4.14204 0.00392 0.00000 0.00000 1.00000
v -7.81569 141.77193 6.98058 0.00392 0.00000 0.00000 1.00000
v -4.22312 142.47926 8.78649 0.00392 0.00000 0.00000 1.00000
v -0.24726 143.33937 9.38299 0.00392 0.00000 0.00000 1.00000
v -0.96777 168.73317 12.27962 0.00392 0.00000 0.00000 1.00000
v 4.07820 169.62785 11.43795 0.00392 0.00000 0.00000 1.00000
v 8.61990 170.56783 9.06755 0.00392 0.00000 0.00000 1.00000
v 12.21275 171.46107 5.40044 0.00392 0.00000 0.00000 1.00000
v 14.50506 172.22017 0.79559 0.00392 0.00000 0.00000 1.00000
v 15.27244 172.77081 -4.29625 0.00392 0.00000 0.00000 1.00000
v 14.43979 173.05907 -9.37665 0.00392 0.00000 0.00000 1.00000
v 12.08859 173.05676 -13.94831 0.00392 0.00000 0.00000 1.00000
v 8.44901 172.76408 -17.56372 0.00392 0.00000 0.00000 1.00000
v 3.87732 172.20972 -19.86899 0.00392 0.00000 0.00000 1.00000
v -1.17899 171.44789 -20.63844 0.00392 0.00000 0.00000 1.00000
v -6.22496 170.55321 -19.79678 0.00392 0.00000 0.00000 1.00000
v -10.76665 169.61324 -17.42638 0.00392 0.00000 0.00000 1.00000
v -14.35950 168.71999 -13.75927 0.00392 0.00000 0.00000 1.00000
v -16.65181 167.96088 -9.15442 0.00392 0.00000 0.00000 1.00000
v -17.41920 167.41025 -4.06258 0.00392 0.00000 0.00000 1.00000
v -16.58654 167.12198 1.01782 0.00392 0.00000 0.00000 1.00000
v -14.23534 167.12430 5.58948 0.00392 0.00000 0.00000 1.00000
v -10.59577 167.41696 9.20489 0.00392 0.00000 0.00000 1.00000
v -6.02407 167.97134 11.51016 0.00392 0.00000 0.00000 1.00000
v -0.96777 168.73317 12.27962 0.00392 0.00000 0.00000 1.00000
v -1.14206 173.92081 8.55947 0.00392 0.00000 0.00000 1.00000
v 2.79497 174.78563 7.89787 0.00392 0.00000 0.00000 1.00000
v 6.33738 175.70729 6.04140 0.00392 0.00000 0.00000 1.00000
v 9.13841 176.59558 3.17181 0.00392 0.00000 0.00000 1.00000
v 10.92387 177.36357 -0.43001 0.00392 0.00000 0.00000 1.00000
v 11.51899 177.93605 -4.41149 0.00392 0.00000 0.00000 1.00000
v 10.86551 178.25700 -8.38290 0.00392 0.00000 0.00000 1.00000
v 9.02741 178.29501 -11.95548 0.00392 0.00000 0.00000 1.00000
v 6.18461 178.04636 -14.77953 0.00392 0.00000 0.00000 1.00000
v 2.61538 177.53535 -16.57861 0.00392 0.00000 0.00000 1.00000
v -1.33090 176.81206 -17.17662 0.00392 0.00000 0.00000 1.00000
v -5.26793 175.94725 -16.51501 0.00392 0.00000 0.00000 1.00000
v -8.81034 175.02557 -14.65855 0.00392 0.00000 0.00000 1.00000
v -11.61137 174.13727 -11.78896 0.00392 0.00000 0.00000 1.00000
v -13.39683 173.36929 -8.18714 0.00392 0.00000 0.00000 1.00000
v -13.99195 172.79680 -4.20565 0.00392 0.00000 0.00000 1.00000
v -13.33848 172.47585 -0.23424 0.00392 0.00000 0.00000 1.00000
v -11.50037 172.43785 3.33834 0.00392 0.00000 0.00000 1.00000
v -8.65757 172.68651 6.16239 0.00392 0.00000 0.00000 1.00000
v -5.08834 173.19749 7.96147 0.00392 0.00000 0.00000 1.00000
v -1.14206 173.92081 8.55947 0.00392 0.00000 0.00000 1.00000
v -1.84558 195.86235 11.71504 0.00392 0.00000 0.00000 1.00000
v 3.18272 195.58972 10.89974 0.00392 0.00000 0.00000 1.00000
v 7.70633 195.48970 8.57243 0.00392 0.00000 0.00000 1.00000
v 11.28247 195.57207 4.96091 0.00392 0.00000 0.00000 1.00000
v 13.56107 195.82878 0.41871 0.00392 0.00000 0.00000 1.00000
v 14.31910 196.23471 -4.60955 0.00392 0.00000 0.00000 1.00000
v 13.48234 196.75011 -9.63167 0.00392 0.00000 0.00000 1.00000
v 11.13270 197.32451 -14.15604 0.00392 0.00000 0.00000 1.00000
v 7.50020 197.90172 -17.73980 0.00392 0.00000 0.00000 1.00000
v 2.94039 198.42522 -20.03214 0.00392 0.00000 0.00000 1.00000
v -2.10038 198.84377 -20.80866 0.00392 0.00000 0.00000 1.00000
v -7.12867 199.11641 -19.99336 0.00392 0.00000 0.00000 1.00000
v -11.65229 199.21640 -17.66605 0.00392 0.00000 0.00000 1.00000
v -15.22842 199.13402 -14.05453 0.00392 0.00000 0.00000 1.00000
v -17.50702 198.87730 -9.51233 0.00392 0.00000 0.00000 1.00000
v -18.26505 198.47139 -4.48407 0.00392 0.00000 0.00000 1.00000
v -17.42829 197.95601 0.53805 0.00392 0.00000 0.00000 1.00000
v -15.07865 197.38159 5.06243 0.00392 0.00000 0.00000 1.00000
v -11.44615 196.80440 8.64618 0.00392 0.00000 0.00000 1.00000
v -6.88634 196.28090 10.93852 0.00392 0.00000 0.00000 1.00000
v -1.84558 195.86235 11.71504 0.00392 0.00000 0.00000 1.00000
v -2.08831 202.75368 8.09475 0.00392 0.00000 0.00000 1.00000
v 1.84311 202.44685 7.45870 0.00392 0.00000 0.00000 1.00000
v 5.37880 202.31941 5.64096 0.00392 0.00000 0.00000 1.00000
v 8.17266 202.38376 2.81946 0.00392 0.00000 0.00000 1.00000
v 9.95120 202.63365 -0.72961 0.00392 0.00000 0.00000 1.00000
v 10.54034 203.04459 -4.65884 0.00392 0.00000 0.00000 1.00000
v 9.88239 203.57637 -8.58360 0.00392 0.00000 0.00000 1.00000
v 8.04177 204.17691 -12.11973 0.00392 0.00000 0.00000 1.00000
v 5.19865 204.78748 -14.92107 0.00392 0.00000 0.00000 1.00000
v 1.63133 205.34825 -16.71342 0.00392 0.00000 0.00000 1.00000
v -2.31099 205.80437 -17.32132 0.00392 0.00000 0.00000 1.00000
v -6.24241 206.11116 -16.68526 0.00392 0.00000 0.00000 1.00000
v -9.77810 206.23863 -14.86752 0.00392 0.00000 0.00000 1.00000
v -12.57196 206.17427 -12.04603 0.00392 0.00000 0.00000 1.00000
v -14.35050 205.92439 -8.49696 0.00392 0.00000 0.00000 1.00000
v -14.93964 205.51347 -4.56773 0.00392 0.00000 0.00000 1.00000
v -14.28170 204.98167 -0.64296 0.00392 0.00000 0.00000 1.00000
v -12.44107 204.38112 2.89317 0.00392 0.00000 0.00000 1.00000
v -9.59795 203.77058 5.69451 0.00392 0.00000 0.00000 1.00000
v -6.03064 203.20979 7.48685 0.00392 0.00000 0.00000 1.00000
v -2.08831 202.75368 8.09475 0.00392 0.00000 0.00000 1.00000
v -2.72154 229.29344 11.65661 0.00392 0.00000 0.00000 1.00000
v 6.73349 229.95221 8.51759 0.00392 0.00000 0.00000 1.00000
v 12.54914 230.00302 0.41052 0.00392 0.00000 0.00000 1.00000
v 12.50402 229.42647 -9.56799 0.00392 0.00000 0.00000 1.00000
v 6.61538 228.44273 -17.60647 0.00392 0.00000 0.00000 1.00000
v -2.86753 227.42763 -20.63451 0.00392 0.00000 0.00000 1.00000
v -12.32256 226.76884 -17.49549 0.00392 0.00000 0.00000 1.00000
v -18.13820 226.71803 -9.38842 0.00392 0.00000 0.00000 1.00000
v -18.09309 227.29460 0.59009 0.00392 0.00000 0.00000 1.00000
v -12.20445 228.27834 8.62857 0.00392 0.00000 0.00000 1.00000
v -2.72154 229.29344 11.65661 0.00392 0.00000 0.00000 1.00000
v -2.87638 234.25401 8.14377 0.00392 0.00000 0.00000 1.00000
v 4.50805 234.85460 5.69173 0.00392 0.00000 0.00000 1.00000
v 9.05232 234.86470 -0.64203 0.00392 0.00000 0.00000 1.00000
v 9.02067 234.28046 -8.43823 0.00392 0.00000 0.00000 1.00000
v 4.42519 233.32503 -14.71898 0.00392 0.00000 0.00000 1.00000
v -2.97880 232.36339 -17.08526 0.00392 0.00000 0.00000 1.00000
v -10.36323 231.76283 -14.63321 0.00392 0.00000 0.00000 1.00000
v -14.90750 231.75273 -8.29946 0.00392 0.00000 0.00000 1.00000
v -14.87585 232.33696 -0.50325 0.00392 0.00000 0.00000 1.00000
v -10.28038 233.29237 5.77750 0.00392 0.00000 0.00000 1.00000
v -2.87638 234.25401 8.14377 0.00392 0.00000 0.00000 1.00000
v -3.11394 255.01628 11.87123 0.00392 0.00000 0.00000 1.00000
v 6.24852 255.46480 8.77603 0.00392 0.00000 0.00000 1.00000
v 11.99882 255.93605 0.76766 0.00392 0.00000 0.00000 1.00000
v 11.94053 256.25003 -9.09496 0.00392 0.00000 0.00000 1.00000
v 6.09593 256.28677 -17.04463 0.00392 0.00000 0.00000 1.00000
v -3.30256 256.03232 -20.04486 0.00392 0.00000 0.00000 1.00000
v -12.66502 255.58382 -16.94965 0.00392 0.00000 0.00000 1.00000
v -18.41531 255.11256 -8.94128 0.00392 0.00000 0.00000 1.00000
v -18.35703 254.79857 0.92134 0.00392 0.00000 0.00000 1.00000
v -12.51243 254.76181 8.87101 0.00392 0.00000 0.00000 1.00000
v -3.11394 255.01628 11.87123 0.00392 0.00000 0.00000 1.00000
v -3.19378 260.35980 8.47785 0.00392 0.00000 0.00000 1.00000
v 4.11994 260.77249 6.06088 0.00392 0.00000 0.00000 1.00000
v 8.61173 261.19687 -0.19461 0.00392 0.00000 0.00000 1.00000
v 8.56587 261.47083 -7.89925 0.00392 0.00000 0.00000 1.00000
v 3.99988 261.48969 -14.11011 0.00392 0.00000 0.00000 1.00000
v -3.34218 261.24628 -16.45487 0.00392 0.00000 0.00000 1.00000
v -10.65590 260.83359 -14.03790 0.00392 0.00000 0.00000 1.00000
v -15.14768 260.40921 -7.78241 0.00392 0.00000 0.00000 1.00000
v -15.10182 260.13525 -0.07777 0.00392 0.00000 0.00000 1.00000
v -10.53584 260.11639 6.13309 0.00392 0.00000 0.00000 1.00000
v -3.19378 260.35980 8.47785 0.00392 0.00000 0.00000 1.00000
v -2.95653 286.15387 12.60774 0.00392 0.00000 0.00000 1.00000
v 6.31115 287.02142 9.56218 0.00392 0.00000 0.00000 1.00000
v 12.00401 287.99536 1.66124 0.00392 0.00000 0.00000 1.00000
v 11.94757 288.70370 -8.07719 0.00392 0.00000 0.00000 1.00000
v 6.16338 288.87585 -15.93337 0.00392 0.00000 0.00000 1.00000
v -3.13919 288.44608 -18.90649 0.00392 0.00000 0.00000 1.00000
v -12.40688 287.57855 -15.86094 0.00392 0.00000 0.00000 1.00000
v -18.09974 286.60461 -7.96000 0.00392 0.00000 0.00000 1.00000
v -18.04329 285.89627 1.77844 0.00392 0.00000 0.00000 1.00000
v -12.25910 285.72409 9.63461 0.00392 0.00000 0.00000 1.00000
v -2.95653 286.15387 12.60774 0.00392 0.00000 0.00000 1.00000
v -2.93189 291.21283 9.31627 0.00392 0.00000 0.00000 1.00000
v 4.31023 292.07745 6.94297 0.00392 0.00000 0.00000 1.00000
v 8.75934 293.00690 0.77581 0.00392 0.00000 0.00000 1.00000
v 8.71604 293.64615 -6.82956 0.00392 0.00000 0.00000 1.00000
v 4.19687 293.75107 -12.96816 0.00392 0.00000 0.00000 1.00000
v -3.07201 293.28156 -15.29524 0.00392 0.00000 0.00000 1.00000
v -10.31413 292.41693 -12.92194 0.00392 0.00000 0.00000 1.00000
v -14.76324 291.48749 -6.75478 0.00392 0.00000 0.00000 1.00000
v -14.71994 290.84824 0.85060 0.00392 0.00000 0.00000 1.00000
v -10.20076 290.74332 6.98919 0.00392 0.00000 0.00000 1.00000
v -2.93189 291.21283 9.31627 0.00392 0.00000 0.00000 1.00000
v -2.54547 312.69510 13.39136 0.00392 0.00000 0.00000 1.00000
v 6.66301 313.66467 10.37133 0.00392 0.00000 0.00000 1.00000
v 12.32917 315.27014 2.55065 0.00392 0.00000 0.00000 1.00000
v 12.28873 316.89828 -7.08343 0.00392 0.00000 0.00000 1.00000
v 6.55713 317.92722 -14.85104 0.00392 0.00000 0.00000 1.00000
v -2.67635 317.96390 -17.78520 0.00392 0.00000 0.00000 1.00000
v -11.88484 316.99432 -14.76516 0.00392 0.00000 0.00000 1.00000
v -17.55100 315.38885 -6.94449 0.00392 0.00000 0.00000 1.00000
v -17.51055 313.76074 2.68959 0.00392 0.00000 0.00000 1.00000
v -11.77896 312.73178 10.45719 0.00392 0.00000 0.00000 1.00000
v -2.54547 312.69510 13.39136 0.00392 0.00000 0.00000 1.00000
v -2.48836 317.43335 10.12895 0.00392 0.00000 0.00000 1.00000
v 4.70959 318.41373 7.77745 0.00392 0.00000 0.00000 1.00000
v 9.14163 319.97934 1.67858 0.00392 0.00000 0.00000 1.00000
v 9.11485 321.53220 -5.83809 0.00392 0.00000 0.00000 1.00000
v 4.63949 322.47916 -11.90146 0.00392 0.00000 0.00000 1.00000
v -2.57501 322.45850 -14.19552 0.00392 0.00000 0.00000 1.00000
v -9.77297 321.47812 -11.84402 0.00392 0.00000 0.00000 1.00000
v -14.20500 319.91251 -5.74516 0.00392 0.00000 0.00000 1.00000
v -14.17822 318.35965 1.77152 0.00392 0.00000 0.00000 1.00000
v -9.70287 317.41269 7.83488 0.00392 0.00000 0.00000 1.00000
v -2.48836 317.43335 10.12895 0.00392 0.00000 0.00000 1.00000
v -1.84305 344.33618 14.35046 0.00392 0.00000 0.00000 1.00000
v 7.23779 343.84048 11.30625 0.00392 0.00000 0.00000 1.00000
v 12.81760 344.12473 3.52014 0.00392 0.00000 0.00000 1.00000
v 12.76509 345.08038 -6.03384 0.00392 0.00000 0.00000 1.00000
v 7.10030 346.34238 -13.70641 0.00392 0.00000 0.00000 1.00000
v -2.01299 347.42874 -16.56689 0.00392 0.00000 0.00000 1.00000
v -11.09384 347.92447 -13.52268 0.00392 0.00000 0.00000 1.00000
v -16.67365 347.64023 -5.73658 0.00392 0.00000 0.00000 1.00000
v -16.62113 346.68460 3.81741 0.00392 0.00000 0.00000 1.00000
v -10.95635 345.42255 11.48997 0.00392 0.00000 0.00000 1.00000
v -1.84305 344.33618 14.35046 0.00392 0.00000 0.00000 1.00000
v -1.71309 351.05206 11.19718 0.00392 0.00000 0.00000 1.00000
v 5.37932 350.57892 8.81582 0.00392 0.00000 0.00000 1.00000
v 9.73924 350.83057 2.73398 0.00392 0.00000 0.00000 1.00000
v 9.70132 351.71091 -4.72528 0.00392 0.00000 0.00000 1.00000
v 5.28006 352.88364 -10.71279 0.00392 0.00000 0.00000 1.00000
v -1.83578 353.90085 -12.94151 0.00392 0.00000 0.00000 1.00000
v -8.92819 354.37399 -10.56015 0.00392 0.00000 0.00000 1.00000
v -13.28810 354.12234 -4.47831 0.00392 0.00000 0.00000 1.00000
v -13.25019 353.24203 2.98096 0.00392 0.00000 0.00000 1.00000
v -8.82893 352.06927 8.96846 0.00392 0.00000 0.00000 1.00000
v -1.71309 351.05206 11.19718 0.00392 0.00000 0.00000 1.00000
v -1.30847 371.11026 15.05896 0.00392 0.00000 0.00000 1.00000
v 7.70682 370.62311 12.03502 0.00392 0.00000 0.00000 1.00000
v 13.24298 370.88898 4.30189 0.00392 0.00000 0.00000 1.00000
v 13.18538 371.80630 -5.18665 0.00392 0.00000 0.00000 1.00000
v 7.55601 373.02469 -12.80628 0.00392 0.00000 0.00000 1.00000
v -1.49489 374.07877 -15.64659 0.00392 0.00000 0.00000 1.00000
v -10.51019 374.56592 -12.62265 0.00392 0.00000 0.00000 1.00000
v -16.04634 374.30005 -4.88952 0.00392 0.00000 0.00000 1.00000
v -15.98873 373.38272 4.59902 0.00392 0.00000 0.00000 1.00000
v -10.35937 372.16434 12.21865 0.00392 0.00000 0.00000 1.00000
v -1.30847 371.11026 15.05896 0.00392 0.00000 0.00000 1.00000
v -1.20082 377.48392 11.89421 0.00392 0.00000 0.00000 1.00000
v 5.84057 377.01749 9.52901 0.00392 0.00000 0.00000 1.00000
v 10.16632 377.25479 3.48845 0.00392 0.00000 0.00000 1.00000
v 10.12414 378.10516 -3.92019 0.00392 0.00000 0.00000 1.00000
v 5.73015 379.24387 -9.86705 0.00392 0.00000 0.00000 1.00000
v -1.33729 380.23587 -12.08064 0.00392 0.00000 0.00000 1.00000
v -8.37867 380.70233 -9.71544 0.00392 0.00000 0.00000 1.00000
v -12.70442 380.46503 -3.67488 0.00392 0.00000 0.00000 1.00000
v -12.66225 379.61465 3.73376 0.00392 0.00000 0.00000 1.00000
v -8.26826 378.47595 9.68062 0.00392 0.00000 0.00000 1.00000
v -1.20082 377.48392 11.89421 0.00392 0.00000 0.00000 1.00000
v -0.89300 403.70590 15.62838 0.00392 0.00000 0.00000 1.00000
v 8.03116 404.49277 12.66649 0.00392 0.00000 0.00000 1.00000
v 13.50560 405.73819 5.04122 0.00392 0.00000 0.00000 1.00000
v 13.43929 406.96658 -4.33484 0.00392 0.00000 0.00000 1.00000
v 7.85753 407.70865 -11.88035 0.00392 0.00000 0.00000 1.00000
v -1.10761 407.68094 -14.71318 0.00392 0.00000 0.00000 1.00000
v -10.03177 406.89413 -11.75129 0.00392 0.00000 0.00000 1.00000
v -15.50622 405.64871 -4.12602 0.00392 0.00000 0.00000 1.00000
v -15.43990 404.42035 5.25004 0.00392 0.00000 0.00000 1.00000
v -9.85815 403.67825 12.79555 0.00392 0.00000 0.00000 1.00000
v -0.89300 403.70590 15.62838 0.00392 0.00000 0.00000 1.00000
v -0.87252 408.39566 12.40027 0.00392 0.00000 0.00000 1.00000
v 6.10133 409.18878 10.09009 0.00392 0.00000 0.00000 1.00000
v 10.38081 410.41101 4.13814 0.00392 0.00000 0.00000 1.00000
v 10.33133 411.59549 -3.18212 0.00392 0.00000 0.00000 1.00000
v 5.97176 412.28970 -9.07462 0.00392 0.00000 0.00000 1.00000
v -1.03267 412.22867 -11.28861 0.00392 0.00000 0.00000 1.00000
v -8.00651 411.43552 -8.97842 0.00392 0.00000 0.00000 1.00000
v -12.28599 410.21335 -3.02648 0.00392 0.00000 0.00000 1.00000
v -12.23651 409.02890 4.29379 0.00392 0.00000 0.00000 1.00000
v -7.87695 408.33459 10.18628 0.00392 0.00000 0.00000 1.00000
v -0.87252 408.39566 12.40027 0.00392 0.00000 0.00000 1.00000
v -0.92600 430.44568 15.68566 0.00392 0.00000 0.00000 1.00000
v 7.89180 430.36533 12.72949 0.00392 0.00000 0.00000 1.00000
v 13.28784 430.48294 5.15634 0.00392 0.00000 0.00000 1.00000
v 13.20103 430.75357 -4.14111 0.00392 0.00000 0.00000 1.00000
v 7.66452 431.07388 -11.61154 0.00392 0.00000 0.00000 1.00000
v -1.20692 431.32147 -14.40151 0.00392 0.00000 0.00000 1.00000
v -10.02471 431.40182 -11.44534 0.00392 0.00000 0.00000 1.00000
v -15.42076 431.28415 -3.87219 0.00392 0.00000 0.00000 1.00000
v -15.33395 431.01352 5.42526 0.00392 0.00000 0.00000 1.00000
v -9.79744 430.69327 12.89569 0.00392 0.00000 0.00000 1.00000
v -0.92600 430.44568 15.68566 0.00392 0.00000 0.00000 1.00000
v -0.97075 434.75912 12.42526 0.00392 0.00000 0.00000 1.00000
v 5.91825 434.66772 10.11554 0.00392 0.00000 0.00000 1.00000
v 10.13388 434.76950 4.19909 0.00392 0.00000 0.00000 1.00000
v 10.06591 435.02554 -3.06422 0.00392 0.00000 0.00000 1.00000
v 5.74030 435.33807 -8.90005 0.00392 0.00000 0.00000 1.00000
v -1.19070 435.58774 -11.07931 0.00392 0.00000 0.00000 1.00000
v -8.07970 435.67911 -8.76959 0.00392 0.00000 0.00000 1.00000
v -12.29532 435.57736 -2.85314 0.00392 0.00000 0.00000 1.00000
v -12.22735 435.32132 4.41017 0.00392 0.00000 0.00000 1.00000
v -7.90175 435.00882 10.24600 0.00392 0.00000 0.00000 1.00000
v -0.97075 434.75912 12.42526 0.00392 0.00000 0.00000 1.00000
v -1.23980 456.94113 15.43238 0.00392 0.00000 0.00000 1.00000
v 12.83974 458.15012 4.97725 0.00392 0.00000 0.00000 1.00000
v 7.25669 458.15628 -11.65673 0.00392 0.00000 0.00000 1.00000
v -10.27338 456.95108 -11.48197 0.00392 0.00000 0.00000 1.00000
v -15.52450 456.20004 5.26002 0.00392 0.00000 0.00000 1.00000
v -1.23980 456.94113 15.43238 0.00392 0.00000 0.00000 1.00000
v -1.37856 465.17166 12.12178 0.00392 0.00000 0.00000 1.00000
v 9.61799 466.35324 3.95240 0.00392 0.00000 0.00000 1.00000
v 5.25574 466.39560 -9.04311 0.00392 0.00000 0.00000 1.00000
v -8.43684 465.24020 -8.90539 0.00392 0.00000 0.00000 1.00000
v -12.53706 464.48373 4.17524 0.00392 0.00000 0.00000 1.00000
v -1.37856 465.17166 12.12178 0.00392 0.00000 0.00000 1.00000
v -1.85367 488.83542 14.68719 0.00392 0.00000 0.00000 1.00000
v 12.07204 489.40677 4.34883 0.00392 0.00000 0.00000 1.00000
v 6.62218 486.00189 -12.02726 0.00392 0.00000 0.00000 1.00000
v -10.67174 483.32614 -11.80989 0.00392 0.00000 0.00000 1.00000
v -15.91010 485.07736 4.70055 0.00392 0.00000 0.00000 1.00000
v -1.85367 488.83542 14.68719 0.00392 0.00000 0.00000 1.00000
v -1.98383 493.71173 11.35176 0.00392 0.00000 0.00000 1.00000
v 8.89334 494.27072 3.27245 0.00392 0.00000 0.00000 1.00000
v 4.64868 490.96933 -9.50729 0.00392 0.00000 0.00000 1.00000
v -8.85183 488.36996 -9.32628 0.00392 0.00000 0.00000 1.00000
v -12.95095 490.06485 3.56532 0.00392 0.00000 0.00000 1.00000
v -1.98383 493.71173 11.35176 0.00392 0.00000 0.00000 1.00000
v -2.38170 518.93329 13.74944 0.00392 0.00000 0.00000 1.00000
v 11.45251 518.56531 3.50938 0.00392 0.00000 0.00000 1.00000
v 5.94545 519.96051 -12.85554 0.00392 0.00000 0.00000 1.00000
v -11.29231 521.19073 -12.72956 0.00392 0.00000 0.00000 1.00000
v -16.43876 520.55585 3.71322 0.00392 0.00000 0.00000 1.00000
v -2.38170 518.93329 13.74944 0.00392 0.00000 0.00000 1.00000
v -2.49882 523.46063 10.41901 0.00392 0.00000 0.00000 1.00000
v 8.31057 523.09808 2.42106 0.00392 0.00000 0.00000 1.00000
v 4.00010 524.61560 -10.37598 0.00392 0.00000 0.00000 1.00000
v -9.47331 525.91595 -10.28703 0.00392 0.00000 0.00000 1.00000
v -13.48986 525.20221 2.56498 0.00392 0.00000 0.00000 1.00000
v -2.49882 523.46063 10.41901 0.00392 0.00000 0.00000 1.00000
v -2.63695 547.61444 15.30962 0.00392 0.00000 0.00000 1.00000
v 13.61711 547.31543 3.26062 0.00392 0.00000 0.00000 1.00000
v 7.17820 546.57056 -15.90831 0.00392 0.00000 0.00000 1.00000
v -13.05532 546.40924 -15.70636 0.00392 0.00000 0.00000 1.00000
v -19.12141 547.05438 3.58738 0.00392 0.00000 0.00000 1.00000
v -2.63695 547.61444 15.30962 0.00392 0.00000 0.00000 1.00000
v -2.72562 553.74420 11.32095 0.00392 0.00000 0.00000 1.00000
v 9.97286 553.51056 1.90767 0.00392 0.00000 0.00000 1.00000
v 4.94246 552.92859 -13.06805 0.00392 0.00000 0.00000 1.00000
v -10.86498 552.80261 -12.91028 0.00392 0.00000 0.00000 1.00000
v -15.60411 553.30670 2.16296 0.00392 0.00000 0.00000 1.00000
v -2.72562 553.74420 11.32095 0.00392 0.00000 0.00000 1.00000
v -2.41502 578.14581 16.12141 0.00392 0.00000 0.00000 1.00000
v 15.66749 577.95288 2.69954 0.00392 0.00000 0.00000 1.00000
v 8.47438 574.77496 -18.53982 0.00392 0.00000 0.00000 1.00000
v -14.05371 573.00385 -18.24460 0.00392 0.00000 0.00000 1.00000
v -20.78373 575.08710 3.17722 0.00392 0.00000 0.00000 1.00000
v -2.41502 578.14581 16.12141 0.00392 0.00000 0.00000 1.00000
v -2.41354 584.25739 11.70373 0.00392 0.00000 0.00000 1.00000
v 11.71408 584.20044 1.21444 0.00392 0.00000 0.00000 1.00000
v 6.09069 581.18347 -15.35912 0.00392 0.00000 0.00000 1.00000
v -11.51237 579.37579 -15.11285 0.00392 0.00000 0.00000 1.00000
v -16.76827 581.27551 1.61291 0.00392 0.00000 0.00000 1.00000
v -2.41354 584.25739 11.70373 0.00392 0.00000 0.00000 1.00000
v -1.96165 602.50836 17.74526 0.00392 0.00000 0.00000 1.00000
v 18.37101 601.31519 2.66839 0.00392 0.00000 0.00000 1.00000
v 10.32214 602.60107 -21.40276 0.00392 0.00000 0.00000 1.00000
v -14.98499 604.58905 -21.20267 0.00392 0.00000 0.00000 1.00000
v -22.57678 604.53174 2.99213 0.00392 0.00000 0.00000 1.00000
v -1.96165 602.50836 17.74526 0.00392 0.00000 0.00000 1.00000
v -1.89960 608.94659 12.81206 0.00392 0.00000 0.00000 1.00000
v 13.98402 607.93933 1.03577 0.00392 0.00000 0.00000 1.00000
v 7.70308 609.37140 -17.78415 0.00392 0.00000 0.00000 1.00000
v -12.06237 611.26373 -17.63921 0.00392 0.00000 0.00000 1.00000
v -17.99715 611.00116 1.27029 0.00392 0.00000 0.00000 1.00000
v -1.89960 608.94659 12.81206 0.00392 0.00000 0.00000 1.00000
v -1.07375 636.43427 20.10461 0.00392 0.00000 0.00000 1.00000
v 22.27881 634.81403 2.76205 0.00392 0.00000 0.00000 1.00000
v 12.99887 635.10663 -24.85403 0.00392 0.00000 0.00000 1.00000
v -16.08900 636.90771 -24.57915 0.00392 0.00000 0.00000 1.00000
v -24.78636 637.72827 3.20682 0.00392 0.00000 0.00000 1.00000
v -1.07375 636.43427 20.10461 0.00392 0.00000 0.00000 1.00000
v -0.96688 642.57562 14.54034 0.00392 0.00000 0.00000 1.00000
v 17.27385 641.17914 0.99452 0.00392 0.00000 0.00000 1.00000
v 10.02789 641.55872 -20.58407 0.00392 0.00000 0.00000 1.00000
v -12.69108 643.18976 -20.37454 0.00392 0.00000 0.00000 1.00000
v -19.48622 643.81824 1.33354 0.00392 0.00000 0.00000 1.00000
v -0.96688 642.57562 14.54034 0.00392 0.00000 0.00000 1.00000
v -0.46850 659.71747 13.70375 0.00392 0.00000 0.00000 1.00000
v 17.04506 659.13983 0.67125 0.00392 0.00000 0.00000 1.00000
v 10.06253 659.14795 -20.02051 0.00392 0.00000 0.00000 1.00000
v -11.76647 659.73065 -19.77621 0.00392 0.00000 0.00000 1.00000
v -18.27500 660.08258 1.06652 0.00392 0.00000 0.00000 1.00000
v -0.46850 659.71747 13.70375 0.00392 0.00000 0.00000 1.00000
v -0.55263 664.20569 -4.93054 0.00392 0.00000 0.00000 1.00000
v -0.55263 664.20569 -4.93054 0.00392 0.00000 0.00000 1.00000
v -0.55263 664.20569 -4.93054 0.00392 0.00000 0.00000 1.00000
v -0.55263 664.20569 -4.93054 0.00392 0.00000 0.00000 1.00000
v -0.55263 664.20569 -4.93054 0.00392 0.00000 0.00000 1.00000
v 0.35213 630.55927 -14.45024 0.00392 0.85882 0.00000 1.00000
v -11.08591 640.54156 -8.90167 0.00392 0.85882 0.01569 1.00000
v -18.47080 630.61194 -2.10136 0.00392 0.85882 0.01569 1.00000
v -12.11396 617.54590 -4.09533 0.00392 0.85882 0.00000 1.00000
v 2.37403 628.39429 6.12160 0.00392 0.85882 0.00000 1.00000
v -9.34854 638.72565 4.99304 0.00392 0.85882 0.01569 1.00000
v -11.08591 640.54156 -8.90168 0.00392 0.85882 0.01569 1.00000
v 0.35213 630.55927 -14.45024 0.00392 0.85882 0.00000 1.00000
v -29.73511 653.09949 -1.07527 0.00392 0.85882 0.03137 1.00000
v -32.97087 647.40802 2.32753 0.00392 0.85882 0.03137 1.00000
v -28.62338 651.99554 6.13492 0.00392 0.85882 0.03137 1.00000
v -29.73511 653.09949 -1.07527 0.00392 0.85882 0.03137 1.00000
v -49.21146 665.43518 4.49819 0.00392 0.85882 0.06275 1.00000
v -50.94715 659.38000 7.33187 0.00392 0.85882 0.06275 1.00000
v -47.74915 664.18066 11.13112 0.00392 0.85882 0.06275 1.00000
v -49.21146 665.43518 4.49819 0.00392 0.85882 0.06275 1.00000
v -70.99702 673.12665 11.46389 0.00392 0.85882 0.07843 1.00000
v -71.97411 667.25671 13.91334 0.00392 0.85882 0.07843 1.00000
v -69.42229 671.88910 17.57936 0.00392 0.85882 0.07843 1.00000
v -70.99702 673.12665 11.46389 0.00392 0.85882 0.07843 1.00000
v -93.66988 678.30676 19.06961 0.00392 0.85882 0.11373 1.00000
v -93.35587 672.64893 20.94855 0.00392 0.85882 0.11373 1.00000
v -91.80280 677.10083 24.61039 0.00392 0.85882 0.11373 1.00000
v -93.66988 678.30676 19.06961 0.00392 0.85882 0.11373 1.00000
v -115.99000 676.07599 29.80915 0.00392 0.85882 0.12941 1.00000
v -115.99000 676.07599 29.80915 0.00392 0.85882 0.12941 1.00000
v -11.80580 631.55481 -6.07564 0.00392 0.81176 0.00000 1.00000
v -5.23407 644.82507 6.30573 0.00392 0.81176 0.01961 1.00000
v 2.23159 635.56702 13.91703 0.00392 0.81176 0.01961 1.00000
v -0.44383 619.49371 6.47073 0.00392 0.81176 0.00000 1.00000
v 8.64305 629.61292 -9.24571 0.00392 0.81176 0.00000 1.00000
v 8.58369 643.21191 3.88778 0.00392 0.81176 0.01961 1.00000
v -5.23407 644.82507 6.30573 0.00392 0.81176 0.01961 1.00000
v -11.80580 631.55481 -6.07563 0.00392 0.81176 0.00000 1.00000
v 4.29752 662.24542 27.09699 0.00392 0.81176 0.03922 1.00000
v 8.04360 656.90973 30.55235 0.00392 0.81176 0.03922 1.00000
v 11.47308 661.26685 25.68447 0.00392 0.81176 0.03922 1.00000
v 4.29752 662.24542 27.09699 0.00392 0.81176 0.03922 1.00000
v 11.60142 679.22076 49.05538 0.00392 0.81176 0.07843 1.00000
v 14.75772 673.46149 51.19448 0.00392 0.81176 0.07843 1.00000
v 18.21822 678.09869 47.42236 0.00392 0.81176 0.07843 1.00000
v 11.60142 679.22076 49.05538 0.00392 0.81176 0.07843 1.00000
v 20.54254 691.38525 74.20871 0.00392 0.81176 0.09804 1.00000
v 23.29658 685.75085 75.65039 0.00392 0.81176 0.09804 1.00000
v 26.65519 690.27002 72.53483 0.00392 0.81176 0.09804 1.00000
v 20.54254 691.38525 74.20872 0.00392 0.81176 0.09804 1.00000
v 30.16766 700.84839 100.60511 0.00392 0.81176 0.13725 1.00000
v 32.34035 695.29364 100.86034 0.00392 0.81176 0.13725 1.00000
v 35.73337 699.73230 98.75639 0.00392 0.81176 0.13725 1.00000
v 30.16766 700.84839 100.60511 0.00392 0.81176 0.13725 1.00000
v 43.15005 702.32721 127.83299 0.00392 0.81176 0.15686 1.00000
v 43.15005 702.32721 127.83299 0.00392 0.81176 0.15686 1.00000
v -3.43407 632.71185 5.85273 0.00392 0.86275 0.00000 1.00000
v 10.17556 649.90704 -0.92267 0.00392 0.86275 0.02353 1.00000
v 18.39913 641.39819 -8.62667 0.00392 0.86275 0.02353 1.00000
v 9.80470 621.70380 -5.78920 0.00392 0.86275 0.00000 1.00000
v -6.49122 631.08807 -14.64100 0.00392 0.86275 0.00000 1.00000
v 7.94787 648.60754 -14.80531 0.00392 0.86275 0.02353 1.00000
v 10.17556 649.90704 -0.92267 0.00392 0.86275 0.02353 1.00000
v -3.43406 632.71185 5.85273 0.00392 0.86275 0.00000 1.00000
v 33.71447 673.15955 -10.62524 0.00392 0.86275 0.04706 1.00000
v 37.55971 668.21698 -14.52738 0.00392 0.86275 0.04706 1.00000
v 32.46156 672.38544 -17.85520 0.00392 0.86275 0.04706 1.00000
v 33.71448 673.15955 -10.62523 0.00392 0.86275 0.04706 1.00000
v 58.78501 695.64972 -17.94407 0.00392 0.86275 0.09412 1.00000
v 61.41290 690.22894 -21.32290 0.00392 0.86275 0.09412 1.00000
v 57.41911 694.77179 -24.65759 0.00392 0.86275 0.09412 1.00000
v 58.78501 695.64972 -17.94407 0.00392 0.86275 0.09412 1.00000
v 88.27020 713.02783 -26.78711 0.00392 0.86275 0.11765 1.00000
v 90.22387 707.68329 -29.79193 0.00392 0.86275 0.11765 1.00000
v 86.90257 712.15491 -33.01429 0.00392 0.86275 0.11765 1.00000
v 88.27020 713.02783 -26.78711 0.00392 0.86275 0.11765 1.00000
v 119.46283 727.43976 -36.23148 0.00392 0.86275 0.16471 1.00000
v 120.29311 722.08160 -38.72984 0.00392 0.86275 0.16471 1.00000
v 118.00510 726.55573 -41.95285 0.00392 0.86275 0.16471 1.00000
v 119.46283 727.43976 -36.23148 0.00392 0.86275 0.16471 1.00000
v 152.93839 733.46979 -49.12866 0.00392 0.86275 0.18824 1.00000
v 152.93839 733.46979 -49.12866 0.00392 0.86275 0.18824 1.00000
v 8.91179 633.82129 -2.25871 0.00392 0.26275 0.00000 1.00000
v 3.67111 645.28381 -10.90805 0.00392 0.26275 0.01176 1.00000
v -4.19750 637.61371 -19.77563 0.00392 0.26275 0.01176 1.00000
v -2.89156 623.95074 -16.23115 0.00392 0.26275 0.00000 1.00000
v -11.64625 632.57324 0.53142 0.00392 0.26275 0.00000 1.00000
v -10.28783 644.37994 -8.98188 0.00392 0.26275 0.01176 1.00000
v 3.67111 645.28381 -10.90805 0.00392 0.26275 0.01176 1.00000
v 8.91179 633.82129 -2.25871 0.00392 0.26275 0.00000 1.00000
v -2.86558 661.18134 -25.72144 0.00392 0.26275 0.02745 1.00000
v -6.89124 656.69879 -29.98087 0.00392 0.26275 0.02745 1.00000
v -10.15500 660.67957 -24.69476 0.00392 0.26275 0.02745 1.00000
v -2.86558 661.18134 -25.72144 0.00392 0.26275 0.02745 1.00000
v -6.42739 677.13025 -41.17739 0.00392 0.26275 0.05882 1.00000
v -10.01956 672.16016 -44.35587 0.00392 0.26275 0.05882 1.00000
v -13.24256 676.61737 -40.17818 0.00392 0.26275 0.05882 1.00000
v -6.42739 677.13025 -41.17739 0.00392 0.26275 0.05882 1.00000
v -10.41511 690.21246 -59.72098 0.00392 0.26275 0.07451 1.00000
v -13.67420 685.27954 -62.26152 0.00392 0.26275 0.07451 1.00000
v -16.76045 689.71814 -58.77102 0.00392 0.26275 0.07451 1.00000
v -10.41510 690.21246 -59.72098 0.00392 0.26275 0.07451 1.00000
v -14.54845 701.60712 -79.54582 0.00392 0.26275 0.10588 1.00000
v -17.40616 696.59253 -81.07151 0.00392 0.26275 0.10588 1.00000
v -20.42888 701.12726 -78.63434 0.00392 0.26275 0.10588 1.00000
v -14.54845 701.60712 -79.54582 0.00392 0.26275 0.10588 1.00000
v -21.50417 707.59949 -101.54042 0.00392 0.26275 0.12157 1.00000
v -21.50417 707.59949 -101.54042 0.00392 0.26275 0.12157 1.00000
v -0.14573 636.84680 -15.15466 0.00392 0.93725 0.00000 1.00000
v -10.31693 655.14850 -7.70596 0.00392 0.93725 0.01961 1.00000
v -18.69575 648.01886 1.14520 0.00392 0.93725 0.01961 1.00000
v -13.30701 627.90454 -1.78334 0.00392 0.93725 0.00000 1.00000
v 4.92572 635.27618 4.93985 0.00392 0.93725 0.00000 1.00000
v -6.67128 653.72437 5.86093 0.00392 0.93725 0.01961 1.00000
v -10.31693 655.14850 -7.70596 0.00392 0.93725 0.01961 1.00000
v -0.14573 636.84680 -15.15466 0.00392 0.93725 0.00000 1.00000
v -28.17318 680.85535 3.82800 0.00392 0.93725 0.04314 1.00000
v -32.21503 676.60321 8.30284 0.00392 0.93725 0.04314 1.00000
v -26.14802 679.93182 10.86272 0.00392 0.93725 0.04314 1.00000
v -28.17318 680.85535 3.82800 0.00392 0.93725 0.04314 1.00000
v -47.39669 706.29828 13.48207 0.00392 0.93725 0.09020 1.00000
v -50.45134 701.43365 17.31769 0.00392 0.93725 0.09020 1.00000
v -45.24549 705.13751 19.94218 0.00392 0.93725 0.09020 1.00000
v -47.39669 706.29828 13.48207 0.00392 0.93725 0.09020 1.00000
v -70.53046 728.15790 25.90515 0.00392 0.93725 0.11373 1.00000
v -72.99940 723.27026 29.28526 0.00392 0.93725 0.11373 1.00000
v -68.39639 726.95953 31.85659 0.00392 0.93725 0.11373 1.00000
v -70.53046 728.15790 25.90515 0.00392 0.93725 0.11373 1.00000
v -95.29133 747.82294 39.53282 0.00392 0.93725 0.16078 1.00000
v -96.83511 742.74652 42.26919 0.00392 0.93725 0.16078 1.00000
v -93.05839 746.53619 44.91786 0.00392 0.93725 0.16078 1.00000
v -95.29134 747.82294 39.53282 0.00392 0.93725 0.16078 1.00000
v -122.49233 760.68030 57.72386 0.00392 0.93725 0.18431 1.00000
v -122.49233 760.68030 57.72386 0.00392 0.93725 0.18431 1.00000
v -12.11497 637.81006 -5.92374 0.00392 0.86275 0.00000 1.00000
v -5.37627 657.36530 3.30556 0.00392 0.86275 0.02353 1.00000
v 3.86697 651.30255 12.09104 0.00392 0.86275 0.02353 1.00000
v 1.71426 630.21283 7.60437 0.00392 0.86275 0.00000 1.00000
v 8.00073 636.84662 -11.06240 0.00392 0.86275 0.00000 1.00000
v 8.28484 656.67322 -0.19787 0.00392 0.86275 0.02353 1.00000
v -5.37627 657.36530 3.30556 0.00392 0.86275 0.02353 1.00000
v -12.11497 637.81006 -5.92373 0.00392 0.86275 0.00000 1.00000
v 3.95310 685.50732 20.31653 0.00392 0.86275 0.04706 1.00000
v 8.69348 681.88531 24.65837 0.00392 0.86275 0.04706 1.00000
v 11.08823 685.12469 18.47670 0.00392 0.86275 0.04706 1.00000
v 3.95310 685.50732 20.31654 0.00392 0.86275 0.04706 1.00000
v 10.53169 713.35205 38.86428 0.00392 0.86275 0.09412 1.00000
v 14.77535 709.17688 42.36674 0.00392 0.86275 0.09412 1.00000
v 17.20244 712.95380 37.11774 0.00392 0.86275 0.09412 1.00000
v 10.53169 713.35205 38.86428 0.00392 0.86275 0.09412 1.00000
v 18.43661 738.41425 62.12726 0.00392 0.86275 0.11765 1.00000
v 22.28973 734.19708 65.09020 0.00392 0.86275 0.11765 1.00000
v 24.64631 738.02423 60.48483 0.00392 0.86275 0.11765 1.00000
v 18.43661 738.41425 62.12726 0.00392 0.86275 0.11765 1.00000
v 26.88373 761.59106 87.35825 0.00392 0.86275 0.16471 1.00000
v 30.25722 757.15295 89.49442 0.00392 0.86275 0.16471 1.00000
v 32.63271 761.19489 85.79849 0.00392 0.86275 0.16471 1.00000
v 26.88373 761.59106 87.35825 0.00392 0.86275 0.16471 1.00000
v 39.18042 779.23981 116.43194 0.00392 0.86275 0.18824 1.00000
v 39.18042 779.23981 116.43194 0.00392 0.86275 0.18824 1.00000
v -2.55932 638.93414 6.28940 0.00392 0.73725 0.00000 1.00000
v 4.61000 657.32422 0.12316 0.00392 0.73725 0.01961 1.00000
v 13.53627 652.17700 -9.53122 0.00392 0.73725 0.01961 1.00000
v 11.02895 632.58716 -8.09987 0.00392 0.73725 0.00000 1.00000
v -8.18468 638.19019 -13.70504 0.00392 0.73725 0.00000 1.00000
v 0.78766 656.80487 -13.45989 0.00392 0.73725 0.01961 1.00000
v 4.61000 657.32422 0.12316 0.00392 0.73725 0.01961 1.00000
v -2.55931 638.93414 6.28940 0.00392 0.73725 0.00000 1.00000
v 18.02197 684.20837 -8.19329 0.00392 0.73725 0.04314 1.00000
v 22.49825 681.09906 -13.16692 0.00392 0.73725 0.04314 1.00000
v 16.02452 683.93134 -15.29082 0.00392 0.73725 0.04314 1.00000
v 18.02197 684.20837 -8.19329 0.00392 0.73725 0.04314 1.00000
v 32.64830 711.03784 -13.60942 0.00392 0.73725 0.08627 1.00000
v 36.41337 707.39764 -18.11285 0.00392 0.73725 0.08627 1.00000
v 30.78105 710.77405 -20.25409 0.00392 0.73725 0.08627 1.00000
v 32.64830 711.03784 -13.60942 0.00392 0.73725 0.08627 1.00000
v 51.38810 736.10382 -20.11004 0.00392 0.73725 0.10588 1.00000
v 54.66582 732.39990 -24.22677 0.00392 0.73725 0.10588 1.00000
v 49.65139 735.85840 -26.30147 0.00392 0.73725 0.10588 1.00000
v 51.38810 736.10382 -20.11004 0.00392 0.73725 0.10588 1.00000
v 71.90602 759.82068 -27.04035 0.00392 0.73725 0.14902 1.00000
v 74.46174 755.85553 -30.69913 0.00392 0.73725 0.14902 1.00000
v 70.30250 759.59509 -32.78651 0.00392 0.73725 0.14902 1.00000
v 71.90602 759.82068 -27.04035 0.00392 0.73725 0.14902 1.00000
v 96.27293 779.31024 -37.70032 0.00392 0.73725 0.17255 1.00000
v 96.27293 779.31024 -37.70032 0.00392 0.73725 0.17255 1.00000
v 9.68676 640.11847 -3.57677 0.00392 0.59608 0.00000 1.00000
v 3.55731 660.51758 -9.65450 0.00392 0.59608 0.01961 1.00000
v -6.51375 656.23047 -18.57490 0.00392 0.59608 0.01961 1.00000
v -5.29255 635.00818 -17.04825 0.00392 0.59608 0.00000 1.00000
v -10.12160 639.42633 2.67828 0.00392 0.59608 0.00000 1.00000
v -9.88843 659.95526 -5.37957 0.00392 0.59608 0.01961 1.00000
v 3.55731 660.51758 -9.65450 0.00392 0.59608 0.01961 1.00000
v 9.68676 640.11847 -3.57678 0.00392 0.59608 0.00000 1.00000
v -5.06794 690.65198 -21.33447 0.00392 0.59608 0.04314 1.00000
v -10.26541 688.00104 -25.85114 0.00392 0.59608 0.04314 1.00000
v -12.08719 690.31403 -19.08560 0.00392 0.59608 0.04314 1.00000
v -5.06794 690.65198 -21.33447 0.00392 0.59608 0.04314 1.00000
v -11.00182 720.80646 -34.21910 0.00392 0.59608 0.09020 1.00000
v -15.71922 717.59875 -38.11330 0.00392 0.59608 0.09020 1.00000
v -17.55837 720.41754 -32.08173 0.00392 0.59608 0.09020 1.00000
v -11.00182 720.80646 -34.21910 0.00392 0.59608 0.09020 1.00000
v -18.57349 749.72577 -51.11443 0.00392 0.59608 0.11373 1.00000
v -22.88805 746.41931 -54.55859 0.00392 0.59608 0.11373 1.00000
v -24.67482 749.33405 -49.10680 0.00392 0.59608 0.11373 1.00000
v -18.57349 749.72577 -51.11443 0.00392 0.59608 0.11373 1.00000
v -26.84962 777.52240 -69.78887 0.00392 0.59608 0.16078 1.00000
v -30.68063 773.89801 -72.58669 0.00392 0.59608 0.16078 1.00000
v -32.49417 777.10614 -67.88988 0.00392 0.59608 0.16078 1.00000
v -26.84962 777.52240 -69.78887 0.00392 0.59608 0.16078 1.00000
v -39.48908 801.65900 -92.38776 0.00392 0.59608 0.18431 1.00000
v -39.48908 801.65900 -92.38776 0.00392 0.59608 0.18431 1.00000
v -1.24803 642.79047 -15.70927 0.00392 0.85490 0.00000 1.00000
v -4.89100 660.77930 -10.09920 0.00392 0.85490 0.01961 1.00000
v -12.91371 657.49036 1.04523 0.00392 0.85490 0.01961 1.00000
v -13.28086 639.05603 0.82072 0.00392 0.85490 0.00000 1.00000
v 7.08001 642.39044 3.32910 0.00392 0.85490 0.00000 1.00000
v 0.77309 660.46698 2.83137 0.00392 0.85490 0.01961 1.00000
v -4.89100 660.77930 -10.09920 0.00392 0.85490 0.01961 1.00000
v -1.24803 642.79047 -15.70927 0.00392 0.85490 0.00000 1.00000
v -12.51557 687.57867 -2.38509 0.00392 0.85490 0.03922 1.00000
v -16.60609 685.47113 3.38268 0.00392 0.85490 0.03922 1.00000
v -9.55154 687.39496 4.36934 0.00392 0.85490 0.03922 1.00000
v -12.51557 687.57867 -2.38508 0.00392 0.85490 0.03922 1.00000
v -21.33813 714.48499 2.52192 0.00392 0.85490 0.07843 1.00000
v -24.91695 711.80695 7.78768 0.00392 0.85490 0.07843 1.00000
v -18.55355 714.27856 8.83947 0.00392 0.85490 0.07843 1.00000
v -21.33813 714.48499 2.52192 0.00392 0.85490 0.07843 1.00000
v -33.45468 740.71106 9.00951 0.00392 0.85490 0.09804 1.00000
v -36.64753 737.90607 13.84146 0.00392 0.85490 0.09804 1.00000
v -30.85615 740.50684 14.89305 0.00392 0.85490 0.09804 1.00000
v -33.45469 740.71106 9.00951 0.00392 0.85490 0.09804 1.00000
v -47.05508 766.16107 16.18413 0.00392 0.85490 0.13725 1.00000
v -49.71370 763.02234 20.51086 0.00392 0.85490 0.13725 1.00000
v -44.63747 765.95496 21.63878 0.00392 0.85490 0.13725 1.00000
v -47.05508 766.16107 16.18413 0.00392 0.85490 0.13725 1.00000
v -63.74792 789.02496 27.72380 0.00392 0.85490 0.16078 1.00000
v -63.74792 789.02496 27.72380 0.00392 0.85490 0.16078 1.00000
v -12.22561 643.97504 -4.00215 0.00392 0.83922 0.00000 1.00000
v -6.96786 662.81122 -1.84723 0.00392 0.83922 0.01961 1.00000
v 4.73884 660.44904 5.68617 0.00392 0.83922 0.01961 1.00000
v 5.09994 641.54028 7.21718 0.00392 0.83922 0.00000 1.00000
v 6.29058 643.56329 -13.43386 0.00392 0.83922 0.00000 1.00000
v 5.59829 662.39136 -8.27333 0.00392 0.83922 0.01961 1.00000
v -6.96786 662.81122 -1.84723 0.00392 0.83922 0.01961 1.00000
v -12.22561 643.97504 -4.00215 0.00392 0.83922 0.00000 1.00000
v 0.48765 691.07208 3.15994 0.00392 0.83922 0.03922 1.00000
v 6.56003 689.47540 7.03525 0.00392 0.83922 0.03922 1.00000
v 7.04505 690.78265 -0.21025 0.00392 0.83922 0.03922 1.00000
v 0.48765 691.07208 3.15994 0.00392 0.83922 0.03922 1.00000
v 5.28761 719.51642 9.22974 0.00392 0.83922 0.08235 1.00000
v 10.85697 717.36438 12.70233 0.00392 0.83922 0.08235 1.00000
v 11.40454 719.12457 6.04577 0.00392 0.83922 0.08235 1.00000
v 5.28762 719.51642 9.22974 0.00392 0.83922 0.08235 1.00000
v 12.05906 747.82690 17.93876 0.00392 0.83922 0.10196 1.00000
v 17.17906 745.52069 21.08152 0.00392 0.83922 0.10196 1.00000
v 17.74517 747.40674 14.95517 0.00392 0.83922 0.10196 1.00000
v 12.05906 747.82690 17.93876 0.00392 0.83922 0.10196 1.00000
v 19.74781 775.63159 27.88727 0.00392 0.83922 0.14118 1.00000
v 24.34195 772.94611 30.59320 0.00392 0.83922 0.14118 1.00000
v 24.99541 775.14673 25.08225 0.00392 0.83922 0.14118 1.00000
v 19.74781 775.63159 27.88727 0.00392 0.83922 0.14118 1.00000
v 32.39376 801.44611 40.42247 0.00392 0.83922 0.16471 1.00000
v 32.39376 801.44611 40.42247 0.00392 0.83922 0.16471 1.00000
v -0.42092 645.03473 6.43806 0.00392 0.65882 0.00000 1.00000
v 0.65794 666.39783 1.92843 0.00392 0.65882 0.01961 1.00000
v 8.25018 665.08124 -9.90388 0.00392 0.65882 0.01961 1.00000
v 10.81175 644.02942 -11.02024 0.00392 0.65882 0.00000 1.00000
v -9.93067 644.85638 -12.04189 0.00392 0.65882 0.00000 1.00000
v -5.81047 666.15967 -10.62076 0.00392 0.65882 0.01961 1.00000
v 0.65794 666.39783 1.92843 0.00392 0.65882 0.01961 1.00000
v -0.42092 645.03473 6.43806 0.00392 0.65882 0.00000 1.00000
v 4.06160 698.68744 -4.39467 0.00392 0.65882 0.04314 1.00000
v 7.99648 697.67432 -10.55355 0.00392 0.65882 0.04314 1.00000
v 0.67495 698.49994 -10.94730 0.00392 0.65882 0.04314 1.00000
v 4.06160 698.68744 -4.39467 0.00392 0.65882 0.04314 1.00000
v 8.51541 731.10406 -8.05108 0.00392 0.65882 0.09020 1.00000
v 12.10508 729.55731 -13.74579 0.00392 0.65882 0.09020 1.00000
v 5.32561 730.80890 -14.17040 0.00392 0.65882 0.09020 1.00000
v 8.51541 731.10406 -8.05108 0.00392 0.65882 0.09020 1.00000
v 15.53876 763.85498 -13.73992 0.00392 0.65882 0.11373 1.00000
v 18.82413 762.13934 -19.00046 0.00392 0.65882 0.11373 1.00000
v 12.55454 763.52380 -19.43158 0.00392 0.65882 0.11373 1.00000
v 15.53876 763.85498 -13.73992 0.00392 0.65882 0.11373 1.00000
v 23.76687 796.26581 -20.38985 0.00392 0.65882 0.16078 1.00000
v 26.67677 794.17242 -25.16380 0.00392 0.65882 0.16078 1.00000
v 20.96871 795.85309 -25.64728 0.00392 0.65882 0.16078 1.00000
v 23.76687 796.26581 -20.38985 0.00392 0.65882 0.16078 1.00000
v 34.60633 827.43280 -32.17935 0.00392 0.65882 0.18431 1.00000
v 34.60633 827.43280 -32.17935 0.00392 0.65882 0.18431 1.00000
v 10.08506 646.02338 -5.17802 0.00392 0.96078 0.00000 1.00000
v 6.64044 667.99127 -5.07042 0.00392 0.96078 0.02353 1.00000
v -5.10382 667.81281 -12.90748 0.00392 0.96078 0.02353 1.00000
v -7.19655 646.52478 -16.71363 0.00392 0.96078 0.00000 1.00000
v -8.55002 646.20911 4.02387 0.00392 0.96078 0.00000 1.00000
v -6.02055 668.13654 1.17918 0.00392 0.96078 0.02353 1.00000
v 6.64044 667.99127 -5.07042 0.00392 0.96078 0.02353 1.00000
v 10.08506 646.02338 -5.17802 0.00392 0.96078 0.00000 1.00000
v 2.44854 701.41766 -6.77819 0.00392 0.96078 0.04706 1.00000
v -3.68528 701.04913 -10.86254 0.00392 0.96078 0.04706 1.00000
v -4.16804 701.50507 -3.51403 0.00392 0.96078 0.04706 1.00000
v 2.44854 701.41766 -6.77819 0.00392 0.96078 0.04706 1.00000
v 1.26343 734.84381 -9.58473 0.00392 0.96078 0.09412 1.00000
v -4.45859 733.98407 -13.35663 0.00392 0.96078 0.09412 1.00000
v -4.93191 734.94043 -6.53247 0.00392 0.96078 0.09412 1.00000
v 1.26343 734.84381 -9.58473 0.00392 0.96078 0.09412 1.00000
v -1.22895 768.97760 -15.21121 0.00392 0.96078 0.11765 1.00000
v -6.54432 767.94293 -18.68775 0.00392 0.96078 0.11765 1.00000
v -7.00153 769.07129 -12.36889 0.00392 0.96078 0.11765 1.00000
v -1.22895 768.97760 -15.21121 0.00392 0.96078 0.11765 1.00000
v -4.34790 802.89984 -22.15165 0.00392 0.96078 0.16471 1.00000
v -9.23902 801.51959 -25.28413 0.00392 0.96078 0.16471 1.00000
v -9.70420 802.98981 -19.51678 0.00392 0.96078 0.16471 1.00000
v -4.34790 802.89984 -22.15165 0.00392 0.96078 0.16471 1.00000
v -11.94760 836.46747 -31.96901 0.00392 0.96078 0.18824 1.00000
v -11.94760 836.46747 -31.96901 0.00392 0.96078 0.18824 1.00000
v -61.78303 588.36237 -21.02962 0.00392 0.54902 0.00000 1.00000
v -56.90662 584.09998 -19.64927 0.00392 0.54902 0.00000 1.00000
v -56.73277 585.62335 -24.32281 0.00392 0.54902 0.00000 1.00000
v -61.78303 588.36237 -21.02962 0.00392 0.54902 0.00000 1.00000
v -58.78840 589.30096 -26.86092 0.00392 0.54902 0.00000 1.00000
v -61.78303 588.36237 -21.02962 0.00392 0.54902 0.00000 1.00000
v -61.86938 592.97858 -25.77681 0.00392 0.54902 0.00000 1.00000
v -61.78303 588.36237 -21.02962 0.00392 0.54902 0.00000 1.00000
v -64.17088 594.50189 -21.70553 0.00392 0.54902 0.00000 1.00000
v -61.78303 588.36237 -21.02962 0.00392 0.54902 0.00000 1.00000
v -64.34473 592.97858 -17.03199 0.00392 0.54902 0.00000 1.00000
v -61.78303 588.36237 -21.02962 0.00392 0.54902 0.00000 1.00000
v -62.28910 589.30096 -14.49388 0.00392 0.54902 0.00000 1.00000
v -61.78303 588.36237 -21.02962 0.00392 0.54902 0.00000 1.00000
v -59.20812 585.62335 -15.57799 0.00392 0.54902 0.00000 1.00000
v -61.78303 588.36237 -21.02962 0.00392 0.54902 0.00000 1.00000
v -56.90662 584.09998 -19.64927 0.00392 0.54902 0.00000 1.00000
v -50.28402 582.36365 -17.77464 0.00392 0.54902 0.00000 1.00000
v -49.96278 585.17841 -26.41021 0.00392 0.54902 0.00000 1.00000
v -53.76110 591.97382 -31.10003 0.00392 0.54902 0.00000 1.00000
v -59.45400 598.76923 -29.09686 0.00392 0.54902 0.00000 1.00000
v -63.70663 601.58392 -21.57412 0.00392 0.54902 0.00000 1.00000
v -64.02786 598.76923 -12.93854 0.00392 0.54902 0.00000 1.00000
v -60.22953 591.97382 -8.24872 0.00392 0.54902 0.00000 1.00000
v -54.53664 585.17841 -10.25190 0.00392 0.54902 0.00000 1.00000
v -50.28402 582.36365 -17.77464 0.00392 0.54902 0.00000 1.00000
v -42.92349 583.41772 -15.69112 0.00392 0.54902 0.00000 1.00000
v -42.50377 587.09534 -26.97405 0.00392 0.54902 0.00000 1.00000
v -47.46653 595.97400 -33.10159 0.00392 0.54902 0.00000 1.00000
v -54.90464 604.85266 -30.48432 0.00392 0.54902 0.00000 1.00000
v -60.46097 608.53027 -20.65538 0.00392 0.54902 0.00000 1.00000
v -60.88069 604.85266 -9.37245 0.00392 0.54902 0.00000 1.00000
v -55.91793 595.97400 -3.24492 0.00392 0.54902 0.00000 1.00000
v -48.47981 587.09534 -5.86219 0.00392 0.54902 0.00000 1.00000
v -42.92349 583.41772 -15.69112 0.00392 0.54902 0.00000 1.00000
v -35.94557 587.10175 -13.71591 0.00392 0.54902 0.00000 1.00000
v -35.49127 591.08240 -25.92846 0.00392 0.54902 0.00000 1.00000
v -40.86292 600.69257 -32.56087 0.00392 0.54902 0.00000 1.00000
v -48.91388 610.30267 -29.72795 0.00392 0.54902 0.00000 1.00000
v -54.92800 614.28339 -19.08919 0.00392 0.54902 0.00000 1.00000
v -55.38230 610.30267 -6.87664 0.00392 0.54902 0.00000 1.00000
v -50.01065 600.69257 -0.24424 0.00392 0.54902 0.00000 1.00000
v -41.95969 591.08240 -3.07716 0.00392 0.54902 0.00000 1.00000
v -35.94557 587.10175 -13.71591 0.00392 0.54902 0.00000 1.00000
v -30.41260 592.85486 -12.14972 0.00392 0.54902 0.00000 1.00000
v -29.99289 596.53247 -23.43265 0.00392 0.54902 0.00000 1.00000
v -34.95564 605.41113 -29.56019 0.00392 0.54902 0.00000 1.00000
v -42.39376 614.28973 -26.94291 0.00392 0.54902 0.00000 1.00000
v -47.95009 617.96741 -17.11398 0.00392 0.54902 0.00000 1.00000
v -48.36980 614.28973 -5.83105 0.00392 0.54902 0.00000 1.00000
v -43.40705 605.41113 0.29648 0.00392 0.54902 0.00000 1.00000
v -35.96893 596.53247 -2.32079 0.00392 0.54902 0.00000 1.00000
v -30.41260 592.85486 -12.14972 0.00392 0.54902 0.00000 1.00000
v -27.16694 599.80115 -11.23098 0.00392 0.54902 0.00000 1.00000
v -26.84570 602.61591 -19.86656 0.00392 0.54902 0.00000 1.00000
v -30.64403 609.41132 -24.55638 0.00392 0.54902 0.00000 1.00000
v -36.33692 616.20673 -22.55320 0.00392 0.54902 0.00000 1.00000
v -40.58955 619.02142 -15.03047 0.00392 0.54902 0.00000 1.00000
v -40.91078 616.20673 -6.39489 0.00392 0.54902 0.00000 1.00000
v -37.11245 609.41132 -1.70507 0.00392 0.54902 0.00000 1.00000
v -31.41956 602.61591 -3.70825 0.00392 0.54902 0.00000 1.00000
v -27.16693 599.80115 -11.23099 0.00392 0.54902 0.00000 1.00000
v -26.70269 606.88312 -11.09957 0.00392 0.54902 0.00000 1.00000
v -26.52883 608.40649 -15.77311 0.00392 0.54902 0.00000 1.00000
v -28.58447 612.08411 -18.31122 0.00392 0.54902 0.00000 1.00000
v -31.66544 615.76178 -17.22711 0.00392 0.54902 0.00000 1.00000
v -33.96695 617.28510 -13.15584 0.00392 0.54902 0.00000 1.00000
v -34.14080 615.76178 -8.48230 0.00392 0.54902 0.00000 1.00000
v -32.08516 612.08411 -5.94419 0.00392 0.54902 0.00000 1.00000
v -29.00419 608.40649 -7.02830 0.00392 0.54902 0.00000 1.00000
v -26.70269 606.88312 -11.09957 0.00392 0.54902 0.00000 1.00000
v -29.09054 613.02271 -11.77549 0.00392 0.54902 0.00000 1.00000
v -29.09054 613.02271 -11.77549 0.00392 0.54902 0.00000 1.00000
v -29.09054 613.02271 -11.77549 0.00392 0.54902 0.00000 1.00000
v -29.09054 613.02271 -11.77549 0.00392 0.54902 0.00000 1.00000
v -29.09054 613.02271 -11.77549 0.00392 0.54902 0.00000 1.00000
v -29.09054 613.02271 -11.77549 0.00392 0.54902 0.00000 1.00000
v -29.09054 613.02271 -11.77549 0.00392 0.54902 0.00000 1.00000
v -29.09054 613.02271 -11.77549 0.00392 0.54902 0.00000 1.00000
v -29.09054 613.02271 -11.77549 0.00392 0.54902 0.00000 1.00000
v -59.15364 595.20526 21.08933 0.00392 0.85882 0.00000 1.00000
v -54.72287 590.93481 19.13420 0.00392 0.85882 0.00000 1.00000
v -57.46582 592.44489 15.50161 0.00392 0.85882 0.00000 1.00000
v -59.15364 595.20526 21.08933 0.00392 0.85882 0.00000 1.00000
v -60.51043 596.09064 14.83905 0.00392 0.85882 0.00000 1.00000
v -59.15364 595.20526 21.08933 0.00392 0.85882 0.00000 1.00000
v -62.07322 599.73639 17.53466 0.00392 0.85882 0.00000 1.00000
v -59.15364 595.20526 21.08933 0.00392 0.85882 0.00000 1.00000
v -61.23872 601.24646 22.00939 0.00392 0.85882 0.00000 1.00000
v -59.15364 595.20526 21.08933 0.00392 0.85882 0.00000 1.00000
v -58.49577 599.73639 25.64199 0.00392 0.85882 0.00000 1.00000
v -59.15364 595.20526 21.08933 0.00392 0.85882 0.00000 1.00000
v -55.45116 596.09064 26.30454 0.00392 0.85882 0.00000 1.00000
v -59.15364 595.20526 21.08933 0.00392 0.85882 0.00000 1.00000
v -53.88838 592.44489 23.60893 0.00392 0.85882 0.00000 1.00000
v -59.15364 595.20526 21.08933 0.00392 0.85882 0.00000 1.00000
v -54.72287 590.93481 19.13420 0.00392 0.85882 0.00000 1.00000
v -48.62096 589.08527 16.44167 0.00392 0.85882 0.00000 1.00000
v -53.68927 591.87561 9.72950 0.00392 0.85882 0.00000 1.00000
v -59.31497 598.61206 8.50526 0.00392 0.85882 0.00000 1.00000
v -62.20262 605.34851 13.48611 0.00392 0.85882 0.00000 1.00000
v -60.66066 608.13879 21.75432 0.00392 0.85882 0.00000 1.00000
v -55.59236 605.34851 28.46648 0.00392 0.85882 0.00000 1.00000
v -49.96666 598.61206 29.69072 0.00392 0.85882 0.00000 1.00000
v -47.07901 591.87561 24.70988 0.00392 0.85882 0.00000 1.00000
v -48.62096 589.08527 16.44167 0.00392 0.85882 0.00000 1.00000
v -41.77690 589.93835 13.42165 0.00392 0.85882 0.00000 1.00000
v -48.39894 593.58405 4.65178 0.00392 0.85882 0.00000 1.00000
v -55.74928 602.38562 3.05224 0.00392 0.85882 0.00000 1.00000
v -59.52217 611.18719 9.56002 0.00392 0.85882 0.00000 1.00000
v -57.50751 614.83295 20.36296 0.00392 0.85882 0.00000 1.00000
v -50.88546 611.18719 29.13283 0.00392 0.85882 0.00000 1.00000
v -43.53513 602.38562 30.73237 0.00392 0.85882 0.00000 1.00000
v -39.76223 593.58405 24.22458 0.00392 0.85882 0.00000 1.00000
v -41.77690 589.93835 13.42165 0.00392 0.85882 0.00000 1.00000
v -35.23257 593.36401 10.53390 0.00392 0.85882 0.00000 1.00000
v -42.40023 597.31012 1.04145 0.00392 0.85882 0.00000 1.00000
v -50.35617 606.83685 -0.68987 0.00392 0.85882 0.00000 1.00000
v -54.43992 616.36359 6.35410 0.00392 0.85882 0.00000 1.00000
v -52.25927 620.30975 18.04711 0.00392 0.85882 0.00000 1.00000
v -45.09161 616.36359 27.53956 0.00392 0.85882 0.00000 1.00000
v -37.13567 606.83685 29.27088 0.00392 0.85882 0.00000 1.00000
v -33.05191 597.31012 22.22691 0.00392 0.85882 0.00000 1.00000
v -35.23257 593.36401 10.53390 0.00392 0.85882 0.00000 1.00000
v -29.98433 598.84082 8.21806 0.00392 0.85882 0.00000 1.00000
v -36.60638 602.48657 -0.55182 0.00392 0.85882 0.00000 1.00000
v -43.95672 611.28815 -2.15136 0.00392 0.85882 0.00000 1.00000
v -47.72961 620.08966 4.35642 0.00392 0.85882 0.00000 1.00000
v -45.71495 623.73541 15.15936 0.00392 0.85882 0.00000 1.00000
v -39.09290 620.08966 23.92924 0.00392 0.85882 0.00000 1.00000
v -31.74257 611.28815 25.52877 0.00392 0.85882 0.00000 1.00000
v -27.96967 602.48657 19.02099 0.00392 0.85882 0.00000 1.00000
v -29.98433 598.84082 8.21805 0.00392 0.85882 0.00000 1.00000
v -26.83117 605.53497 6.82669 0.00392 0.85882 0.00000 1.00000
v -31.89947 608.32526 0.11452 0.00392 0.85882 0.00000 1.00000
v -37.52517 615.06171 -1.10972 0.00392 0.85882 0.00000 1.00000
v -40.41282 621.79816 3.87112 0.00392 0.85882 0.00000 1.00000
v -38.87087 624.58850 12.13933 0.00392 0.85882 0.00000 1.00000
v -33.80256 621.79816 18.85150 0.00392 0.85882 0.00000 1.00000
v -28.17686 615.06171 20.07574 0.00392 0.85882 0.00000 1.00000
v -25.28922 608.32526 15.09490 0.00392 0.85882 0.00000 1.00000
v -26.83117 605.53497 6.82669 0.00392 0.85882 0.00000 1.00000
v -26.25313 612.42731 6.57162 0.00392 0.85882 0.00000 1.00000
v -28.99607 613.93744 2.93902 0.00392 0.85882 0.00000 1.00000
v -32.04068 617.58313 2.27647 0.00392 0.85882 0.00000 1.00000
v -33.60346 621.22888 4.97208 0.00392 0.85882 0.00000 1.00000
v -32.76896 622.73895 9.44680 0.00392 0.85882 0.00000 1.00000
v -30.02602 621.22888 13.07940 0.00392 0.85882 0.00000 1.00000
v -26.98141 617.58313 13.74195 0.00392 0.85882 0.00000 1.00000
v -25.41862 613.93744 11.04634 0.00392 0.85882 0.00000 1.00000
v -26.25313 612.42731 6.57162 0.00392 0.85882 0.00000 1.00000
v -28.33820 618.46857 7.49168 0.00392 0.85882 0.00000 1.00000
v -28.33820 618.46857 7.49168 0.00392 0.85882 0.00000 1.00000
v -28.33820 618.46857 7.49168 0.00392 0.85882 0.00000 1.00000
v -28.33820 618.46857 7.49168 0.00392 0.85882 0.00000 1.00000
v -28.33820 618.46857 7.49168 0.00392 0.85882 0.00000 1.00000
v -28.33820 618.46857 7.49168 0.00392 0.85882 0.00000 1.00000
v -28.33820 618.46857 7.49168 0.00392 0.85882 0.00000 1.00000
v -28.33820 618.46857 7.49168 0.00392 0.85882 0.00000 1.00000
v -28.33820 618.46857 7.49168 0.00392 0.85882 0.00000 1.00000
v 1.05398 590.76868 59.13408 0.00392 0.06275 0.00000 1.00000
v 0.82839 586.29523 54.28762 0.00392 0.06275 0.00000 1.00000
v -3.64728 587.86200 55.52855 0.00392 0.06275 0.00000 1.00000
v 1.05398 590.76868 59.13408 0.00392 0.06275 0.00000 1.00000
v -5.40525 591.64435 58.10330 0.00392 0.06275 0.00000 1.00000
v 1.05398 590.76868 59.13408 0.00392 0.06275 0.00000 1.00000
v -3.41571 595.42670 60.50360 0.00392 0.06275 0.00000 1.00000
v 1.05398 590.76868 59.13408 0.00392 0.06275 0.00000 1.00000
v 1.15588 596.99347 61.32341 0.00392 0.06275 0.00000 1.00000
v 1.05398 590.76868 59.13408 0.00392 0.06275 0.00000 1.00000
v 5.63156 595.42670 60.08247 0.00392 0.06275 0.00000 1.00000
v 1.05398 590.76868 59.13408 0.00392 0.06275 0.00000 1.00000
v 7.38952 591.64435 57.50774 0.00392 0.06275 0.00000 1.00000
v 1.05398 590.76868 59.13408 0.00392 0.06275 0.00000 1.00000
v 5.39998 587.86200 55.10743 0.00392 0.06275 0.00000 1.00000
v 1.05398 590.76868 59.13408 0.00392 0.06275 0.00000 1.00000
v 0.82839 586.29523 54.28762 0.00392 0.06275 0.00000 1.00000
v 0.51346 584.25409 47.52188 0.00392 0.06275 0.00000 1.00000
v -7.75650 587.14899 49.81481 0.00392 0.06275 0.00000 1.00000
v -11.00480 594.13794 54.57232 0.00392 0.06275 0.00000 1.00000
v -7.32861 601.12689 59.00750 0.00392 0.06275 0.00000 1.00000
v 1.11859 604.02179 60.52230 0.00392 0.06275 0.00000 1.00000
v 9.38855 601.12689 58.22936 0.00392 0.06275 0.00000 1.00000
v 12.63685 594.13794 53.47186 0.00392 0.06275 0.00000 1.00000
v 8.96066 587.14899 49.03667 0.00392 0.06275 0.00000 1.00000
v 0.51346 584.25409 47.52188 0.00392 0.06275 0.00000 1.00000
v 0.15714 584.95599 39.86687 0.00392 0.06275 0.00000 1.00000
v -10.64809 588.73840 42.86274 0.00392 0.06275 0.00000 1.00000
v -14.89218 597.86987 49.07871 0.00392 0.06275 0.00000 1.00000
v -10.08902 607.00134 54.87356 0.00392 0.06275 0.00000 1.00000
v 0.94778 610.78375 56.85273 0.00392 0.06275 0.00000 1.00000
v 11.75301 607.00134 53.85686 0.00392 0.06275 0.00000 1.00000
v 15.99710 597.86987 47.64089 0.00392 0.06275 0.00000 1.00000
v 11.19394 588.73840 41.84604 0.00392 0.06275 0.00000 1.00000
v 0.15713 584.95599 39.86687 0.00392 0.06275 0.00000 1.00000
v -0.18633 588.29413 32.48798 0.00392 0.06275 0.00000 1.00000
v -11.88183 592.38812 35.73068 0.00392 0.06275 0.00000 1.00000
v -16.47560 602.27203 42.45880 0.00392 0.06275 0.00000 1.00000
v -11.27669 612.15582 48.73110 0.00392 0.06275 0.00000 1.00000
v 0.66946 616.24988 50.87333 0.00392 0.06275 0.00000 1.00000
v 12.36495 612.15582 47.63063 0.00392 0.06275 0.00000 1.00000
v 16.95872 602.27203 40.90252 0.00392 0.06275 0.00000 1.00000
v 11.75981 592.38812 34.63021 0.00392 0.06275 0.00000 1.00000
v -0.18634 588.29413 32.48798 0.00392 0.06275 0.00000 1.00000
v -0.46466 593.76019 26.50859 0.00392 0.06275 0.00000 1.00000
v -11.26989 597.54260 29.50445 0.00392 0.06275 0.00000 1.00000
v -15.51398 606.67407 35.72042 0.00392 0.06275 0.00000 1.00000
v -10.71082 615.80554 41.51527 0.00392 0.06275 0.00000 1.00000
v 0.32599 619.58795 43.49445 0.00392 0.06275 0.00000 1.00000
v 11.13122 615.80554 40.49858 0.00392 0.06275 0.00000 1.00000
v 15.37531 606.67407 34.28261 0.00392 0.06275 0.00000 1.00000
v 10.57214 597.54260 28.48776 0.00392 0.06275 0.00000 1.00000
v -0.46466 593.76019 26.50859 0.00392 0.06275 0.00000 1.00000
v -0.63547 600.52222 22.83901 0.00392 0.06275 0.00000 1.00000
v -8.90543 603.41711 25.13195 0.00392 0.06275 0.00000 1.00000
v -12.15372 610.40607 29.88945 0.00392 0.06275 0.00000 1.00000
v -8.47754 617.39496 34.32463 0.00392 0.06275 0.00000 1.00000
v -0.03034 620.28992 35.83943 0.00392 0.06275 0.00000 1.00000
v 8.23962 617.39502 33.54649 0.00392 0.06275 0.00000 1.00000
v 11.48792 610.40607 28.78899 0.00392 0.06275 0.00000 1.00000
v 7.81173 603.41711 24.35381 0.00392 0.06275 0.00000 1.00000
v -0.63547 600.52222 22.83901 0.00392 0.06275 0.00000 1.00000
v -0.67276 607.55054 22.03790 0.00392 0.06275 0.00000 1.00000
v -5.14843 609.11725 23.27884 0.00392 0.06275 0.00000 1.00000
v -6.90639 612.89960 25.85357 0.00392 0.06275 0.00000 1.00000
v -4.91686 616.68201 28.25387 0.00392 0.06275 0.00000 1.00000
v -0.34526 618.24872 29.07368 0.00392 0.06275 0.00000 1.00000
v 4.13040 616.68201 27.83274 0.00392 0.06275 0.00000 1.00000
v 5.88837 612.89960 25.25801 0.00392 0.06275 0.00000 1.00000
v 3.89883 609.11725 22.85771 0.00392 0.06275 0.00000 1.00000
v -0.67276 607.55054 22.03790 0.00392 0.06275 0.00000 1.00000
v -0.57085 613.77527 24.22723 0.00392 0.06275 0.00000 1.00000
v -0.57085 613.77527 24.22723 0.00392 0.06275 0.00000 1.00000
v -0.57085 613.77527 24.22723 0.00392 0.06275 0.00000 1.00000
v -0.57085 613.77527 24.22723 0.00392 0.06275 0.00000 1.00000
v -0.57085 613.77527 24.22723 0.00392 0.06275 0.00000 1.00000
v -0.57086 613.77527 24.22723 0.00392 0.06275 0.00000 1.00000
v -0.57086 613.77527 24.22723 0.00392 0.06275 0.00000 1.00000
v -0.57086 613.77527 24.22723 0.00392 0.06275 0.00000 1.00000
v -0.57085 613.77527 24.22723 0.00392 0.06275 0.00000 1.00000
v 59.60918 607.96698 11.36772 0.00392 0.81176 0.00000 1.00000
v 55.31413 603.70020 10.25474 0.00392 0.81176 0.00000 1.00000
v 55.15600 605.18146 14.57739 0.00392 0.81176 0.00000 1.00000
v 59.60918 607.96698 11.36772 0.00392 0.81176 0.00000 1.00000
v 56.89343 608.75757 16.83508 0.00392 0.81176 0.00000 1.00000
v 59.60918 607.96698 11.36772 0.00392 0.81176 0.00000 1.00000
v 59.50866 612.33368 15.70529 0.00392 0.81176 0.00000 1.00000
v 59.60918 607.96698 11.36772 0.00392 0.81176 0.00000 1.00000
v 61.46972 613.81494 11.84984 0.00392 0.81176 0.00000 1.00000
v 59.60918 607.96698 11.36772 0.00392 0.81176 0.00000 1.00000
v 61.62784 612.33368 7.52720 0.00392 0.81176 0.00000 1.00000
v 59.60918 607.96698 11.36772 0.00392 0.81176 0.00000 1.00000
v 59.89041 608.75757 5.26951 0.00392 0.81176 0.00000 1.00000
v 59.60918 607.96698 11.36772 0.00392 0.81176 0.00000 1.00000
v 57.27518 605.18146 6.39930 0.00392 0.81176 0.00000 1.00000
v 59.60918 607.96698 11.36772 0.00392 0.81176 0.00000 1.00000
v 55.31413 603.70020 10.25475 0.00392 0.81176 0.00000 1.00000
v 49.23841 601.66400 8.68035 0.00392 0.81176 0.00000 1.00000
v 48.94623 604.40106 16.66755 0.00392 0.81176 0.00000 1.00000
v 52.15658 611.00885 20.83922 0.00392 0.81176 0.00000 1.00000
v 56.98889 617.61664 18.75164 0.00392 0.81176 0.00000 1.00000
v 60.61245 620.35370 11.62770 0.00392 0.81176 0.00000 1.00000
v 60.90463 617.61664 3.64050 0.00392 0.81176 0.00000 1.00000
v 57.69427 611.00885 -0.53117 0.00392 0.81176 0.00000 1.00000
v 52.86197 604.40106 1.55641 0.00392 0.81176 0.00000 1.00000
v 49.23841 601.66400 8.68035 0.00392 0.81176 0.00000 1.00000
v 42.30704 602.16846 6.88423 0.00392 0.81176 0.00000 1.00000
v 41.92529 605.74457 17.32001 0.00392 0.81176 0.00000 1.00000
v 46.11982 614.37805 22.77055 0.00392 0.81176 0.00000 1.00000
v 52.43352 623.01160 20.04300 0.00392 0.81176 0.00000 1.00000
v 57.16793 626.58771 10.73513 0.00392 0.81176 0.00000 1.00000
v 57.54969 623.01160 0.29934 0.00392 0.81176 0.00000 1.00000
v 53.35516 614.37805 -5.15119 0.00392 0.81176 0.00000 1.00000
v 47.04145 605.74457 -2.42365 0.00392 0.81176 0.00000 1.00000
v 42.30704 602.16846 6.88423 0.00392 0.81176 0.00000 1.00000
v 35.57521 605.13678 5.13981 0.00392 0.81176 0.00000 1.00000
v 35.16200 609.00751 16.43542 0.00392 0.81176 0.00000 1.00000
v 39.70213 618.35236 22.33504 0.00392 0.81176 0.00000 1.00000
v 46.53604 627.69720 19.38277 0.00392 0.81176 0.00000 1.00000
v 51.66053 631.56793 9.30800 0.00392 0.81176 0.00000 1.00000
v 52.07373 627.69720 -1.98761 0.00392 0.81176 0.00000 1.00000
v 47.53361 618.35236 -7.88723 0.00392 0.81176 0.00000 1.00000
v 40.69970 609.00751 -4.93496 0.00392 0.81176 0.00000 1.00000
v 35.57521 605.13678 5.13981 0.00392 0.81176 0.00000 1.00000
v 30.06782 610.11707 3.71268 0.00392 0.81176 0.00000 1.00000
v 29.68606 613.69318 14.14846 0.00392 0.81176 0.00000 1.00000
v 33.88059 622.32666 19.59900 0.00392 0.81176 0.00000 1.00000
v 40.19430 630.96021 16.87146 0.00392 0.81176 0.00000 1.00000
v 44.92871 634.53632 7.56358 0.00392 0.81176 0.00000 1.00000
v 45.31046 630.96021 -2.87220 0.00392 0.81176 0.00000 1.00000
v 41.11593 622.32666 -8.32274 0.00392 0.81176 0.00000 1.00000
v 34.80222 613.69318 -5.59519 0.00392 0.81176 0.00000 1.00000
v 30.06781 610.11707 3.71269 0.00392 0.81176 0.00000 1.00000
v 26.62329 616.35114 2.82011 0.00392 0.81176 0.00000 1.00000
v 26.33111 619.08813 10.80731 0.00392 0.81176 0.00000 1.00000
v 29.54146 625.69598 14.97897 0.00392 0.81176 0.00000 1.00000
v 34.37376 632.30371 12.89139 0.00392 0.81176 0.00000 1.00000
v 37.99733 635.04077 5.76746 0.00392 0.81176 0.00000 1.00000
v 38.28951 632.30377 -2.21974 0.00392 0.81176 0.00000 1.00000
v 35.07915 625.69598 -6.39141 0.00392 0.81176 0.00000 1.00000
v 30.24684 619.08813 -4.30383 0.00392 0.81176 0.00000 1.00000
v 26.62329 616.35114 2.82011 0.00392 0.81176 0.00000 1.00000
v 25.76603 622.88983 2.59797 0.00392 0.81176 0.00000 1.00000
v 25.60790 624.37109 6.92061 0.00392 0.81176 0.00000 1.00000
v 27.34533 627.94720 9.17830 0.00392 0.81176 0.00000 1.00000
v 29.96056 631.52325 8.04851 0.00392 0.81176 0.00000 1.00000
v 31.92161 633.00458 4.19306 0.00392 0.81176 0.00000 1.00000
v 32.07974 631.52325 -0.12958 0.00392 0.81176 0.00000 1.00000
v 30.34231 627.94720 -2.38727 0.00392 0.81176 0.00000 1.00000
v 27.72708 624.37109 -1.25748 0.00392 0.81176 0.00000 1.00000
v 25.76603 622.88983 2.59797 0.00392 0.81176 0.00000 1.00000
v 27.62656 628.73773 3.08009 0.00392 0.81176 0.00000 1.00000
v 27.62656 628.73773 3.08009 0.00392 0.81176 0.00000 1.00000
v 27.62656 628.73773 3.08008 0.00392 0.81176 0.00000 1.00000
v 27.62656 628.73773 3.08008 0.00392 0.81176 0.00000 1.00000
v 27.62656 628.73773 3.08009 0.00392 0.81176 0.00000 1.00000
v 27.62656 628.73773 3.08009 0.00392 0.81176 0.00000 1.00000
v 27.62656 628.73773 3.08009 0.00392 0.81176 0.00000 1.00000
v 27.62656 628.73773 3.08009 0.00392 0.81176 0.00000 1.00000
v 27.62656 628.73773 3.08009 0.00392 0.81176 0.00000 1.00000
v -3.26467 617.63684 -66.66000 0.00392 0.88235 0.00000 1.00000
v -3.13175 613.43207 -62.45956 0.00392 0.88235 0.00000 1.00000
v 0.91807 614.88019 -63.45900 0.00392 0.88235 0.00000 1.00000
v -3.26467 617.63684 -66.66000 0.00392 0.88235 0.00000 1.00000
v 2.54048 618.37610 -65.61382 0.00392 0.88235 0.00000 1.00000
v -3.26467 617.63684 -66.66000 0.00392 0.88235 0.00000 1.00000
v 0.78508 621.87201 -67.66174 0.00392 0.88235 0.00000 1.00000
v -3.26467 617.63684 -66.66000 0.00392 0.88235 0.00000 1.00000
v -3.31983 623.32007 -68.40313 0.00392 0.88235 0.00000 1.00000
v -3.26467 617.63684 -66.66000 0.00392 0.88235 0.00000 1.00000
v -7.36966 621.87201 -67.40369 0.00392 0.88235 0.00000 1.00000
v -3.26467 617.63684 -66.66000 0.00392 0.88235 0.00000 1.00000
v -8.99206 618.37610 -65.24886 0.00392 0.88235 0.00000 1.00000
v -3.26467 617.63684 -66.66000 0.00392 0.88235 0.00000 1.00000
v -7.23666 614.88019 -63.20094 0.00392 0.88235 0.00000 1.00000
v -3.26467 617.63684 -66.66000 0.00392 0.88235 0.00000 1.00000
v -3.13175 613.43207 -62.45956 0.00392 0.88235 0.00000 1.00000
v -2.94130 611.34613 -56.44128 0.00392 0.88235 0.00000 1.00000
v 4.54180 614.02179 -58.28802 0.00392 0.88235 0.00000 1.00000
v 7.53961 620.48138 -62.26960 0.00392 0.88235 0.00000 1.00000
v 4.29605 626.94098 -66.05367 0.00392 0.88235 0.00000 1.00000
v -3.28883 629.61664 -67.42358 0.00392 0.88235 0.00000 1.00000
v -10.77193 626.94098 -65.57684 0.00392 0.88235 0.00000 1.00000
v -13.76974 620.48138 -61.59526 0.00392 0.88235 0.00000 1.00000
v -10.52618 614.02179 -57.81119 0.00392 0.88235 0.00000 1.00000
v -2.94130 611.34613 -56.44128 0.00392 0.88235 0.00000 1.00000
v -2.72232 611.69641 -49.52142 0.00392 0.88235 0.00000 1.00000
v 7.05482 615.19232 -51.93429 0.00392 0.88235 0.00000 1.00000
v 10.97164 623.63214 -57.13648 0.00392 0.88235 0.00000 1.00000
v 6.73374 632.07208 -62.08061 0.00392 0.88235 0.00000 1.00000
v -3.17639 635.56793 -63.87047 0.00392 0.88235 0.00000 1.00000
v -12.95354 632.07208 -61.45760 0.00392 0.88235 0.00000 1.00000
v -16.87036 623.63214 -56.25541 0.00392 0.88235 0.00000 1.00000
v -12.63245 615.19232 -51.31128 0.00392 0.88235 0.00000 1.00000
v -2.72232 611.69641 -49.52142 0.00392 0.88235 0.00000 1.00000
v -2.50814 614.42957 -42.75343 0.00392 0.88235 0.00000 1.00000
v 8.07456 618.21350 -45.36510 0.00392 0.88235 0.00000 1.00000
v 12.31410 627.34875 -50.99591 0.00392 0.88235 0.00000 1.00000
v 7.72702 636.48401 -56.34739 0.00392 0.88235 0.00000 1.00000
v -2.99963 640.26794 -58.28473 0.00392 0.88235 0.00000 1.00000
v -13.58233 636.48401 -55.67305 0.00392 0.88235 0.00000 1.00000
v -17.82187 627.34875 -50.04225 0.00392 0.88235 0.00000 1.00000
v -13.23479 618.21350 -44.69077 0.00392 0.88235 0.00000 1.00000
v -2.50814 614.42957 -42.75343 0.00392 0.88235 0.00000 1.00000
v -2.33138 619.12958 -37.16769 0.00392 0.88235 0.00000 1.00000
v 7.44576 622.62543 -39.58056 0.00392 0.88235 0.00000 1.00000
v 11.36258 631.06537 -44.78275 0.00392 0.88235 0.00000 1.00000
v 7.12468 639.50519 -49.72688 0.00392 0.88235 0.00000 1.00000
v -2.78546 643.00110 -51.51674 0.00392 0.88235 0.00000 1.00000
v -12.56260 639.50519 -49.10386 0.00392 0.88235 0.00000 1.00000
v -16.47942 631.06537 -43.90169 0.00392 0.88235 0.00000 1.00000
v -12.24151 622.62543 -38.95755 0.00392 0.88235 0.00000 1.00000
v -2.33138 619.12958 -37.16769 0.00392 0.88235 0.00000 1.00000
v -2.21894 625.08087 -33.61458 0.00392 0.88235 0.00000 1.00000
v 5.26415 627.75653 -35.46132 0.00392 0.88235 0.00000 1.00000
v 8.26197 634.21613 -39.44289 0.00392 0.88235 0.00000 1.00000
v 5.01841 640.67572 -43.22697 0.00392 0.88235 0.00000 1.00000
v -2.56648 643.35138 -44.59687 0.00392 0.88235 0.00000 1.00000
v -10.04957 640.67572 -42.75014 0.00392 0.88235 0.00000 1.00000
v -13.04738 634.21613 -38.76856 0.00392 0.88235 0.00000 1.00000
v -9.80383 627.75653 -34.98448 0.00392 0.88235 0.00000 1.00000
v -2.21894 625.08087 -33.61458 0.00392 0.88235 0.00000 1.00000
v -2.18794 631.37738 -32.63503 0.00392 0.88235 0.00000 1.00000
v 1.86188 632.82550 -33.63447 0.00392 0.88235 0.00000 1.00000
v 3.48428 636.32135 -35.78929 0.00392 0.88235 0.00000 1.00000
v 1.72888 639.81726 -37.83721 0.00392 0.88235 0.00000 1.00000
v -2.37603 641.26538 -38.57859 0.00392 0.88235 0.00000 1.00000
v -6.42585 639.81726 -37.57915 0.00392 0.88235 0.00000 1.00000
v -8.04825 636.32135 -35.42434 0.00392 0.88235 0.00000 1.00000
v -6.29285 632.82550 -33.37641 0.00392 0.88235 0.00000 1.00000
v -2.18794 631.37738 -32.63503 0.00392 0.88235 0.00000 1.00000
v -2.24310 637.06067 -34.37815 0.00392 0.88235 0.00000 1.00000
v -2.24310 637.06067 -34.37815 0.00392 0.88235 0.00000 1.00000
v -2.24310 637.06067 -34.37815 0.00392 0.88235 0.00000 1.00000
v -2.24310 637.06067 -34.37815 0.00392 0.88235 0.00000 1.00000
v -2.24310 637.06067 -34.37815 0.00392 0.88235 0.00000 1.00000
v -2.24310 637.06067 -34.37815 0.00392 0.88235 0.00000 1.00000
v -2.24310 637.06067 -34.37815 0.00392 0.88235 0.00000 1.00000
v -2.24310 637.06067 -34.37815 0.00392 0.88235 0.00000 1.00000
v -2.24310 637.06067 -34.37815 0.00392 0.88235 0.00000 1.00000
v -71.83360 555.95471 84.80050 0.11373 0.85882 0.06275 1.00000
v -79.89780 564.19135 85.95076 0.14510 0.85882 0.07843 1.00000
v -71.16142 617.26965 63.49047 0.07451 0.85882 0.07843 1.00000
v -56.46870 610.17871 58.83420 0.05882 0.85882 0.06275 1.00000
v -49.30258 662.99860 7.65373 0.00392 0.85882 0.06275 1.00000
v -70.79781 670.75751 14.31887 0.00392 0.85882 0.07843 1.00000
v -99.53066 623.92987 -31.97503 0.07451 0.85882 0.07843 1.00000
v -82.80835 616.42194 -37.43170 0.05882 0.85882 0.06275 1.00000
v -111.38076 563.95056 -57.78067 0.11373 0.85882 0.06275 1.00000
v -122.32033 574.26947 -56.91716 0.14510 0.85882 0.07843 1.00000
v -76.38383 565.22241 88.06246 0.20000 0.85882 0.11373 1.00000
v -80.40404 621.81238 66.75809 0.10588 0.85882 0.11373 1.00000
v -92.94286 676.01886 21.54285 0.00392 0.85882 0.11373 1.00000
v -113.21961 630.24896 -28.41081 0.10588 0.85882 0.11373 1.00000
v -125.32603 577.28217 -53.78474 0.20000 0.85882 0.11373 1.00000
v -88.25282 571.71136 89.78410 0.22353 0.85882 0.12941 1.00000
v -97.66367 624.62347 72.05489 0.11373 0.85882 0.12941 1.00000
v -115.99000 676.07599 29.80915 0.00392 0.85882 0.12941 1.00000
v -131.88066 630.45209 -20.32736 0.11373 0.85882 0.12941 1.00000
v -139.92143 581.87305 -49.51214 0.22353 0.85882 0.12941 1.00000
v -88.02559 574.35840 91.84756 0.27843 0.85882 0.16078 1.00000
v -108.56176 624.33325 77.51884 0.14510 0.85882 0.16078 1.00000
v -138.85062 673.46161 38.39626 0.00392 0.85882 0.16078 1.00000
v -147.51372 630.64032 -14.41710 0.14510 0.85882 0.16078 1.00000
v -145.37471 582.28033 -44.50833 0.27843 0.85882 0.16078 1.00000
v -94.44700 578.13885 93.31641 0.30196 0.85882 0.17647 1.00000
v -118.75096 623.47034 81.61317 0.15294 0.85882 0.17647 1.00000
v -153.94206 669.00574 44.48460 0.00392 0.85882 0.17647 1.00000
v -159.83336 629.00159 -9.54816 0.15294 0.85882 0.17647 1.00000
v -153.84552 583.64539 -40.98886 0.30196 0.85882 0.17647 1.00000
v -105.29303 572.74530 101.09502 0.33333 0.85882 0.19216 1.00000
v -135.96489 616.91931 89.04922 0.16863 0.85882 0.19216 1.00000
v -175.41695 658.29474 53.86269 0.00392 0.85882 0.19216 1.00000
v -179.03024 621.36389 -1.28233 0.16863 0.85882 0.19216 1.00000
v -170.22713 579.98962 -34.41520 0.33333 0.85882 0.19216 1.00000
v -109.85339 575.33258 103.19496 0.38824 0.85882 0.22745 1.00000
v -148.40196 611.80969 94.59953 0.20000 0.85882 0.22745 1.00000
v -195.59947 645.12195 63.18863 0.00392 0.85882 0.22745 1.00000
v -194.23167 612.78192 6.35676 0.20000 0.85882 0.22745 1.00000
v -179.02997 577.27667 -29.12380 0.38824 0.85882 0.22745 1.00000
v -122.64424 567.88696 109.14269 0.41176 0.85882 0.24314 1.00000
v -162.32835 598.38293 102.57015 0.20784 0.85882 0.24314 1.00000
v -212.79451 626.97418 72.27786 0.00392 0.85882 0.24314 1.00000
v -210.14336 598.03241 14.80732 0.20784 0.85882 0.24314 1.00000
v -192.84166 566.55304 -21.46565 0.41176 0.85882 0.24314 1.00000
v -127.43437 566.53082 112.85652 0.46667 0.85882 0.27451 1.00000
v -172.72130 588.10919 108.42153 0.23922 0.85882 0.27451 1.00000
v -227.93082 606.79242 80.97279 0.00392 0.85882 0.27451 1.00000
v -223.23720 583.97827 21.93200 0.23922 0.85882 0.27451 1.00000
v -204.21866 560.83179 -16.93077 0.46667 0.85882 0.27451 1.00000
v -136.19193 553.27203 119.15855 0.49020 0.85882 0.29020 1.00000
v -182.87677 569.65118 115.20766 0.24706 0.85882 0.29020 1.00000
v -238.53828 582.68829 88.70295 0.00392 0.85882 0.29020 1.00000
v -233.05748 563.05463 29.70646 0.24706 0.85882 0.29020 1.00000
v -214.76013 544.39520 -9.83796 0.49020 0.85882 0.29020 1.00000
v -143.48946 554.54962 120.84002 0.54510 0.85882 0.32549 1.00000
v -188.42874 558.63574 119.72110 0.27843 0.85882 0.32549 1.00000
v -246.51497 557.28473 95.70415 0.00392 0.85882 0.32549 1.00000
v -241.39539 539.54364 37.04297 0.27843 0.85882 0.32549 1.00000
v -222.12141 525.98547 -2.65184 0.54510 0.85882 0.32549 1.00000
v 112.57154 561.39990 80.38419 0.12157 0.81176 0.07843 1.00000
v 116.66695 571.24304 91.78799 0.15294 0.81176 0.09804 1.00000
v 83.05775 631.48505 77.83920 0.07451 0.81176 0.09804 1.00000
v 75.00204 621.98010 59.37610 0.05882 0.81176 0.07843 1.00000
v 14.85912 676.92700 49.22407 0.00392 0.81176 0.07843 1.00000
v 23.49811 689.13538 74.13131 0.00392 0.81176 0.09804 1.00000
v -27.93020 639.04712 113.66055 0.07451 0.81176 0.09804 1.00000
v -33.37431 626.07574 94.10155 0.05882 0.81176 0.07843 1.00000
v -55.08028 569.75690 132.97334 0.12157 0.81176 0.07843 1.00000
v -52.30790 582.51532 146.42764 0.15294 0.81176 0.09804 1.00000
v 117.26084 576.58954 92.05688 0.22353 0.81176 0.13725 1.00000
v 86.49735 640.52582 91.25095 0.10588 0.81176 0.13725 1.00000
v 32.74712 698.62482 100.07395 0.00392 0.81176 0.13725 1.00000
v -21.04583 646.39258 129.96832 0.10588 0.81176 0.13725 1.00000
v -47.81510 586.73169 151.27007 0.22353 0.81176 0.13725 1.00000
v 121.15183 584.60065 107.45492 0.25490 0.81176 0.15686 1.00000
v 95.54825 644.20941 112.50991 0.12157 0.81176 0.15686 1.00000
v 43.15005 702.32721 127.83299 0.00392 0.81176 0.15686 1.00000
v -12.93794 651.87335 153.01547 0.12157 0.81176 0.15686 1.00000
v -41.35076 592.86981 168.37880 0.25490 0.81176 0.15686 1.00000
v 125.09805 587.13062 110.47501 0.31765 0.81176 0.19608 1.00000
v 101.27891 647.72504 128.85667 0.15294 0.81176 0.19608 1.00000
v 53.86844 702.91357 155.80165 0.00392 0.81176 0.19608 1.00000
v -4.35943 653.01947 171.54993 0.15294 0.81176 0.19608 1.00000
v -38.23496 598.06885 176.89095 0.31765 0.81176 0.19608 1.00000
v 128.31433 590.58423 118.59976 0.35686 0.81176 0.21569 1.00000
v 107.82986 646.47772 141.69283 0.17647 0.81176 0.21569 1.00000
v 61.38756 700.12024 174.75308 0.00392 0.81176 0.21569 1.00000
v 1.64647 652.83990 186.57596 0.17647 0.81176 0.21569 1.00000
v -34.26510 601.15582 187.54044 0.35686 0.81176 0.21569 1.00000
v 135.69069 589.00055 136.86443 0.38824 0.81176 0.23529 1.00000
v 117.35509 640.96136 164.61275 0.19216 0.81176 0.23529 1.00000
v 72.87557 691.06842 202.58366 0.00392 0.81176 0.23529 1.00000
v 11.53551 647.08582 211.25522 0.19216 0.81176 0.23529 1.00000
v -24.86657 597.25616 207.23331 0.38824 0.81176 0.23529 1.00000
v 139.38544 590.69440 146.22820 0.45098 0.81176 0.27451 1.00000
v 124.73264 635.92334 182.74722 0.22353 0.81176 0.27451 1.00000
v 84.26219 678.98553 229.38094 0.00392 0.81176 0.27451 1.00000
v 20.79753 639.48138 231.60219 0.22353 0.81176 0.27451 1.00000
v -18.99468 595.97125 220.57906 0.45098 0.81176 0.27451 1.00000
v 148.37787 580.99298 163.19249 0.48235 0.81176 0.29804 1.00000
v 134.78194 621.96234 203.39854 0.23922 0.81176 0.29804 1.00000
v 95.43939 660.80133 253.84941 0.00392 0.81176 0.29804 1.00000
v 31.22223 624.72540 253.97290 0.23922 0.81176 0.29804 1.00000
v -10.07288 585.91919 241.15076 0.48235 0.81176 0.29804 1.00000
v 153.40933 577.70935 173.64760 0.49020 0.81176 0.33725 1.00000
v 142.69942 609.90332 219.68022 0.23922 0.81176 0.33725 1.00000
v 106.23214 640.01514 276.45694 0.00392 0.81176 0.33725 1.00000
v 39.84623 610.48999 273.77432 0.23922 0.81176 0.33725 1.00000
v -2.49308 577.45392 254.20299 0.49020 0.81176 0.33725 1.00000
v 161.26091 562.62079 189.61855 0.49020 0.81176 0.35686 1.00000
v 151.29851 589.65521 237.45509 0.23922 0.81176 0.35686 1.00000
v 116.18859 613.96454 295.01453 0.00392 0.81176 0.35686 1.00000
v 49.40085 588.14441 291.76401 0.23922 0.81176 0.35686 1.00000
v 6.40972 559.71667 271.19888 0.49020 0.81176 0.35686 1.00000
v 165.07629 560.89093 195.49098 0.49020 0.81176 0.39608 1.00000
v 157.18814 576.04358 248.79872 0.23922 0.81176 0.39608 1.00000
v 125.43723 585.89764 310.97348 0.00392 0.81176 0.39608 1.00000
v 59.17398 561.76239 307.51675 0.23922 0.81176 0.39608 1.00000
v 15.44917 539.22784 285.54163 0.49020 0.81176 0.39608 1.00000
v 104.50872 574.72015 -137.71935 0.16863 0.86275 0.09412 1.00000
v 120.72434 586.05286 -145.65611 0.20784 0.86275 0.11765 1.00000
v 99.43349 650.45709 -101.78796 0.10588 0.86275 0.11765 1.00000
v 76.87170 634.85309 -95.02798 0.09020 0.86275 0.09412 1.00000
v 59.20567 693.55011 -21.30818 0.00392 0.86275 0.09412 1.00000
v 88.46555 710.95538 -29.86444 0.00392 0.86275 0.11765 1.00000
v 135.59181 654.06592 27.69940 0.10588 0.86275 0.11765 1.00000
v 112.68449 637.07831 33.33569 0.09020 0.86275 0.09412 1.00000
v 160.10480 578.28094 61.79696 0.16863 0.86275 0.09412 1.00000
v 176.98677 591.12628 54.84835 0.20784 0.86275 0.11765 1.00000
v 125.47617 597.17365 -144.15419 0.28627 0.86275 0.16471 1.00000
v 117.52358 662.89899 -106.07722 0.14510 0.86275 0.16471 1.00000
v 119.25368 725.35901 -38.97139 0.00392 0.86275 0.16471 1.00000
v 155.04678 664.71179 20.62704 0.14510 0.86275 0.16471 1.00000
v 183.78032 601.39325 54.09875 0.28627 0.86275 0.16471 1.00000
v 146.01379 604.51758 -152.36391 0.32549 0.86275 0.18824 1.00000
v 144.73605 670.27582 -115.60285 0.16863 0.86275 0.18824 1.00000
v 152.93839 733.46979 -49.12866 0.00392 0.86275 0.18824 1.00000
v 182.84973 673.54224 12.31655 0.16863 0.86275 0.18824 1.00000
v 205.05367 608.09918 44.86803 0.32549 0.86275 0.18824 1.00000
v 156.62103 612.62024 -154.33009 0.40392 0.86275 0.23922 1.00000
v 167.23102 676.06000 -122.36440 0.20784 0.86275 0.23922 1.00000
v 187.27458 738.16040 -59.55963 0.00392 0.86275 0.23922 1.00000
v 206.40768 679.46716 5.33162 0.20784 0.86275 0.23922 1.00000
v 216.63057 615.01886 41.38857 0.40392 0.86275 0.23922 1.00000
v 168.32314 614.42487 -160.72137 0.44314 0.86275 0.26275 1.00000
v 185.60429 678.31097 -127.81532 0.22353 0.86275 0.26275 1.00000
v 211.03879 737.85547 -66.84226 0.00392 0.86275 0.26275 1.00000
v 225.25368 681.69495 -0.23635 0.22353 0.86275 0.26275 1.00000
v 230.15582 620.32196 38.01080 0.44314 0.86275 0.26275 1.00000
v 193.99800 614.55621 -168.58275 0.48235 0.86275 0.28627 1.00000
v 216.63513 675.53198 -137.17268 0.24706 0.86275 0.28627 1.00000
v 246.92036 732.01672 -77.90096 0.00392 0.86275 0.28627 1.00000
v 256.32953 678.09814 -10.35557 0.24706 0.86275 0.28627 1.00000
v 255.97021 619.19916 28.97077 0.48235 0.86275 0.28627 1.00000
v 210.87157 616.32697 -173.03654 0.56078 0.86275 0.33333 1.00000
v 242.47289 670.71991 -145.70107 0.28627 0.86275 0.33333 1.00000
v 282.20297 722.71271 -88.80218 0.00392 0.86275 0.33333 1.00000
v 283.01511 673.57190 -18.62832 0.28627 0.86275 0.33333 1.00000
v 273.07355 619.64447 23.37968 0.56078 0.86275 0.33333 1.00000
v 236.71712 607.08502 -182.11116 0.60000 0.86275 0.35686 1.00000
v 272.85013 658.19757 -155.12215 0.30196 0.86275 0.35686 1.00000
v 316.21732 706.22797 -99.32752 0.00392 0.86275 0.35686 1.00000
v 313.84015 661.20233 -27.87839 0.30196 0.86275 0.35686 1.00000
v 301.10745 612.63855 16.30848 0.60000 0.86275 0.35686 1.00000
v 254.60838 601.78705 -187.94955 0.68627 0.86275 0.40784 1.00000
v 298.63513 645.78448 -162.81522 0.34902 0.86275 0.40784 1.00000
v 348.70468 686.48230 -109.37630 0.00392 0.86275 0.40784 1.00000
v 339.34186 647.69629 -36.39259 0.34902 0.86275 0.40784 1.00000
v 320.28958 606.96313 10.46979 0.68627 0.86275 0.40784 1.00000
v 280.76138 586.09094 -194.43178 0.72549 0.86275 0.43137 1.00000
v 325.07138 623.44403 -171.61122 0.36471 0.86275 0.43137 1.00000
v 377.90118 659.93860 -118.40601 0.00392 0.86275 0.43137 1.00000
v 366.52469 625.74921 -44.73256 0.36471 0.86275 0.43137 1.00000
v 344.74191 589.35785 2.33789 0.72549 0.86275 0.43137 1.00000
v 293.87704 581.26093 -197.97842 0.80392 0.86275 0.47843 1.00000
v 344.29245 607.34058 -177.21867 0.40392 0.86275 0.47843 1.00000
v 404.64996 630.57288 -126.66351 0.00392 0.86275 0.47843 1.00000
v 392.13232 599.60931 -53.05046 0.40392 0.86275 0.47843 1.00000
v 368.88339 569.57410 -4.69855 0.80392 0.86275 0.47843 1.00000
v -105.51262 594.72449 -85.73820 0.09804 0.26275 0.05882 1.00000
v -107.52621 605.03589 -95.41521 0.12157 0.26275 0.07451 1.00000
v -69.02921 649.69489 -74.21486 0.05882 0.26275 0.07451 1.00000
v -67.89297 636.61365 -60.46136 0.04314 0.26275 0.05882 1.00000
v -9.89650 675.30255 -41.90381 0.00392 0.26275 0.05882 1.00000
v -13.61659 688.40338 -60.25117 0.00392 0.26275 0.07451 1.00000
v 28.46077 645.55316 -96.40621 0.05882 0.26275 0.07451 1.00000
v 32.18162 634.79376 -82.50515 0.04314 0.26275 0.05882 1.00000
v 52.26320 591.58344 -120.70639 0.09804 0.26275 0.05882 1.00000
v 47.90162 599.46149 -130.12894 0.12157 0.26275 0.07451 1.00000
v -105.67704 613.32715 -98.70605 0.17647 0.26275 0.10588 1.00000
v -72.37183 658.01208 -86.58947 0.08235 0.26275 0.10588 1.00000
v -17.46116 699.77563 -79.75056 0.00392 0.26275 0.10588 1.00000
v 27.20585 654.48901 -106.82056 0.08235 0.26275 0.10588 1.00000
v 48.13302 604.85968 -131.20122 0.17647 0.26275 0.10588 1.00000
v -110.69221 619.12561 -112.58205 0.20000 0.26275 0.12157 1.00000
v -74.87982 666.58203 -104.46059 0.09804 0.26275 0.12157 1.00000
v -21.50417 707.59949 -101.54042 0.00392 0.26275 0.12157 1.00000
v 22.70107 660.98224 -124.03147 0.09804 0.26275 0.12157 1.00000
v 46.56324 612.83807 -143.27534 0.20000 0.26275 0.12157 1.00000
v -111.56370 624.97852 -119.99545 0.24706 0.26275 0.15294 1.00000
v -78.98344 671.13721 -119.98386 0.12157 0.26275 0.15294 1.00000
v -25.54127 713.42902 -123.99729 0.00392 0.26275 0.15294 1.00000
v 20.45140 666.49591 -137.50465 0.12157 0.26275 0.15294 1.00000
v 46.48189 618.44128 -147.74232 0.24706 0.26275 0.15294 1.00000
v -112.38640 629.75623 -128.63193 0.27843 0.26275 0.16863 1.00000
v -80.94098 674.30237 -132.43378 0.13725 0.26275 0.16863 1.00000
v -28.24162 715.33893 -139.82837 0.00392 0.26275 0.16863 1.00000
v 19.03221 669.96167 -148.96294 0.13725 0.26275 0.16863 1.00000
v 44.46360 621.83160 -154.59882 0.27843 0.26275 0.16863 1.00000
v -114.50645 632.92987 -146.37651 0.30196 0.26275 0.18431 1.00000
v -83.82088 675.80267 -153.76979 0.14510 0.26275 0.18431 1.00000
v -32.16199 714.95270 -164.24120 0.00392 0.26275 0.18431 1.00000
v 15.39199 670.66394 -169.07646 0.14510 0.26275 0.18431 1.00000
v 42.15704 624.67401 -170.53825 0.30196 0.26275 0.18431 1.00000
v -117.07716 634.36163 -157.68427 0.35686 0.26275 0.21569 1.00000
v -87.05053 675.10205 -172.05086 0.17647 0.26275 0.21569 1.00000
v -35.91105 712.37561 -188.59895 0.00392 0.26275 0.21569 1.00000
v 12.87495 670.74109 -185.34709 0.17647 0.26275 0.21569 1.00000
v 41.72619 628.27606 -179.02328 0.35686 0.26275 0.21569 1.00000
v -119.49126 631.93372 -176.51241 0.38039 0.26275 0.23137 1.00000
v -90.11133 670.06207 -193.73625 0.18431 0.26275 0.23137 1.00000
v -39.31877 705.17511 -212.85637 0.00392 0.26275 0.23137 1.00000
v 10.86681 666.87091 -206.49394 0.18431 0.26275 0.23137 1.00000
v 38.35752 625.28705 -195.88150 0.38039 0.26275 0.23137 1.00000
v -120.46714 630.98425 -190.15764 0.42745 0.26275 0.26275 1.00000
v -91.73696 665.08710 -213.00246 0.20784 0.26275 0.26275 1.00000
v -42.47253 695.77539 -236.44310 0.00392 0.26275 0.26275 1.00000
v 8.74703 662.11182 -223.69310 0.20784 0.26275 0.26275 1.00000
v 37.33551 625.40131 -206.43102 0.42745 0.26275 0.26275 1.00000
v -123.64004 621.87543 -208.10608 0.45882 0.26275 0.27843 1.00000
v -94.03910 653.91943 -233.68300 0.22353 0.26275 0.27843 1.00000
v -45.12711 681.83588 -258.64157 0.00392 0.26275 0.27843 1.00000
v 6.21781 651.19818 -243.40471 0.22353 0.26275 0.27843 1.00000
v 35.20356 617.89532 -223.73787 0.45882 0.26275 0.27843 1.00000
v -124.06969 620.72559 -217.24707 0.49020 0.26275 0.30980 1.00000
v -95.69511 645.37909 -248.22151 0.23922 0.26275 0.30980 1.00000
v -47.47354 665.93964 -279.58817 0.00392 0.26275 0.30980 1.00000
v 4.33855 638.06934 -263.47821 0.23922 0.26275 0.30980 1.00000
v 35.18109 609.95264 -242.39668 0.49020 0.26275 0.30980 1.00000
v -91.13691 597.78815 146.00842 0.16078 0.93725 0.09020 1.00000
v -102.08535 616.63873 149.35999 0.20000 0.93725 0.11373 1.00000
v -79.86011 671.54999 101.07772 0.10588 0.93725 0.11373 1.00000
v -62.85529 651.61841 92.93768 0.08235 0.93725 0.09020 1.00000
v -47.69784 704.28979 16.91398 0.00392 0.93725 0.09020 1.00000
v -70.64207 726.12921 29.01567 0.00392 0.93725 0.11373 1.00000
v -134.90721 681.69147 -18.45202 0.10588 0.93725 0.11373 1.00000
v -115.72537 662.24658 -30.08092 0.08235 0.93725 0.09020 1.00000
v -176.23831 614.34613 -50.90884 0.16078 0.93725 0.09020 1.00000
v -190.26721 634.23218 -44.32350 0.20000 0.93725 0.11373 1.00000
v -106.07238 624.31976 153.97691 0.27843 0.93725 0.16078 1.00000
v -93.94869 684.73615 110.23752 0.14510 0.93725 0.16078 1.00000
v -95.06161 745.70184 42.23996 0.00392 0.93725 0.16078 1.00000
v -152.29213 698.42450 -8.88447 0.14510 0.93725 0.16078 1.00000
v -199.84477 644.85358 -35.89352 0.27843 0.93725 0.16078 1.00000
v -122.41055 639.05957 162.45430 0.31765 0.93725 0.18431 1.00000
v -115.72638 698.93689 122.70123 0.16078 0.93725 0.18431 1.00000
v -122.49233 760.68030 57.72386 0.00392 0.93725 0.18431 1.00000
v -175.86555 713.59973 4.48265 0.16078 0.93725 0.18431 1.00000
v -218.87651 659.71527 -24.71057 0.31765 0.93725 0.18431 1.00000
v -130.09428 645.12616 170.17036 0.38824 0.93725 0.23137 1.00000
v -133.81027 709.65216 133.16586 0.20000 0.93725 0.23137 1.00000
v -150.85268 772.99078 74.00426 0.00392 0.93725 0.23137 1.00000
v -197.53581 725.52692 16.96942 0.20000 0.93725 0.23137 1.00000
v -232.61269 671.29828 -17.06160 0.38824 0.93725 0.23137 1.00000
v -139.79651 652.56647 176.29294 0.42745 0.93725 0.25098 1.00000
v -148.77080 716.31494 141.97096 0.21569 0.93725 0.25098 1.00000
v -170.97618 778.60052 85.80700 0.00392 0.93725 0.25098 1.00000
v -214.03935 731.70020 27.41522 0.21569 0.93725 0.25098 1.00000
v -244.86436 678.03436 -8.32741 0.42745 0.93725 0.25098 1.00000
v -161.34001 660.19354 188.92921 0.46667 0.93725 0.27451 1.00000
v -174.85306 721.07355 158.35048 0.23922 0.93725 0.27451 1.00000
v -202.29030 782.60992 104.51854 0.00392 0.93725 0.27451 1.00000
v -242.04706 737.15863 44.41955 0.23922 0.93725 0.27451 1.00000
v -268.84589 684.73047 6.80674 0.46667 0.93725 0.27451 1.00000
v -173.57968 664.40894 197.96135 0.54510 0.93725 0.32157 1.00000
v -196.81044 724.17255 171.92239 0.27843 0.93725 0.32157 1.00000
v -233.73915 783.55524 123.53831 0.00392 0.93725 0.32157 1.00000
v -267.67294 740.35608 59.88933 0.27843 0.93725 0.32157 1.00000
v -287.96283 691.47125 17.30681 0.54510 0.93725 0.32157 1.00000
v -196.58049 664.09546 213.02055 0.58431 0.93725 0.34510 1.00000
v -224.46417 721.67328 189.00883 0.29412 0.93725 0.34510 1.00000
v -265.61169 778.02985 143.27043 0.00392 0.93725 0.34510 1.00000
v -296.55923 736.48761 78.64066 0.29412 0.93725 0.34510 1.00000
v -314.18698 690.92670 33.94019 0.58431 0.93725 0.34510 1.00000
v -212.97969 666.53168 222.21582 0.66275 0.93725 0.39216 1.00000
v -247.15021 717.06500 204.12331 0.33333 0.93725 0.39216 1.00000
v -296.91458 769.31635 162.90097 0.00392 0.93725 0.39216 1.00000
v -323.13263 731.27515 95.48946 0.33333 0.93725 0.39216 1.00000
v -334.71176 688.91724 47.90725 0.66275 0.93725 0.39216 1.00000
v -236.80832 658.85388 238.01480 0.69412 0.93725 0.41569 1.00000
v -274.02390 705.60138 221.68102 0.34902 0.93725 0.41569 1.00000
v -327.11923 753.99628 182.43927 0.00392 0.93725 0.41569 1.00000
v -351.52502 718.64478 114.23622 0.34902 0.93725 0.41569 1.00000
v -361.87335 680.42963 65.08851 0.69412 0.93725 0.41569 1.00000
v -247.07442 658.38965 245.20435 0.77255 0.93725 0.46275 1.00000
v -292.67465 697.19690 233.95284 0.38824 0.93725 0.46275 1.00000
v -356.03897 735.70099 201.49776 0.00392 0.93725 0.46275 1.00000
v -382.23892 702.05408 134.01210 0.38824 0.93725 0.46275 1.00000
v -391.34225 666.48279 84.51601 0.77255 0.93725 0.46275 1.00000
v 158.17589 624.99097 93.78460 0.15294 0.86275 0.09412 1.00000
v 159.94507 647.18909 107.17883 0.19216 0.86275 0.11765 1.00000
v 102.99235 693.36371 79.57130 0.09020 0.86275 0.11765 1.00000
v 95.78017 670.93683 60.45363 0.07451 0.86275 0.09412 1.00000
v 14.16982 711.82758 39.44958 0.00392 0.86275 0.09412 1.00000
v 21.79088 736.87848 62.56743 0.00392 0.86275 0.11765 1.00000
v -27.07470 689.13788 126.38995 0.09020 0.86275 0.11765 1.00000
v -32.14214 666.27441 108.41496 0.07451 0.86275 0.09412 1.00000
v -52.06761 618.17755 171.61107 0.15294 0.86275 0.09412 1.00000
v -48.31787 638.01227 184.55939 0.19216 0.86275 0.11765 1.00000
v 165.54362 659.66370 116.75961 0.27059 0.86275 0.16471 1.00000
v 107.72880 712.81482 96.77194 0.12941 0.86275 0.16471 1.00000
v 29.92455 759.97968 87.55039 0.00392 0.86275 0.16471 1.00000
v -20.39574 706.10840 142.80482 0.12941 0.86275 0.16471 1.00000
v -46.86341 650.96643 191.31731 0.27059 0.86275 0.16471 1.00000
v 171.32652 677.56036 136.44133 0.30980 0.86275 0.18824 1.00000
v 116.99709 730.31512 121.51242 0.15294 0.86275 0.18824 1.00000
v 39.18042 779.23981 116.43194 0.00392 0.86275 0.18824 1.00000
v -12.94712 724.34088 166.68646 0.15294 0.86275 0.18824 1.00000
v -41.66446 668.50037 210.03755 0.30980 0.86275 0.18824 1.00000
v 174.98270 690.73712 150.26140 0.38824 0.86275 0.23529 1.00000
v 123.92117 745.33032 143.87886 0.19216 0.86275 0.23529 1.00000
v 48.83119 796.14923 146.68973 0.00392 0.86275 0.23529 1.00000
v -6.76479 739.15228 187.93993 0.19216 0.86275 0.23529 1.00000
v -36.99487 679.65131 222.17087 0.38824 0.86275 0.23529 1.00000
v 178.37347 701.12207 163.43739 0.42745 0.86275 0.25882 1.00000
v 128.95959 755.21521 161.58894 0.20784 0.86275 0.25882 1.00000
v 55.78735 805.21613 168.59315 0.00392 0.86275 0.25882 1.00000
v -0.91634 748.04376 205.06361 0.20784 0.86275 0.25882 1.00000
v -33.41697 689.31488 234.36862 0.42745 0.86275 0.25882 1.00000
v 187.50615 711.56946 189.67216 0.46667 0.86275 0.28235 1.00000
v 139.09538 765.28394 192.27998 0.23137 0.86275 0.28235 1.00000
v 66.82208 814.92706 203.41951 0.00392 0.86275 0.28235 1.00000
v 8.64765 758.34351 235.28630 0.23137 0.86275 0.28235 1.00000
v -26.27390 701.05267 259.94827 0.46667 0.86275 0.28235 1.00000
v 193.45116 720.00262 209.41505 0.49020 0.86275 0.33333 1.00000
v 147.91498 772.82733 220.17711 0.23922 0.86275 0.33333 1.00000
v 78.06444 821.82837 238.90535 0.00392 0.86275 0.33333 1.00000
v 16.17483 766.63922 262.33273 0.23922 0.86275 0.33333 1.00000
v -19.66050 708.19141 277.73364 0.49020 0.86275 0.33333 1.00000
v 201.96309 725.29364 239.33937 0.49020 0.86275 0.35686 1.00000
v 157.60497 776.39984 254.05159 0.23922 0.86275 0.35686 1.00000
v 89.83736 822.82977 276.10367 0.00392 0.86275 0.35686 1.00000
v 26.42737 769.52679 295.44043 0.23922 0.86275 0.35686 1.00000
v -11.02890 713.08124 306.52805 0.49020 0.86275 0.35686 1.00000
v 210.23073 727.36273 262.38101 0.49020 0.86275 0.40392 1.00000
v 167.10783 776.93054 284.85086 0.23922 0.86275 0.40392 1.00000
v 101.60038 820.77313 313.32648 0.00392 0.86275 0.40392 1.00000
v 35.85183 769.92456 324.84506 0.23922 0.86275 0.40392 1.00000
v -4.33195 716.31744 327.83234 0.49020 0.86275 0.40392 1.00000
v 219.79207 724.42993 294.43506 0.49020 0.86275 0.42745 1.00000
v 178.16528 770.86249 319.70712 0.23922 0.86275 0.42745 1.00000
v 113.37565 812.40924 350.92197 0.00392 0.86275 0.42745 1.00000
v 46.03672 764.68347 359.33926 0.23922 0.86275 0.42745 1.00000
v 3.08171 715.45209 359.74332 0.49020 0.86275 0.42745 1.00000
v 224.91240 724.41229 312.28632 0.49020 0.86275 0.47451 1.00000
v 185.78519 765.85382 346.98489 0.23922 0.86275 0.47451 1.00000
v 124.87009 801.05139 387.87827 0.00392 0.86275 0.47451 1.00000
v 56.84695 755.72321 395.65298 0.23922 0.86275 0.47451 1.00000
v 15.09773 707.32404 391.21146 0.49020 0.86275 0.47451 1.00000
v 84.44921 642.41846 -155.09914 0.15294 0.73725 0.08627 1.00000
v 96.79082 662.68073 -161.00055 0.18431 0.73725 0.10588 1.00000
v 69.49564 699.75702 -103.08758 0.09804 0.73725 0.10588 1.00000
v 53.76810 677.16486 -96.59444 0.08235 0.73725 0.08627 1.00000
v 33.28091 709.73651 -17.32545 0.00392 0.73725 0.08627 1.00000
v 51.90177 734.78735 -23.54609 0.00392 0.73725 0.10588 1.00000
v 116.94824 693.83698 18.20443 0.09804 0.73725 0.10588 1.00000
v 102.49102 671.45129 22.73330 0.08235 0.73725 0.08627 1.00000
v 164.53831 633.80902 44.40398 0.15294 0.73725 0.08627 1.00000
v 175.86031 651.98822 37.96640 0.18431 0.73725 0.10588 1.00000
v 104.81325 679.20544 -161.75917 0.26275 0.73725 0.14902 1.00000
v 84.06530 719.67047 -107.53138 0.13725 0.73725 0.14902 1.00000
v 72.22342 758.42377 -30.17533 0.00392 0.73725 0.14902 1.00000
v 129.73045 712.04047 14.45395 0.13725 0.73725 0.14902 1.00000
v 181.15331 664.62311 36.75330 0.26275 0.73725 0.14902 1.00000
v 122.19117 696.40204 -169.82817 0.29412 0.73725 0.17255 1.00000
v 104.57320 739.88043 -113.51911 0.15294 0.73725 0.17255 1.00000
v 96.27293 779.31024 -37.70032 0.00392 0.73725 0.17255 1.00000
v 149.27591 731.49664 8.80170 0.15294 0.73725 0.17255 1.00000
v 196.07454 682.95819 33.41358 0.29412 0.73725 0.17255 1.00000
v 134.73717 710.72882 -173.13480 0.36471 0.73725 0.21569 1.00000
v 123.96128 756.90857 -119.01445 0.18431 0.73725 0.21569 1.00000
v 121.77147 798.34674 -45.54462 0.00392 0.73725 0.21569 1.00000
v 166.65852 746.61432 3.09804 0.18431 0.73725 0.21569 1.00000
v 205.34834 694.24335 29.86061 0.36471 0.73725 0.21569 1.00000
v 146.20674 722.45782 -175.25116 0.40392 0.73725 0.23529 1.00000
v 139.36546 767.59369 -124.00697 0.20784 0.73725 0.23529 1.00000
v 140.57072 809.35004 -51.19028 0.00392 0.73725 0.23529 1.00000
v 180.93120 757.17493 -0.98043 0.20784 0.73725 0.23529 1.00000
v 215.09605 704.24023 27.08397 0.40392 0.73725 0.23529 1.00000
v 169.61899 735.75592 -182.84985 0.43529 0.73725 0.25882 1.00000
v 166.45235 781.40167 -131.77151 0.22353 0.73725 0.25882 1.00000
v 170.99568 822.76202 -60.15246 0.00392 0.73725 0.25882 1.00000
v 206.86211 770.77972 -8.05810 0.22353 0.73725 0.25882 1.00000
v 236.51875 718.96826 23.04317 0.43529 0.73725 0.25882 1.00000
v 188.35063 746.35223 -188.12097 0.51373 0.73725 0.30196 1.00000
v 191.92055 792.67688 -138.61900 0.26275 0.73725 0.30196 1.00000
v 202.35316 833.83600 -69.27631 0.00392 0.73725 0.30196 1.00000
v 229.99666 780.66681 -15.22727 0.26275 0.73725 0.30196 1.00000
v 251.70515 728.94690 19.25045 0.51373 0.73725 0.30196 1.00000
v 215.99245 756.58618 -193.74474 0.54510 0.73725 0.32549 1.00000
v 222.53389 799.71649 -147.79755 0.27843 0.73725 0.32549 1.00000
v 236.00145 840.18988 -78.87038 0.00392 0.73725 0.32549 1.00000
v 259.61520 788.13837 -23.35971 0.27843 0.73725 0.32549 1.00000
v 277.31116 737.02679 11.80947 0.54510 0.73725 0.32549 1.00000
v 239.02518 763.27112 -199.64725 0.61569 0.73725 0.36863 1.00000
v 251.31087 804.95447 -155.62405 0.30980 0.73725 0.36863 1.00000
v 270.06619 844.02496 -88.50706 0.00392 0.73725 0.36863 1.00000
v 286.27283 793.10718 -30.81719 0.30980 0.73725 0.36863 1.00000
v 297.09274 744.22363 7.64415 0.61569 0.73725 0.36863 1.00000
v 269.21140 765.30804 -208.23259 0.65490 0.73725 0.38824 1.00000
v 284.21194 805.40729 -164.74501 0.33333 0.73725 0.38824 1.00000
v 305.38770 842.75031 -98.37315 0.00392 0.73725 0.38824 1.00000
v 318.61111 794.68207 -38.46451 0.33333 0.73725 0.38824 1.00000
v 326.26611 747.81268 1.14115 0.65490 0.73725 0.38824 1.00000
v 286.92642 769.08813 -211.33899 0.72549 0.73725 0.43137 1.00000
v 310.23337 806.05133 -170.34477 0.36471 0.73725 0.43137 1.00000
v 340.59531 838.93225 -108.15873 0.00392 0.73725 0.43137 1.00000
v 352.54105 791.56909 -49.01210 0.36471 0.73725 0.43137 1.00000
v 356.84076 744.90179 -10.68810 0.72549 0.73725 0.43137 1.00000
v -165.69417 656.54553 -85.98975 0.14510 0.59608 0.09020 1.00000
v -173.12041 679.54584 -97.00631 0.18431 0.59608 0.11373 1.00000
v -105.62457 715.54767 -68.37115 0.09020 0.59608 0.11373 1.00000
v -100.64867 688.50995 -55.04890 0.06667 0.59608 0.09020 1.00000
v -14.75980 719.60760 -34.80471 0.00392 0.59608 0.09020 1.00000
v -22.04545 748.49304 -51.59327 0.00392 0.59608 0.11373 1.00000
v 18.83387 713.09259 -126.09461 0.09020 0.59608 0.11373 1.00000
v 26.23764 687.47260 -112.30029 0.06667 0.59608 0.09020 1.00000
v 43.03782 653.14398 -183.31493 0.14510 0.59608 0.09020 1.00000
v 39.48750 677.03772 -192.90648 0.18431 0.59608 0.11373 1.00000
v -175.77480 697.50110 -104.11086 0.26275 0.59608 0.16078 1.00000
v -112.82123 737.70734 -81.80067 0.12941 0.59608 0.16078 1.00000
v -30.00814 776.17548 -70.08848 0.00392 0.59608 0.16078 1.00000
v 13.60753 735.39130 -138.57089 0.12941 0.59608 0.16078 1.00000
v 37.46829 694.15485 -199.17824 0.26275 0.59608 0.16078 1.00000
v -181.53709 720.43854 -119.15801 0.30196 0.59608 0.18431 1.00000
v -120.66158 761.86774 -100.59853 0.14510 0.59608 0.18431 1.00000
v -39.48908 801.65900 -92.38776 0.00392 0.59608 0.18431 1.00000
v 6.32769 759.44867 -156.96725 0.14510 0.59608 0.18431 1.00000
v 30.21213 715.57446 -214.03925 0.30196 0.59608 0.18431 1.00000
v -185.65392 737.91724 -130.56343 0.38039 0.59608 0.23137 1.00000
v -127.61825 782.75879 -118.35098 0.18431 0.59608 0.23137 1.00000
v -49.56736 825.51068 -116.23780 0.00392 0.59608 0.23137 1.00000
v -1.43876 779.11847 -174.24625 0.18431 0.59608 0.23137 1.00000
v 26.03171 731.73346 -224.39876 0.38039 0.59608 0.23137 1.00000
v -191.04402 750.61578 -141.18687 0.41961 0.59608 0.25490 1.00000
v -134.08736 796.39752 -132.66202 0.20784 0.59608 0.25490 1.00000
v -57.04013 840.03412 -134.05293 0.00392 0.59608 0.25490 1.00000
v -7.32391 792.82922 -188.18567 0.20784 0.59608 0.25490 1.00000
v 22.74656 745.33960 -234.30522 0.41961 0.59608 0.25490 1.00000
v -200.03490 769.35211 -163.20146 0.45882 0.59608 0.27843 1.00000
v -144.86186 815.24536 -158.38170 0.22353 0.59608 0.27843 1.00000
v -69.24429 859.15839 -163.28093 0.00392 0.59608 0.27843 1.00000
v -16.90145 812.24811 -213.51738 0.22353 0.59608 0.27843 1.00000
v 12.65386 762.75568 -255.82332 0.45882 0.59608 0.27843 1.00000
v -206.60570 784.54224 -181.09323 0.49020 0.59608 0.32549 1.00000
v -153.98622 831.82306 -182.69377 0.23922 0.59608 0.32549 1.00000
v -81.89938 876.15082 -193.66512 0.00392 0.59608 0.32549 1.00000
v -26.64433 827.96710 -237.35292 0.23922 0.59608 0.32549 1.00000
v 5.99148 777.11761 -272.77051 0.49020 0.59608 0.32549 1.00000
v -218.73361 797.74634 -207.54298 0.49020 0.59608 0.34902 1.00000
v -166.30203 845.48053 -212.69777 0.23922 0.59608 0.34902 1.00000
v -95.72724 889.04279 -226.86890 0.00392 0.59608 0.34902 1.00000
v -39.22777 841.24811 -267.11270 0.23922 0.59608 0.34902 1.00000
v -4.98349 791.03290 -298.93185 0.49020 0.59608 0.34902 1.00000
v -227.62053 809.10126 -229.80104 0.49020 0.59608 0.39608 1.00000
v -178.26988 856.14142 -240.95749 0.23922 0.59608 0.39608 1.00000
v -109.87322 899.60052 -260.80219 0.00392 0.59608 0.39608 1.00000
v -50.35305 852.48315 -295.19760 0.23922 0.59608 0.39608 1.00000
v -11.70774 804.08368 -321.12036 0.49020 0.59608 0.39608 1.00000
v -240.32295 817.66217 -259.90414 0.49020 0.59608 0.41961 1.00000
v -191.64188 863.92065 -274.24063 0.23922 0.59608 0.41961 1.00000
v -124.93659 905.56549 -296.74625 0.00392 0.59608 0.41961 1.00000
v -63.58707 860.35541 -328.43466 0.23922 0.59608 0.41961 1.00000
v -26.06303 811.01520 -350.67065 0.49020 0.59608 0.41961 1.00000
v -244.66530 826.32672 -277.43890 0.49020 0.59608 0.46667 1.00000
v -201.61327 869.51453 -300.32483 0.23922 0.59608 0.46667 1.00000
v -140.17763 909.10028 -332.97861 0.00392 0.59608 0.46667 1.00000
v -80.67068 863.96283 -364.58932 0.23922 0.59608 0.46667 1.00000
v -39.51184 819.29877 -386.45038 0.49020 0.59608 0.46667 1.00000
v -54.22642 667.63245 152.06517 0.13725 0.85490 0.07843 1.00000
v -60.96362 690.44434 153.64825 0.17647 0.85490 0.09804 1.00000
v -42.26513 715.19037 92.51826 0.09020 0.85490 0.09804 1.00000
v -32.69416 690.89178 87.88123 0.07451 0.85490 0.07843 1.00000
v -21.60287 713.52350 6.38302 0.00392 0.85490 0.07843 1.00000
v -33.65279 739.70801 12.58134 0.00392 0.85490 0.09804 1.00000
v -106.01124 711.27631 -16.59380 0.09020 0.85490 0.09804 1.00000
v -96.78973 687.59412 -20.93334 0.07451 0.85490 0.07843 1.00000
v -163.60774 661.41864 -30.96488 0.13725 0.85490 0.07843 1.00000
v -170.04509 682.49243 -28.11228 0.17647 0.85490 0.09804 1.00000
v -67.10580 706.36432 159.64757 0.23922 0.85490 0.13725 1.00000
v -51.84108 736.71429 96.98110 0.12157 0.85490 0.13725 1.00000
v -47.13541 765.04614 19.44459 0.00392 0.85490 0.13725 1.00000
v -114.78243 731.50250 -12.57432 0.12157 0.85490 0.13725 1.00000
v -174.01736 697.82446 -27.40202 0.23922 0.85490 0.13725 1.00000
v -78.50292 728.08636 164.83514 0.27059 0.85490 0.16078 1.00000
v -65.90278 759.75177 103.53616 0.13725 0.85490 0.16078 1.00000
v -63.74792 789.02496 27.72380 0.00392 0.85490 0.16078 1.00000
v -128.46623 753.43585 -5.33307 0.13725 0.85490 0.16078 1.00000
v -184.76704 717.77142 -21.20947 0.27059 0.85490 0.16078 1.00000
v -88.08501 746.17255 168.21556 0.34118 0.85490 0.20000 1.00000
v -79.92133 779.81036 110.86535 0.17647 0.85490 0.20000 1.00000
v -81.65311 811.88501 36.55359 0.00392 0.85490 0.20000 1.00000
v -141.20245 772.42761 0.75671 0.17647 0.85490 0.20000 1.00000
v -192.40450 732.84167 -17.54037 0.34118 0.85490 0.20000 1.00000
v -96.54613 759.06671 173.14119 0.37255 0.85490 0.21961 1.00000
v -90.94724 793.87323 116.02126 0.19216 0.85490 0.21961 1.00000
v -95.16284 826.33136 43.10382 0.00392 0.85490 0.21961 1.00000
v -151.55295 786.07672 5.22188 0.19216 0.85490 0.21961 1.00000
v -199.53609 746.45343 -16.40086 0.37255 0.85490 0.21961 1.00000
v -113.93826 778.48480 181.33864 0.40392 0.85490 0.23922 1.00000
v -110.93941 813.94464 125.01438 0.20784 0.85490 0.23922 1.00000
v -117.59200 846.33331 53.82336 0.00392 0.85490 0.23922 1.00000
v -170.87392 804.91437 14.95705 0.20784 0.85490 0.23922 1.00000
v -215.75833 765.18170 -9.23260 0.40392 0.85490 0.23922 1.00000
v -129.11330 795.87189 186.17947 0.47451 0.85490 0.27843 1.00000
v -130.43959 830.95038 134.75085 0.23922 0.85490 0.27843 1.00000
v -141.09242 864.86945 64.95805 0.00392 0.85490 0.27843 1.00000
v -188.79050 821.32813 23.13654 0.23922 0.85490 0.27843 1.00000
v -228.31232 779.16559 -3.08776 0.47451 0.85490 0.27843 1.00000
v -150.60948 812.56219 195.57487 0.50588 0.85490 0.29804 1.00000
v -154.37093 847.20355 145.56665 0.25490 0.85490 0.29804 1.00000
v -167.32065 880.64130 77.15102 0.00392 0.85490 0.29804 1.00000
v -211.83035 836.92279 33.78481 0.25490 0.85490 0.29804 1.00000
v -248.36522 795.59009 4.77349 0.50588 0.85490 0.29804 1.00000
v -169.51027 825.75360 204.47162 0.57647 0.85490 0.34118 1.00000
v -177.51830 860.95172 156.17137 0.29412 0.85490 0.34118 1.00000
v -194.42558 894.66266 89.64451 0.00392 0.85490 0.34118 1.00000
v -233.43080 850.89581 42.27953 0.29412 0.85490 0.34118 1.00000
v -264.62387 808.86011 10.54282 0.57647 0.85490 0.34118 1.00000
v -194.75769 838.91742 214.48666 0.60784 0.85490 0.36078 1.00000
v -205.04593 873.34473 167.22723 0.30980 0.85490 0.36078 1.00000
v -223.83598 905.23419 103.01014 0.00392 0.85490 0.36078 1.00000
v -259.70657 861.28680 55.16497 0.30980 0.85490 0.36078 1.00000
v -287.65823 818.24280 24.15632 0.60784 0.85490 0.36078 1.00000
v -209.60442 848.37610 219.06036 0.67059 0.85490 0.40000 1.00000
v -226.31876 880.88959 177.53171 0.34118 0.85490 0.40000 1.00000
v -253.83104 913.84174 116.56597 0.00392 0.85490 0.40000 1.00000
v -289.63177 871.96521 67.69592 0.34118 0.85490 0.40000 1.00000
v -315.36252 828.76166 37.28252 0.67059 0.85490 0.40000 1.00000
v 163.27568 679.21411 34.11143 0.12941 0.83922 0.08235 1.00000
v 166.33377 702.88898 38.39567 0.16078 0.83922 0.10196 1.00000
v 98.36800 724.87921 22.75318 0.07451 0.83922 0.10196 1.00000
v 91.62853 699.42535 15.96265 0.05882 0.83922 0.08235 1.00000
v 9.18304 718.66846 9.32595 0.00392 0.83922 0.08235 1.00000
v 15.66109 746.91815 17.99181 0.00392 0.83922 0.10196 1.00000
v -8.51048 726.94086 96.47747 0.07451 0.83922 0.10196 1.00000
v -13.41963 700.73059 89.89304 0.05882 0.83922 0.08235 1.00000
v -21.58878 682.49438 160.72446 0.12941 0.83922 0.08235 1.00000
v -18.74170 706.76819 165.12500 0.16078 0.83922 0.10196 1.00000
v 168.28429 721.16132 41.50247 0.23137 0.83922 0.14118 1.00000
v 103.22673 747.76520 29.26961 0.11373 0.83922 0.14118 1.00000
v 23.02839 774.57477 27.85424 0.00392 0.83922 0.14118 1.00000
v -3.98001 750.42700 103.11506 0.11373 0.83922 0.14118 1.00000
v -14.68750 725.15558 168.78847 0.23137 0.83922 0.14118 1.00000
v 173.58376 744.76147 49.21693 0.26275 0.83922 0.16471 1.00000
v 110.33628 773.08368 39.39325 0.12941 0.83922 0.16471 1.00000
v 32.39376 801.44611 40.42247 0.00392 0.83922 0.16471 1.00000
v 4.37988 775.45654 113.46223 0.12941 0.83922 0.16471 1.00000
v -8.68923 748.80487 176.71257 0.26275 0.83922 0.16471 1.00000
v 179.51506 762.42273 55.42092 0.33333 0.83922 0.20392 1.00000
v 118.42069 794.88971 49.37353 0.16078 0.83922 0.20392 1.00000
v 42.63502 827.43011 54.17664 0.00392 0.83922 0.20392 1.00000
v 12.20296 798.00519 123.70907 0.16078 0.83922 0.20392 1.00000
v -4.41385 768.35028 183.29396 0.33333 0.83922 0.20392 1.00000
v 183.74756 776.98322 60.96202 0.36471 0.83922 0.22353 1.00000
v 124.63135 810.47809 57.43621 0.17647 0.83922 0.22353 1.00000
v 50.52523 844.24615 64.74617 0.00392 0.83922 0.22353 1.00000
v 17.42603 814.53094 131.93628 0.17647 0.83922 0.22353 1.00000
v 1.56116 782.66644 189.28728 0.36471 0.83922 0.22353 1.00000
v 192.70682 799.68842 73.72124 0.40392 0.83922 0.24706 1.00000
v 135.16557 834.18988 72.68881 0.20000 0.83922 0.24706 1.00000
v 63.86547 868.28040 82.52254 0.00392 0.83922 0.24706 1.00000
v 29.04823 838.05365 147.47067 0.20000 0.83922 0.24706 1.00000
v 11.34830 805.56714 202.45599 0.40392 0.83922 0.24706 1.00000
v 202.27791 816.96088 84.40891 0.46667 0.83922 0.28627 1.00000
v 146.24812 854.77087 87.44371 0.23137 0.83922 0.28627 1.00000
v 77.99050 891.12750 101.27462 0.00392 0.83922 0.28627 1.00000
v 40.98899 859.05731 162.83868 0.23137 0.83922 0.28627 1.00000
v 20.60405 824.68646 214.19640 0.46667 0.83922 0.28627 1.00000
v 214.56476 837.50476 100.63400 0.49020 0.83922 0.30588 1.00000
v 160.83759 875.23138 106.10812 0.23922 0.83922 0.30588 1.00000
v 94.07270 912.06329 122.38879 0.00392 0.83922 0.30588 1.00000
v 55.10109 880.47443 181.96211 0.23922 0.83922 0.30588 1.00000
v 31.25618 847.49860 231.28447 0.49020 0.83922 0.30588 1.00000
v 225.50412 854.07208 114.33020 0.49020 0.83922 0.34902 1.00000
v 174.10542 893.80377 123.99442 0.23922 0.83922 0.34902 1.00000
v 110.85731 931.64880 144.27350 0.00392 0.83922 0.34902 1.00000
v 68.98646 899.90839 200.81914 0.23922 0.83922 0.34902 1.00000
v 45.34588 863.93829 246.44902 0.49020 0.83922 0.34902 1.00000
v 238.40981 873.63031 133.95581 0.49020 0.83922 0.36863 1.00000
v 190.42860 911.69281 145.73428 0.23922 0.83922 0.36863 1.00000
v 129.49686 948.78290 168.25966 0.00392 0.83922 0.36863 1.00000
v 87.81669 916.23407 222.64467 0.23922 0.83922 0.36863 1.00000
v 59.25148 883.69562 266.80215 0.49020 0.83922 0.36863 1.00000
v 247.58293 882.75055 143.26183 0.49020 0.83922 0.41176 1.00000
v 204.69893 923.21899 162.03294 0.23922 0.83922 0.41176 1.00000
v 148.73625 964.31592 192.88965 0.00392 0.83922 0.41176 1.00000
v 108.33331 933.55127 247.98517 0.23922 0.83922 0.41176 1.00000
v 80.98927 901.32550 291.46603 0.49020 0.83922 0.41176 1.00000
v 33.40905 700.90143 -177.95105 0.16078 0.65882 0.09020 1.00000
v 37.00330 728.10028 -184.12070 0.20000 0.65882 0.11373 1.00000
v 20.94181 745.62140 -107.79104 0.10588 0.65882 0.11373 1.00000
v 16.00291 715.30237 -104.13168 0.08235 0.65882 0.09020 1.00000
v 8.64870 730.49011 -11.98909 0.00392 0.65882 0.09020 1.00000
v 15.63914 763.17267 -17.39065 0.00392 0.65882 0.11373 1.00000
v 101.98281 747.78650 8.93521 0.10588 0.65882 0.11373 1.00000
v 96.95165 717.03937 12.63279 0.08235 0.65882 0.09020 1.00000
v 174.99158 703.20966 21.38800 0.16078 0.65882 0.09020 1.00000
v 177.96515 732.04242 19.88798 0.20000 0.65882 0.11373 1.00000
v 39.39393 750.53693 -186.03493 0.27843 0.65882 0.16078 1.00000
v 26.18158 773.01764 -111.68105 0.14510 0.65882 0.16078 1.00000
v 23.80412 795.43042 -23.73364 0.00392 0.65882 0.16078 1.00000
v 107.62656 775.79608 3.85597 0.14510 0.65882 0.16078 1.00000
v 181.04301 755.66577 16.11102 0.27843 0.65882 0.16078 1.00000
v 45.62155 779.01935 -190.13164 0.30980 0.65882 0.18431 1.00000
v 34.85717 802.86212 -119.16233 0.16078 0.65882 0.18431 1.00000
v 34.60633 827.43280 -32.17935 0.00392 0.65882 0.18431 1.00000
v 116.35191 806.24579 -3.05881 0.16078 0.65882 0.18431 1.00000
v 187.70744 784.39288 10.42592 0.30980 0.65882 0.18431 1.00000
v 51.12288 801.48077 -195.84248 0.38824 0.65882 0.22745 1.00000
v 43.50186 829.94104 -126.02998 0.20000 0.65882 0.22745 1.00000
v 46.60101 858.76154 -41.57064 0.00392 0.65882 0.22745 1.00000
v 125.30399 834.28729 -9.80431 0.20000 0.65882 0.22745 1.00000
v 193.40984 809.53174 7.69287 0.38824 0.65882 0.22745 1.00000
v 55.79863 819.10150 -200.00169 0.42745 0.65882 0.25098 1.00000
v 50.49363 849.31976 -131.26151 0.21569 0.65882 0.25098 1.00000
v 56.02502 879.45343 -48.97723 0.00392 0.65882 0.25098 1.00000
v 132.61972 853.58801 -16.35249 0.21569 0.65882 0.25098 1.00000
v 198.44334 828.17059 3.71858 0.42745 0.65882 0.25098 1.00000
v 67.11921 847.93195 -207.19460 0.46667 0.65882 0.27451 1.00000
v 64.40279 878.00128 -143.02217 0.23922 0.65882 0.27451 1.00000
v 72.25626 909.70135 -61.76603 0.00392 0.65882 0.27451 1.00000
v 146.64336 882.99658 -27.40024 0.23922 0.65882 0.27451 1.00000
v 210.33777 856.35364 -6.46755 0.46667 0.65882 0.27451 1.00000
v 77.21070 871.47906 -215.18102 0.54510 0.65882 0.32157 1.00000
v 78.06840 904.28790 -153.79607 0.27843 0.65882 0.32157 1.00000
v 89.63050 938.92834 -75.45903 0.00392 0.65882 0.32157 1.00000
v 160.74237 909.78497 -38.76371 0.27843 0.65882 0.32157 1.00000
v 221.11488 881.49237 -14.13541 0.54510 0.65882 0.32157 1.00000
v 92.71609 897.80707 -228.19476 0.58431 0.65882 0.34510 1.00000
v 95.87001 931.40045 -168.05290 0.29412 0.65882 0.34510 1.00000
v 109.79580 966.72101 -91.33067 0.00392 0.65882 0.34510 1.00000
v 178.70049 937.98352 -51.75108 0.29412 0.65882 0.34510 1.00000
v 236.91672 909.41364 -25.47944 0.58431 0.65882 0.34510 1.00000
v 106.87582 921.57697 -238.48549 0.65490 0.65882 0.39216 1.00000
v 113.52001 956.98871 -180.77484 0.33333 0.65882 0.39216 1.00000
v 130.99715 993.28644 -107.98641 0.00392 0.65882 0.39216 1.00000
v 196.62099 962.36481 -67.08584 0.33333 0.65882 0.39216 1.00000
v 251.54428 930.80829 -40.74494 0.65490 0.65882 0.39216 1.00000
v 126.42125 947.31384 -252.63760 0.69412 0.65882 0.41176 1.00000
v 135.09380 980.94183 -198.86592 0.34902 0.65882 0.41176 1.00000
v 154.82195 1017.98267 -126.58866 0.00392 0.65882 0.41176 1.00000
v 218.41272 987.92743 -83.16286 0.34902 0.65882 0.41176 1.00000
v 271.13760 955.36646 -56.84899 0.69412 0.65882 0.41176 1.00000
v 137.43993 960.78168 -264.40915 0.77255 0.65882 0.45882 1.00000
v 152.69701 1000.93219 -211.30763 0.38824 0.65882 0.45882 1.00000
v 179.54529 1041.30701 -145.82100 0.00392 0.65882 0.45882 1.00000
v 243.80284 1013.28290 -104.18761 0.38824 0.65882 0.45882 1.00000
v 296.37616 983.95111 -76.03702 0.77255 0.65882 0.45882 1.00000
v -176.76210 721.07104 -36.82055 0.14510 0.96078 0.09412 1.00000
v -176.16344 751.63000 -38.81233 0.18431 0.96078 0.11765 1.00000
v -98.36979 760.38885 -22.63975 0.09020 0.96078 0.11765 1.00000
v -97.36019 728.05829 -18.80829 0.06667 0.96078 0.09412 1.00000
v -2.70903 734.58942 -9.82461 0.00392 0.96078 0.09412 1.00000
v -4.92493 768.66388 -15.42262 0.00392 0.96078 0.11765 1.00000
v 23.36855 754.66785 -102.94382 0.09020 0.96078 0.11765 1.00000
v 23.82780 723.16571 -99.36413 0.06667 0.96078 0.09412 1.00000
v 37.64311 712.55695 -178.35472 0.14510 0.96078 0.09412 1.00000
v 36.40937 741.38239 -180.43694 0.18431 0.96078 0.11765 1.00000
v -175.67180 778.52582 -41.09050 0.26275 0.96078 0.16471 1.00000
v -99.30344 790.83234 -27.18840 0.12941 0.96078 0.16471 1.00000
v -7.76371 802.46973 -22.31752 0.00392 0.96078 0.16471 1.00000
v 21.35871 783.31506 -107.32829 0.12941 0.96078 0.16471 1.00000
v 36.58228 765.28510 -182.12785 0.26275 0.96078 0.16471 1.00000
v -178.84694 809.65973 -47.22214 0.30196 0.96078 0.18824 1.00000
v -102.97846 823.42755 -35.07930 0.14510 0.96078 0.18824 1.00000
v -11.94760 836.46747 -31.96901 0.00392 0.96078 0.18824 1.00000
v 18.30435 815.30249 -114.91593 0.14510 0.96078 0.18824 1.00000
v 35.79063 795.58698 -187.50264 0.30196 0.96078 0.18824 1.00000
v -180.66412 837.49084 -53.04905 0.38039 0.96078 0.23529 1.00000
v -106.45579 854.13409 -43.46102 0.18431 0.96078 0.23529 1.00000
v -16.75230 870.02875 -42.83594 0.00392 0.96078 0.23529 1.00000
v 16.29640 845.05219 -122.64442 0.18431 0.96078 0.23529 1.00000
v 32.73323 820.89520 -192.80020 0.38039 0.96078 0.23529 1.00000
v -181.26036 858.26215 -57.63272 0.41961 0.96078 0.25882 1.00000
v -108.03205 875.96735 -49.98432 0.20784 0.96078 0.25882 1.00000
v -20.67997 892.53607 -51.50621 0.00392 0.96078 0.25882 1.00000
v 13.82142 866.15729 -129.11394 0.20784 0.96078 0.25882 1.00000
v 31.72359 840.62311 -197.09239 0.41961 0.96078 0.25882 1.00000
v -187.32698 889.65021 -68.95739 0.45882 0.96078 0.28235 1.00000
v -113.68740 908.71674 -63.08231 0.22353 0.96078 0.28235 1.00000
v -27.70296 926.07141 -66.61214 0.00392 0.96078 0.28235 1.00000
v 7.82755 898.29535 -142.04561 0.22353 0.96078 0.28235 1.00000
v 27.10111 871.48212 -207.82820 0.45882 0.96078 0.28235 1.00000
v -191.43938 918.10089 -79.56959 0.49020 0.96078 0.32941 1.00000
v -120.06251 939.31781 -76.63680 0.23922 0.96078 0.32941 1.00000
v -35.38762 958.91461 -82.90966 0.00392 0.96078 0.32941 1.00000
v 2.64309 928.16937 -154.92924 0.23922 0.96078 0.32941 1.00000
v 26.00674 898.99786 -217.16861 0.49020 0.96078 0.32941 1.00000
v -198.46141 949.28583 -94.85981 0.49020 0.96078 0.35294 1.00000
v -127.48096 971.32922 -93.86990 0.23922 0.96078 0.35294 1.00000
v -44.65797 991.11749 -102.19530 0.00392 0.96078 0.35294 1.00000
v -4.46841 959.68549 -171.80658 0.23922 0.96078 0.35294 1.00000
v 17.03443 928.44153 -232.10443 0.49020 0.96078 0.35294 1.00000
v -202.23238 978.64105 -109.40525 0.49020 0.96078 0.40000 1.00000
v -135.00636 1001.50348 -111.50218 0.23922 0.96078 0.40000 1.00000
v -54.55869 1022.40692 -122.67014 0.00392 0.96078 0.40000 1.00000
v -14.27087 987.69098 -188.86897 0.23922 0.96078 0.40000 1.00000
v 13.46001 955.68134 -245.31819 0.49020 0.96078 0.40000 1.00000
v -213.70517 1007.78363 -129.21519 0.49020 0.96078 0.42353 1.00000
v -147.16032 1030.90515 -133.20943 0.23922 0.96078 0.42353 1.00000
v -66.00525 1052.56677 -146.14056 0.00392 0.96078 0.42353 1.00000
v -24.58890 1017.18573 -209.99580 0.23922 0.96078 0.42353 1.00000
v 3.01163 984.09351 -264.28052 0.49020 0.96078 0.42353 1.00000
v -216.39682 1028.96460 -141.51329 0.49020 0.96078 0.47059 1.00000
v -155.65546 1054.82751 -151.19682 0.23922 0.96078 0.47059 1.00000
v -78.00398 1081.63940 -170.71080 0.00392 0.96078 0.47059 1.00000
v -36.09537 1049.12439 -234.86836 0.23922 0.96078 0.47059 1.00000
v -6.93877 1018.41772 -288.73224 0.49020 0.96078 0.47059 1.00000
# Normals
vn 0.31655 0.04820 0.94735
vn 0.13970 -0.29049 0.94663
vn 0.03202 0.25057 0.96757
vn -0.00424 -0.29019 0.95696
vn 0.29075 -0.29922 0.90881
vn 0.57813 0.24066 0.77965
vn 0.42676 -0.29843 0.85371
vn 0.55602 -0.30606 0.77276
vn 0.80701 0.03867 0.58927
vn 0.67088 -0.30377 0.67649
vn 0.76659 -0.30981 0.56246
vn 0.91904 0.23502 0.31643
vn 0.84809 -0.30587 0.43265
vn 0.90279 -0.31006 0.29805
vn 0.99919 0.03815 0.01279
vn 0.94118 -0.30459 0.14632
vn 0.95170 -0.30701 0.00450
vn 0.93516 0.23551 -0.26460
vn 0.94127 -0.30030 -0.15435
vn 0.90825 -0.30125 -0.29040
vn 0.81937 0.04581 -0.57144
vn 0.84862 -0.29373 -0.43997
vn 0.77596 -0.29364 -0.55827
vn 0.60539 0.24158 -0.75838
vn 0.67246 -0.28574 -0.68275
vn 0.56694 -0.28508 -0.77286
vn 0.32666 0.05791 -0.94337
vn 0.43011 -0.27718 -0.85917
vn 0.30109 -0.27636 -0.91267
vn 0.03427 0.25115 -0.96734
vn 0.14521 -0.26879 -0.95219
vn 0.00425 -0.26817 -0.96336
vn -0.29691 0.07035 -0.95231
vn -0.15452 -0.26117 -0.95285
vn -0.29432 -0.26104 -0.91937
vn -0.55800 0.26091 -0.78776
vn -0.43998 -0.25483 -0.86109
vn -0.56494 -0.25547 -0.78459
vn -0.80631 0.07927 -0.58616
vn -0.68345 -0.25023 -0.68577
vn -0.78053 -0.25184 -0.57214
vn -0.92110 0.26708 -0.28326
vn -0.86119 -0.24772 -0.44383
vn -0.91947 -0.25052 -0.30302
vn -0.99662 0.08144 0.01083
vn -0.95578 -0.24759 -0.15868
vn -0.96779 -0.25173 -0.00404
vn -0.90486 0.26706 0.33153
vn -0.95778 -0.25002 0.14195
vn -0.92071 -0.25559 0.29490
vn -0.79670 0.07540 0.59966
vn -0.86671 -0.25500 0.42870
vn -0.78315 -0.26195 0.56396
vn -0.53297 0.26074 0.80496
vn -0.69123 -0.26225 0.67337
vn -0.56921 -0.27040 0.77645
vn -0.29345 0.06266 0.95392
vn -0.44837 -0.27122 0.85170
vn -0.30061 -0.28017 0.91167
vn 0.03202 0.25057 0.96757
vn -0.16197 -0.28101 0.94594
vn -0.00424 -0.29019 0.95696
vn 0.01826 0.14672 0.98901
vn 0.30234 0.46817 0.83031
vn 0.58370 0.13877 0.80002
vn 0.71650 0.45996 0.52446
vn 0.93935 0.12054 0.32108
vn 0.89331 0.44807 0.03519
vn 0.95398 0.09709 -0.28371
vn 0.75752 0.43668 -0.48526
vn 0.60513 0.07671 -0.79242
vn 0.32583 0.43085 -0.84155
vn 0.01316 0.06896 -0.99753
vn -0.25114 0.43391 -0.86525
vn -0.58753 0.07886 -0.80535
vn -0.72687 0.44455 -0.52349
vn -0.95114 0.10154 -0.29160
vn -0.88859 0.45731 0.03562
vn -0.93498 0.12576 0.33165
vn -0.68184 0.46684 0.56316
vn -0.55917 0.14222 0.81676
vn -0.22153 0.47063 0.85407
vn 0.01826 0.14672 0.98901
vn 0.02846 0.42825 0.90321
vn 0.31502 0.12310 0.94107
vn 0.56364 0.41866 0.71207
vn 0.81303 0.10721 0.57226
vn 0.87992 0.40277 0.25204
vn 0.99634 0.08384 -0.01641
vn 0.87273 0.38565 -0.29936
vn 0.79963 0.05981 -0.59751
vn 0.55117 0.37266 -0.74655
vn 0.30271 0.04388 -0.95207
vn 0.02570 0.36917 -0.92901
vn -0.30533 0.04454 -0.95121
vn -0.51602 0.37811 -0.76861
vn -0.80008 0.06322 -0.59655
vn -0.86347 0.39632 -0.31200
vn -0.99574 0.09097 -0.01503
vn -0.86917 0.41552 0.26812
vn -0.80957 0.11497 0.57566
vn -0.52423 0.42750 0.73650
vn -0.30718 0.12648 0.94321
vn 0.02846 0.42825 0.90321
vn 0.01101 0.20990 0.97766
vn 0.30932 0.45722 0.83383
vn 0.58868 0.19825 0.78368
vn 0.74694 0.44402 0.49491
vn 0.93977 0.18090 0.29001
vn 0.90284 0.42917 -0.02632
vn 0.93534 0.16478 -0.31303
vn 0.73234 0.41796 -0.53757
vn 0.58073 0.15575 -0.79906
vn 0.29896 0.41408 -0.85974
vn 0.00873 0.15676 -0.98760
vn -0.24772 0.41902 -0.87353
vn -0.56831 0.16748 -0.80559
vn -0.70758 0.43154 -0.55956
vn -0.93063 0.18432 -0.31615
vn -0.89409 0.44720 -0.02493
vn -0.93374 0.20106 0.29614
vn -0.72029 0.45959 0.51958
vn -0.57256 0.21097 0.79225
vn -0.25422 0.46339 0.84890
vn 0.01101 0.20990 0.97766
vn 0.12275 0.49230 0.86173
vn 0.35116 0.22111 0.90983
vn 0.60825 0.48220 0.63049
vn 0.81563 0.20688 0.54032
vn 0.85915 0.47064 0.20091
vn 0.98158 0.19040 -0.01583
vn 0.84584 0.45814 -0.27326
vn 0.80583 0.17624 -0.56532
vn 0.58574 0.44608 -0.67669
vn 0.34366 0.16916 -0.92373
vn 0.12047 0.44090 -0.88944
vn -0.25619 0.17320 -0.95098
vn -0.42423 0.44895 -0.78643
vn -0.77047 0.18824 -0.60905
vn -0.81520 0.46832 -0.34078
vn -0.97800 0.20814 -0.01386
vn -0.82918 0.48776 0.27304
vn -0.77773 0.22358 0.58749
vn -0.44505 0.49618 0.74548
vn -0.25906 0.22804 0.93856
vn 0.12275 0.49230 0.86173
vn 0.06047 0.18020 0.98177
vn 0.38546 0.47477 0.79121
vn 0.62470 0.18555 0.75850
vn 0.76878 0.46790 0.43595
vn 0.94596 0.17780 0.27119
vn 0.88908 0.45624 -0.03721
vn 0.94049 0.15931 -0.30018
vn 0.74855 0.44020 -0.49588
vn 0.61501 0.13450 -0.77696
vn 0.37049 0.42439 -0.82621
vn 0.05701 0.11177 -0.99210
vn -0.16822 0.41744 -0.89300
vn -0.54419 0.10060 -0.83291
vn -0.67495 0.42497 -0.60319
vn -0.93798 0.10769 -0.32954
vn -0.89535 0.44414 -0.03291
vn -0.93954 0.13178 0.31606
vn -0.69285 0.46423 0.55177
vn -0.54567 0.16053 0.82248
vn -0.17645 0.47490 0.86217
vn 0.06047 0.18020 0.98177
vn -0.00549 0.37278 0.92790
vn 0.29767 0.13764 0.94469
vn 0.56081 0.37482 0.73824
vn 0.80407 0.13548 0.57889
vn 0.89746 0.36244 0.25140
vn 0.99287 0.11825 -0.01484
vn 0.87962 0.34211 -0.33049
vn 0.79329 0.09387 -0.60156
vn 0.53102 0.32163 -0.78395
vn 0.28818 0.06997 -0.95502
vn -0.00913 0.30698 -0.95167
vn -0.32488 0.05247 -0.94430
vn -0.54817 0.30210 -0.77990
vn -0.81268 0.04734 -0.58078
vn -0.89372 0.31006 -0.32422
vn -0.99814 0.06066 -0.00636
vn -0.90829 0.33065 0.25629
vn -0.81611 0.09008 0.57084
vn -0.57109 0.35562 0.73986
vn -0.32429 0.12079 0.93822
vn -0.00549 0.37278 0.92790
vn 0.00458 0.15610 0.98773
vn 0.29200 0.38694 0.87465
vn 0.59289 0.16769 0.78763
vn 0.76477 0.38421 0.51722
vn 0.94536 0.16407 0.28173
vn 0.92811 0.36973 -0.04365
vn 0.93305 0.14776 -0.32799
vn 0.73363 0.35017 -0.58238
vn 0.57114 0.12618 -0.81110
vn 0.27062 0.33313 -0.90321
vn -0.00117 0.10742 -0.99421
vn -0.28904 0.32422 -0.90074
vn -0.57580 0.09751 -0.81175
vn -0.74929 0.32614 -0.57637
vn -0.94069 0.09936 -0.32438
vn -0.94024 0.33843 -0.03746
vn -0.94985 0.11288 0.29164
vn -0.77526 0.35743 0.52078
vn -0.58853 0.13450 0.79721
vn -0.30293 0.37633 0.87556
vn 0.00458 0.15610 0.98773
vn -0.06669 0.37159 0.92600
vn 0.27985 0.16029 0.94657
vn 0.49083 0.38408 0.78203
vn 0.78521 0.16848 0.59588
vn 0.86783 0.38269 0.31689
vn 0.98709 0.16005 0.00532
vn 0.88176 0.36641 -0.29707
vn 0.79369 0.13881 -0.59227
vn 0.51078 0.34204 -0.78874
vn 0.28161 0.11422 -0.95271
vn -0.07247 0.32100 -0.94430
vn -0.33780 0.09621 -0.93629
vn -0.61221 0.31196 -0.72655
vn -0.82130 0.09054 -0.56326
vn -0.91348 0.31657 -0.25562
vn -0.99511 0.09789 0.01342
vn -0.89849 0.33138 0.28791
vn -0.80619 0.11588 0.58020
vn -0.58546 0.35160 0.73049
vn -0.32492 0.13960 0.93538
vn -0.06669 0.37159 0.92600
vn -0.02043 0.11989 0.99258
vn 0.22693 0.36516 0.90286
vn 0.56802 0.13114 0.81250
vn 0.72330 0.37003 0.58303
vn 0.94064 0.13013 0.31347
vn 0.93250 0.36100 0.01094
vn 0.94232 0.11614 -0.31392
vn 0.74260 0.34037 -0.57680
vn 0.56810 0.09413 -0.81756
vn 0.23461 0.31711 -0.91891
vn -0.02801 0.07337 -0.99691
vn -0.35986 0.30192 -0.88280
vn -0.60733 0.06266 -0.79198
vn -0.80150 0.30052 -0.51700
vn -0.95354 0.06581 -0.29400
vn -0.95003 0.31170 0.01715
vn -0.94808 0.08057 0.30767
vn -0.77752 0.33020 0.53519
vn -0.59615 0.10090 0.79651
vn -0.34099 0.34997 0.87249
vn -0.02043 0.11989 0.99258
vn -0.06029 0.37027 0.92697
vn 0.29417 0.13369 0.94636
vn 0.48664 0.38298 0.78518
vn 0.79363 0.14037 0.59198
vn 0.86179 0.38466 0.33068
vn 0.99094 0.13418 0.00614
vn 0.88534 0.37259 -0.27813
vn 0.80108 0.11645 -0.58712
vn 0.52213 0.35024 -0.77763
vn 0.29397 0.09367 -0.95122
vn -0.06647 0.32763 -0.94246
vn -0.32759 0.07542 -0.94180
vn -0.61636 0.31535 -0.72156
vn -0.81883 0.06946 -0.56982
vn -0.91739 0.31782 -0.23955
vn -0.99688 0.07770 0.01372
vn -0.89188 0.33205 0.30708
vn -0.80335 0.09599 0.58771
vn -0.57278 0.35156 0.74049
vn -0.31335 0.11705 0.94240
vn -0.06029 0.37027 0.92697
vn -0.02765 0.10532 0.99405
vn 0.22687 0.36767 0.90186
vn 0.56198 0.10952 0.81987
vn 0.71652 0.37250 0.58978
vn 0.94116 0.10638 0.32079
vn 0.92981 0.36704 0.02723
vn 0.94487 0.09820 -0.31236
vn 0.74931 0.35233 -0.56071
vn 0.56582 0.08692 -0.81994
vn 0.24238 0.33336 -0.91111
vn -0.03686 0.07521 -0.99649
vn -0.36010 0.31845 -0.87688
vn -0.61680 0.06822 -0.78416
vn -0.80490 0.31452 -0.50320
vn -0.95658 0.07012 -0.28290
vn -0.94589 0.32245 0.03619
vn -0.94610 0.08038 0.31375
vn -0.76516 0.33784 0.54808
vn -0.59743 0.09416 0.79638
vn -0.33079 0.35470 0.87451
vn -0.02765 0.10532 0.99405
vn 0.02638 0.27519 0.96103
vn 0.32826 0.06749 0.94217
vn 0.56772 0.28586 0.77199
vn 0.81521 0.06897 0.57504
vn 0.90590 0.28849 0.31003
vn 0.99789 0.06482 -0.00277
vn 0.92030 0.28336 -0.26973
vn 0.81236 0.05787 -0.58028
vn 0.58892 0.27168 -0.76116
vn 0.32094 0.04840 -0.94586
vn 0.01757 0.25625 -0.96645
vn -0.29928 0.03801 -0.95341
vn -0.57259 0.24292 -0.78303
vn -0.80790 0.03176 -0.58846
vn -0.93104 0.23820 -0.27645
vn -0.99937 0.03414 0.00955
vn -0.90937 0.24473 0.33638
vn -0.79727 0.04484 0.60196
vn -0.53530 0.25935 0.80386
vn -0.28696 0.05831 0.95617
vn 0.02638 0.27519 0.96103
vn 0.02012 0.17531 0.98431
vn 0.31513 0.23250 0.92013
vn 0.58116 0.19382 0.79037
vn 0.78207 0.24576 0.57268
vn 0.92852 0.20184 0.31163
vn 0.96871 0.24744 0.01934
vn 0.93822 0.19651 -0.28482
vn 0.80105 0.23671 -0.54981
vn 0.59401 0.17922 -0.78424
vn 0.32177 0.21690 -0.92164
vn 0.01108 0.15586 -0.98772
vn -0.29688 0.19527 -0.93474
vn -0.58490 0.13564 -0.79969
vn -0.80310 0.18073 -0.56777
vn -0.94868 0.12729 -0.28949
vn -0.98333 0.17953 0.02895
vn -0.93356 0.13412 0.33238
vn -0.77246 0.19184 0.60539
vn -0.55749 0.15266 0.81603
vn -0.27287 0.21214 0.93837
vn 0.02012 0.17531 0.98431
vn -0.02391 0.24363 0.96957
vn 0.58134 0.13642 0.80214
vn 0.92003 0.27276 0.28132
vn 0.93288 0.14470 -0.32983
vn 0.53348 0.25797 -0.80551
vn -0.02425 0.10973 -0.99367
vn -0.58638 0.22077 -0.77937
vn -0.94701 0.08011 -0.31106
vn -0.93663 0.21196 0.27893
vn -0.59988 0.09675 0.79422
vn -0.02391 0.24363 0.96957
vn -0.00638 0.08266 0.99656
vn 0.54045 0.36714 0.75705
vn 0.94948 0.10888 0.29432
vn 0.86617 0.38483 -0.31883
vn 0.56261 0.12559 -0.81713
vn -0.03855 0.37089 -0.92788
vn -0.59247 0.10974 -0.79809
vn -0.89077 0.34612 -0.29451
vn -0.95101 0.08401 0.29752
vn -0.57804 0.34286 0.74049
vn -0.00638 0.08266 0.99656
vn -0.00768 0.31965 0.94751
vn 0.58734 0.07687 0.80568
vn 0.89058 0.34264 0.29911
vn 0.94622 0.10709 -0.30528
vn 0.54029 0.36187 -0.75970
vn -0.00676 0.11451 -0.99340
vn -0.56889 0.34954 -0.74444
vn -0.95118 0.08977 -0.29529
vn -0.89594 0.32442 0.30340
vn -0.57774 0.06771 0.81340
vn -0.00768 0.31965 0.94751
vn 0.00268 0.08023 0.99677
vn 0.54501 0.33279 0.76955
vn 0.94723 0.09952 0.30470
vn 0.88763 0.36007 -0.28716
vn 0.57646 0.13224 -0.80635
vn -0.01875 0.36957 -0.92902
vn -0.59125 0.13279 -0.79548
vn -0.89755 0.34822 -0.27048
vn -0.94412 0.10072 0.31383
vn -0.55475 0.32583 0.76556
vn 0.00268 0.08023 0.99677
vn -0.02104 0.33235 0.94292
vn 0.58062 0.08574 0.80965
vn 0.88305 0.34667 0.31630
vn 0.94432 0.12010 -0.30633
vn 0.53328 0.38515 -0.75317
vn -0.01488 0.15030 -0.98853
vn -0.57551 0.39182 -0.71782
vn -0.94806 0.13387 -0.28856
vn -0.87987 0.35984 0.31040
vn -0.58149 0.09481 0.80801
vn -0.02104 0.33235 0.94292
vn -0.00391 0.06500 0.99788
vn 0.53228 0.32370 0.78224
vn 0.94825 0.07617 0.30825
vn 0.89114 0.35868 -0.27789
vn 0.57308 0.12582 -0.80978
vn -0.03123 0.39186 -0.91949
vn -0.59698 0.14416 -0.78920
vn -0.89216 0.37703 -0.24881
vn -0.94320 0.10734 0.31440
vn -0.55305 0.33651 0.76217
vn -0.00391 0.06500 0.99788
vn -0.01437 0.34041 0.94017
vn 0.57930 0.07016 0.81209
vn 0.87042 0.34819 0.34804
vn 0.94955 0.10680 -0.29486
vn 0.55266 0.39713 -0.73271
vn -0.01004 0.15220 -0.98830
vn -0.58359 0.41416 -0.69849
vn -0.95027 0.14162 -0.27736
vn -0.85904 0.37795 0.34528
vn -0.57173 0.09219 0.81525
vn -0.01437 0.34041 0.94017
vn -0.00738 0.09523 0.99543
vn 0.51326 0.34271 0.78684
vn 0.93974 0.08807 0.33035
vn 0.89654 0.37200 -0.24049
vn 0.58057 0.13393 -0.80312
vn -0.02542 0.41609 -0.90897
vn -0.60828 0.16642 -0.77608
vn -0.88852 0.40799 -0.20995
vn -0.93119 0.14112 0.33611
vn -0.52391 0.36555 0.76934
vn -0.00738 0.09523 0.99543
vn 0.03174 0.24111 0.96998
vn 0.60014 0.03033 0.79932
vn 0.91966 0.23979 0.31102
vn 0.94896 0.05473 -0.31060
vn 0.58699 0.28533 -0.75765
vn 0.00523 0.10494 -0.99446
vn -0.56044 0.31697 -0.76514
vn -0.94758 0.11037 -0.29987
vn -0.89696 0.28752 0.33586
vn -0.57108 0.06326 0.81845
vn 0.03174 0.24111 0.96998
vn 0.01320 0.01770 0.99976
vn 0.58112 0.22458 0.78222
vn 0.95180 0.02052 0.30604
vn 0.92757 0.25275 -0.27521
vn 0.58775 0.06130 -0.80672
vn 0.01608 0.29617 -0.95500
vn -0.59114 0.08418 -0.80216
vn -0.91661 0.29374 -0.27119
vn -0.94456 0.05688 0.32339
vn -0.53564 0.24852 0.80705
vn 0.01320 0.01770 0.99976
vn 0.03185 0.24516 0.96896
vn 0.59431 0.01959 0.80400
vn 0.91801 0.24751 0.30984
vn 0.94926 0.04550 -0.31119
vn 0.58607 0.28763 -0.75749
vn -0.00412 0.08338 -0.99651
vn -0.56159 0.31172 -0.76645
vn -0.95112 0.08087 -0.29804
vn -0.89820 0.28416 0.33540
vn -0.57685 0.04135 0.81580
vn 0.03185 0.24516 0.96896
vn 0.02141 0.05801 0.99809
vn 0.57706 0.25703 0.77520
vn 0.94989 0.06798 0.30509
vn 0.92035 0.28268 -0.27027
vn 0.59200 0.09871 -0.79987
vn 0.01759 0.31709 -0.94823
vn -0.58566 0.10812 -0.80331
vn -0.91161 0.31120 -0.26854
vn -0.94160 0.08232 0.32650
vn -0.52952 0.27329 0.80307
vn 0.02141 0.05801 0.99809
vn -0.01049 0.35364 0.93532
vn 0.57587 0.10535 0.81072
vn 0.87155 0.36080 0.33200
vn 0.94480 0.12732 -0.30191
vn 0.54793 0.38858 -0.74079
vn -0.01890 0.14720 -0.98893
vn -0.58115 0.39517 -0.71140
vn -0.95004 0.13622 -0.28084
vn -0.86547 0.37309 0.33432
vn -0.57725 0.11183 0.80887
vn -0.01049 0.35364 0.93532
vn -0.00163 0.09995 0.99499
vn 0.52197 0.34976 0.77795
vn 0.94127 0.09683 0.32348
vn 0.89602 0.36237 -0.25660
vn 0.58206 0.10013 -0.80696
vn -0.02362 0.37821 -0.92542
vn -0.60745 0.10529 -0.78735
vn -0.89817 0.37408 -0.23097
vn -0.93689 0.10560 0.33330
vn -0.53065 0.35738 0.76856
vn -0.00163 0.09995 0.99499
vn 0.01620 0.38168 0.92415
vn 0.59547 0.11364 0.79530
vn 0.87744 0.38559 0.28534
vn 0.94191 0.11190 -0.31668
vn 0.54532 0.38785 -0.74310
vn -0.00233 0.10890 -0.99405
vn -0.54958 0.38644 -0.74069
vn -0.94610 0.11145 -0.30408
vn -0.87154 0.38283 0.30636
vn -0.57432 0.11307 0.81079
vn 0.01620 0.38168 0.92415
vn 0.01477 0.25728 0.96622
vn 0.56097 0.33267 0.75805
vn 0.91683 0.26839 0.29561
vn 0.89617 0.33713 -0.28849
vn 0.56791 0.26334 -0.77982
vn -0.00235 0.32967 -0.94409
vn -0.57681 0.24840 -0.77819
vn -0.90572 0.32037 -0.27754
vn -0.91615 0.24461 0.31756
vn -0.54029 0.32242 0.77726
vn 0.01477 0.25728 0.96622
vn 0.01111 0.10621 0.99428
vn 0.95031 0.07876 0.30119
vn 0.56785 0.14239 -0.81073
vn -0.59928 0.04547 -0.79924
vn -0.94125 0.12502 0.31372
vn 0.01111 0.10621 0.99428
vn 0.00764 0.14126 0.98994
vn 0.92680 0.22803 0.29841
vn 0.58519 0.01975 -0.81065
vn -0.59366 0.17982 -0.78436
vn -0.94555 0.01578 0.32510
vn 0.00764 0.14126 0.98994
vn -0.02496 0.24490 0.96923
vn 0.94984 0.12532 0.28653
vn 0.49797 0.33122 -0.80145
vn -0.59450 0.06335 -0.80160
vn -0.91228 0.32589 0.24809
vn -0.02496 0.24490 0.96923
vn -0.01535 0.26501 0.96412
vn 0.88965 0.38064 0.25225
vn 0.54678 0.11303 -0.82961
vn -0.57127 0.31902 -0.75623
vn -0.95159 0.11891 0.28343
vn -0.01535 0.26501 0.96412
vn 0.00602 0.28222 0.95933
vn 0.94013 0.15338 0.30436
vn 0.55981 0.36372 -0.74453
vn -0.58933 0.10430 -0.80113
vn -0.87428 0.36981 0.31444
vn 0.00602 0.28222 0.95933
vn 0.04012 0.22221 0.97417
vn 0.88984 0.35471 0.28698
vn 0.59225 0.01183 -0.80567
vn -0.56503 0.29883 -0.76905
vn -0.94283 0.03068 0.33185
vn 0.04012 0.22221 0.97417
vn -0.00713 0.19295 0.98118
vn 0.95483 0.04027 0.29443
vn 0.55362 0.26053 -0.79096
vn -0.59639 -0.03181 -0.80206
vn -0.91125 0.28745 0.29495
vn -0.00713 0.19295 0.98118
vn 0.01940 0.19597 0.98042
vn 0.91128 0.30514 0.27652
vn 0.58501 -0.01976 -0.81079
vn -0.57406 0.24970 -0.77982
vn -0.94572 0.02709 0.32386
vn 0.01940 0.19597 0.98042
vn -0.01006 0.21779 0.97594
vn 0.95505 0.03972 0.29378
vn 0.52667 0.28517 -0.80081
vn -0.59648 0.00020 -0.80263
vn -0.90491 0.33407 0.26370
vn -0.01006 0.21779 0.97594
vn 0.00384 0.15733 0.98754
vn 0.91990 0.28705 0.26719
vn 0.55984 -0.04358 -0.82746
vn -0.56655 0.29319 -0.77011
vn -0.95410 0.02722 0.29825
vn 0.00384 0.15733 0.98754
vn 0.01599 0.18857 0.98193
vn 0.95038 -0.03414 0.30921
vn 0.57005 0.29437 -0.76706
vn -0.59335 0.01100 -0.80487
vn -0.88059 0.36073 0.30729
vn 0.01599 0.18857 0.98193
vn 0.03986 0.20288 0.97839
vn 0.90496 0.31972 0.28075
vn 0.58428 -0.02489 -0.81117
vn -0.55348 0.31962 -0.76909
vn -0.94516 0.04242 0.32384
vn 0.03986 0.20288 0.97839
vn -0.00128 0.25480 0.96699
vn 0.95480 0.03219 0.29550
vn 0.55150 0.36228 -0.75140
vn -0.59363 0.03700 -0.80389
vn -0.85657 0.42681 0.29005
vn -0.00128 0.25480 0.96699
vn 0.05321 0.39093 0.91888
vn 0.84997 0.46248 0.25231
vn 0.57023 0.24929 -0.78275
vn -0.49992 0.48980 -0.71427
vn -0.90294 0.30113 0.30661
vn 0.05321 0.39093 0.91888
vn -0.01545 0.59836 0.80108
vn 0.84868 0.46196 0.25756
vn 0.43786 0.67171 -0.59756
vn -0.50671 0.49675 -0.70462
vn -0.66859 0.70849 0.22590
vn -0.01545 0.59836 0.80108
vn 0.02859 0.97183 0.23394
vn 0.30521 0.94674 -0.10262
vn 0.02203 0.95250 -0.30376
vn -0.25634 0.96178 -0.09629
vn 0.02859 0.97183 0.23394
vn 0.11671 0.58990 -0.79900
vn 0.11749 0.57606 -0.80892
vn -0.84998 -0.52593 0.03039
vn -0.89595 -0.44222 0.04144
vn 0.27843 0.41754 0.86495
vn 0.29508 0.38076 0.87633
vn 0.11749 0.57606 -0.80892
vn 0.11671 0.58990 -0.79900
vn 0.11074 0.56873 -0.81503
vn -0.69442 -0.71955 -0.00621
vn 0.37248 0.31269 0.87378
vn 0.11074 0.56873 -0.81503
vn 0.08642 0.58013 -0.80993
vn -0.50104 -0.86347 -0.05814
vn 0.38245 0.29821 0.87453
vn 0.08642 0.58013 -0.80993
vn -0.04580 0.63459 -0.77149
vn -0.34328 -0.93370 -0.10180
vn 0.35570 0.30848 0.88222
vn -0.04580 0.63459 -0.77149
vn -0.20001 0.66340 -0.72103
vn -0.25334 -0.95886 -0.12810
vn 0.26867 0.31289 0.91100
vn -0.20001 0.66340 -0.72103
vn -0.20212 -0.96908 -0.14149
vn 0.00402 0.97740 0.21137
vn -0.83178 0.53977 -0.12961
vn -0.83949 0.52751 -0.13038
vn 0.08653 -0.50486 0.85885
vn 0.09796 -0.43171 0.89668
vn 0.83853 0.38281 -0.38772
vn 0.84628 0.35708 -0.39536
vn -0.83949 0.52751 -0.13038
vn -0.83178 0.53977 -0.12961
vn -0.84158 0.52674 -0.11952
vn 0.04850 -0.68220 0.72955
vn 0.84131 0.30116 -0.44888
vn -0.84158 0.52674 -0.11952
vn -0.83565 0.54035 -0.09853
vn -0.00238 -0.82161 0.57004
vn 0.84466 0.29530 -0.44648
vn -0.83565 0.54035 -0.09853
vn -0.79921 0.60094 0.01173
vn -0.04716 -0.90105 0.43114
vn 0.85446 0.31016 -0.41677
vn -0.79921 0.60094 0.01173
vn -0.75395 0.64207 0.13894
vn -0.07645 -0.93559 0.34472
vn 0.88381 0.32580 -0.33575
vn -0.75395 0.64207 0.13894
vn -0.09521 -0.95327 0.28673
vn 0.15436 0.97984 -0.12682
vn -0.18218 0.48527 0.85518
vn -0.18553 0.47114 0.86233
vn 0.87403 -0.47688 -0.09308
vn 0.90618 -0.41024 -0.10264
vn -0.43310 0.35255 -0.82954
vn -0.43043 0.33990 -0.83618
vn -0.18553 0.47114 0.86233
vn -0.18218 0.48527 0.85518
vn -0.17407 0.47430 0.86298
vn 0.76252 -0.64398 -0.06210
vn -0.46209 0.29959 -0.83469
vn -0.17407 0.47430 0.86298
vn -0.15830 0.48769 0.85855
vn 0.62346 -0.78153 -0.02245
vn -0.44485 0.30639 -0.84157
vn -0.15830 0.48769 0.85855
vn -0.06329 0.55139 0.83184
vn 0.49307 -0.86987 0.01408
vn -0.40861 0.32812 -0.85169
vn -0.06329 0.55139 0.83184
vn 0.04298 0.59787 0.80044
vn 0.40765 -0.91231 0.03898
vn -0.32865 0.35301 -0.87600
vn 0.04298 0.59787 0.80044
vn 0.34487 -0.93694 0.05658
vn -0.21223 0.97247 -0.09618
vn 0.83855 0.51818 0.16832
vn 0.85687 0.48216 0.18250
vn -0.10572 -0.34427 -0.93290
vn -0.11431 -0.25969 -0.95890
vn -0.81919 0.41798 0.39270
vn -0.83021 0.39525 0.39310
vn 0.85687 0.48216 0.18250
vn 0.83855 0.51818 0.16832
vn 0.87363 0.44118 0.20527
vn -0.07832 -0.55418 -0.82870
vn -0.83417 0.32661 0.44440
vn 0.87363 0.44118 0.20527
vn 0.87866 0.42104 0.22512
vn -0.04480 -0.73027 -0.68169
vn -0.84123 0.33134 0.42726
vn 0.87866 0.42104 0.22512
vn 0.86367 0.48099 0.15075
vn -0.02006 -0.82593 -0.56341
vn -0.85016 0.36295 0.38143
vn 0.86367 0.48099 0.15075
vn 0.84232 0.53692 0.04701
vn -0.00680 -0.86609 -0.49985
vn -0.87185 0.40931 0.26897
vn 0.84232 0.53692 0.04701
vn -0.00158 -0.88087 -0.47336
vn -0.03608 0.96125 0.27330
vn 0.14427 0.44378 -0.88445
vn 0.14103 0.43751 -0.88808
vn -0.91556 -0.34577 0.20540
vn -0.93532 -0.28174 0.21401
vn 0.56041 0.31626 0.76546
vn 0.56772 0.28964 0.77058
vn 0.14103 0.43751 -0.88808
vn 0.14427 0.44378 -0.88445
vn 0.13098 0.44172 -0.88754
vn -0.84001 -0.51450 0.17229
vn 0.60664 0.22689 0.76191
vn 0.13098 0.44172 -0.88754
vn 0.11237 0.46266 -0.87939
vn -0.73994 -0.66112 0.12412
vn 0.61093 0.21599 0.76165
vn 0.11237 0.46266 -0.87939
vn 0.03526 0.54086 -0.84038
vn -0.64963 -0.75604 0.07990
vn 0.59661 0.23007 0.76885
vn 0.03526 0.54086 -0.84038
vn -0.05605 0.60899 -0.79120
vn -0.59405 -0.80277 0.05155
vn 0.54485 0.26099 0.79688
vn -0.05605 0.60899 -0.79120
vn -0.55861 -0.82872 0.03428
vn 0.44354 0.89575 0.03012
vn -0.90531 0.39191 -0.16376
vn -0.91498 0.36610 -0.16965
vn 0.22392 -0.28808 0.93106
vn 0.23101 -0.22496 0.94659
vn 0.74768 0.31289 -0.58573
vn 0.75428 0.30686 -0.58044
vn -0.91498 0.36610 -0.16965
vn -0.90531 0.39191 -0.16376
vn -0.92118 0.34835 -0.17344
vn 0.19901 -0.45679 0.86703
vn 0.75387 0.26539 -0.60104
vn -0.92118 0.34835 -0.17344
vn -0.92265 0.34188 -0.17840
vn 0.16703 -0.60711 0.77686
vn 0.76201 0.28270 -0.58260
vn -0.92265 0.34188 -0.17840
vn -0.90543 0.40546 -0.12568
vn 0.13894 -0.70725 0.69317
vn 0.77234 0.31719 -0.55034
vn -0.90543 0.40546 -0.12568
vn -0.88292 0.46596 -0.05770
vn 0.12150 -0.75792 0.64094
vn 0.79568 0.36945 -0.47999
vn -0.88292 0.46596 -0.05770
vn 0.11087 -0.78622 0.60792
vn -0.07442 0.86611 -0.49428
vn -0.15718 0.37087 0.91529
vn -0.16250 0.34050 0.92610
vn 0.94437 -0.20405 -0.25792
vn 0.95432 -0.14138 -0.26321
vn -0.61775 0.31002 -0.72268
vn -0.61500 0.29965 -0.72937
vn -0.16250 0.34050 0.92610
vn -0.15718 0.37087 0.91529
vn -0.17134 0.30825 0.93575
vn 0.89603 -0.37507 -0.23760
vn -0.63798 0.24738 -0.72924
vn -0.17134 0.30825 0.93575
vn -0.18235 0.28904 0.93979
vn 0.82160 -0.52995 -0.21006
vn -0.62419 0.26195 -0.73605
vn -0.18235 0.28904 0.93979
vn -0.14337 0.34729 0.92673
vn 0.75597 -0.62723 -0.18731
vn -0.59592 0.29899 -0.74531
vn -0.14337 0.34729 0.92673
vn -0.08680 0.41041 0.90776
vn 0.71711 -0.67491 -0.17391
vn -0.52780 0.36355 -0.76763
vn -0.08680 0.41041 0.90776
vn 0.69666 -0.69769 -0.16701
vn -0.58352 0.80140 0.13138
vn 0.93219 0.32792 0.15326
vn 0.93996 0.30402 0.15507
vn -0.29369 -0.14261 -0.94520
vn -0.29729 -0.08551 -0.95095
vn -0.69417 0.27146 0.66666
vn -0.70003 0.25671 0.66638
vn 0.93996 0.30402 0.15507
vn 0.93219 0.32792 0.15326
vn 0.94746 0.27718 0.15965
vn -0.27732 -0.30230 -0.91198
vn -0.69878 0.19986 0.68685
vn 0.94746 0.27718 0.15965
vn 0.95016 0.26460 0.16490
vn -0.25229 -0.44956 -0.85688
vn -0.70334 0.20600 0.68036
vn 0.95016 0.26460 0.16490
vn 0.93611 0.32596 0.13211
vn -0.23075 -0.54307 -0.80736
vn -0.71104 0.23657 0.66216
vn 0.93611 0.32596 0.13211
vn 0.91497 0.39470 0.08394
vn -0.21793 -0.58941 -0.77788
vn -0.73251 0.29780 0.61216
vn 0.91497 0.39470 0.08394
vn -0.21165 -0.61116 -0.76269
vn 0.17303 0.71993 0.67214
vn 0.06442 0.31123 -0.94815
vn 0.06465 0.27966 -0.95792
vn -0.91555 -0.04601 0.39956
vn -0.91600 0.01336 0.40095
vn 0.74440 0.27880 0.60675
vn 0.74549 0.25970 0.61384
vn 0.06465 0.27966 -0.95792
vn 0.06442 0.31123 -0.94815
vn 0.07106 0.23380 -0.96969
vn -0.89644 -0.21517 0.38742
vn 0.76683 0.18974 0.61316
vn 0.07106 0.23380 -0.96969
vn 0.07981 0.20684 -0.97512
vn -0.85291 -0.37460 0.36363
vn 0.76218 0.19337 0.61782
vn 0.07981 0.20684 -0.97512
vn 0.05544 0.26501 -0.96265
vn -0.81418 -0.46818 0.34338
vn 0.74607 0.22713 0.62593
vn 0.05544 0.26501 -0.96265
vn 0.01497 0.33710 -0.94135
vn -0.79422 -0.50835 0.33285
vn 0.69817 0.30025 0.64993
vn 0.01497 0.33710 -0.94135
vn -0.78929 -0.51762 0.33029
vn 0.69974 0.65492 -0.28539
vn -0.96145 0.27363 -0.02735
vn -0.96820 0.24892 -0.02518
vn 0.45468 0.02735 0.89024
vn 0.45382 0.08052 0.88745
vn 0.55217 0.24064 -0.79825
vn 0.55880 0.21292 -0.80150
vn -0.96820 0.24892 -0.02518
vn -0.96145 0.27363 -0.02735
vn -0.97837 0.20501 -0.02775
vn 0.44833 -0.12868 0.88456
vn 0.55738 0.13178 -0.81973
vn -0.97837 0.20501 -0.02775
vn -0.98256 0.18323 -0.03178
vn 0.42904 -0.27733 0.85966
vn 0.55881 0.12025 -0.82053
vn -0.98256 0.18323 -0.03178
vn -0.97013 0.24213 -0.01483
vn 0.41234 -0.36015 0.83682
vn 0.56411 0.14292 -0.81324
vn -0.97013 0.24213 -0.01483
vn -0.94690 0.32116 0.01540
vn 0.40417 -0.39438 0.82529
vn 0.58575 0.20920 -0.78303
vn -0.94690 0.32116 0.01540
vn 0.40381 -0.39815 0.82366
vn -0.35608 0.54354 -0.76011
vn -0.03873 0.20968 0.97700
vn -0.03591 0.18694 0.98172
vn 0.88546 0.08470 -0.45693
vn 0.88096 0.13130 -0.45460
vn -0.81904 0.19550 -0.53940
vn -0.82045 0.17107 -0.54553
vn -0.03591 0.18694 0.98172
vn -0.03873 0.20968 0.97700
vn -0.03604 0.14655 0.98855
vn 0.88786 -0.05489 -0.45683
vn -0.83152 0.09728 -0.54691
vn -0.03604 0.14655 0.98855
vn -0.03810 0.12747 0.99111
vn 0.87475 -0.18880 -0.44628
vn -0.83201 0.08536 -0.54815
vn -0.03810 0.12747 0.99111
vn -0.02719 0.18204 0.98292
vn 0.86066 -0.26334 -0.43580
vn -0.82772 0.10441 -0.55134
vn -0.02719 0.18204 0.98292
vn -0.00681 0.25641 0.96654
vn 0.85355 -0.29304 -0.43079
vn -0.80763 0.16486 -0.56617
vn -0.00681 0.25641 0.96654
vn 0.85294 -0.29429 -0.43115
vn -0.80982 0.43186 0.39711
vn 0.98566 0.15537 0.06589
vn 0.99027 0.12465 0.06183
vn -0.43594 0.15608 -0.88634
vn -0.43223 0.19972 -0.87937
vn -0.54438 0.17059 0.82131
vn -0.55027 0.15405 0.82065
vn 0.99027 0.12465 0.06183
vn 0.98566 0.15537 0.06589
vn 0.99550 0.07305 0.06038
vn -0.44218 0.02283 -0.89664
vn -0.55574 0.09031 0.82644
vn 0.99550 0.07305 0.06038
vn 0.99722 0.03946 0.06314
vn -0.44087 -0.10748 -0.89111
vn -0.55814 0.09191 0.82464
vn 0.99722 0.03946 0.06314
vn 0.99501 0.08176 0.05723
vn -0.43695 -0.17949 -0.88140
vn -0.56009 0.12080 0.81958
vn 0.99501 0.08176 0.05723
vn 0.98852 0.14473 0.04329
vn -0.43486 -0.20536 -0.87677
vn -0.56799 0.19032 0.80073
vn 0.98852 0.14473 0.04329
vn -0.43508 -0.20158 -0.87754
vn 0.41955 0.34102 0.84124
vn -0.77871 -0.58739 -0.22043
vn -0.56140 -0.81214 -0.15891
vn -0.55289 -0.73758 -0.38767
vn -0.77871 -0.58739 -0.22043
vn -0.65351 -0.55757 -0.51190
vn -0.77871 -0.58739 -0.22043
vn -0.80431 -0.37757 -0.45883
vn -0.77871 -0.58739 -0.22043
vn -0.91696 -0.30301 -0.25956
vn -0.77871 -0.58739 -0.22043
vn -0.92547 -0.37757 -0.03081
vn -0.77871 -0.58739 -0.22043
vn -0.82485 -0.55757 0.09342
vn -0.77871 -0.58739 -0.22043
vn -0.67405 -0.73758 0.04036
vn -0.77871 -0.58739 -0.22043
vn -0.56140 -0.81214 -0.15891
vn -0.25500 -0.96424 -0.07218
vn -0.23810 -0.81616 -0.52648
vn -0.43792 -0.45867 -0.77320
vn -0.73741 -0.10118 -0.66782
vn -0.96114 0.04689 -0.27206
vn -0.97804 -0.10118 0.18223
vn -0.77821 -0.45867 0.42895
vn -0.47872 -0.81616 0.32357
vn -0.25500 -0.96424 -0.07218
vn 0.14385 -0.98876 0.04072
vn 0.16788 -0.77826 -0.60508
vn -0.11618 -0.27008 -0.95580
vn -0.54191 0.23811 -0.80600
vn -0.85994 0.44861 -0.24342
vn -0.88396 0.23811 0.40238
vn -0.59991 -0.27008 0.75310
vn -0.17417 -0.77826 0.60330
vn 0.14385 -0.98876 0.04072
vn 0.56518 -0.80930 0.15998
vn 0.59223 -0.57226 -0.56725
vn 0.27236 -0.00000 -0.96219
vn -0.20705 0.57226 -0.79350
vn -0.56518 0.80930 -0.15998
vn -0.59223 0.57226 0.56725
vn -0.27236 0.00000 0.96219
vn 0.20705 -0.57226 0.79350
vn 0.56518 -0.80930 0.15998
vn 0.85994 -0.44861 0.24342
vn 0.88396 -0.23811 -0.40238
vn 0.59991 0.27008 -0.75310
vn 0.17417 0.77826 -0.60330
vn -0.14385 0.98876 -0.04072
vn -0.16788 0.77826 0.60508
vn 0.11618 0.27008 0.95580
vn 0.54191 -0.23811 0.80600
vn 0.85994 -0.44861 0.24342
vn 0.96114 -0.04689 0.27206
vn 0.97804 0.10118 -0.18223
vn 0.77821 0.45867 -0.42895
vn 0.47872 0.81616 -0.32357
vn 0.25500 0.96424 0.07218
vn 0.23810 0.81616 0.52648
vn 0.43792 0.45867 0.77320
vn 0.73741 0.10118 0.66782
vn 0.96114 -0.04689 0.27206
vn 0.91696 0.30301 0.25956
vn 0.92547 0.37757 0.03081
vn 0.82485 0.55757 -0.09342
vn 0.67405 0.73758 -0.04036
vn 0.56140 0.81214 0.15891
vn 0.55289 0.73758 0.38767
vn 0.65351 0.55757 0.51190
vn 0.80431 0.37757 0.45883
vn 0.91696 0.30301 0.25956
vn 0.77871 0.58739 0.22043
vn 0.77871 0.58739 0.22043
vn 0.77871 0.58739 0.22043
vn 0.77871 0.58739 0.22043
vn 0.77871 0.58739 0.22043
vn 0.77871 0.58739 0.22043
vn 0.77871 0.58739 0.22043
vn 0.77871 0.58739 0.22043
vn 0.77871 0.58739 0.22043
vn -0.75279 -0.56830 0.33218
vn -0.55103 -0.79827 0.24315
vn -0.68873 -0.72247 0.06080
vn -0.75279 -0.56830 0.33218
vn -0.84156 -0.53945 0.02754
vn -0.75279 -0.56830 0.33218
vn -0.92002 -0.35644 0.16285
vn -0.75279 -0.56830 0.33218
vn -0.87812 -0.28063 0.38748
vn -0.75279 -0.56830 0.33218
vn -0.74043 -0.35644 0.56984
vn -0.75279 -0.56830 0.33218
vn -0.58759 -0.53945 0.60309
vn -0.75279 -0.56830 0.33218
vn -0.50914 -0.72247 0.46778
vn -0.75279 -0.56830 0.33218
vn -0.55103 -0.79827 0.24315
vn -0.26303 -0.95778 0.11607
vn -0.53649 -0.80723 -0.24609
vn -0.84002 -0.44377 -0.31214
vn -0.99582 -0.08031 -0.04340
vn -0.91263 0.07024 0.40271
vn -0.63917 -0.08031 0.76486
vn -0.33564 -0.44377 0.83091
vn -0.17984 -0.80723 0.56217
vn -0.26303 -0.95778 0.11607
vn 0.11559 -0.99199 -0.05100
vn -0.27314 -0.77797 -0.56582
vn -0.70463 -0.26130 -0.65971
vn -0.92611 0.25537 -0.27769
vn -0.80784 0.46939 0.35647
vn -0.41911 0.25537 0.87128
vn 0.01237 -0.26130 0.96518
vn 0.23385 -0.77797 0.58316
vn 0.11559 -0.99199 -0.05100
vn 0.51993 -0.82282 -0.22943
vn 0.08218 -0.58182 -0.80915
vn -0.40370 -0.00000 -0.91489
vn -0.65311 0.58182 -0.48470
vn -0.51993 0.82282 0.22943
vn -0.08218 0.58182 0.80915
vn 0.40370 0.00000 0.91489
vn 0.65311 -0.58182 0.48470
vn 0.51993 -0.82282 -0.22943
vn 0.80784 -0.46939 -0.35647
vn 0.41911 -0.25537 -0.87128
vn -0.01237 0.26130 -0.96518
vn -0.23385 0.77797 -0.58316
vn -0.11559 0.99199 0.05100
vn 0.27314 0.77797 0.56582
vn 0.70463 0.26130 0.65971
vn 0.92611 -0.25537 0.27769
vn 0.80784 -0.46939 -0.35647
vn 0.91263 -0.07024 -0.40271
vn 0.63917 0.08031 -0.76486
vn 0.33564 0.44377 -0.83091
vn 0.17984 0.80723 -0.56217
vn 0.26303 0.95778 -0.11607
vn 0.53649 0.80723 0.24609
vn 0.84002 0.44377 0.31214
vn 0.99582 0.08031 0.04340
vn 0.91263 -0.07024 -0.40271
vn 0.87812 0.28063 -0.38748
vn 0.74043 0.35644 -0.56984
vn 0.58759 0.53945 -0.60309
vn 0.50914 0.72247 -0.46778
vn 0.55103 0.79827 -0.24315
vn 0.68873 0.72247 -0.06080
vn 0.84156 0.53945 -0.02754
vn 0.92002 0.35644 -0.16285
vn 0.87812 0.28063 -0.38748
vn 0.75279 0.56830 -0.33218
vn 0.75279 0.56830 -0.33218
vn 0.75279 0.56830 -0.33218
vn 0.75279 0.56830 -0.33218
vn 0.75279 0.56830 -0.33218
vn 0.75279 0.56830 -0.33218
vn 0.75279 0.56830 -0.33218
vn 0.75279 0.56830 -0.33218
vn 0.75279 0.56830 -0.33218
vn 0.03884 -0.54989 0.83433
vn 0.02882 -0.78471 0.61920
vn -0.19100 -0.70776 0.68015
vn 0.03884 -0.54989 0.83433
vn -0.27735 -0.52198 0.80661
vn 0.03884 -0.54989 0.83433
vn -0.17963 -0.33621 0.92450
vn 0.03884 -0.54989 0.83433
vn 0.04491 -0.25926 0.96476
vn 0.03884 -0.54989 0.83433
vn 0.26473 -0.33621 0.90381
vn 0.03884 -0.54989 0.83433
vn 0.35108 -0.52198 0.77735
vn 0.03884 -0.54989 0.83433
vn 0.25336 -0.70776 0.65946
vn 0.03884 -0.54989 0.83433
vn 0.02882 -0.78471 0.61920
vn 0.01435 -0.95116 0.30836
vn -0.42222 -0.79834 0.42940
vn -0.59369 -0.42940 0.68055
vn -0.39963 -0.06045 0.91468
vn 0.04630 0.09237 0.99465
vn 0.48287 -0.06045 0.87360
vn 0.65435 -0.42940 0.62246
vn 0.46028 -0.79834 0.38832
vn 0.01435 -0.95116 0.30836
vn -0.00485 -0.99455 -0.10418
vn -0.62545 -0.77731 0.06789
vn -0.86921 -0.25284 0.42491
vn -0.59334 0.27163 0.75774
vn 0.04056 0.48887 0.87141
vn 0.66116 0.27163 0.69934
vn 0.90492 -0.25284 0.34233
vn 0.62905 -0.77731 0.00950
vn -0.00485 -0.99455 -0.10418
vn -0.02557 -0.83523 -0.54930
vn -0.72442 -0.59060 -0.35554
vn -0.99892 -0.00000 0.04650
vn -0.68826 0.59060 0.42129
vn 0.02557 0.83523 0.54930
vn 0.72442 0.59060 0.35554
vn 0.99892 0.00000 -0.04650
vn 0.68826 -0.59060 -0.42129
vn -0.02557 -0.83523 -0.54930
vn -0.04056 -0.48887 -0.87141
vn -0.66116 -0.27163 -0.69934
vn -0.90492 0.25284 -0.34233
vn -0.62905 0.77731 -0.00950
vn 0.00485 0.99455 0.10418
vn 0.62545 0.77731 -0.06789
vn 0.86921 0.25284 -0.42491
vn 0.59334 -0.27163 -0.75774
vn -0.04056 -0.48887 -0.87141
vn -0.04630 -0.09237 -0.99465
vn -0.48287 0.06045 -0.87360
vn -0.65435 0.42940 -0.62246
vn -0.46028 0.79834 -0.38832
vn -0.01435 0.95116 -0.30836
vn 0.42222 0.79834 -0.42940
vn 0.59369 0.42940 -0.68055
vn 0.39963 0.06045 -0.91468
vn -0.04630 -0.09237 -0.99465
vn -0.04491 0.25926 -0.96476
vn -0.26473 0.33621 -0.90381
vn -0.35108 0.52198 -0.77735
vn -0.25336 0.70776 -0.65946
vn -0.02882 0.78471 -0.61920
vn 0.19100 0.70776 -0.68015
vn 0.27735 0.52198 -0.80661
vn 0.17963 0.33621 -0.92450
vn -0.04491 0.25926 -0.96476
vn -0.03884 0.54989 -0.83433
vn -0.03884 0.54989 -0.83433
vn -0.03884 0.54989 -0.83433
vn -0.03884 0.54989 -0.83433
vn -0.03884 0.54989 -0.83433
vn -0.03884 0.54989 -0.83433
vn -0.03884 0.54989 -0.83433
vn -0.03884 0.54989 -0.83433
vn -0.03884 0.54989 -0.83433
vn 0.81953 -0.53223 0.21236
vn 0.61587 -0.77152 0.15959
vn 0.60754 -0.69352 0.38720
vn 0.81953 -0.53223 0.21236
vn 0.69903 -0.50522 0.50608
vn 0.81953 -0.53223 0.21236
vn 0.83673 -0.31692 0.44659
vn 0.81953 -0.53223 0.21236
vn 0.93999 -0.23892 0.24358
vn 0.81953 -0.53223 0.21236
vn 0.94832 -0.31692 0.01597
vn 0.81953 -0.53223 0.21236
vn 0.85683 -0.50522 -0.10291
vn 0.81953 -0.53223 0.21236
vn 0.71913 -0.69352 -0.04342
vn 0.81953 -0.53223 0.21236
vn 0.61587 -0.77152 0.15959
vn 0.31809 -0.94447 0.08243
vn 0.30156 -0.78957 0.53446
vn 0.48324 -0.41560 0.77055
vn 0.75673 -0.04164 0.65241
vn 0.96180 0.11326 0.24923
vn 0.97833 -0.04164 -0.20280
vn 0.79665 -0.41560 -0.43889
vn 0.52316 -0.78957 -0.32075
vn 0.31809 -0.94447 0.08243
vn -0.08071 -0.99652 -0.02092
vn -0.10422 -0.77632 0.62166
vn 0.15406 -0.24472 0.95728
vn 0.54282 0.28689 0.78933
vn 0.83434 0.50709 0.21620
vn 0.85785 0.28689 -0.42638
vn 0.59957 -0.24472 -0.76199
vn 0.21080 -0.77632 -0.59404
vn -0.08071 -0.99652 -0.02092
vn -0.51522 -0.84660 -0.13351
vn -0.54169 -0.59863 0.59009
vn -0.25084 -0.00000 0.96803
vn 0.18694 0.59863 0.77890
vn 0.51522 0.84660 0.13351
vn 0.54169 0.59863 -0.59009
vn 0.25084 0.00000 -0.96803
vn -0.18694 -0.59863 -0.77890
vn -0.51522 -0.84660 -0.13351
vn -0.83434 -0.50709 -0.21620
vn -0.85785 -0.28689 0.42638
vn -0.59957 0.24472 0.76199
vn -0.21081 0.77632 0.59404
vn 0.08071 0.99652 0.02092
vn 0.10422 0.77632 -0.62166
vn -0.15406 0.24472 -0.95728
vn -0.54282 -0.28689 -0.78933
vn -0.83434 -0.50709 -0.21620
vn -0.96180 -0.11326 -0.24923
vn -0.97833 0.04164 0.20280
vn -0.79665 0.41560 0.43889
vn -0.52316 0.78957 0.32075
vn -0.31809 0.94447 -0.08243
vn -0.30156 0.78957 -0.53446
vn -0.48324 0.41560 -0.77055
vn -0.75673 0.04164 -0.65241
vn -0.96180 -0.11326 -0.24923
vn -0.93999 0.23892 -0.24358
vn -0.94832 0.31692 -0.01597
vn -0.85683 0.50522 0.10291
vn -0.71913 0.69352 0.04342
vn -0.61587 0.77152 -0.15959
vn -0.60754 0.69352 -0.38720
vn -0.69903 0.50522 -0.50608
vn -0.83673 0.31692 -0.44659
vn -0.93999 0.23892 -0.24358
vn -0.81953 0.53223 -0.21236
vn -0.81953 0.53223 -0.21236
vn -0.81953 0.53223 -0.21236
vn -0.81953 0.53223 -0.21236
vn -0.81953 0.53223 -0.21236
vn -0.81953 0.53223 -0.21236
vn -0.81953 0.53223 -0.21236
vn -0.81953 0.53223 -0.21236
vn -0.81953 0.53223 -0.21236
vn -0.02711 -0.51537 -0.85654
vn -0.02060 -0.75877 -0.65103
vn 0.20021 -0.67982 -0.70552
vn -0.02711 -0.51537 -0.85654
vn 0.28866 -0.48921 -0.82301
vn -0.02711 -0.51537 -0.85654
vn 0.19295 -0.29861 -0.93467
vn -0.02711 -0.51537 -0.85654
vn -0.03086 -0.21966 -0.97509
vn -0.02711 -0.51537 -0.85654
vn -0.25166 -0.29861 -0.92060
vn -0.02711 -0.51537 -0.85654
vn -0.34012 -0.48921 -0.80311
vn -0.02711 -0.51537 -0.85654
vn -0.24441 -0.67982 -0.69145
vn -0.02711 -0.51537 -0.85654
vn -0.02060 -0.75877 -0.65103
vn -0.01098 -0.93778 -0.34705
vn 0.42754 -0.78098 -0.45527
vn 0.60322 -0.40244 -0.68860
vn 0.41314 -0.02390 -0.91035
vn -0.03135 0.13290 -0.99063
vn -0.46987 -0.02390 -0.88241
vn -0.64555 -0.40244 -0.64908
vn -0.45547 -0.78098 -0.42733
vn -0.01098 -0.93778 -0.34705
vn 0.00201 -0.99797 0.06361
vn 0.62539 -0.77508 -0.09023
vn 0.87512 -0.23696 -0.42192
vn 0.60492 0.30115 -0.73715
vn -0.02694 0.52404 -0.85127
vn -0.65031 0.30115 -0.69742
vn -0.90005 -0.23696 -0.36574
vn -0.62984 -0.77508 -0.05051
vn 0.00201 -0.99797 0.06361
vn 0.01630 -0.85697 0.51512
vn 0.71828 -0.60597 0.34188
vn 0.99950 -0.00000 -0.03163
vn 0.69523 0.60597 -0.38661
vn -0.01630 0.85697 -0.51512
vn -0.71828 0.60597 -0.34188
vn -0.99950 0.00000 0.03163
vn -0.69523 -0.60597 0.38661
vn 0.01630 -0.85697 0.51512
vn 0.02694 -0.52404 0.85127
vn 0.65031 -0.30115 0.69742
vn 0.90005 0.23696 0.36574
vn 0.62984 0.77508 0.05051
vn -0.00201 0.99797 -0.06361
vn -0.62539 0.77508 0.09023
vn -0.87512 0.23696 0.42192
vn -0.60492 -0.30115 0.73715
vn 0.02694 -0.52404 0.85127
vn 0.03135 -0.13290 0.99063
vn 0.46987 0.02390 0.88241
vn 0.64555 0.40244 0.64908
vn 0.45547 0.78098 0.42733
vn 0.01098 0.93778 0.34705
vn -0.42754 0.78098 0.45527
vn -0.60322 0.40244 0.68860
vn -0.41314 0.02390 0.91035
vn 0.03135 -0.13290 0.99063
vn 0.03086 0.21966 0.97509
vn 0.25166 0.29861 0.92060
vn 0.34012 0.48921 0.80311
vn 0.24441 0.67982 0.69145
vn 0.02060 0.75877 0.65103
vn -0.20021 0.67982 0.70552
vn -0.28866 0.48921 0.82301
vn -0.19295 0.29861 0.93467
vn 0.03086 0.21966 0.97509
vn 0.02711 0.51537 0.85654
vn 0.02711 0.51537 0.85654
vn 0.02711 0.51537 0.85654
vn 0.02711 0.51537 0.85654
vn 0.02711 0.51537 0.85654
vn 0.02711 0.51537 0.85654
vn 0.02711 0.51537 0.85654
vn 0.02711 0.51537 0.85654
vn 0.02711 0.51537 0.85654
vn -30.69994 11.70658 39.00602
vn -32.04694 14.33321 36.99395
vn -27.03839 34.24780 26.40101
vn -24.01486 35.46117 27.69099
vn -17.05845 47.86819 4.31795
vn -22.23457 45.50126 6.02157
vn -35.92259 34.76139 -10.11001
vn -33.48396 35.97861 -13.61481
vn -44.11174 13.97383 -21.44494
vn -44.24394 16.52779 -19.24332
vn -30.68607 14.79273 37.95444
vn -28.51726 33.52793 25.76128
vn -26.63671 42.82707 7.57152
vn -37.33146 33.80756 -8.02563
vn -44.55151 17.32327 -17.77825
vn -32.76234 16.08377 35.62219
vn -31.49981 31.30154 25.07939
vn -30.81541 39.57746 9.22142
vn -40.07779 31.15784 -4.89482
vn -45.58908 17.36929 -14.86414
vn -32.16253 16.81608 35.83002
vn -33.06821 29.42186 25.33470
vn -34.36346 36.12790 10.72039
vn -41.80454 29.07182 -2.86518
vn -46.28320 17.09598 -12.90709
vn -33.01314 17.41126 34.75601
vn -34.48315 27.75798 25.32600
vn -36.56250 33.56202 11.73771
vn -43.11661 27.20299 -1.39815
vn -46.83579 16.75740 -11.25159
vn -34.28880 14.40849 34.89517
vn -36.89757 24.09680 25.66931
vn -39.53219 29.36804 13.25607
vn -45.24989 23.51186 0.79962
vn -48.13758 14.50617 -8.56408
vn -34.61887 14.76178 34.41835
vn -38.31318 21.56764 25.84447
vn -41.94022 25.06733 14.61665
vn -46.72181 20.27909 2.61343
vn -48.78450 13.22572 -6.79355
vn -36.21983 11.58403 33.98432
vn -39.96370 17.20861 26.60387
vn -43.95328 20.35438 15.96271
vn -48.24382 15.92957 4.44772
vn -49.86246 9.74542 -4.44529
vn -36.45744 10.82317 33.98107
vn -40.91788 14.09248 26.98385
vn -45.43496 15.58166 17.14281
vn -49.18245 12.16115 5.84747
vn -50.29519 7.85775 -3.10632
vn -37.24281 6.66764 34.19817
vn -41.84553 9.34339 27.61616
vn -46.45030 10.49091 18.25678
vn -49.93375 7.30878 7.36222
vn -50.85417 3.63056 -1.29326
vn -37.89294 6.77630 33.45453
vn -42.11533 6.64084 27.98569
vn -46.94315 5.38749 19.19154
vn -50.20876 2.17042 8.68157
vn -50.99302 -0.73837 0.40832
vn 39.92187 11.26870 29.66918
vn 38.13036 13.56429 31.03362
vn 27.63271 33.40114 26.86628
vn 28.67582 34.74904 23.89981
vn 5.30462 47.67481 17.31973
vn 7.10662 45.32785 22.26839
vn -8.22174 34.28148 36.85353
vn -11.43352 34.84558 35.44093
vn -17.83886 13.53040 45.82252
vn -15.41073 16.20346 45.83619
vn 37.81798 15.08732 30.71112
vn 26.23568 33.16702 28.50680
vn 8.66557 42.77473 26.38618
vn -5.53345 33.32054 38.21154
vn -13.68252 17.03210 46.08357
vn 35.74850 16.14298 32.59522
vn 25.98297 30.77206 31.28842
vn 10.25549 39.69838 30.32926
vn -2.89694 31.29549 40.16466
vn -10.76375 17.23792 46.77602
vn 35.77429 16.36585 32.45548
vn 25.47466 29.35986 33.01575
vn 11.64821 36.49679 33.66457
vn -0.65853 29.34587 41.70595
vn -9.46909 17.79669 46.84670
vn 35.01964 16.55504 33.17461
vn 25.71424 27.56838 34.34766
vn 12.56701 34.11622 35.76525
vn 0.72312 27.71181 42.80809
vn -8.02835 17.67983 47.15897
vn 34.00214 14.81799 35.00402
vn 25.81181 24.25956 36.69092
vn 13.90128 30.22564 38.65442
vn 2.71718 24.42657 44.68735
vn -5.31177 15.52909 48.28698
vn 33.38971 14.57093 35.69054
vn 25.78998 21.79468 38.22131
vn 15.06169 26.28473 41.02753
vn 4.36412 21.51122 46.03500
vn -3.77319 14.47214 48.75777
vn 33.13384 11.44864 37.04155
vn 26.20972 17.83368 39.95010
vn 16.18546 21.95819 43.09140
vn 6.02928 17.56204 47.49971
vn -1.71726 11.47351 49.66296
vn 32.79433 10.26869 37.68403
vn 26.42007 14.78211 41.04228
vn 17.14767 17.62868 44.67870
vn 7.21547 14.16244 48.45990
vn -0.17691 9.35706 50.13396
vn 32.49990 6.67445 38.73252
vn 26.65706 10.54518 42.18056
vn 18.04897 12.99411 45.89539
vn 8.48855 9.81805 49.32089
vn 1.46870 5.61342 50.66885
vn 32.41411 6.16798 38.88805
vn 26.76273 7.89981 42.68897
vn 18.79085 8.39099 46.66363
vn 9.69803 5.20129 49.79854
vn 2.98799 1.76328 50.88185
vn 30.68018 13.17586 -38.55027
vn 31.93789 14.85725 -36.88133
vn 27.77452 33.36118 -26.76951
vn 25.03389 33.73968 -28.91258
vn 17.59697 47.61887 -4.87746
vn 22.45404 45.35067 -6.33503
vn 37.15126 33.83509 8.71604
vn 36.04482 34.05025 11.93108
vn 45.42789 13.79992 18.62440
vn 45.96975 15.95164 15.27506
vn 32.28072 17.28131 -35.50087
vn 29.49536 33.12747 -25.17129
vn 26.44423 42.94946 -7.55287
vn 38.28092 33.13485 6.13617
vn 45.58394 17.76336 14.40720
vn 33.88455 17.30152 -33.96312
vn 32.20550 31.06620 -24.46828
vn 30.30263 40.07507 -8.76011
vn 40.05339 31.35961 3.64693
vn 46.49876 17.76333 11.10536
vn 34.57203 18.23983 -32.75794
vn 34.03455 29.62102 -23.77487
vn 33.55402 37.13876 -9.78976
vn 41.30437 29.85225 1.94732
vn 46.57580 18.32587 9.79067
vn 35.20976 17.67059 -32.38862
vn 35.45206 28.25185 -23.36630
vn 35.62210 34.96896 -10.45166
vn 42.31515 28.45704 0.79031
vn 46.78365 18.40390 8.57822
vn 37.04737 16.17634 -31.09369
vn 37.80415 25.35980 -22.99405
vn 38.51010 31.43943 -11.38130
vn 44.15563 25.50030 -1.00747
vn 47.78521 16.70509 6.20596
vn 38.03299 15.60455 -30.18260
vn 39.44760 22.88226 -22.83175
vn 40.91702 27.90893 -12.16096
vn 45.43488 23.05563 -2.26036
vn 48.21600 15.88406 4.89021
vn 39.55000 12.93250 -29.48809
vn 41.33183 19.43466 -22.69301
vn 43.10938 24.02020 -12.86898
vn 46.93431 19.64781 -3.48334
vn 49.05742 13.52860 3.36846
vn 40.40186 11.45263 -28.94006
vn 42.66069 16.57220 -22.50393
vn 44.87811 20.15615 -13.44191
vn 47.98411 16.68334 -4.49334
vn 49.52217 11.96944 2.29924
vn 41.73257 8.41350 -28.08212
vn 43.97232 12.69133 -22.50255
vn 46.38428 15.98477 -13.92785
vn 49.05645 12.87130 -5.36607
vn 50.23742 8.73074 0.98798
vn 42.20564 7.44103 -27.64624
vn 44.71967 10.10729 -22.33817
vn 47.49975 11.85717 -14.28918
vn 49.83654 8.91622 -6.14980
vn 50.69940 5.52897 -0.03100
vn -35.99869 22.68360 -28.11669
vn -34.02216 24.33954 -29.17326
vn -22.25836 39.71856 -22.97827
vn -24.51396 39.66272 -20.66237
vn -2.83744 49.32993 -12.62957
vn -3.65601 48.01014 -16.81249
vn 10.09700 39.23034 -30.98436
vn 12.66912 39.73658 -29.35127
vn 19.24642 22.34361 -41.60935
vn 16.55125 23.55135 -42.09976
vn -32.45000 26.20927 -29.34401
vn -21.46482 39.01495 -24.86150
vn -4.35206 46.49118 -20.50927
vn 8.90740 38.89539 -31.76171
vn 16.25371 24.78821 -41.50133
vn -31.28064 25.76547 -30.96227
vn -20.22129 37.85994 -27.54495
vn -5.00096 44.58554 -24.25118
vn 6.87078 37.43289 -33.94953
vn 14.49974 25.24296 -41.87541
vn -30.16434 26.25320 -31.65252
vn -19.88625 36.42995 -29.63773
vn -5.55183 42.53373 -27.58728
vn 5.81552 36.39323 -35.25211
vn 13.94335 25.94407 -41.63518
vn -29.08020 26.37473 -32.55327
vn -19.37366 35.38828 -31.19825
vn -5.88791 40.97538 -29.78842
vn 5.16223 35.41056 -36.33791
vn 12.85729 25.92248 -41.99661
vn -27.58200 25.32118 -34.62760
vn -18.67324 33.25604 -33.85772
vn -6.33468 38.36979 -32.99440
vn 3.95534 33.14624 -38.55751
vn 11.33105 24.79043 -43.10500
vn -26.93682 24.51256 -35.70072
vn -18.32668 31.25672 -35.89080
vn -6.70014 35.66130 -35.83824
vn 3.18395 31.37378 -40.08177
vn 10.73588 24.61727 -43.35586
vn -25.87972 22.53631 -37.72737
vn -17.93344 28.50975 -38.29602
vn -7.00616 32.59714 -38.59196
vn 2.57486 28.68848 -42.08730
vn 9.32930 22.50060 -44.80722
vn -24.98245 21.37715 -38.98582
vn -17.38450 26.18087 -40.16641
vn -7.24436 29.44994 -41.00268
vn 2.03523 26.42466 -43.57287
vn 8.72185 21.61492 -45.36214
vn -24.43978 18.54706 -40.73945
vn -17.04783 22.97806 -42.21824
vn -7.42631 25.98066 -43.25338
vn 1.46501 23.18740 -45.40042
vn 7.81906 18.90401 -46.71724
vn -23.85600 17.81679 -41.40594
vn -16.80013 20.72305 -43.46620
vn -7.54927 22.45327 -45.16479
vn 1.05809 19.76267 -47.00337
vn 7.36615 16.22454 -47.78603
vn -24.31579 18.59156 40.79333
vn -25.21504 21.90362 38.54132
vn -20.64103 37.45591 27.78493
vn -18.64051 37.13987 29.56622
vn -12.94488 48.96389 5.99722
vn -16.70032 47.50387 8.09209
vn -33.51275 38.28432 -3.49372
vn -32.88775 38.28035 -7.34916
vn -44.59888 21.72547 -11.82974
vn -43.83238 24.38127 -9.23446
vn -25.12711 22.83971 38.05227
vn -22.02187 37.01583 27.31054
vn -19.86082 45.91479 9.91865
vn -33.93263 38.06072 -0.97832
vn -43.65574 25.44764 -6.89883
vn -26.41071 23.98223 36.44621
vn -24.19390 35.92532 26.92630
vn -22.99395 43.96033 11.82228
vn -35.02620 37.02550 1.81026
vn -43.58978 26.16440 -4.04410
vn -26.67753 24.03576 36.21589
vn -25.69555 35.02344 26.72259
vn -25.70118 41.92883 13.50638
vn -35.93494 35.97440 3.93982
vn -43.40204 26.67831 -2.35162
vn -27.25234 24.29741 35.60822
vn -26.87616 34.12888 26.71874
vn -27.46818 40.40236 14.63380
vn -36.71345 34.96702 5.51631
vn -43.50766 26.60120 -0.67788
vn -28.80754 23.59814 34.84614
vn -28.93868 32.01601 27.17586
vn -30.01964 37.87152 16.29627
vn -38.13693 32.96037 7.75809
vn -44.05584 25.62405 1.86817
vn -29.44456 23.12621 34.62941
vn -30.41751 30.35311 27.46750
vn -32.23854 35.29681 17.77107
vn -39.25937 31.13642 9.49870
vn -44.27992 25.07786 3.37491
vn -30.92176 21.37472 34.46688
vn -32.27100 27.84883 28.00045
vn -34.38358 32.38496 19.23495
vn -40.66703 28.56330 11.45992
vn -45.03326 23.28779 5.53935
vn -31.81284 20.65251 34.09423
vn -33.58854 25.68016 28.51909
vn -36.23156 29.44236 20.52855
vn -41.76352 26.23403 12.98398
vn -45.53505 21.82273 7.16428
vn -33.16267 18.26798 34.16896
vn -35.13220 22.73530 29.15191
vn -37.95070 26.19454 21.78510
vn -42.98162 23.25920 14.58045
vn -46.29933 19.42690 8.94242
vn -33.55550 17.64854 34.11095
vn -36.03412 20.78606 29.50393
vn -39.38659 22.93679 22.88229
vn -44.08352 20.01114 16.03735
vn -47.02630 16.55876 10.73935
vn 38.65564 23.21571 23.82797
vn 35.92731 26.28470 24.88659
vn 25.10904 39.50662 20.24259
vn 26.96349 39.34908 18.04493
vn 4.20085 49.41286 11.90469
vn 5.37857 48.25816 15.59554
vn -6.29599 39.16163 32.05818
vn -8.70801 38.78100 31.95628
vn -12.69098 22.27370 44.08878
vn -10.73048 24.86897 43.21332
vn 34.86652 27.25897 25.34312
vn 23.53304 39.61542 21.85895
vn 6.36990 46.99661 18.75480
vn -4.20229 39.05496 32.52768
vn -9.87169 26.42009 42.49151
vn 32.88611 28.25791 26.85133
vn 22.75644 38.67303 24.23924
vn 7.36449 45.42773 21.97921
vn -2.27411 38.29709 33.60299
vn -7.93653 27.43323 42.25434
vn 31.56731 28.92113 27.71413
vn 21.98629 37.93427 26.04983
vn 8.23269 43.79193 24.80905
vn -0.96781 37.58643 34.45756
vn -6.62252 27.96296 42.13329
vn 30.53920 29.21591 28.54448
vn 21.48647 37.26841 27.39338
vn 8.80965 42.55448 26.69280
vn 0.07434 36.83208 35.27594
vn -5.64950 28.21973 42.10380
vn 29.49297 28.48212 30.33041
vn 21.19520 35.62961 29.70344
vn 9.66058 40.48822 29.46824
vn 1.53762 35.21641 36.85701
vn -4.01584 27.70213 42.63173
vn 28.66304 28.07670 31.48220
vn 20.94187 34.18206 31.52815
vn 10.41604 38.38019 31.92909
vn 2.50006 33.85993 38.05594
vn -2.78828 27.27189 43.00546
vn 27.78437 26.79966 33.32877
vn 20.70833 32.20585 33.68898
vn 11.17180 35.97342 34.38173
vn 3.67682 31.80495 39.69793
vn -1.36432 25.94440 43.88652
vn 27.38262 25.64788 34.54530
vn 20.62579 30.33304 35.43280
vn 11.84012 33.53309 36.55602
vn 4.63203 29.96898 41.00492
vn -0.39759 25.01996 44.43921
vn 26.85201 23.70740 36.30328
vn 20.69193 27.85658 37.37452
vn 12.48245 30.81407 38.67404
vn 5.54343 27.54531 42.56203
vn 0.55338 23.21689 45.40561
vn 26.49483 22.86064 37.10006
vn 20.60209 26.05495 38.70004
vn 13.03657 28.07844 40.52961
vn 6.40378 24.92469 44.03125
vn 1.93231 20.91854 46.47236
vn 21.13320 27.90398 -37.09118
vn 21.95876 29.88187 -35.01266
vn 17.25226 41.56043 -24.00187
vn 15.37076 41.29612 -25.67820
vn 9.57394 49.96888 -3.52851
vn 12.72802 49.17733 -4.53737
vn 29.56503 41.16402 5.69488
vn 29.70490 40.71301 7.81471
vn 41.84818 26.40065 12.35861
vn 41.12201 28.50412 9.87395
vn 22.38207 31.64058 -33.14990
vn 18.70747 41.73886 -22.55875
vn 15.49055 48.29039 -5.39259
vn 29.60171 41.30690 4.29857
vn 40.29000 29.90715 9.12569
vn 23.71814 32.11399 -31.73548
vn 20.78919 41.36793 -21.38932
vn 18.39693 47.15460 -6.24466
vn 30.40834 40.85384 2.70122
vn 39.77589 30.98831 7.65521
vn 24.54964 32.75980 -30.41562
vn 22.49723 40.89644 -20.55128
vn 21.00868 45.94275 -6.99278
vn 31.16627 40.34397 1.42379
vn 39.51567 31.56193 6.58449
vn 25.32599 33.18180 -29.30123
vn 23.79724 40.33026 -20.20299
vn 22.79156 45.00528 -7.48796
vn 31.84079 39.83427 0.62810
vn 39.39685 31.86957 5.76352
vn 27.07449 32.72038 -28.23736
vn 26.04241 39.15276 -19.74471
vn 25.47763 43.40923 -8.21760
vn 33.28864 38.63361 -0.55690
vn 39.69999 31.68053 4.61022
vn 28.29997 32.40469 -27.38698
vn 27.90318 38.04940 -19.35600
vn 27.91212 41.75269 -8.86712
vn 34.50835 37.51864 -1.58911
vn 39.91885 31.51752 3.75903
vn 30.19423 31.59784 -26.28468
vn 30.10414 36.38332 -19.26122
vn 30.39415 39.83283 -9.51532
vn 36.15160 35.87880 -2.60254
vn 40.83342 30.46089 2.40126
vn 31.58347 30.76265 -25.63482
vn 31.94250 34.86984 -19.09896
vn 32.63840 37.86607 -10.09431
vn 37.49019 34.40614 -3.42091
vn 41.35277 29.80069 1.69338
vn 33.42112 29.17185 -25.16013
vn 33.99532 32.88841 -19.07014
vn 34.87237 35.65356 -10.66493
vn 39.11584 32.46200 -4.14347
vn 42.41528 28.30893 0.74019
vn 34.32705 28.57130 -24.62385
vn 35.42258 31.48017 -18.84780
vn 36.87784 33.40963 -11.17235
vn 40.75928 30.22386 -5.11850
vn 43.68270 26.31094 -0.74553
vn -37.54586 29.08385 -18.58595
vn -35.57867 31.13086 -19.13184
vn -23.87518 42.63895 -14.59092
vn -26.06592 41.79058 -13.23309
vn -3.55966 50.24731 -7.97094
vn -4.70396 49.65529 -10.64067
vn 4.63210 42.37695 -27.99531
vn 7.25262 41.73678 -28.39789
vn 10.18000 28.48234 -41.06244
vn 8.55857 31.04923 -39.54359
vn -33.95778 32.75463 -19.36499
vn -22.86872 42.74948 -15.82731
vn -5.69986 48.98765 -12.98928
vn 3.07967 42.68861 -27.73442
vn 7.65650 32.60770 -38.45926
vn -32.06630 34.02163 -20.37842
vn -21.85611 42.59641 -17.57432
vn -6.74900 48.11570 -15.50258
vn 1.40265 42.51562 -28.13281
vn 5.69068 33.69362 -37.85968
vn -30.76342 34.82676 -21.01685
vn -21.10655 42.36049 -19.00270
vn -7.68965 47.17975 -17.77472
vn -0.02862 42.19750 -28.64210
vn 4.63892 34.41771 -37.34837
vn -30.05430 35.06865 -21.63164
vn -20.85975 41.96811 -20.11339
vn -8.33323 46.44775 -19.34330
vn -0.96095 41.84531 -29.13839
vn 3.87185 34.84968 -37.03387
vn -28.98112 35.01864 -23.12552
vn -20.62240 41.08421 -22.08628
vn -9.30893 45.18954 -21.73130
vn -2.26383 40.99361 -30.25556
vn 2.06828 34.69797 -37.31987
vn -28.13663 34.99174 -24.18487
vn -20.33941 40.30736 -23.71971
vn -10.19662 43.87871 -23.90998
vn -3.40921 40.14310 -31.27153
vn 1.01368 34.61511 -37.44017
vn -27.67426 34.17765 -25.82678
vn -20.37814 39.05679 -25.69626
vn -11.11544 42.34739 -26.15616
vn -4.72668 38.85967 -32.68920
vn -0.48080 33.89715 -38.10186
vn -27.18594 33.62017 -27.04826
vn -20.48950 37.84907 -27.36106
vn -11.95505 40.77583 -28.20298
vn -5.72209 37.69025 -33.87776
vn -1.26944 33.43167 -38.49301
vn -26.89088 32.45121 -28.71931
vn -20.65267 36.31469 -29.25253
vn -12.81260 38.99572 -30.26831
vn -6.80022 36.13859 -35.33779
vn -2.82879 32.15545 -39.48449
vn -26.34661 32.16508 -29.53410
vn -20.70936 35.18021 -30.56919
vn -13.59680 37.18798 -32.14313
vn -8.13185 34.28679 -36.86853
vn -4.05409 30.75562 -40.48031
vn -12.54048 32.73156 37.04566
vn -13.04409 35.18656 34.53632
vn -9.79854 44.36306 23.17125
vn -8.50574 43.64729 24.97130
vn -5.60575 50.60064 3.02501
vn -7.74912 50.24009 4.10906
vn -25.40365 44.12776 -2.89735
vn -26.25106 43.49554 -4.47427
vn -39.24107 31.94812 -6.36046
vn -37.56070 34.10175 -5.22150
vn -13.42405 36.07943 33.45250
vn -10.92162 44.74134 21.90731
vn -9.70453 49.80923 5.08553
vn -24.95445 44.44362 -1.74343
vn -36.34116 35.45996 -4.78651
vn -14.47061 37.22483 31.71613
vn -12.56112 44.74896 20.99401
vn -11.85233 49.22338 6.13029
vn -25.17448 44.35342 -0.13757
vn -35.50382 36.47200 -3.20485
vn -15.24547 38.06676 30.32320
vn -13.99327 44.54051 20.52634
vn -13.82744 48.57681 7.07777
vn -25.43833 44.19198 0.97999
vn -34.87196 37.14040 -2.35298
vn -15.90173 38.33263 29.64363
vn -15.03812 44.34275 20.21325
vn -15.20191 48.06525 7.72229
vn -25.74913 43.99013 1.68828
vn -34.35783 37.63492 -2.03757
vn -17.38197 38.43134 28.66879
vn -16.88170 43.79898 19.94134
vn -17.31582 47.17567 8.69585
vn -26.68128 43.35455 3.08089
vn -34.30533 37.73068 -0.73463
vn -18.53578 38.64034 27.64685
vn -18.48342 43.15188 19.93184
vn -19.27058 46.23592 9.58564
vn -27.47005 42.77684 4.06672
vn -34.29527 37.74625 0.23401
vn -20.17262 38.25622 27.02825
vn -20.36548 42.27892 19.96846
vn -21.32881 45.12022 10.49987
vn -28.65540 41.86346 5.22672
vn -34.67650 37.37375 1.32024
vn -21.46082 37.81116 26.65988
vn -22.00499 41.40157 20.06714
vn -23.24181 43.95720 11.33941
vn -29.64497 41.06473 5.98860
vn -34.94137 37.09510 2.01342
vn -23.17795 37.08655 26.23680
vn -23.88103 40.31601 20.13243
vn -25.22922 42.61108 12.19761
vn -31.01601 39.84383 7.17465
vn -35.81049 36.13382 3.59931
vn -24.04865 36.83008 25.81100
vn -25.20192 39.37043 20.39196
vn -27.07494 41.22188 12.98859
vn -32.41704 38.52342 8.12905
vn -36.73889 35.03176 4.90192
vn 37.11300 33.86790 8.75156
vn 34.84649 36.14508 8.95850
vn 22.93657 45.11086 6.31858
vn 24.26482 44.53228 5.39390
vn 2.76567 50.78684 3.74801
vn 3.90169 50.57762 5.26125
vn -1.69229 45.38185 23.20826
vn -3.19191 44.57771 24.56907
vn -4.60648 34.53047 37.24817
vn -3.64521 36.76929 35.15297
vn 33.20996 37.63274 9.04847
vn 21.76114 45.57855 7.07445
vn 4.95493 50.31901 6.66674
vn -0.58934 45.84660 22.33252
vn -2.63731 38.13977 33.75503
vn 31.52270 38.89523 9.72008
vn 20.91908 45.77174 8.26677
vn 6.15104 49.94767 8.27008
vn 1.02968 45.97507 22.05066
vn -1.35195 39.31048 32.46317
vn 30.60083 39.50973 10.17692
vn 20.57584 45.72925 9.29893
vn 7.26821 49.52502 9.76960
vn 2.28129 45.97623 21.95408
vn -0.54955 40.09735 31.51032
vn 29.83294 39.98598 10.58853
vn 20.40579 45.64100 10.07485
vn 8.06386 49.17937 10.83343
vn 2.98721 45.92223 21.98236
vn 0.43094 40.50296 30.98910
vn 28.91502 40.35128 11.69166
vn 20.27125 45.36242 11.50333
vn 9.30906 48.56392 12.48545
vn 4.45390 45.57695 22.44780
vn 1.84226 40.78593 30.56328
vn 28.53985 40.37714 12.49651
vn 20.36609 44.99162 12.72700
vn 10.47232 47.90372 14.02014
vn 5.76966 45.18195 22.94126
vn 3.00986 40.91264 30.30009
vn 28.15353 40.24316 13.74287
vn 20.76502 44.36403 14.20025
vn 11.71458 47.11060 15.63201
vn 7.13909 44.59574 23.69077
vn 4.15544 40.83595 30.26809
vn 27.94521 40.06009 14.67153
vn 21.05300 43.80507 15.45596
vn 12.87815 46.28025 17.12573
vn 8.32407 44.00854 24.39176
vn 5.63020 40.54845 30.41585
vn 27.64845 39.75675 15.99888
vn 21.54466 43.02020 16.91418
vn 14.10708 45.31326 18.67347
vn 9.91402 43.13842 25.33354
vn 6.83513 40.12714 30.72610
vn 27.76264 39.46663 16.51122
vn 22.11011 42.32656 17.90543
vn 15.26160 44.31040 20.11645
vn 11.41206 42.15547 26.33782
vn 8.67833 39.32550 31.29202
vn 7.14156 35.54643 -35.86710
vn 7.17991 37.49181 -33.82029
vn 4.66729 45.84904 -21.84220
vn 4.11777 44.83440 -23.95664
vn 2.46306 50.90693 -1.84857
vn 3.63189 50.79561 -2.75947
vn 21.71574 46.05648 2.86822
vn 23.51794 45.06287 4.15262
vn 36.07375 35.65342 5.34027
vn 33.61069 38.07959 4.61144
vn 7.14415 39.06148 -32.00253
vn 5.19627 46.45827 -20.38693
vn 4.73598 50.65008 -3.62485
vn 20.56205 46.64329 1.61423
vn 31.87895 39.64203 3.63885
vn 7.57183 40.49733 -30.06049
vn 6.13512 46.70782 -19.53814
vn 6.03564 50.42768 -4.64967
vn 19.90333 46.95510 0.27456
vn 30.29650 40.95420 2.42387
vn 7.90711 41.23631 -28.94899
vn 6.94700 46.85455 -18.90477
vn 7.25950 50.16738 -5.61547
vn 19.51650 47.11135 -0.79140
vn 29.05208 41.87555 1.84794
vn 8.19188 41.74745 -28.12548
vn 7.55769 46.90358 -18.54549
vn 8.14455 49.94762 -6.31674
vn 19.42374 47.12581 -1.69579
vn 28.30228 42.40945 1.19111
vn 9.06497 42.36130 -26.91367
vn 8.76861 46.70171 -18.52191
vn 9.54976 49.54349 -7.43266
vn 19.61616 46.97982 -3.01693
vn 27.68038 42.83388 -0.23416
vn 9.75419 42.64078 -26.22248
vn 9.81439 46.50675 -18.48781
vn 10.87128 49.10068 -8.48164
vn 19.88868 46.77492 -4.18887
vn 27.19969 43.12582 -1.15755
vn 10.84389 42.61242 -25.83779
vn 11.11663 46.11481 -18.73085
vn 12.30426 48.55054 -9.61504
vn 20.41869 46.42735 -5.34591
vn 27.03042 43.18305 -2.36231
vn 11.73157 42.63745 -25.40508
vn 12.26382 45.77713 -18.84285
vn 13.65122 47.96510 -10.67673
vn 20.99623 46.00256 -6.62735
vn 27.07671 43.04544 -3.86544
vn 12.93970 42.43141 -25.16227
vn 13.61210 45.15506 -19.40955
vn 15.07831 47.27203 -11.78984
vn 21.75505 45.46659 -7.77855
vn 27.30879 42.75325 -5.23347
vn 13.52356 42.13350 -25.35510
vn 14.59224 44.76239 -19.60598
vn 16.41876 46.54935 -12.82895
vn 22.64363 44.76170 -9.20087
vn 27.67974 42.31717 -6.63996
vn -34.18258 37.32969 -6.24863
vn -31.31943 39.78530 -6.10104
vn -19.73549 46.88577 -3.63798
vn -22.18357 45.80752 -3.24962
vn -0.41249 50.98246 -1.27203
vn -0.82488 50.94228 -2.28096
vn 5.03779 46.52632 -20.27121
vn 5.83859 45.53244 -22.21953
vn 7.72286 36.60380 -34.66293
vn 6.87003 38.92116 -32.23268
vn -29.04891 41.47908 -6.05365
vn -17.87131 47.59080 -4.09038
vn -1.25044 50.87905 -3.27996
vn 4.15538 47.13232 -19.03357
vn 6.44577 40.44417 -30.39278
vn -27.08424 42.72570 -6.47745
vn -16.61486 47.96274 -4.95192
vn -1.80093 50.76868 -4.50532
vn 3.21235 47.49672 -18.29596
vn 5.77733 41.78143 -28.66940
vn -25.44020 43.66808 -6.84802
vn -15.63580 48.20231 -5.74967
vn -2.33289 50.63069 -5.66486
vn 2.61985 47.71491 -17.81638
vn 4.94001 42.66052 -27.50774
vn -24.25592 44.29323 -7.12457
vn -14.91871 48.35860 -6.31481
vn -2.72913 50.50957 -6.50649
vn 2.10918 47.80238 -17.64889
vn 4.54724 43.21602 -26.69640
vn -23.12542 44.75019 -7.97719
vn -14.35510 48.36911 -7.44040
vn -3.37688 50.28000 -7.84334
vn 1.14891 47.78617 -17.78093
vn 3.59761 43.74975 -25.96182
vn -22.09586 45.13617 -8.68900
vn -14.01555 48.29904 -8.47151
vn -3.99725 50.02144 -9.10368
vn 0.44141 47.72704 -17.97038
vn 3.22849 44.13268 -25.35514
vn -21.29223 45.31091 -9.72428
vn -13.76517 48.13804 -9.70819
vn -4.69108 49.68914 -10.48727
vn -0.37784 47.54258 -18.45428
vn 2.00539 44.28172 -25.22116
vn -20.38053 45.53160 -10.60693
vn -13.59758 47.94349 -10.84103
vn -5.35163 49.32713 -11.79808
vn -1.36440 47.30811 -19.00211
vn 1.51019 44.39920 -25.04854
vn -20.14698 45.34250 -11.79646
vn -13.84730 47.54917 -12.17902
vn -6.06708 48.88427 -13.21053
vn -2.26553 46.96321 -19.75661
vn 0.39519 44.29460 -25.27512
vn -19.57231 45.42365 -12.43447
vn -13.90261 47.26714 -13.17324
vn -6.74393 48.41359 -14.54799
vn -3.13759 46.54657 -20.60515
vn -0.53112 44.10348 -25.60471
# Uv
vt 0.05000 0.17347
vt 0.02500 0.00000
vt 0.00000 0.17347
vt 0.00000 0.00000
vt 0.05000 0.00000
vt 0.10000 0.17347
vt 0.07500 0.00000
vt 0.10000 0.00000
vt 0.15000 0.17347
vt 0.12500 0.00000
vt 0.15000 0.00000
vt 0.20000 0.17347
vt 0.17500 0.00000
vt 0.20000 0.00000
vt 0.25000 0.17347
vt 0.22500 0.00000
vt 0.25000 0.00000
vt 0.30000 0.17347
vt 0.27500 0.00000
vt 0.30000 0.00000
vt 0.35000 0.17347
vt 0.32500 0.00000
vt 0.35000 0.00000
vt 0.40000 0.17347
vt 0.37500 0.00000
vt 0.40000 0.00000
vt 0.45000 0.17347
vt 0.42500 0.00000
vt 0.45000 0.00000
vt 0.50000 0.17347
vt 0.47500 0.00000
vt 0.50000 0.00000
vt 0.55000 0.17347
vt 0.52500 0.00000
vt 0.55000 0.00000
vt 0.60000 0.17347
vt 0.57500 0.00000
vt 0.60000 0.00000
vt 0.65000 0.17347
vt 0.62500 0.00000
vt 0.65000 0.00000
vt 0.70000 0.17347
vt 0.67500 0.00000
vt 0.70000 0.00000
vt 0.75000 0.17347
vt 0.72500 0.00000
vt 0.75000 0.00000
vt 0.80000 0.17347
vt 0.77500 0.00000
vt 0.80000 0.00000
vt 0.85000 0.17347
vt 0.82500 0.00000
vt 0.85000 0.00000
vt 0.90000 0.17347
vt 0.87500 0.00000
vt 0.90000 0.00000
vt 0.95000 0.17347
vt 0.92500 0.00000
vt 0.95000 0.00000
vt 1.00000 0.17347
vt 0.97500 0.00000
vt 1.00000 0.00000
vt 0.00000 0.21596
vt 0.05000 0.21596
vt 0.10000 0.21596
vt 0.15000 0.21596
vt 0.20000 0.21596
vt 0.25000 0.21596
vt 0.30000 0.21596
vt 0.35000 0.21596
vt 0.40000 0.21596
vt 0.45000 0.21596
vt 0.50000 0.21596
vt 0.55000 0.21596
vt 0.60000 0.21596
vt 0.65000 0.21596
vt 0.70000 0.21596
vt 0.75000 0.21596
vt 0.80000 0.21596
vt 0.85000 0.21596
vt 0.90000 0.21596
vt 0.95000 0.21596
vt 1.00000 0.21596
vt 0.00000 0.40001
vt 0.05000 0.40001
vt 0.10000 0.40001
vt 0.15000 0.40001
vt 0.20000 0.40001
vt 0.25000 0.40001
vt 0.30000 0.40001
vt 0.35000 0.40001
vt 0.40000 0.40001
vt 0.45000 0.40001
vt 0.50000 0.40001
vt 0.55000 0.40001
vt 0.60000 0.40001
vt 0.65000 0.40001
vt 0.70000 0.40001
vt 0.75000 0.40001
vt 0.80000 0.40001
vt 0.85000 0.40001
vt 0.90000 0.40001
vt 0.95000 0.40001
vt 1.00000 0.40001
vt 0.00000 0.44813
vt 0.05000 0.44813
vt 0.10000 0.44813
vt 0.15000 0.44813
vt 0.20000 0.44813
vt 0.25000 0.44813
vt 0.30000 0.44813
vt 0.35000 0.44813
vt 0.40000 0.44813
vt 0.45000 0.44813
vt 0.50000 0.44813
vt 0.55000 0.44813
vt 0.60000 0.44813
vt 0.65000 0.44813
vt 0.70000 0.44813
vt 0.75000 0.44813
vt 0.80000 0.44813
vt 0.85000 0.44813
vt 0.90000 0.44813
vt 0.95000 0.44813
vt 1.00000 0.44813
vt 0.00000 0.69155
vt 0.05000 0.69155
vt 0.10000 0.69155
vt 0.15000 0.69155
vt 0.20000 0.69155
vt 0.25000 0.69155
vt 0.30000 0.69155
vt 0.35000 0.69155
vt 0.40000 0.69155
vt 0.45000 0.69155
vt 0.50000 0.69155
vt 0.55000 0.69155
vt 0.60000 0.69155
vt 0.65000 0.69155
vt 0.70000 0.69155
vt 0.75000 0.69155
vt 0.80000 0.69155
vt 0.85000 0.69155
vt 0.90000 0.69155
vt 0.95000 0.69155
vt 1.00000 0.69155
vt 0.00000 0.72916
vt 0.05000 0.72916
vt 0.10000 0.72916
vt 0.15000 0.72916
vt 0.20000 0.72916
vt 0.25000 0.72916
vt 0.30000 0.72916
vt 0.35000 0.72916
vt 0.40000 0.72916
vt 0.45000 0.72916
vt 0.50000 0.72916
vt 0.55000 0.72916
vt 0.60000 0.72916
vt 0.65000 0.72916
vt 0.70000 0.72916
vt 0.75000 0.72916
vt 0.80000 0.72916
vt 0.85000 0.72916
vt 0.90000 0.72916
vt 0.95000 0.72916
vt 1.00000 0.72916
vt 0.00000 0.91851
vt 0.05000 0.91851
vt 0.10000 0.91851
vt 0.15000 0.91851
vt 0.20000 0.91851
vt 0.25000 0.91851
vt 0.30000 0.91851
vt 0.35000 0.91851
vt 0.40000 0.91851
vt 0.45000 0.91851
vt 0.50000 0.91851
vt 0.55000 0.91851
vt 0.60000 0.91851
vt 0.65000 0.91851
vt 0.70000 0.91851
vt 0.75000 0.91851
vt 0.80000 0.91851
vt 0.85000 0.91851
vt 0.90000 0.91851
vt 0.95000 0.91851
vt 1.00000 0.91851
vt 0.00000 0.96992
vt 0.05000 0.96992
vt 0.10000 0.96992
vt 0.15000 0.96992
vt 0.20000 0.96992
vt 0.25000 0.96992
vt 0.30000 0.96992
vt 0.35000 0.96992
vt 0.40000 0.96992
vt 0.45000 0.96992
vt 0.50000 0.96992
vt 0.55000 0.96992
vt 0.60000 0.96992
vt 0.65000 0.96992
vt 0.70000 0.96992
vt 0.75000 0.96992
vt 0.80000 0.96992
vt 0.85000 0.96992
vt 0.90000 0.96992
vt 0.95000 0.96992
vt 1.00000 0.96992
vt 0.00000 1.11984
vt 0.05000 1.11984
vt 0.10000 1.11984
vt 0.15000 1.11984
vt 0.20000 1.11984
vt 0.25000 1.11984
vt 0.30000 1.11984
vt 0.35000 1.11984
vt 0.40000 1.11984
vt 0.45000 1.11984
vt 0.50000 1.11984
vt 0.55000 1.11984
vt 0.60000 1.11984
vt 0.65000 1.11984
vt 0.70000 1.11984
vt 0.75000 1.11984
vt 0.80000 1.11984
vt 0.85000 1.11984
vt 0.90000 1.11984
vt 0.95000 1.11984
vt 1.00000 1.11984
vt 0.00000 1.16616
vt 0.05000 1.16616
vt 0.10000 1.16616
vt 0.15000 1.16616
vt 0.20000 1.16616
vt 0.25000 1.16616
vt 0.30000 1.16616
vt 0.35000 1.16616
vt 0.40000 1.16616
vt 0.45000 1.16616
vt 0.50000 1.16616
vt 0.55000 1.16616
vt 0.60000 1.16616
vt 0.65000 1.16616
vt 0.70000 1.16616
vt 0.75000 1.16616
vt 0.80000 1.16616
vt 0.85000 1.16616
vt 0.90000 1.16616
vt 0.95000 1.16616
vt 1.00000 1.16616
vt 0.00000 1.37718
vt 0.05000 1.37718
vt 0.10000 1.37718
vt 0.15000 1.37718
vt 0.20000 1.37718
vt 0.25000 1.37718
vt 0.30000 1.37718
vt 0.35000 1.37718
vt 0.40000 1.37718
vt 0.45000 1.37718
vt 0.50000 1.37718
vt 0.55000 1.37718
vt 0.60000 1.37718
vt 0.65000 1.37718
vt 0.70000 1.37718
vt 0.75000 1.37718
vt 0.80000 1.37718
vt 0.85000 1.37718
vt 0.90000 1.37718
vt 0.95000 1.37718
vt 1.00000 1.37718
vt 0.00000 1.42099
vt 0.05000 1.42099
vt 0.10000 1.42099
vt 0.15000 1.42099
vt 0.20000 1.42099
vt 0.25000 1.42099
vt 0.30000 1.42099
vt 0.35000 1.42099
vt 0.40000 1.42099
vt 0.45000 1.42099
vt 0.50000 1.42099
vt 0.55000 1.42099
vt 0.60000 1.42099
vt 0.65000 1.42099
vt 0.70000 1.42099
vt 0.75000 1.42099
vt 0.80000 1.42099
vt 0.85000 1.42099
vt 0.90000 1.42099
vt 0.95000 1.42099
vt 1.00000 1.42099
vt 0.00000 1.60601
vt 0.05000 1.60601
vt 0.10000 1.60601
vt 0.15000 1.60601
vt 0.20000 1.60601
vt 0.25000 1.60601
vt 0.30000 1.60601
vt 0.35000 1.60601
vt 0.40000 1.60601
vt 0.45000 1.60601
vt 0.50000 1.60601
vt 0.55000 1.60601
vt 0.60000 1.60601
vt 0.65000 1.60601
vt 0.70000 1.60601
vt 0.75000 1.60601
vt 0.80000 1.60601
vt 0.85000 1.60601
vt 0.90000 1.60601
vt 0.95000 1.60601
vt 1.00000 1.60601
vt 0.00000 1.66394
vt 0.05000 1.66394
vt 0.10000 1.66394
vt 0.15000 1.66394
vt 0.20000 1.66394
vt 0.25000 1.66394
vt 0.30000 1.66394
vt 0.35000 1.66394
vt 0.40000 1.66394
vt 0.45000 1.66394
vt 0.50000 1.66394
vt 0.55000 1.66394
vt 0.60000 1.66394
vt 0.65000 1.66394
vt 0.70000 1.66394
vt 0.75000 1.66394
vt 0.80000 1.66394
vt 0.85000 1.66394
vt 0.90000 1.66394
vt 0.95000 1.66394
vt 1.00000 1.66394
vt 0.00000 1.88871
vt 0.10000 1.88871
vt 0.20000 1.88871
vt 0.30000 1.88871
vt 0.40000 1.88871
vt 0.50000 1.88871
vt 0.60000 1.88871
vt 0.70000 1.88871
vt 0.80000 1.88871
vt 0.90000 1.88871
vt 1.00000 1.88871
vt 0.00000 1.93027
vt 0.10000 1.93027
vt 0.20000 1.93027
vt 0.30000 1.93027
vt 0.40000 1.93027
vt 0.50000 1.93027
vt 0.60000 1.93027
vt 0.70000 1.93027
vt 0.80000 1.93027
vt 0.90000 1.93027
vt 1.00000 1.93027
vt 0.00000 2.10861
vt 0.10000 2.10861
vt 0.20000 2.10861
vt 0.30000 2.10861
vt 0.40000 2.10861
vt 0.50000 2.10861
vt 0.60000 2.10861
vt 0.70000 2.10861
vt 0.80000 2.10861
vt 0.90000 2.10861
vt 1.00000 2.10861
vt 0.00000 2.15327
vt 0.10000 2.15327
vt 0.20000 2.15327
vt 0.30000 2.15327
vt 0.40000 2.15327
vt 0.50000 2.15327
vt 0.60000 2.15327
vt 0.70000 2.15327
vt 0.80000 2.15327
vt 0.90000 2.15327
vt 1.00000 2.15327
vt 0.00000 2.37609
vt 0.10000 2.37609
vt 0.20000 2.37609
vt 0.30000 2.37609
vt 0.40000 2.37609
vt 0.50000 2.37609
vt 0.60000 2.37609
vt 0.70000 2.37609
vt 0.80000 2.37609
vt 0.90000 2.37609
vt 1.00000 2.37609
vt 0.00000 2.41828
vt 0.10000 2.41828
vt 0.20000 2.41828
vt 0.30000 2.41828
vt 0.40000 2.41828
vt 0.50000 2.41828
vt 0.60000 2.41828
vt 0.70000 2.41828
vt 0.80000 2.41828
vt 0.90000 2.41828
vt 1.00000 2.41828
vt 0.00000 2.60422
vt 0.10000 2.60422
vt 0.20000 2.60422
vt 0.30000 2.60422
vt 0.40000 2.60422
vt 0.50000 2.60422
vt 0.60000 2.60422
vt 0.70000 2.60422
vt 0.80000 2.60422
vt 0.90000 2.60422
vt 1.00000 2.60422
vt 0.00000 2.64379
vt 0.10000 2.64379
vt 0.20000 2.64379
vt 0.30000 2.64379
vt 0.40000 2.64379
vt 0.50000 2.64379
vt 0.60000 2.64379
vt 0.70000 2.64379
vt 0.80000 2.64379
vt 0.90000 2.64379
vt 1.00000 2.64379
vt 0.00000 2.87740
vt 0.10000 2.87740
vt 0.20000 2.87740
vt 0.30000 2.87740
vt 0.40000 2.87740
vt 0.50000 2.87740
vt 0.60000 2.87740
vt 0.70000 2.87740
vt 0.80000 2.87740
vt 0.90000 2.87740
vt 1.00000 2.87740
vt 0.00000 2.93434
vt 0.10000 2.93434
vt 0.20000 2.93434
vt 0.30000 2.93434
vt 0.40000 2.93434
vt 0.50000 2.93434
vt 0.60000 2.93434
vt 0.70000 2.93434
vt 0.80000 2.93434
vt 0.90000 2.93434
vt 1.00000 2.93434
vt 0.00000 3.10950
vt 0.10000 3.10950
vt 0.20000 3.10950
vt 0.30000 3.10950
vt 0.40000 3.10950
vt 0.50000 3.10950
vt 0.60000 3.10950
vt 0.70000 3.10950
vt 0.80000 3.10950
vt 0.90000 3.10950
vt 1.00000 3.10950
vt 0.00000 3.16385
vt 0.10000 3.16385
vt 0.20000 3.16385
vt 0.30000 3.16385
vt 0.40000 3.16385
vt 0.50000 3.16385
vt 0.60000 3.16385
vt 0.70000 3.16385
vt 0.80000 3.16385
vt 0.90000 3.16385
vt 1.00000 3.16385
vt 0.00000 3.39314
vt 0.10000 3.39314
vt 0.20000 3.39314
vt 0.30000 3.39314
vt 0.40000 3.39314
vt 0.50000 3.39314
vt 0.60000 3.39314
vt 0.70000 3.39314
vt 0.80000 3.39314
vt 0.90000 3.39314
vt 1.00000 3.39314
vt 0.00000 3.43350
vt 0.10000 3.43350
vt 0.20000 3.43350
vt 0.30000 3.43350
vt 0.40000 3.43350
vt 0.50000 3.43350
vt 0.60000 3.43350
vt 0.70000 3.43350
vt 0.80000 3.43350
vt 0.90000 3.43350
vt 1.00000 3.43350
vt 0.00000 3.62706
vt 0.10000 3.62706
vt 0.20000 3.62706
vt 0.30000 3.62706
vt 0.40000 3.62706
vt 0.50000 3.62706
vt 0.60000 3.62706
vt 0.70000 3.62706
vt 0.80000 3.62706
vt 0.90000 3.62706
vt 1.00000 3.62706
vt 0.00000 3.66481
vt 0.10000 3.66481
vt 0.20000 3.66481
vt 0.30000 3.66481
vt 0.40000 3.66481
vt 0.50000 3.66481
vt 0.60000 3.66481
vt 0.70000 3.66481
vt 0.80000 3.66481
vt 0.90000 3.66481
vt 1.00000 3.66481
vt 0.00000 3.86014
vt 0.20000 3.86014
vt 0.40000 3.86014
vt 0.60000 3.86014
vt 0.80000 3.86014
vt 1.00000 3.86014
vt 0.00000 3.93313
vt 0.20000 3.93313
vt 0.40000 3.93313
vt 0.60000 3.93313
vt 0.80000 3.93313
vt 1.00000 3.93313
vt 0.00000 4.14244
vt 0.20000 4.14244
vt 0.40000 4.14244
vt 0.60000 4.14244
vt 0.80000 4.14244
vt 1.00000 4.14244
vt 0.00000 4.18657
vt 0.20000 4.18657
vt 0.40000 4.18657
vt 0.60000 4.18657
vt 0.80000 4.18657
vt 1.00000 4.18657
vt 0.00000 4.41197
vt 0.20000 4.41197
vt 0.40000 4.41197
vt 0.60000 4.41197
vt 0.80000 4.41197
vt 1.00000 4.41197
vt 0.00000 4.45336
vt 0.20000 4.45336
vt 0.40000 4.45336
vt 0.60000 4.45336
vt 0.80000 4.45336
vt 1.00000 4.45336
vt 0.00000 4.66979
vt 0.20000 4.66979
vt 0.40000 4.66979
vt 0.60000 4.66979
vt 0.80000 4.66979
vt 1.00000 4.66979
vt 0.00000 4.72642
vt 0.20000 4.72642
vt 0.40000 4.72642
vt 0.60000 4.72642
vt 0.80000 4.72642
vt 1.00000 4.72642
vt 0.00000 4.94770
vt 0.20000 4.94770
vt 0.40000 4.94770
vt 0.60000 4.94770
vt 0.80000 4.94770
vt 1.00000 4.94770
vt 0.00000 5.00477
vt 0.20000 5.00477
vt 0.40000 5.00477
vt 0.60000 5.00477
vt 0.80000 5.00477
vt 1.00000 5.00477
vt 0.00000 5.17114
vt 0.20000 5.17114
vt 0.40000 5.17114
vt 0.60000 5.17114
vt 0.80000 5.17114
vt 1.00000 5.17114
vt 0.00000 5.23152
vt 0.20000 5.23152
vt 0.40000 5.23152
vt 0.60000 5.23152
vt 0.80000 5.23152
vt 1.00000 5.23152
vt 0.00000 5.48590
vt 0.20000 5.48590
vt 0.40000 5.48590
vt 0.60000 5.48590
vt 0.80000 5.48590
vt 1.00000 5.48590
vt 0.00000 5.54374
vt 0.20000 5.54374
vt 0.40000 5.54374
vt 0.60000 5.54374
vt 0.80000 5.54374
vt 1.00000 5.54374
vt 0.00000 5.70709
vt 0.20000 5.70709
vt 0.40000 5.70709
vt 0.60000 5.70709
vt 0.80000 5.70709
vt 1.00000 5.70709
vt 0.10000 5.61034
vt 0.30000 5.61034
vt 0.50000 5.61034
vt 0.70000 5.61034
vt 0.90000 5.61034
vt 0.00049 0.00000
vt 0.00049 0.15000
vt 0.33317 0.15000
vt 0.33317 0.00000
vt 0.66586 0.00000
vt 0.66586 0.15000
vt 0.99854 0.15000
vt 0.99854 0.00000
vt 0.00049 0.30000
vt 0.33317 0.30000
vt 0.66586 0.30000
vt 0.99854 0.30000
vt 0.00049 0.45000
vt 0.33317 0.45000
vt 0.66586 0.45000
vt 0.99854 0.45000
vt 0.00049 0.60000
vt 0.33317 0.60000
vt 0.66586 0.60000
vt 0.99854 0.60000
vt 0.00049 0.75000
vt 0.33317 0.75000
vt 0.66586 0.75000
vt 0.99854 0.75000
vt 0.33317 0.90000
vt 0.99854 0.90000
vt 0.00049 0.00000
vt 0.00049 0.15000
vt 0.33317 0.15000
vt 0.33317 0.00000
vt 0.66586 0.00000
vt 0.66586 0.15000
vt 0.99854 0.15000
vt 0.99854 0.00000
vt 0.00049 0.30000
vt 0.33317 0.30000
vt 0.66586 0.30000
vt 0.99854 0.30000
vt 0.00049 0.45000
vt 0.33317 0.45000
vt 0.66586 0.45000
vt 0.99854 0.45000
vt 0.00049 0.60000
vt 0.33317 0.60000
vt 0.66586 0.60000
vt 0.99854 0.60000
vt 0.00049 0.75000
vt 0.33317 0.75000
vt 0.66586 0.75000
vt 0.99854 0.75000
vt 0.33317 0.90000
vt 0.99854 0.90000
vt 0.00049 0.00000
vt 0.00049 0.15000
vt 0.33317 0.15000
vt 0.33317 0.00000
vt 0.66586 0.00000
vt 0.66586 0.15000
vt 0.99854 0.15000
vt 0.99854 0.00000
vt 0.00049 0.30000
vt 0.33317 0.30000
vt 0.66586 0.30000
vt 0.99854 0.30000
vt 0.00049 0.45000
vt 0.33317 0.45000
vt 0.66586 0.45000
vt 0.99854 0.45000
vt 0.00049 0.60000
vt 0.33317 0.60000
vt 0.66586 0.60000
vt 0.99854 0.60000
vt 0.00049 0.75000
vt 0.33317 0.75000
vt 0.66586 0.75000
vt 0.99854 0.75000
vt 0.33317 0.90000
vt 0.99854 0.90000
vt 0.00049 0.00000
vt 0.00049 0.15000
vt 0.33317 0.15000
vt 0.33317 0.00000
vt 0.66586 0.00000
vt 0.66586 0.15000
vt 0.99854 0.15000
vt 0.99854 0.00000
vt 0.00049 0.30000
vt 0.33317 0.30000
vt 0.66586 0.30000
vt 0.99854 0.30000
vt 0.00049 0.45000
vt 0.33317 0.45000
vt 0.66586 0.45000
vt 0.99854 0.45000
vt 0.00049 0.60000
vt 0.33317 0.60000
vt 0.66586 0.60000
vt 0.99854 0.60000
vt 0.00049 0.75000
vt 0.33317 0.75000
vt 0.66586 0.75000
vt 0.99854 0.75000
vt 0.33317 0.90000
vt 0.99854 0.90000
vt 0.00049 0.00000
vt 0.00049 0.15000
vt 0.33317 0.15000
vt 0.33317 0.00000
vt 0.66586 0.00000
vt 0.66586 0.15000
vt 0.99854 0.15000
vt 0.99854 0.00000
vt 0.00049 0.30000
vt 0.33317 0.30000
vt 0.66586 0.30000
vt 0.99854 0.30000
vt 0.00049 0.45000
vt 0.33317 0.45000
vt 0.66586 0.45000
vt 0.99854 0.45000
vt 0.00049 0.60000
vt 0.33317 0.60000
vt 0.66586 0.60000
vt 0.99854 0.60000
vt 0.00049 0.75000
vt 0.33317 0.75000
vt 0.66586 0.75000
vt 0.99854 0.75000
vt 0.33317 0.90000
vt 0.99854 0.90000
vt 0.00049 0.00000
vt 0.00049 0.15000
vt 0.33317 0.15000
vt 0.33317 0.00000
vt 0.66586 0.00000
vt 0.66586 0.15000
vt 0.99854 0.15000
vt 0.99854 0.00000
vt 0.00049 0.30000
vt 0.33317 0.30000
vt 0.66586 0.30000
vt 0.99854 0.30000
vt 0.00049 0.45000
vt 0.33317 0.45000
vt 0.66586 0.45000
vt 0.99854 0.45000
vt 0.00049 0.60000
vt 0.33317 0.60000
vt 0.66586 0.60000
vt 0.99854 0.60000
vt 0.00049 0.75000
vt 0.33317 0.75000
vt 0.66586 0.75000
vt 0.99854 0.75000
vt 0.33317 0.90000
vt 0.99854 0.90000
vt 0.00049 0.00000
vt 0.00049 0.15000
vt 0.33317 0.15000
vt 0.33317 0.00000
vt 0.66586 0.00000
vt 0.66586 0.15000
vt 0.99854 0.15000
vt 0.99854 0.00000
vt 0.00049 0.30000
vt 0.33317 0.30000
vt 0.66586 0.30000
vt 0.99854 0.30000
vt 0.00049 0.45000
vt 0.33317 0.45000
vt 0.66586 0.45000
vt 0.99854 0.45000
vt 0.00049 0.60000
vt 0.33317 0.60000
vt 0.66586 0.60000
vt 0.99854 0.60000
vt 0.00049 0.75000
vt 0.33317 0.75000
vt 0.66586 0.75000
vt 0.99854 0.75000
vt 0.33317 0.90000
vt 0.99854 0.90000
vt 0.00049 0.00000
vt 0.00049 0.15000
vt 0.33317 0.15000
vt 0.33317 0.00000
vt 0.66586 0.00000
vt 0.66586 0.15000
vt 0.99854 0.15000
vt 0.99854 0.00000
vt 0.00049 0.30000
vt 0.33317 0.30000
vt 0.66586 0.30000
vt 0.99854 0.30000
vt 0.00049 0.45000
vt 0.33317 0.45000
vt 0.66586 0.45000
vt 0.99854 0.45000
vt 0.00049 0.60000
vt 0.33317 0.60000
vt 0.66586 0.60000
vt 0.99854 0.60000
vt 0.00049 0.75000
vt 0.33317 0.75000
vt 0.66586 0.75000
vt 0.99854 0.75000
vt 0.33317 0.90000
vt 0.99854 0.90000
vt 0.00049 0.00000
vt 0.00049 0.15000
vt 0.33317 0.15000
vt 0.33317 0.00000
vt 0.66586 0.00000
vt 0.66586 0.15000
vt 0.99854 0.15000
vt 0.99854 0.00000
vt 0.00049 0.30000
vt 0.33317 0.30000
vt 0.66586 0.30000
vt 0.99854 0.30000
vt 0.00049 0.45000
vt 0.33317 0.45000
vt 0.66586 0.45000
vt 0.99854 0.45000
vt 0.00049 0.60000
vt 0.33317 0.60000
vt 0.66586 0.60000
vt 0.99854 0.60000
vt 0.00049 0.75000
vt 0.33317 0.75000
vt 0.66586 0.75000
vt 0.99854 0.75000
vt 0.33317 0.90000
vt 0.99854 0.90000
vt 0.00049 0.00000
vt 0.00049 0.15000
vt 0.33317 0.15000
vt 0.33317 0.00000
vt 0.66586 0.00000
vt 0.66586 0.15000
vt 0.99854 0.15000
vt 0.99854 0.00000
vt 0.00049 0.30000
vt 0.33317 0.30000
vt 0.66586 0.30000
vt 0.99854 0.30000
vt 0.00049 0.45000
vt 0.33317 0.45000
vt 0.66586 0.45000
vt 0.99854 0.45000
vt 0.00049 0.60000
vt 0.33317 0.60000
vt 0.66586 0.60000
vt 0.99854 0.60000
vt 0.00049 0.75000
vt 0.33317 0.75000
vt 0.66586 0.75000
vt 0.99854 0.75000
vt 0.33317 0.90000
vt 0.99854 0.90000
vt 0.00049 0.00000
vt 0.00049 0.15000
vt 0.33317 0.15000
vt 0.33317 0.00000
vt 0.66586 0.00000
vt 0.66586 0.15000
vt 0.99854 0.15000
vt 0.99854 0.00000
vt 0.00049 0.30000
vt 0.33317 0.30000
vt 0.66586 0.30000
vt 0.99854 0.30000
vt 0.00049 0.45000
vt 0.33317 0.45000
vt 0.66586 0.45000
vt 0.99854 0.45000
vt 0.00049 0.60000
vt 0.33317 0.60000
vt 0.66586 0.60000
vt 0.99854 0.60000
vt 0.00049 0.75000
vt 0.33317 0.75000
vt 0.66586 0.75000
vt 0.99854 0.75000
vt 0.33317 0.90000
vt 0.99854 0.90000
vt 0.00049 0.00000
vt 0.00049 0.15000
vt 0.33317 0.15000
vt 0.33317 0.00000
vt 0.66586 0.00000
vt 0.66586 0.15000
vt 0.99854 0.15000
vt 0.99854 0.00000
vt 0.00049 0.30000
vt 0.33317 0.30000
vt 0.66586 0.30000
vt 0.99854 0.30000
vt 0.00049 0.45000
vt 0.33317 0.45000
vt 0.66586 0.45000
vt 0.99854 0.45000
vt 0.00049 0.60000
vt 0.33317 0.60000
vt 0.66586 0.60000
vt 0.99854 0.60000
vt 0.00049 0.75000
vt 0.33317 0.75000
vt 0.66586 0.75000
vt 0.99854 0.75000
vt 0.33317 0.90000
vt 0.99854 0.90000
vt 0.87500 1.00000
vt 1.00000 0.87500
vt 0.87500 0.87500
vt 0.75000 1.00000
vt 0.75000 0.87500
vt 0.62500 1.00000
vt 0.62500 0.87500
vt 0.50000 1.00000
vt 0.50000 0.87500
vt 0.37500 1.00000
vt 0.37500 0.87500
vt 0.25000 1.00000
vt 0.25000 0.87500
vt 0.12500 1.00000
vt 0.12500 0.87500
vt 0.00000 1.00000
vt 0.00000 0.87500
vt 1.00000 0.75000
vt 0.87500 0.75000
vt 0.75000 0.75000
vt 0.62500 0.75000
vt 0.50000 0.75000
vt 0.37500 0.75000
vt 0.25000 0.75000
vt 0.12500 0.75000
vt 0.00000 0.75000
vt 1.00000 0.62500
vt 0.87500 0.62500
vt 0.75000 0.62500
vt 0.62500 0.62500
vt 0.50000 0.62500
vt 0.37500 0.62500
vt 0.25000 0.62500
vt 0.12500 0.62500
vt 0.00000 0.62500
vt 1.00000 0.50000
vt 0.87500 0.50000
vt 0.75000 0.50000
vt 0.62500 0.50000
vt 0.50000 0.50000
vt 0.37500 0.50000
vt 0.25000 0.50000
vt 0.12500 0.50000
vt 0.00000 0.50000
vt 1.00000 0.37500
vt 0.87500 0.37500
vt 0.75000 0.37500
vt 0.62500 0.37500
vt 0.50000 0.37500
vt 0.37500 0.37500
vt 0.25000 0.37500
vt 0.12500 0.37500
vt 0.00000 0.37500
vt 1.00000 0.25000
vt 0.87500 0.25000
vt 0.75000 0.25000
vt 0.62500 0.25000
vt 0.50000 0.25000
vt 0.37500 0.25000
vt 0.25000 0.25000
vt 0.12500 0.25000
vt 0.00000 0.25000
vt 1.00000 0.12500
vt 0.87500 0.12500
vt 0.75000 0.12500
vt 0.62500 0.12500
vt 0.50000 0.12500
vt 0.37500 0.12500
vt 0.25000 0.12500
vt 0.12500 0.12500
vt 0.00000 0.12500
vt 1.00000 0.00000
vt 0.87500 0.00000
vt 0.75000 0.00000
vt 0.62500 0.00000
vt 0.50000 0.00000
vt 0.37500 0.00000
vt 0.25000 0.00000
vt 0.12500 0.00000
vt 0.00000 0.00000
vt 0.87500 1.00000
vt 1.00000 0.87500
vt 0.87500 0.87500
vt 0.75000 1.00000
vt 0.75000 0.87500
vt 0.62500 1.00000
vt 0.62500 0.87500
vt 0.50000 1.00000
vt 0.50000 0.87500
vt 0.37500 1.00000
vt 0.37500 0.87500
vt 0.25000 1.00000
vt 0.25000 0.87500
vt 0.12500 1.00000
vt 0.12500 0.87500
vt 0.00000 1.00000
vt 0.00000 0.87500
vt 1.00000 0.75000
vt 0.87500 0.75000
vt 0.75000 0.75000
vt 0.62500 0.75000
vt 0.50000 0.75000
vt 0.37500 0.75000
vt 0.25000 0.75000
vt 0.12500 0.75000
vt 0.00000 0.75000
vt 1.00000 0.62500
vt 0.87500 0.62500
vt 0.75000 0.62500
vt 0.62500 0.62500
vt 0.50000 0.62500
vt 0.37500 0.62500
vt 0.25000 0.62500
vt 0.12500 0.62500
vt 0.00000 0.62500
vt 1.00000 0.50000
vt 0.87500 0.50000
vt 0.75000 0.50000
vt 0.62500 0.50000
vt 0.50000 0.50000
vt 0.37500 0.50000
vt 0.25000 0.50000
vt 0.12500 0.50000
vt 0.00000 0.50000
vt 1.00000 0.37500
vt 0.87500 0.37500
vt 0.75000 0.37500
vt 0.62500 0.37500
vt 0.50000 0.37500
vt 0.37500 0.37500
vt 0.25000 0.37500
vt 0.12500 0.37500
vt 0.00000 0.37500
vt 1.00000 0.25000
vt 0.87500 0.25000
vt 0.75000 0.25000
vt 0.62500 0.25000
vt 0.50000 0.25000
vt 0.37500 0.25000
vt 0.25000 0.25000
vt 0.12500 0.25000
vt 0.00000 0.25000
vt 1.00000 0.12500
vt 0.87500 0.12500
vt 0.75000 0.12500
vt 0.62500 0.12500
vt 0.50000 0.12500
vt 0.37500 0.12500
vt 0.25000 0.12500
vt 0.12500 0.12500
vt 0.00000 0.12500
vt 1.00000 0.00000
vt 0.87500 0.00000
vt 0.75000 0.00000
vt 0.62500 0.00000
vt 0.50000 0.00000
vt 0.37500 0.00000
vt 0.25000 0.00000
vt 0.12500 0.00000
vt 0.00000 0.00000
vt 0.87500 1.00000
vt 1.00000 0.87500
vt 0.87500 0.87500
vt 0.75000 1.00000
vt 0.75000 0.87500
vt 0.62500 1.00000
vt 0.62500 0.87500
vt 0.50000 1.00000
vt 0.50000 0.87500
vt 0.37500 1.00000
vt 0.37500 0.87500
vt 0.25000 1.00000
vt 0.25000 0.87500
vt 0.12500 1.00000
vt 0.12500 0.87500
vt 0.00000 1.00000
vt 0.00000 0.87500
vt 1.00000 0.75000
vt 0.87500 0.75000
vt 0.75000 0.75000
vt 0.62500 0.75000
vt 0.50000 0.75000
vt 0.37500 0.75000
vt 0.25000 0.75000
vt 0.12500 0.75000
vt 0.00000 0.75000
vt 1.00000 0.62500
vt 0.87500 0.62500
vt 0.75000 0.62500
vt 0.62500 0.62500
vt 0.50000 0.62500
vt 0.37500 0.62500
vt 0.25000 0.62500
vt 0.12500 0.62500
vt 0.00000 0.62500
vt 1.00000 0.50000
vt 0.87500 0.50000
vt 0.75000 0.50000
vt 0.62500 0.50000
vt 0.50000 0.50000
vt 0.37500 0.50000
vt 0.25000 0.50000
vt 0.12500 0.50000
vt 0.00000 0.50000
vt 1.00000 0.37500
vt 0.87500 0.37500
vt 0.75000 0.37500
vt 0.62500 0.37500
vt 0.50000 0.37500
vt 0.37500 0.37500
vt 0.25000 0.37500
vt 0.12500 0.37500
vt 0.00000 0.37500
vt 1.00000 0.25000
vt 0.87500 0.25000
vt 0.75000 0.25000
vt 0.62500 0.25000
vt 0.50000 0.25000
vt 0.37500 0.25000
vt 0.25000 0.25000
vt 0.12500 0.25000
vt 0.00000 0.25000
vt 1.00000 0.12500
vt 0.87500 0.12500
vt 0.75000 0.12500
vt 0.62500 0.12500
vt 0.50000 0.12500
vt 0.37500 0.12500
vt 0.25000 0.12500
vt 0.12500 0.12500
vt 0.00000 0.12500
vt 1.00000 0.00000
vt 0.87500 0.00000
vt 0.75000 0.00000
vt 0.62500 0.00000
vt 0.50000 0.00000
vt 0.37500 0.00000
vt 0.25000 0.00000
vt 0.12500 0.00000
vt 0.00000 0.00000
vt 0.87500 1.00000
vt 1.00000 0.87500
vt 0.87500 0.87500
vt 0.75000 1.00000
vt 0.75000 0.87500
vt 0.62500 1.00000
vt 0.62500 0.87500
vt 0.50000 1.00000
vt 0.50000 0.87500
vt 0.37500 1.00000
vt 0.37500 0.87500
vt 0.25000 1.00000
vt 0.25000 0.87500
vt 0.12500 1.00000
vt 0.12500 0.87500
vt 0.00000 1.00000
vt 0.00000 0.87500
vt 1.00000 0.75000
vt 0.87500 0.75000
vt 0.75000 0.75000
vt 0.62500 0.75000
vt 0.50000 0.75000
vt 0.37500 0.75000
vt 0.25000 0.75000
vt 0.12500 0.75000
vt 0.00000 0.75000
vt 1.00000 0.62500
vt 0.87500 0.62500
vt 0.75000 0.62500
vt 0.62500 0.62500
vt 0.50000 0.62500
vt 0.37500 0.62500
vt 0.25000 0.62500
vt 0.12500 0.62500
vt 0.00000 0.62500
vt 1.00000 0.50000
vt 0.87500 0.50000
vt 0.75000 0.50000
vt 0.62500 0.50000
vt 0.50000 0.50000
vt 0.37500 0.50000
vt 0.25000 0.50000
vt 0.12500 0.50000
vt 0.00000 0.50000
vt 1.00000 0.37500
vt 0.87500 0.37500
vt 0.75000 0.37500
vt 0.62500 0.37500
vt 0.50000 0.37500
vt 0.37500 0.37500
vt 0.25000 0.37500
vt 0.12500 0.37500
vt 0.00000 0.37500
vt 1.00000 0.25000
vt 0.87500 0.25000
vt 0.75000 0.25000
vt 0.62500 0.25000
vt 0.50000 0.25000
vt 0.37500 0.25000
vt 0.25000 0.25000
vt 0.12500 0.25000
vt 0.00000 0.25000
vt 1.00000 0.12500
vt 0.87500 0.12500
vt 0.75000 0.12500
vt 0.62500 0.12500
vt 0.50000 0.12500
vt 0.37500 0.12500
vt 0.25000 0.12500
vt 0.12500 0.12500
vt 0.00000 0.12500
vt 1.00000 0.00000
vt 0.87500 0.00000
vt 0.75000 0.00000
vt 0.62500 0.00000
vt 0.50000 0.00000
vt 0.37500 0.00000
vt 0.25000 0.00000
vt 0.12500 0.00000
vt 0.00000 0.00000
vt 0.87500 1.00000
vt 1.00000 0.87500
vt 0.87500 0.87500
vt 0.75000 1.00000
vt 0.75000 0.87500
vt 0.62500 1.00000
vt 0.62500 0.87500
vt 0.50000 1.00000
vt 0.50000 0.87500
vt 0.37500 1.00000
vt 0.37500 0.87500
vt 0.25000 1.00000
vt 0.25000 0.87500
vt 0.12500 1.00000
vt 0.12500 0.87500
vt 0.00000 1.00000
vt 0.00000 0.87500
vt 1.00000 0.75000
vt 0.87500 0.75000
vt 0.75000 0.75000
vt 0.62500 0.75000
vt 0.50000 0.75000
vt 0.37500 0.75000
vt 0.25000 0.75000
vt 0.12500 0.75000
vt 0.00000 0.75000
vt 1.00000 0.62500
vt 0.87500 0.62500
vt 0.75000 0.62500
vt 0.62500 0.62500
vt 0.50000 0.62500
vt 0.37500 0.62500
vt 0.25000 0.62500
vt 0.12500 0.62500
vt 0.00000 0.62500
vt 1.00000 0.50000
vt 0.87500 0.50000
vt 0.75000 0.50000
vt 0.62500 0.50000
vt 0.50000 0.50000
vt 0.37500 0.50000
vt 0.25000 0.50000
vt 0.12500 0.50000
vt 0.00000 0.50000
vt 1.00000 0.37500
vt 0.87500 0.37500
vt 0.75000 0.37500
vt 0.62500 0.37500
vt 0.50000 0.37500
vt 0.37500 0.37500
vt 0.25000 0.37500
vt 0.12500 0.37500
vt 0.00000 0.37500
vt 1.00000 0.25000
vt 0.87500 0.25000
vt 0.75000 0.25000
vt 0.62500 0.25000
vt 0.50000 0.25000
vt 0.37500 0.25000
vt 0.25000 0.25000
vt 0.12500 0.25000
vt 0.00000 0.25000
vt 1.00000 0.12500
vt 0.87500 0.12500
vt 0.75000 0.12500
vt 0.62500 0.12500
vt 0.50000 0.12500
vt 0.37500 0.12500
vt 0.25000 0.12500
vt 0.12500 0.12500
vt 0.00000 0.12500
vt 1.00000 0.00000
vt 0.87500 0.00000
vt 0.75000 0.00000
vt 0.62500 0.00000
vt 0.50000 0.00000
vt 0.37500 0.00000
vt 0.25000 0.00000
vt 0.12500 0.00000
vt 0.00000 0.00000
vt 0.00000 0.00000
vt 0.00000 0.10796
vt 0.25000 0.09662
vt 0.25000 0.00000
vt 0.50000 0.00000
vt 0.50000 0.08705
vt 0.75000 0.08674
vt 0.75000 0.00000
vt 1.00000 0.00000
vt 1.00000 0.09653
vt 0.00000 0.14736
vt 0.25000 0.15815
vt 0.50000 0.17437
vt 0.75000 0.15701
vt 1.00000 0.13040
vt 0.00000 0.27444
vt 0.25000 0.26221
vt 0.50000 0.26390
vt 0.75000 0.24925
vt 1.00000 0.23221
vt 0.00000 0.30579
vt 0.25000 0.33166
vt 0.50000 0.35371
vt 0.75000 0.32506
vt 1.00000 0.27971
vt 0.00000 0.37657
vt 0.25000 0.39439
vt 0.50000 0.41541
vt 0.75000 0.38559
vt 1.00000 0.33914
vt 0.00000 0.51073
vt 0.25000 0.50750
vt 0.50000 0.50962
vt 0.75000 0.48652
vt 1.00000 0.45466
vt 0.00000 0.56336
vt 0.25000 0.59034
vt 0.50000 0.60412
vt 0.75000 0.57294
vt 1.00000 0.52274
vt 0.00000 0.71201
vt 0.25000 0.70950
vt 0.50000 0.70139
vt 0.75000 0.67855
vt 1.00000 0.64508
vt 0.00000 0.76989
vt 0.25000 0.79915
vt 0.50000 0.79896
vt 0.75000 0.77147
vt 1.00000 0.73171
vt 0.00000 0.92920
vt 0.25000 0.92519
vt 0.50000 0.89933
vt 0.75000 0.88207
vt 1.00000 0.86485
vt 0.00000 1.00000
vt 0.25000 1.00000
vt 0.50000 1.00000
vt 0.75000 1.00000
vt 1.00000 1.00000
vt 0.00000 0.00000
vt 0.00000 0.10559
vt 0.25000 0.09455
vt 0.25000 0.00000
vt 0.50000 0.00000
vt 0.50000 0.08707
vt 0.75000 0.08830
vt 0.75000 0.00000
vt 1.00000 0.00000
vt 1.00000 0.09397
vt 0.00000 0.14202
vt 0.25000 0.16475
vt 0.50000 0.17438
vt 0.75000 0.15854
vt 1.00000 0.13325
vt 0.00000 0.26234
vt 0.25000 0.26407
vt 0.50000 0.26391
vt 0.75000 0.25030
vt 1.00000 0.22995
vt 0.00000 0.30006
vt 0.25000 0.33910
vt 0.50000 0.35370
vt 0.75000 0.32527
vt 1.00000 0.28232
vt 0.00000 0.36361
vt 0.25000 0.40050
vt 0.50000 0.41537
vt 0.75000 0.38458
vt 1.00000 0.34136
vt 0.00000 0.49728
vt 0.25000 0.50843
vt 0.50000 0.50960
vt 0.75000 0.48428
vt 1.00000 0.45246
vt 0.00000 0.56632
vt 0.25000 0.59425
vt 0.50000 0.60407
vt 0.75000 0.57082
vt 1.00000 0.52583
vt 0.00000 0.71183
vt 0.25000 0.70834
vt 0.50000 0.70139
vt 0.75000 0.67621
vt 1.00000 0.64900
vt 0.00000 0.79339
vt 0.25000 0.80068
vt 0.50000 0.79895
vt 0.75000 0.77101
vt 1.00000 0.73574
vt 0.00000 0.95121
vt 0.25000 0.92074
vt 0.50000 0.89934
vt 0.75000 0.88183
vt 1.00000 0.86670
vt 0.00000 1.00000
vt 0.25000 1.00000
vt 0.50000 1.00000
vt 0.75000 1.00000
vt 1.00000 1.00000
vt 0.00000 0.00000
vt 0.00000 0.09593
vt 0.25000 0.09136
vt 0.25000 0.00000
vt 0.50000 0.00000
vt 0.50000 0.08708
vt 0.75000 0.08892
vt 0.75000 0.00000
vt 1.00000 0.00000
vt 1.00000 0.09044
vt 0.00000 0.15077
vt 0.25000 0.16370
vt 0.50000 0.17437
vt 0.75000 0.16012
vt 1.00000 0.14042
vt 0.00000 0.25565
vt 0.25000 0.25993
vt 0.50000 0.26393
vt 0.75000 0.25290
vt 1.00000 0.23823
vt 0.00000 0.31636
vt 0.25000 0.33815
vt 0.50000 0.35370
vt 0.75000 0.33022
vt 1.00000 0.29466
vt 0.00000 0.37692
vt 0.25000 0.40055
vt 0.50000 0.41536
vt 0.75000 0.39071
vt 1.00000 0.35510
vt 0.00000 0.49775
vt 0.25000 0.50574
vt 0.50000 0.50962
vt 0.75000 0.49128
vt 1.00000 0.46601
vt 0.00000 0.57669
vt 0.25000 0.59509
vt 0.50000 0.60408
vt 0.75000 0.57785
vt 1.00000 0.53894
vt 0.00000 0.70679
vt 0.25000 0.70561
vt 0.50000 0.70141
vt 0.75000 0.68332
vt 1.00000 0.65948
vt 0.00000 0.79478
vt 0.25000 0.80144
vt 0.50000 0.79895
vt 0.75000 0.77535
vt 1.00000 0.74391
vt 0.00000 0.93511
vt 0.25000 0.91691
vt 0.50000 0.89936
vt 0.75000 0.88521
vt 1.00000 0.87036
vt 0.00000 1.00000
vt 0.25000 1.00000
vt 0.50000 1.00000
vt 0.75000 1.00000
vt 1.00000 1.00000
vt 0.00000 0.00000
vt 0.00000 0.09464
vt 0.25000 0.09181
vt 0.25000 0.00000
vt 0.50000 0.00000
vt 0.50000 0.08710
vt 0.75000 0.08953
vt 0.75000 0.00000
vt 1.00000 0.00000
vt 1.00000 0.09239
vt 0.00000 0.15501
vt 0.25000 0.16559
vt 0.50000 0.17438
vt 0.75000 0.15820
vt 1.00000 0.13144
vt 0.00000 0.26005
vt 0.25000 0.26205
vt 0.50000 0.26397
vt 0.75000 0.25257
vt 1.00000 0.23463
vt 0.00000 0.32290
vt 0.25000 0.34263
vt 0.50000 0.35373
vt 0.75000 0.32597
vt 1.00000 0.28543
vt 0.00000 0.38853
vt 0.25000 0.40537
vt 0.50000 0.41538
vt 0.75000 0.38604
vt 1.00000 0.34150
vt 0.00000 0.50879
vt 0.25000 0.50957
vt 0.50000 0.50964
vt 0.75000 0.48795
vt 1.00000 0.45743
vt 0.00000 0.58621
vt 0.25000 0.59927
vt 0.50000 0.60409
vt 0.75000 0.57000
vt 1.00000 0.52285
vt 0.00000 0.71301
vt 0.25000 0.70778
vt 0.50000 0.70141
vt 0.75000 0.67759
vt 1.00000 0.64654
vt 0.00000 0.80388
vt 0.25000 0.80417
vt 0.50000 0.79894
vt 0.75000 0.76714
vt 1.00000 0.72167
vt 0.00000 0.93889
vt 0.25000 0.91820
vt 0.50000 0.89937
vt 0.75000 0.88011
vt 1.00000 0.85625
vt 0.00000 1.00000
vt 0.25000 1.00000
vt 0.50000 1.00000
vt 0.75000 1.00000
vt 1.00000 1.00000
vt 0.00000 0.00000
vt 0.00000 0.10400
vt 0.25000 0.09298
vt 0.25000 0.00000
vt 0.50000 0.00000
vt 0.50000 0.08711
vt 0.75000 0.08701
vt 0.75000 0.00000
vt 1.00000 0.00000
vt 1.00000 0.08891
vt 0.00000 0.15025
vt 0.25000 0.16538
vt 0.50000 0.17438
vt 0.75000 0.16309
vt 1.00000 0.14746
vt 0.00000 0.26143
vt 0.25000 0.26309
vt 0.50000 0.26398
vt 0.75000 0.25413
vt 1.00000 0.24130
vt 0.00000 0.32021
vt 0.25000 0.34267
vt 0.50000 0.35374
vt 0.75000 0.33534
vt 1.00000 0.31017
vt 0.00000 0.38468
vt 0.25000 0.40569
vt 0.50000 0.41537
vt 0.75000 0.39538
vt 1.00000 0.36830
vt 0.00000 0.50782
vt 0.25000 0.51131
vt 0.50000 0.50964
vt 0.75000 0.49274
vt 1.00000 0.47106
vt 0.00000 0.58225
vt 0.25000 0.59943
vt 0.50000 0.60409
vt 0.75000 0.58098
vt 1.00000 0.55156
vt 0.00000 0.71189
vt 0.25000 0.70992
vt 0.50000 0.70142
vt 0.75000 0.68255
vt 1.00000 0.66110
vt 0.00000 0.80128
vt 0.25000 0.80362
vt 0.50000 0.79894
vt 0.75000 0.77603
vt 1.00000 0.74893
vt 0.00000 0.94086
vt 0.25000 0.91915
vt 0.50000 0.89938
vt 0.75000 0.88240
vt 1.00000 0.86616
vt 0.00000 1.00000
vt 0.25000 1.00000
vt 0.50000 1.00000
vt 0.75000 1.00000
vt 1.00000 1.00000
vt 0.00000 0.00000
vt 0.00000 0.09744
vt 0.25000 0.09065
vt 0.25000 0.00000
vt 0.50000 0.00000
vt 0.50000 0.08712
vt 0.75000 0.08803
vt 0.75000 0.00000
vt 1.00000 0.00000
vt 1.00000 0.08959
vt 0.00000 0.16004
vt 0.25000 0.16951
vt 0.50000 0.17439
vt 0.75000 0.16120
vt 1.00000 0.14444
vt 0.00000 0.26212
vt 0.25000 0.26420
vt 0.50000 0.26400
vt 0.75000 0.25351
vt 1.00000 0.24221
vt 0.00000 0.33502
vt 0.25000 0.34731
vt 0.50000 0.35374
vt 0.75000 0.33292
vt 1.00000 0.30619
vt 0.00000 0.39920
vt 0.25000 0.40975
vt 0.50000 0.41537
vt 0.75000 0.39304
vt 1.00000 0.36585
vt 0.00000 0.51048
vt 0.25000 0.51090
vt 0.50000 0.50965
vt 0.75000 0.49243
vt 1.00000 0.47432
vt 0.00000 0.59401
vt 0.25000 0.60118
vt 0.50000 0.60408
vt 0.75000 0.57973
vt 1.00000 0.55005
vt 0.00000 0.71234
vt 0.25000 0.70699
vt 0.50000 0.70143
vt 0.75000 0.68344
vt 1.00000 0.66383
vt 0.00000 0.80446
vt 0.25000 0.80331
vt 0.50000 0.79894
vt 0.75000 0.77552
vt 1.00000 0.74813
vt 0.00000 0.93037
vt 0.25000 0.91406
vt 0.50000 0.89939
vt 0.75000 0.88390
vt 1.00000 0.87055
vt 0.00000 1.00000
vt 0.25000 1.00000
vt 0.50000 1.00000
vt 0.75000 1.00000
vt 1.00000 1.00000
vt 0.00000 0.00000
vt 0.00000 0.09435
vt 0.25000 0.09054
vt 0.25000 0.00000
vt 0.50000 0.00000
vt 0.50000 0.08714
vt 0.75000 0.08873
vt 0.75000 0.00000
vt 1.00000 0.00000
vt 1.00000 0.09074
vt 0.00000 0.16530
vt 0.25000 0.17080
vt 0.50000 0.17440
vt 0.75000 0.16277
vt 1.00000 0.14653
vt 0.00000 0.26466
vt 0.25000 0.26494
vt 0.50000 0.26401
vt 0.75000 0.25518
vt 1.00000 0.24340
vt 0.00000 0.33926
vt 0.25000 0.34940
vt 0.50000 0.35375
vt 0.75000 0.33308
vt 1.00000 0.30439
vt 0.00000 0.40309
vt 0.25000 0.41150
vt 0.50000 0.41536
vt 0.75000 0.39288
vt 1.00000 0.36215
vt 0.00000 0.51106
vt 0.25000 0.51196
vt 0.50000 0.50965
vt 0.75000 0.49177
vt 1.00000 0.46890
vt 0.00000 0.59657
vt 0.25000 0.60377
vt 0.50000 0.60407
vt 0.75000 0.57764
vt 1.00000 0.54421
vt 0.00000 0.71238
vt 0.25000 0.70853
vt 0.50000 0.70143
vt 0.75000 0.68140
vt 1.00000 0.65726
vt 0.00000 0.80770
vt 0.25000 0.80546
vt 0.50000 0.79893
vt 0.75000 0.77372
vt 1.00000 0.74432
vt 0.00000 0.92907
vt 0.25000 0.91477
vt 0.50000 0.89940
vt 0.75000 0.88292
vt 1.00000 0.86646
vt 0.00000 1.00000
vt 0.25000 1.00000
vt 0.50000 1.00000
vt 0.75000 1.00000
vt 1.00000 1.00000
vt 0.00000 0.00000
vt 0.00000 0.09496
vt 0.25000 0.09107
vt 0.25000 0.00000
vt 0.50000 0.00000
vt 0.50000 0.08715
vt 0.75000 0.08768
vt 0.75000 0.00000
vt 1.00000 0.00000
vt 1.00000 0.08909
vt 0.00000 0.16465
vt 0.25000 0.17124
vt 0.50000 0.17440
vt 0.75000 0.16385
vt 1.00000 0.15196
vt 0.00000 0.26487
vt 0.25000 0.26544
vt 0.50000 0.26402
vt 0.75000 0.25481
vt 1.00000 0.24472
vt 0.00000 0.34093
vt 0.25000 0.34975
vt 0.50000 0.35375
vt 0.75000 0.33457
vt 1.00000 0.31206
vt 0.00000 0.40318
vt 0.25000 0.41176
vt 0.50000 0.41535
vt 0.75000 0.39420
vt 1.00000 0.37084
vt 0.00000 0.51141
vt 0.25000 0.51209
vt 0.50000 0.50965
vt 0.75000 0.49152
vt 1.00000 0.47184
vt 0.00000 0.59855
vt 0.25000 0.60393
vt 0.50000 0.60406
vt 0.75000 0.57962
vt 1.00000 0.55133
vt 0.00000 0.71279
vt 0.25000 0.70884
vt 0.50000 0.70144
vt 0.75000 0.68165
vt 1.00000 0.65965
vt 0.00000 0.80761
vt 0.25000 0.80569
vt 0.50000 0.79893
vt 0.75000 0.77577
vt 1.00000 0.75085
vt 0.00000 0.92837
vt 0.25000 0.91510
vt 0.50000 0.89941
vt 0.75000 0.88275
vt 1.00000 0.86594
vt 0.00000 1.00000
vt 0.25000 1.00000
vt 0.50000 1.00000
vt 0.75000 1.00000
vt 1.00000 1.00000
vt 0.00000 0.00000
vt 0.00000 0.09286
vt 0.25000 0.08944
vt 0.25000 0.00000
vt 0.50000 0.00000
vt 0.50000 0.08716
vt 0.75000 0.08805
vt 0.75000 0.00000
vt 1.00000 0.00000
vt 1.00000 0.08907
vt 0.00000 0.16332
vt 0.25000 0.17028
vt 0.50000 0.17440
vt 0.75000 0.16458
vt 1.00000 0.15263
vt 0.00000 0.26099
vt 0.25000 0.26394
vt 0.50000 0.26404
vt 0.75000 0.25626
vt 1.00000 0.24680
vt 0.00000 0.34180
vt 0.25000 0.35007
vt 0.50000 0.35376
vt 0.75000 0.33707
vt 1.00000 0.31611
vt 0.00000 0.40487
vt 0.25000 0.41279
vt 0.50000 0.41535
vt 0.75000 0.39753
vt 1.00000 0.37789
vt 0.00000 0.51132
vt 0.25000 0.51301
vt 0.50000 0.50967
vt 0.75000 0.49549
vt 1.00000 0.48129
vt 0.00000 0.60318
vt 0.25000 0.60622
vt 0.50000 0.60407
vt 0.75000 0.58305
vt 1.00000 0.56055
vt 0.00000 0.71533
vt 0.25000 0.71036
vt 0.50000 0.70146
vt 0.75000 0.68478
vt 1.00000 0.66914
vt 0.00000 0.81157
vt 0.25000 0.80793
vt 0.50000 0.79894
vt 0.75000 0.77730
vt 1.00000 0.75640
vt 0.00000 0.92915
vt 0.25000 0.91634
vt 0.50000 0.89942
vt 0.75000 0.88336
vt 1.00000 0.87007
vt 0.00000 1.00000
vt 0.25000 1.00000
vt 0.50000 1.00000
vt 0.75000 1.00000
vt 1.00000 1.00000
vt 0.00000 0.00000
vt 0.00000 0.09564
vt 0.25000 0.09103
vt 0.25000 0.00000
vt 0.50000 0.00000
vt 0.50000 0.08717
vt 0.75000 0.08654
vt 0.75000 0.00000
vt 1.00000 0.00000
vt 1.00000 0.08696
vt 0.00000 0.16913
vt 0.25000 0.17234
vt 0.50000 0.17440
vt 0.75000 0.16475
vt 1.00000 0.15414
vt 0.00000 0.26924
vt 0.25000 0.26668
vt 0.50000 0.26404
vt 0.75000 0.25406
vt 1.00000 0.24397
vt 0.00000 0.34668
vt 0.25000 0.35140
vt 0.50000 0.35375
vt 0.75000 0.33589
vt 1.00000 0.31773
vt 0.00000 0.41034
vt 0.25000 0.41373
vt 0.50000 0.41533
vt 0.75000 0.39634
vt 1.00000 0.37597
vt 0.00000 0.51895
vt 0.25000 0.51449
vt 0.50000 0.50966
vt 0.75000 0.49241
vt 1.00000 0.47462
vt 0.00000 0.60749
vt 0.25000 0.60703
vt 0.50000 0.60405
vt 0.75000 0.58262
vt 1.00000 0.55961
vt 0.00000 0.72152
vt 0.25000 0.71182
vt 0.50000 0.70146
vt 0.75000 0.68342
vt 1.00000 0.66617
vt 0.00000 0.81663
vt 0.25000 0.80890
vt 0.50000 0.79894
vt 0.75000 0.77931
vt 1.00000 0.75874
vt 0.00000 0.93716
vt 0.25000 0.91785
vt 0.50000 0.89943
vt 0.75000 0.88368
vt 1.00000 0.86936
vt 0.00000 1.00000
vt 0.25000 1.00000
vt 0.50000 1.00000
vt 0.75000 1.00000
vt 1.00000 1.00000
vt 0.00000 0.00000
vt 0.00000 0.09362
vt 0.25000 0.09034
vt 0.25000 0.00000
vt 0.50000 0.00000
vt 0.50000 0.08718
vt 0.75000 0.08715
vt 0.75000 0.00000
vt 1.00000 0.00000
vt 1.00000 0.08754
vt 0.00000 0.16901
vt 0.25000 0.17258
vt 0.50000 0.17441
vt 0.75000 0.16775
vt 1.00000 0.16029
vt 0.00000 0.26702
vt 0.25000 0.26593
vt 0.50000 0.26406
vt 0.75000 0.25781
vt 1.00000 0.25087
vt 0.00000 0.34632
vt 0.25000 0.35132
vt 0.50000 0.35376
vt 0.75000 0.34169
vt 1.00000 0.32905
vt 0.00000 0.40857
vt 0.25000 0.41339
vt 0.50000 0.41534
vt 0.75000 0.40183
vt 1.00000 0.38850
vt 0.00000 0.51443
vt 0.25000 0.51261
vt 0.50000 0.50967
vt 0.75000 0.49739
vt 1.00000 0.48575
vt 0.00000 0.60377
vt 0.25000 0.60467
vt 0.50000 0.60405
vt 0.75000 0.58720
vt 1.00000 0.57142
vt 0.00000 0.71433
vt 0.25000 0.70812
vt 0.50000 0.70146
vt 0.75000 0.68682
vt 1.00000 0.67405
vt 0.00000 0.81261
vt 0.25000 0.80621
vt 0.50000 0.79893
vt 0.75000 0.78105
vt 1.00000 0.76477
vt 0.00000 0.93006
vt 0.25000 0.91415
vt 0.50000 0.89944
vt 0.75000 0.88448
vt 1.00000 0.87125
vt 0.00000 1.00000
vt 0.25000 1.00000
vt 0.50000 1.00000
vt 0.75000 1.00000
vt 1.00000 1.00000
vt 0.00000 0.00000
vt 0.00000 0.09172
vt 0.25000 0.08943
vt 0.25000 0.00000
vt 0.50000 0.00000
vt 0.50000 0.08718
vt 0.75000 0.08678
vt 0.75000 0.00000
vt 1.00000 0.00000
vt 1.00000 0.08616
vt 0.00000 0.17256
vt 0.25000 0.17397
vt 0.50000 0.17440
vt 0.75000 0.16629
vt 1.00000 0.15754
vt 0.00000 0.26805
vt 0.25000 0.26660
vt 0.50000 0.26406
vt 0.75000 0.25665
vt 1.00000 0.24924
vt 0.00000 0.35337
vt 0.25000 0.35451
vt 0.50000 0.35377
vt 0.75000 0.34096
vt 1.00000 0.32679
vt 0.00000 0.41708
vt 0.25000 0.41721
vt 0.50000 0.41533
vt 0.75000 0.40175
vt 1.00000 0.38700
vt 0.00000 0.51864
vt 0.25000 0.51529
vt 0.50000 0.50968
vt 0.75000 0.49798
vt 1.00000 0.48529
vt 0.00000 0.61040
vt 0.25000 0.60883
vt 0.50000 0.60406
vt 0.75000 0.58814
vt 1.00000 0.57191
vt 0.00000 0.71650
vt 0.25000 0.71069
vt 0.50000 0.70147
vt 0.75000 0.68790
vt 1.00000 0.67381
vt 0.00000 0.81525
vt 0.25000 0.80884
vt 0.50000 0.79893
vt 0.75000 0.78158
vt 1.00000 0.76462
vt 0.00000 0.92622
vt 0.25000 0.91458
vt 0.50000 0.89944
vt 0.75000 0.88482
vt 1.00000 0.87102
vt 0.00000 1.00000
vt 0.25000 1.00000
vt 0.50000 1.00000
vt 0.75000 1.00000
vt 1.00000 1.00000

g palm02basecolor
usemtl palm02basecolor
f 2/2/2 1/1/1 3/3/3
f 4/4/4 2/2/2 3/3/3
f 5/5/5 1/1/1 2/2/2
f 7/7/7 6/6/6 1/1/1
f 5/5/5 7/7/7 1/1/1
f 8/8/8 6/6/6 7/7/7
f 10/10/10 9/9/9 6/6/6
f 8/8/8 10/10/10 6/6/6
f 11/11/11 9/9/9 10/10/10
f 13/13/13 12/12/12 9/9/9
f 11/11/11 13/13/13 9/9/9
f 14/14/14 12/12/12 13/13/13
f 16/16/16 15/15/15 12/12/12
f 14/14/14 16/16/16 12/12/12
f 17/17/17 15/15/15 16/16/16
f 19/19/19 18/18/18 15/15/15
f 17/17/17 19/19/19 15/15/15
f 20/20/20 18/18/18 19/19/19
f 22/22/22 21/21/21 18/18/18
f 20/20/20 22/22/22 18/18/18
f 23/23/23 21/21/21 22/22/22
f 25/25/25 24/24/24 21/21/21
f 23/23/23 25/25/25 21/21/21
f 26/26/26 24/24/24 25/25/25
f 28/28/28 27/27/27 24/24/24
f 26/26/26 28/28/28 24/24/24
f 29/29/29 27/27/27 28/28/28
f 31/31/31 30/30/30 27/27/27
f 29/29/29 31/31/31 27/27/27
f 32/32/32 30/30/30 31/31/31
f 34/34/34 33/33/33 30/30/30
f 32/32/32 34/34/34 30/30/30
f 35/35/35 33/33/33 34/34/34
f 37/37/37 36/36/36 33/33/33
f 35/35/35 37/37/37 33/33/33
f 38/38/38 36/36/36 37/37/37
f 40/40/40 39/39/39 36/36/36
f 38/38/38 40/40/40 36/36/36
f 41/41/41 39/39/39 40/40/40
f 43/43/43 42/42/42 39/39/39
f 41/41/41 43/43/43 39/39/39
f 44/44/44 42/42/42 43/43/43
f 46/46/46 45/45/45 42/42/42
f 44/44/44 46/46/46 42/42/42
f 47/47/47 45/45/45 46/46/46
f 49/49/49 48/48/48 45/45/45
f 47/47/47 49/49/49 45/45/45
f 50/50/50 48/48/48 49/49/49
f 52/52/52 51/51/51 48/48/48
f 50/50/50 52/52/52 48/48/48
f 53/53/53 51/51/51 52/52/52
f 55/55/55 54/54/54 51/51/51
f 53/53/53 55/55/55 51/51/51
f 56/56/56 54/54/54 55/55/55
f 58/58/58 57/57/57 54/54/54
f 56/56/56 58/58/58 54/54/54
f 59/59/59 57/57/57 58/58/58
f 61/61/61 60/60/60 57/57/57
f 59/59/59 61/61/61 57/57/57
f 62/62/62 60/60/60 61/61/61
f 63/63/63 3/3/3 64/64/64
f 1/1/1 64/64/64 3/3/3
f 1/1/1 6/6/6 64/64/64
f 65/65/65 64/64/64 6/6/6
f 65/65/65 6/6/6 66/66/66
f 9/9/9 66/66/66 6/6/6
f 9/9/9 12/12/12 66/66/66
f 67/67/67 66/66/66 12/12/12
f 67/67/67 12/12/12 68/68/68
f 15/15/15 68/68/68 12/12/12
f 15/15/15 18/18/18 68/68/68
f 69/69/69 68/68/68 18/18/18
f 69/69/69 18/18/18 70/70/70
f 21/21/21 70/70/70 18/18/18
f 21/21/21 24/24/24 70/70/70
f 71/71/71 70/70/70 24/24/24
f 71/71/71 24/24/24 72/72/72
f 27/27/27 72/72/72 24/24/24
f 27/27/27 30/30/30 72/72/72
f 73/73/73 72/72/72 30/30/30
f 73/73/73 30/30/30 74/74/74
f 33/33/33 74/74/74 30/30/30
f 33/33/33 36/36/36 74/74/74
f 75/75/75 74/74/74 36/36/36
f 75/75/75 36/36/36 76/76/76
f 39/39/39 76/76/76 36/36/36
f 39/39/39 42/42/42 76/76/76
f 77/77/77 76/76/76 42/42/42
f 77/77/77 42/42/42 78/78/78
f 45/45/45 78/78/78 42/42/42
f 45/45/45 48/48/48 78/78/78
f 79/79/79 78/78/78 48/48/48
f 79/79/79 48/48/48 80/80/80
f 51/51/51 80/80/80 48/48/48
f 51/51/51 54/54/54 80/80/80
f 81/81/81 80/80/80 54/54/54
f 81/81/81 54/54/54 82/82/82
f 57/57/57 82/82/82 54/54/54
f 57/57/57 60/60/60 82/82/82
f 83/83/83 82/82/82 60/60/60
f 84/84/84 63/63/63 85/85/85
f 64/64/64 85/85/85 63/63/63
f 64/64/64 65/65/65 85/85/85
f 86/86/86 85/85/85 65/65/65
f 86/86/86 65/65/65 87/87/87
f 66/66/66 87/87/87 65/65/65
f 66/66/66 67/67/67 87/87/87
f 88/88/88 87/87/87 67/67/67
f 88/88/88 67/67/67 89/89/89
f 68/68/68 89/89/89 67/67/67
f 68/68/68 69/69/69 89/89/89
f 90/90/90 89/89/89 69/69/69
f 90/90/90 69/69/69 91/91/91
f 70/70/70 91/91/91 69/69/69
f 70/70/70 71/71/71 91/91/91
f 92/92/92 91/91/91 71/71/71
f 92/92/92 71/71/71 93/93/93
f 72/72/72 93/93/93 71/71/71
f 72/72/72 73/73/73 93/93/93
f 94/94/94 93/93/93 73/73/73
f 94/94/94 73/73/73 95/95/95
f 74/74/74 95/95/95 73/73/73
f 74/74/74 75/75/75 95/95/95
f 96/96/96 95/95/95 75/75/75
f 96/96/96 75/75/75 97/97/97
f 76/76/76 97/97/97 75/75/75
f 76/76/76 77/77/77 97/97/97
f 98/98/98 97/97/97 77/77/77
f 98/98/98 77/77/77 99/99/99
f 78/78/78 99/99/99 77/77/77
f 78/78/78 79/79/79 99/99/99
f 100/100/100 99/99/99 79/79/79
f 100/100/100 79/79/79 101/101/101
f 80/80/80 101/101/101 79/79/79
f 80/80/80 81/81/81 101/101/101
f 102/102/102 101/101/101 81/81/81
f 102/102/102 81/81/81 103/103/103
f 82/82/82 103/103/103 81/81/81
f 82/82/82 83/83/83 103/103/103
f 104/104/104 103/103/103 83/83/83
f 105/105/105 84/84/84 106/106/106
f 85/85/85 106/106/106 84/84/84
f 85/85/85 86/86/86 106/106/106
f 107/107/107 106/106/106 86/86/86
f 107/107/107 86/86/86 108/108/108
f 87/87/87 108/108/108 86/86/86
f 87/87/87 88/88/88 108/108/108
f 109/109/109 108/108/108 88/88/88
f 109/109/109 88/88/88 110/110/110
f 89/89/89 110/110/110 88/88/88
f 89/89/89 90/90/90 110/110/110
f 111/111/111 110/110/110 90/90/90
f 111/111/111 90/90/90 112/112/112
f 91/91/91 112/112/112 90/90/90
f 91/91/91 92/92/92 112/112/112
f 113/113/113 112/112/112 92/92/92
f 113/113/113 92/92/92 114/114/114
f 93/93/93 114/114/114 92/92/92
f 93/93/93 94/94/94 114/114/114
f 115/115/115 114/114/114 94/94/94
f 115/115/115 94/94/94 116/116/116
f 95/95/95 116/116/116 94/94/94
f 95/95/95 96/96/96 116/116/116
f 117/117/117 116/116/116 96/96/96
f 117/117/117 96/96/96 118/118/118
f 97/97/97 118/118/118 96/96/96
f 97/97/97 98/98/98 118/118/118
f 119/119/119 118/118/118 98/98/98
f 119/119/119 98/98/98 120/120/120
f 99/99/99 120/120/120 98/98/98
f 99/99/99 100/100/100 120/120/120
f 121/121/121 120/120/120 100/100/100
f 121/121/121 100/100/100 122/122/122
f 101/101/101 122/122/122 100/100/100
f 101/101/101 102/102/102 122/122/122
f 123/123/123 122/122/122 102/102/102
f 123/123/123 102/102/102 124/124/124
f 103/103/103 124/124/124 102/102/102
f 103/103/103 104/104/104 124/124/124
f 125/125/125 124/124/124 104/104/104
f 126/126/126 105/105/105 127/127/127
f 106/106/106 127/127/127 105/105/105
f 106/106/106 107/107/107 127/127/127
f 128/128/128 127/127/127 107/107/107
f 128/128/128 107/107/107 129/129/129
f 108/108/108 129/129/129 107/107/107
f 108/108/108 109/109/109 129/129/129
f 130/130/130 129/129/129 109/109/109
f 130/130/130 109/109/109 131/131/131
f 110/110/110 131/131/131 109/109/109
f 110/110/110 111/111/111 131/131/131
f 132/132/132 131/131/131 111/111/111
f 132/132/132 111/111/111 133/133/133
f 112/112/112 133/133/133 111/111/111
f 112/112/112 113/113/113 133/133/133
f 134/134/134 133/133/133 113/113/113
f 134/134/134 113/113/113 135/135/135
f 114/114/114 135/135/135 113/113/113
f 114/114/114 115/115/115 135/135/135
f 136/136/136 135/135/135 115/115/115
f 136/136/136 115/115/115 137/137/137
f 116/116/116 137/137/137 115/115/115
f 116/116/116 117/117/117 137/137/137
f 138/138/138 137/137/137 117/117/117
f 138/138/138 117/117/117 139/139/139
f 118/118/118 139/139/139 117/117/117
f 118/118/118 119/119/119 139/139/139
f 140/140/140 139/139/139 119/119/119
f 140/140/140 119/119/119 141/141/141
f 120/120/120 141/141/141 119/119/119
f 120/120/120 121/121/121 141/141/141
f 142/142/142 141/141/141 121/121/121
f 142/142/142 121/121/121 143/143/143
f 122/122/122 143/143/143 121/121/121
f 122/122/122 123/123/123 143/143/143
f 144/144/144 143/143/143 123/123/123
f 144/144/144 123/123/123 145/145/145
f 124/124/124 145/145/145 123/123/123
f 124/124/124 125/125/125 145/145/145
f 146/146/146 145/145/145 125/125/125
f 147/147/147 126/126/126 148/148/148
f 127/127/127 148/148/148 126/126/126
f 127/127/127 128/128/128 148/148/148
f 149/149/149 148/148/148 128/128/128
f 149/149/149 128/128/128 150/150/150
f 129/129/129 150/150/150 128/128/128
f 129/129/129 130/130/130 150/150/150
f 151/151/151 150/150/150 130/130/130
f 151/151/151 130/130/130 152/152/152
f 131/131/131 152/152/152 130/130/130
f 131/131/131 132/132/132 152/152/152
f 153/153/153 152/152/152 132/132/132
f 153/153/153 132/132/132 154/154/154
f 133/133/133 154/154/154 132/132/132
f 133/133/133 134/134/134 154/154/154
f 155/155/155 154/154/154 134/134/134
f 155/155/155 134/134/134 156/156/156
f 135/135/135 156/156/156 134/134/134
f 135/135/135 136/136/136 156/156/156
f 157/157/157 156/156/156 136/136/136
f 157/157/157 136/136/136 158/158/158
f 137/137/137 158/158/158 136/136/136
f 137/137/137 138/138/138 158/158/158
f 159/159/159 158/158/158 138/138/138
f 159/159/159 138/138/138 160/160/160
f 139/139/139 160/160/160 138/138/138
f 139/139/139 140/140/140 160/160/160
f 161/161/161 160/160/160 140/140/140
f 161/161/161 140/140/140 162/162/162
f 141/141/141 162/162/162 140/140/140
f 141/141/141 142/142/142 162/162/162
f 163/163/163 162/162/162 142/142/142
f 163/163/163 142/142/142 164/164/164
f 143/143/143 164/164/164 142/142/142
f 143/143/143 144/144/144 164/164/164
f 165/165/165 164/164/164 144/144/144
f 165/165/165 144/144/144 166/166/166
f 145/145/145 166/166/166 144/144/144
f 145/145/145 146/146/146 166/166/166
f 167/167/167 166/166/166 146/146/146
f 168/168/168 147/147/147 169/169/169
f 148/148/148 169/169/169 147/147/147
f 148/148/148 149/149/149 169/169/169
f 170/170/170 169/169/169 149/149/149
f 170/170/170 149/149/149 171/171/171
f 150/150/150 171/171/171 149/149/149
f 150/150/150 151/151/151 171/171/171
f 172/172/172 171/171/171 151/151/151
f 172/172/172 151/151/151 173/173/173
f 152/152/152 173/173/173 151/151/151
f 152/152/152 153/153/153 173/173/173
f 174/174/174 173/173/173 153/153/153
f 174/174/174 153/153/153 175/175/175
f 154/154/154 175/175/175 153/153/153
f 154/154/154 155/155/155 175/175/175
f 176/176/176 175/175/175 155/155/155
f 176/176/176 155/155/155 177/177/177
f 156/156/156 177/177/177 155/155/155
f 156/156/156 157/157/157 177/177/177
f 178/178/178 177/177/177 157/157/157
f 178/178/178 157/157/157 179/179/179
f 158/158/158 179/179/179 157/157/157
f 158/158/158 159/159/159 179/179/179
f 180/180/180 179/179/179 159/159/159
f 180/180/180 159/159/159 181/181/181
f 160/160/160 181/181/181 159/159/159
f 160/160/160 161/161/161 181/181/181
f 182/182/182 181/181/181 161/161/161
f 182/182/182 161/161/161 183/183/183
f 162/162/162 183/183/183 161/161/161
f 162/162/162 163/163/163 183/183/183
f 184/184/184 183/183/183 163/163/163
f 184/184/184 163/163/163 185/185/185
f 164/164/164 185/185/185 163/163/163
f 164/164/164 165/165/165 185/185/185
f 186/186/186 185/185/185 165/165/165
f 186/186/186 165/165/165 187/187/187
f 166/166/166 187/187/187 165/165/165
f 166/166/166 167/167/167 187/187/187
f 188/188/188 187/187/187 167/167/167
f 189/189/189 168/168/168 190/190/190
f 169/169/169 190/190/190 168/168/168
f 169/169/169 170/170/170 190/190/190
f 191/191/191 190/190/190 170/170/170
f 191/191/191 170/170/170 192/192/192
f 171/171/171 192/192/192 170/170/170
f 171/171/171 172/172/172 192/192/192
f 193/193/193 192/192/192 172/172/172
f 193/193/193 172/172/172 194/194/194
f 173/173/173 194/194/194 172/172/172
f 173/173/173 174/174/174 194/194/194
f 195/195/195 194/194/194 174/174/174
f 195/195/195 174/174/174 196/196/196
f 175/175/175 196/196/196 174/174/174
f 175/175/175 176/176/176 196/196/196
f 197/197/197 196/196/196 176/176/176
f 197/197/197 176/176/176 198/198/198
f 177/177/177 198/198/198 176/176/176
f 177/177/177 178/178/178 198/198/198
f 199/199/199 198/198/198 178/178/178
f 199/199/199 178/178/178 200/200/200
f 179/179/179 200/200/200 178/178/178
f 179/179/179 180/180/180 200/200/200
f 201/201/201 200/200/200 180/180/180
f 201/201/201 180/180/180 202/202/202
f 181/181/181 202/202/202 180/180/180
f 181/181/181 182/182/182 202/202/202
f 203/203/203 202/202/202 182/182/182
f 203/203/203 182/182/182 204/204/204
f 183/183/183 204/204/204 182/182/182
f 183/183/183 184/184/184 204/204/204
f 205/205/205 204/204/204 184/184/184
f 205/205/205 184/184/184 206/206/206
f 185/185/185 206/206/206 184/184/184
f 185/185/185 186/186/186 206/206/206
f 207/207/207 206/206/206 186/186/186
f 207/207/207 186/186/186 208/208/208
f 187/187/187 208/208/208 186/186/186
f 187/187/187 188/188/188 208/208/208
f 209/209/209 208/208/208 188/188/188
f 210/210/210 189/189/189 211/211/211
f 190/190/190 211/211/211 189/189/189
f 190/190/190 191/191/191 211/211/211
f 212/212/212 211/211/211 191/191/191
f 212/212/212 191/191/191 213/213/213
f 192/192/192 213/213/213 191/191/191
f 192/192/192 193/193/193 213/213/213
f 214/214/214 213/213/213 193/193/193
f 214/214/214 193/193/193 215/215/215
f 194/194/194 215/215/215 193/193/193
f 194/194/194 195/195/195 215/215/215
f 216/216/216 215/215/215 195/195/195
f 216/216/216 195/195/195 217/217/217
f 196/196/196 217/217/217 195/195/195
f 196/196/196 197/197/197 217/217/217
f 218/218/218 217/217/217 197/197/197
f 218/218/218 197/197/197 219/219/219
f 198/198/198 219/219/219 197/197/197
f 198/198/198 199/199/199 219/219/219
f 220/220/220 219/219/219 199/199/199
f 220/220/220 199/199/199 221/221/221
f 200/200/200 221/221/221 199/199/199
f 200/200/200 201/201/201 221/221/221
f 222/222/222 221/221/221 201/201/201
f 222/222/222 201/201/201 223/223/223
f 202/202/202 223/223/223 201/201/201
f 202/202/202 203/203/203 223/223/223
f 224/224/224 223/223/223 203/203/203
f 224/224/224 203/203/203 225/225/225
f 204/204/204 225/225/225 203/203/203
f 204/204/204 205/205/205 225/225/225
f 226/226/226 225/225/225 205/205/205
f 226/226/226 205/205/205 227/227/227
f 206/206/206 227/227/227 205/205/205
f 206/206/206 207/207/207 227/227/227
f 228/228/228 227/227/227 207/207/207
f 228/228/228 207/207/207 229/229/229
f 208/208/208 229/229/229 207/207/207
f 208/208/208 209/209/209 229/229/229
f 230/230/230 229/229/229 209/209/209
f 231/231/231 210/210/210 232/232/232
f 211/211/211 232/232/232 210/210/210
f 211/211/211 212/212/212 232/232/232
f 233/233/233 232/232/232 212/212/212
f 233/233/233 212/212/212 234/234/234
f 213/213/213 234/234/234 212/212/212
f 213/213/213 214/214/214 234/234/234
f 235/235/235 234/234/234 214/214/214
f 235/235/235 214/214/214 236/236/236
f 215/215/215 236/236/236 214/214/214
f 215/215/215 216/216/216 236/236/236
f 237/237/237 236/236/236 216/216/216
f 237/237/237 216/216/216 238/238/238
f 217/217/217 238/238/238 216/216/216
f 217/217/217 218/218/218 238/238/238
f 239/239/239 238/238/238 218/218/218
f 239/239/239 218/218/218 240/240/240
f 219/219/219 240/240/240 218/218/218
f 219/219/219 220/220/220 240/240/240
f 241/241/241 240/240/240 220/220/220
f 241/241/241 220/220/220 242/242/242
f 221/221/221 242/242/242 220/220/220
f 221/221/221 222/222/222 242/242/242
f 243/243/243 242/242/242 222/222/222
f 243/243/243 222/222/222 244/244/244
f 223/223/223 244/244/244 222/222/222
f 223/223/223 224/224/224 244/244/244
f 245/245/245 244/244/244 224/224/224
f 245/245/245 224/224/224 246/246/246
f 225/225/225 246/246/246 224/224/224
f 225/225/225 226/226/226 246/246/246
f 247/247/247 246/246/246 226/226/226
f 247/247/247 226/226/226 248/248/248
f 227/227/227 248/248/248 226/226/226
f 227/227/227 228/228/228 248/248/248
f 249/249/249 248/248/248 228/228/228
f 249/249/249 228/228/228 250/250/250
f 229/229/229 250/250/250 228/228/228
f 229/229/229 230/230/230 250/250/250
f 251/251/251 250/250/250 230/230/230
f 252/252/252 231/231/231 253/253/253
f 232/232/232 253/253/253 231/231/231
f 232/232/232 233/233/233 253/253/253
f 254/254/254 253/253/253 233/233/233
f 254/254/254 233/233/233 255/255/255
f 234/234/234 255/255/255 233/233/233
f 234/234/234 235/235/235 255/255/255
f 256/256/256 255/255/255 235/235/235
f 256/256/256 235/235/235 257/257/257
f 236/236/236 257/257/257 235/235/235
f 236/236/236 237/237/237 257/257/257
f 258/258/258 257/257/257 237/237/237
f 258/258/258 237/237/237 259/259/259
f 238/238/238 259/259/259 237/237/237
f 238/238/238 239/239/239 259/259/259
f 260/260/260 259/259/259 239/239/239
f 260/260/260 239/239/239 261/261/261
f 240/240/240 261/261/261 239/239/239
f 240/240/240 241/241/241 261/261/261
f 262/262/262 261/261/261 241/241/241
f 262/262/262 241/241/241 263/263/263
f 242/242/242 263/263/263 241/241/241
f 242/242/242 243/243/243 263/263/263
f 264/264/264 263/263/263 243/243/243
f 264/264/264 243/243/243 265/265/265
f 244/244/244 265/265/265 243/243/243
f 244/244/244 245/245/245 265/265/265
f 266/266/266 265/265/265 245/245/245
f 266/266/266 245/245/245 267/267/267
f 246/246/246 267/267/267 245/245/245
f 246/246/246 247/247/247 267/267/267
f 268/268/268 267/267/267 247/247/247
f 268/268/268 247/247/247 269/269/269
f 248/248/248 269/269/269 247/247/247
f 248/248/248 249/249/249 269/269/269
f 270/270/270 269/269/269 249/249/249
f 270/270/270 249/249/249 271/271/271
f 250/250/250 271/271/271 249/249/249
f 250/250/250 251/251/251 271/271/271
f 272/272/272 271/271/271 251/251/251
f 273/273/273 252/252/252 274/274/274
f 253/253/253 274/274/274 252/252/252
f 253/253/253 254/254/254 274/274/274
f 275/275/275 274/274/274 254/254/254
f 275/275/275 254/254/254 276/276/276
f 255/255/255 276/276/276 254/254/254
f 255/255/255 256/256/256 276/276/276
f 277/277/277 276/276/276 256/256/256
f 277/277/277 256/256/256 278/278/278
f 257/257/257 278/278/278 256/256/256
f 257/257/257 258/258/258 278/278/278
f 279/279/279 278/278/278 258/258/258
f 279/279/279 258/258/258 280/280/280
f 259/259/259 280/280/280 258/258/258
f 259/259/259 260/260/260 280/280/280
f 281/281/281 280/280/280 260/260/260
f 281/281/281 260/260/260 282/282/282
f 261/261/261 282/282/282 260/260/260
f 261/261/261 262/262/262 282/282/282
f 283/283/283 282/282/282 262/262/262
f 283/283/283 262/262/262 284/284/284
f 263/263/263 284/284/284 262/262/262
f 263/263/263 264/264/264 284/284/284
f 285/285/285 284/284/284 264/264/264
f 285/285/285 264/264/264 286/286/286
f 265/265/265 286/286/286 264/264/264
f 265/265/265 266/266/266 286/286/286
f 287/287/287 286/286/286 266/266/266
f 287/287/287 266/266/266 288/288/288
f 267/267/267 288/288/288 266/266/266
f 267/267/267 268/268/268 288/288/288
f 289/289/289 288/288/288 268/268/268
f 289/289/289 268/268/268 290/290/290
f 269/269/269 290/290/290 268/268/268
f 269/269/269 270/270/270 290/290/290
f 291/291/291 290/290/290 270/270/270
f 291/291/291 270/270/270 292/292/292
f 271/271/271 292/292/292 270/270/270
f 271/271/271 272/272/272 292/292/292
f 293/293/293 292/292/292 272/272/272
f 294/294/294 273/273/273 295/295/295
f 274/274/274 295/295/295 273/273/273
f 274/274/274 275/275/275 295/295/295
f 296/296/296 295/295/295 275/275/275
f 296/296/296 275/275/275 297/297/297
f 276/276/276 297/297/297 275/275/275
f 276/276/276 277/277/277 297/297/297
f 298/298/298 297/297/297 277/277/277
f 298/298/298 277/277/277 299/299/299
f 278/278/278 299/299/299 277/277/277
f 278/278/278 279/279/279 299/299/299
f 300/300/300 299/299/299 279/279/279
f 300/300/300 279/279/279 301/301/301
f 280/280/280 301/301/301 279/279/279
f 280/280/280 281/281/281 301/301/301
f 302/302/302 301/301/301 281/281/281
f 302/302/302 281/281/281 303/303/303
f 282/282/282 303/303/303 281/281/281
f 282/282/282 283/283/283 303/303/303
f 304/304/304 303/303/303 283/283/283
f 304/304/304 283/283/283 305/305/305
f 284/284/284 305/305/305 283/283/283
f 284/284/284 285/285/285 305/305/305
f 306/306/306 305/305/305 285/285/285
f 306/306/306 285/285/285 307/307/307
f 286/286/286 307/307/307 285/285/285
f 286/286/286 287/287/287 307/307/307
f 308/308/308 307/307/307 287/287/287
f 308/308/308 287/287/287 309/309/309
f 288/288/288 309/309/309 287/287/287
f 288/288/288 289/289/289 309/309/309
f 310/310/310 309/309/309 289/289/289
f 310/310/310 289/289/289 311/311/311
f 290/290/290 311/311/311 289/289/289
f 290/290/290 291/291/291 311/311/311
f 312/312/312 311/311/311 291/291/291
f 312/312/312 291/291/291 313/313/313
f 292/292/292 313/313/313 291/291/291
f 292/292/292 293/293/293 313/313/313
f 314/314/314 313/313/313 293/293/293
f 315/315/315 294/294/294 316/316/316
f 295/295/295 316/316/316 294/294/294
f 295/295/295 296/296/296 316/316/316
f 317/317/317 316/316/316 296/296/296
f 317/317/317 296/296/296 318/318/318
f 297/297/297 318/318/318 296/296/296
f 297/297/297 298/298/298 318/318/318
f 319/319/319 318/318/318 298/298/298
f 319/319/319 298/298/298 320/320/320
f 299/299/299 320/320/320 298/298/298
f 299/299/299 300/300/300 320/320/320
f 321/321/321 320/320/320 300/300/300
f 321/321/321 300/300/300 322/322/322
f 301/301/301 322/322/322 300/300/300
f 301/301/301 302/302/302 322/322/322
f 323/323/323 322/322/322 302/302/302
f 323/323/323 302/302/302 324/324/324
f 303/303/303 324/324/324 302/302/302
f 303/303/303 304/304/304 324/324/324
f 325/325/325 324/324/324 304/304/304
f 325/325/325 304/304/304 326/326/326
f 305/305/305 326/326/326 304/304/304
f 305/305/305 306/306/306 326/326/326
f 327/327/327 326/326/326 306/306/306
f 327/327/327 306/306/306 328/328/328
f 307/307/307 328/328/328 306/306/306
f 307/307/307 308/308/308 328/328/328
f 329/329/329 328/328/328 308/308/308
f 329/329/329 308/308/308 330/330/330
f 309/309/309 330/330/330 308/308/308
f 309/309/309 310/310/310 330/330/330
f 331/331/331 330/330/330 310/310/310
f 331/331/331 310/310/310 332/332/332
f 311/311/311 332/332/332 310/310/310
f 311/311/311 312/312/312 332/332/332
f 333/333/333 332/332/332 312/312/312
f 333/333/333 312/312/312 334/334/334
f 313/313/313 334/334/334 312/312/312
f 313/313/313 314/314/314 334/334/334
f 335/335/335 334/334/334 314/314/314
f 315/315/315 316/316/316 336/336/336
f 317/317/317 337/337/337 316/316/316
f 316/316/316 337/337/337 336/336/336
f 317/317/317 318/318/318 337/337/337
f 319/319/319 338/338/338 318/318/318
f 318/318/318 338/338/338 337/337/337
f 319/319/319 320/320/320 338/338/338
f 321/321/321 339/339/339 320/320/320
f 320/320/320 339/339/339 338/338/338
f 321/321/321 322/322/322 339/339/339
f 323/323/323 340/340/340 322/322/322
f 322/322/322 340/340/340 339/339/339
f 323/323/323 324/324/324 340/340/340
f 325/325/325 341/341/341 324/324/324
f 324/324/324 341/341/341 340/340/340
f 325/325/325 326/326/326 341/341/341
f 327/327/327 342/342/342 326/326/326
f 326/326/326 342/342/342 341/341/341
f 327/327/327 328/328/328 342/342/342
f 329/329/329 343/343/343 328/328/328
f 328/328/328 343/343/343 342/342/342
f 329/329/329 330/330/330 343/343/343
f 331/331/331 344/344/344 330/330/330
f 330/330/330 344/344/344 343/343/343
f 331/331/331 332/332/332 344/344/344
f 333/333/333 345/345/345 332/332/332
f 332/332/332 345/345/345 344/344/344
f 333/333/333 334/334/334 345/345/345
f 335/335/335 346/346/346 334/334/334
f 334/334/334 346/346/346 345/345/345
f 347/347/347 336/336/336 348/348/348
f 337/337/337 348/348/348 336/336/336
f 337/337/337 338/338/338 348/348/348
f 349/349/349 348/348/348 338/338/338
f 349/349/349 338/338/338 350/350/350
f 339/339/339 350/350/350 338/338/338
f 339/339/339 340/340/340 350/350/350
f 351/351/351 350/350/350 340/340/340
f 351/351/351 340/340/340 352/352/352
f 341/341/341 352/352/352 340/340/340
f 341/341/341 342/342/342 352/352/352
f 353/353/353 352/352/352 342/342/342
f 353/353/353 342/342/342 354/354/354
f 343/343/343 354/354/354 342/342/342
f 343/343/343 344/344/344 354/354/354
f 355/355/355 354/354/354 344/344/344
f 355/355/355 344/344/344 356/356/356
f 345/345/345 356/356/356 344/344/344
f 345/345/345 346/346/346 356/356/356
f 357/357/357 356/356/356 346/346/346
f 358/358/358 347/347/347 359/359/359
f 348/348/348 359/359/359 347/347/347
f 348/348/348 349/349/349 359/359/359
f 360/360/360 359/359/359 349/349/349
f 360/360/360 349/349/349 361/361/361
f 350/350/350 361/361/361 349/349/349
f 350/350/350 351/351/351 361/361/361
f 362/362/362 361/361/361 351/351/351
f 362/362/362 351/351/351 363/363/363
f 352/352/352 363/363/363 351/351/351
f 352/352/352 353/353/353 363/363/363
f 364/364/364 363/363/363 353/353/353
f 364/364/364 353/353/353 365/365/365
f 354/354/354 365/365/365 353/353/353
f 354/354/354 355/355/355 365/365/365
f 366/366/366 365/365/365 355/355/355
f 366/366/366 355/355/355 367/367/367
f 356/356/356 367/367/367 355/355/355
f 356/356/356 357/357/357 367/367/367
f 368/368/368 367/367/367 357/357/357
f 369/369/369 358/358/358 370/370/370
f 359/359/359 370/370/370 358/358/358
f 359/359/359 360/360/360 370/370/370
f 371/371/371 370/370/370 360/360/360
f 371/371/371 360/360/360 372/372/372
f 361/361/361 372/372/372 360/360/360
f 361/361/361 362/362/362 372/372/372
f 373/373/373 372/372/372 362/362/362
f 373/373/373 362/362/362 374/374/374
f 363/363/363 374/374/374 362/362/362
f 363/363/363 364/364/364 374/374/374
f 375/375/375 374/374/374 364/364/364
f 375/375/375 364/364/364 376/376/376
f 365/365/365 376/376/376 364/364/364
f 365/365/365 366/366/366 376/376/376
f 377/377/377 376/376/376 366/366/366
f 377/377/377 366/366/366 378/378/378
f 367/367/367 378/378/378 366/366/366
f 367/367/367 368/368/368 378/378/378
f 379/379/379 378/378/378 368/368/368
f 380/380/380 369/369/369 381/381/381
f 370/370/370 381/381/381 369/369/369
f 370/370/370 371/371/371 381/381/381
f 382/382/382 381/381/381 371/371/371
f 382/382/382 371/371/371 383/383/383
f 372/372/372 383/383/383 371/371/371
f 372/372/372 373/373/373 383/383/383
f 384/384/384 383/383/383 373/373/373
f 384/384/384 373/373/373 385/385/385
f 374/374/374 385/385/385 373/373/373
f 374/374/374 375/375/375 385/385/385
f 386/386/386 385/385/385 375/375/375
f 386/386/386 375/375/375 387/387/387
f 376/376/376 387/387/387 375/375/375
f 376/376/376 377/377/377 387/387/387
f 388/388/388 387/387/387 377/377/377
f 388/388/388 377/377/377 389/389/389
f 378/378/378 389/389/389 377/377/377
f 378/378/378 379/379/379 389/389/389
f 390/390/390 389/389/389 379/379/379
f 391/391/391 380/380/380 392/392/392
f 381/381/381 392/392/392 380/380/380
f 381/381/381 382/382/382 392/392/392
f 393/393/393 392/392/392 382/382/382
f 393/393/393 382/382/382 394/394/394
f 383/383/383 394/394/394 382/382/382
f 383/383/383 384/384/384 394/394/394
f 395/395/395 394/394/394 384/384/384
f 395/395/395 384/384/384 396/396/396
f 385/385/385 396/396/396 384/384/384
f 385/385/385 386/386/386 396/396/396
f 397/397/397 396/396/396 386/386/386
f 397/397/397 386/386/386 398/398/398
f 387/387/387 398/398/398 386/386/386
f 387/387/387 388/388/388 398/398/398
f 399/399/399 398/398/398 388/388/388
f 399/399/399 388/388/388 400/400/400
f 389/389/389 400/400/400 388/388/388
f 389/389/389 390/390/390 400/400/400
f 401/401/401 400/400/400 390/390/390
f 402/402/402 391/391/391 403/403/403
f 392/392/392 403/403/403 391/391/391
f 392/392/392 393/393/393 403/403/403
f 404/404/404 403/403/403 393/393/393
f 404/404/404 393/393/393 405/405/405
f 394/394/394 405/405/405 393/393/393
f 394/394/394 395/395/395 405/405/405
f 406/406/406 405/405/405 395/395/395
f 406/406/406 395/395/395 407/407/407
f 396/396/396 407/407/407 395/395/395
f 396/396/396 397/397/397 407/407/407
f 408/408/408 407/407/407 397/397/397
f 408/408/408 397/397/397 409/409/409
f 398/398/398 409/409/409 397/397/397
f 398/398/398 399/399/399 409/409/409
f 410/410/410 409/409/409 399/399/399
f 410/410/410 399/399/399 411/411/411
f 400/400/400 411/411/411 399/399/399
f 400/400/400 401/401/401 411/411/411
f 412/412/412 411/411/411 401/401/401
f 413/413/413 402/402/402 414/414/414
f 403/403/403 414/414/414 402/402/402
f 403/403/403 404/404/404 414/414/414
f 415/415/415 414/414/414 404/404/404
f 415/415/415 404/404/404 416/416/416
f 405/405/405 416/416/416 404/404/404
f 405/405/405 406/406/406 416/416/416
f 417/417/417 416/416/416 406/406/406
f 417/417/417 406/406/406 418/418/418
f 407/407/407 418/418/418 406/406/406
f 407/407/407 408/408/408 418/418/418
f 419/419/419 418/418/418 408/408/408
f 419/419/419 408/408/408 420/420/420
f 409/409/409 420/420/420 408/408/408
f 409/409/409 410/410/410 420/420/420
f 421/421/421 420/420/420 410/410/410
f 421/421/421 410/410/410 422/422/422
f 411/411/411 422/422/422 410/410/410
f 411/411/411 412/412/412 422/422/422
f 423/423/423 422/422/422 412/412/412
f 424/424/424 413/413/413 425/425/425
f 414/414/414 425/425/425 413/413/413
f 414/414/414 415/415/415 425/425/425
f 426/426/426 425/425/425 415/415/415
f 426/426/426 415/415/415 427/427/427
f 416/416/416 427/427/427 415/415/415
f 416/416/416 417/417/417 427/427/427
f 428/428/428 427/427/427 417/417/417
f 428/428/428 417/417/417 429/429/429
f 418/418/418 429/429/429 417/417/417
f 418/418/418 419/419/419 429/429/429
f 430/430/430 429/429/429 419/419/419
f 430/430/430 419/419/419 431/431/431
f 420/420/420 431/431/431 419/419/419
f 420/420/420 421/421/421 431/431/431
f 432/432/432 431/431/431 421/421/421
f 432/432/432 421/421/421 433/433/433
f 422/422/422 433/433/433 421/421/421
f 422/422/422 423/423/423 433/433/433
f 434/434/434 433/433/433 423/423/423
f 435/435/435 424/424/424 436/436/436
f 425/425/425 436/436/436 424/424/424
f 425/425/425 426/426/426 436/436/436
f 437/437/437 436/436/436 426/426/426
f 437/437/437 426/426/426 438/438/438
f 427/427/427 438/438/438 426/426/426
f 427/427/427 428/428/428 438/438/438
f 439/439/439 438/438/438 428/428/428
f 439/439/439 428/428/428 440/440/440
f 429/429/429 440/440/440 428/428/428
f 429/429/429 430/430/430 440/440/440
f 441/441/441 440/440/440 430/430/430
f 441/441/441 430/430/430 442/442/442
f 431/431/431 442/442/442 430/430/430
f 431/431/431 432/432/432 442/442/442
f 443/443/443 442/442/442 432/432/432
f 443/443/443 432/432/432 444/444/444
f 433/433/433 444/444/444 432/432/432
f 433/433/433 434/434/434 444/444/444
f 445/445/445 444/444/444 434/434/434
f 446/446/446 435/435/435 447/447/447
f 436/436/436 447/447/447 435/435/435
f 436/436/436 437/437/437 447/447/447
f 448/448/448 447/447/447 437/437/437
f 448/448/448 437/437/437 449/449/449
f 438/438/438 449/449/449 437/437/437
f 438/438/438 439/439/439 449/449/449
f 450/450/450 449/449/449 439/439/439
f 450/450/450 439/439/439 451/451/451
f 440/440/440 451/451/451 439/439/439
f 440/440/440 441/441/441 451/451/451
f 452/452/452 451/451/451 441/441/441
f 452/452/452 441/441/441 453/453/453
f 442/442/442 453/453/453 441/441/441
f 442/442/442 443/443/443 453/453/453
f 454/454/454 453/453/453 443/443/443
f 454/454/454 443/443/443 455/455/455
f 444/444/444 455/455/455 443/443/443
f 444/444/444 445/445/445 455/455/455
f 456/456/456 455/455/455 445/445/445
f 457/457/457 446/446/446 458/458/458
f 447/447/447 458/458/458 446/446/446
f 447/447/447 448/448/448 458/458/458
f 459/459/459 458/458/458 448/448/448
f 459/459/459 448/448/448 460/460/460
f 449/449/449 460/460/460 448/448/448
f 449/449/449 450/450/450 460/460/460
f 461/461/461 460/460/460 450/450/450
f 461/461/461 450/450/450 462/462/462
f 451/451/451 462/462/462 450/450/450
f 451/451/451 452/452/452 462/462/462
f 463/463/463 462/462/462 452/452/452
f 463/463/463 452/452/452 464/464/464
f 453/453/453 464/464/464 452/452/452
f 453/453/453 454/454/454 464/464/464
f 465/465/465 464/464/464 454/454/454
f 465/465/465 454/454/454 466/466/466
f 455/455/455 466/466/466 454/454/454
f 455/455/455 456/456/456 466/466/466
f 467/467/467 466/466/466 456/456/456
f 468/468/468 457/457/457 469/469/469
f 458/458/458 469/469/469 457/457/457
f 458/458/458 459/459/459 469/469/469
f 470/470/470 469/469/469 459/459/459
f 470/470/470 459/459/459 471/471/471
f 460/460/460 471/471/471 459/459/459
f 460/460/460 461/461/461 471/471/471
f 472/472/472 471/471/471 461/461/461
f 472/472/472 461/461/461 473/473/473
f 462/462/462 473/473/473 461/461/461
f 462/462/462 463/463/463 473/473/473
f 474/474/474 473/473/473 463/463/463
f 474/474/474 463/463/463 475/475/475
f 464/464/464 475/475/475 463/463/463
f 464/464/464 465/465/465 475/475/475
f 476/476/476 475/475/475 465/465/465
f 476/476/476 465/465/465 477/477/477
f 466/466/466 477/477/477 465/465/465
f 466/466/466 467/467/467 477/477/477
f 478/478/478 477/477/477 467/467/467
f 479/479/479 468/468/468 480/480/480
f 469/469/469 480/480/480 468/468/468
f 469/469/469 470/470/470 480/480/480
f 481/481/481 480/480/480 470/470/470
f 481/481/481 470/470/470 482/482/482
f 471/471/471 482/482/482 470/470/470
f 471/471/471 472/472/472 482/482/482
f 483/483/483 482/482/482 472/472/472
f 483/483/483 472/472/472 484/484/484
f 473/473/473 484/484/484 472/472/472
f 473/473/473 474/474/474 484/484/484
f 485/485/485 484/484/484 474/474/474
f 485/485/485 474/474/474 486/486/486
f 475/475/475 486/486/486 474/474/474
f 475/475/475 476/476/476 486/486/486
f 487/487/487 486/486/486 476/476/476
f 487/487/487 476/476/476 488/488/488
f 477/477/477 488/488/488 476/476/476
f 477/477/477 478/478/478 488/488/488
f 489/489/489 488/488/488 478/478/478
f 490/490/490 479/479/479 491/491/491
f 480/480/480 491/491/491 479/479/479
f 480/480/480 481/481/481 491/491/491
f 492/492/492 491/491/491 481/481/481
f 492/492/492 481/481/481 493/493/493
f 482/482/482 493/493/493 481/481/481
f 482/482/482 483/483/483 493/493/493
f 494/494/494 493/493/493 483/483/483
f 494/494/494 483/483/483 495/495/495
f 484/484/484 495/495/495 483/483/483
f 484/484/484 485/485/485 495/495/495
f 496/496/496 495/495/495 485/485/485
f 496/496/496 485/485/485 497/497/497
f 486/486/486 497/497/497 485/485/485
f 486/486/486 487/487/487 497/497/497
f 498/498/498 497/497/497 487/487/487
f 498/498/498 487/487/487 499/499/499
f 488/488/488 499/499/499 487/487/487
f 488/488/488 489/489/489 499/499/499
f 500/500/500 499/499/499 489/489/489
f 501/501/501 490/490/490 502/502/502
f 491/491/491 502/502/502 490/490/490
f 491/491/491 492/492/492 502/502/502
f 503/503/503 502/502/502 492/492/492
f 503/503/503 492/492/492 504/504/504
f 493/493/493 504/504/504 492/492/492
f 493/493/493 494/494/494 504/504/504
f 505/505/505 504/504/504 494/494/494
f 505/505/505 494/494/494 506/506/506
f 495/495/495 506/506/506 494/494/494
f 495/495/495 496/496/496 506/506/506
f 507/507/507 506/506/506 496/496/496
f 507/507/507 496/496/496 508/508/508
f 497/497/497 508/508/508 496/496/496
f 497/497/497 498/498/498 508/508/508
f 509/509/509 508/508/508 498/498/498
f 509/509/509 498/498/498 510/510/510
f 499/499/499 510/510/510 498/498/498
f 499/499/499 500/500/500 510/510/510
f 511/511/511 510/510/510 500/500/500
f 501/501/501 502/502/502 512/512/512
f 503/503/503 513/513/513 502/502/502
f 502/502/502 513/513/513 512/512/512
f 503/503/503 504/504/504 513/513/513
f 505/505/505 514/514/514 504/504/504
f 504/504/504 514/514/514 513/513/513
f 505/505/505 506/506/506 514/514/514
f 507/507/507 515/515/515 506/506/506
f 506/506/506 515/515/515 514/514/514
f 507/507/507 508/508/508 515/515/515
f 509/509/509 516/516/516 508/508/508
f 508/508/508 516/516/516 515/515/515
f 509/509/509 510/510/510 516/516/516
f 511/511/511 517/517/517 510/510/510
f 510/510/510 517/517/517 516/516/516
f 518/518/518 512/512/512 519/519/519
f 513/513/513 519/519/519 512/512/512
f 513/513/513 514/514/514 519/519/519
f 520/520/520 519/519/519 514/514/514
f 520/520/520 514/514/514 521/521/521
f 515/515/515 521/521/521 514/514/514
f 515/515/515 516/516/516 521/521/521
f 522/522/522 521/521/521 516/516/516
f 522/522/522 516/516/516 523/523/523
f 517/517/517 523/523/523 516/516/516
f 524/524/524 518/518/518 525/525/525
f 519/519/519 525/525/525 518/518/518
f 519/519/519 520/520/520 525/525/525
f 526/526/526 525/525/525 520/520/520
f 526/526/526 520/520/520 527/527/527
f 521/521/521 527/527/527 520/520/520
f 521/521/521 522/522/522 527/527/527
f 528/528/528 527/527/527 522/522/522
f 528/528/528 522/522/522 529/529/529
f 523/523/523 529/529/529 522/522/522
f 530/530/530 524/524/524 531/531/531
f 525/525/525 531/531/531 524/524/524
f 525/525/525 526/526/526 531/531/531
f 532/532/532 531/531/531 526/526/526
f 532/532/532 526/526/526 533/533/533
f 527/527/527 533/533/533 526/526/526
f 527/527/527 528/528/528 533/533/533
f 534/534/534 533/533/533 528/528/528
f 534/534/534 528/528/528 535/535/535
f 529/529/529 535/535/535 528/528/528
f 536/536/536 530/530/530 537/537/537
f 531/531/531 537/537/537 530/530/530
f 531/531/531 532/532/532 537/537/537
f 538/538/538 537/537/537 532/532/532
f 538/538/538 532/532/532 539/539/539
f 533/533/533 539/539/539 532/532/532
f 533/533/533 534/534/534 539/539/539
f 540/540/540 539/539/539 534/534/534
f 540/540/540 534/534/534 541/541/541
f 535/535/535 541/541/541 534/534/534
f 542/542/542 536/536/536 543/543/543
f 537/537/537 543/543/543 536/536/536
f 537/537/537 538/538/538 543/543/543
f 544/544/544 543/543/543 538/538/538
f 544/544/544 538/538/538 545/545/545
f 539/539/539 545/545/545 538/538/538
f 539/539/539 540/540/540 545/545/545
f 546/546/546 545/545/545 540/540/540
f 546/546/546 540/540/540 547/547/547
f 541/541/541 547/547/547 540/540/540
f 548/548/548 542/542/542 549/549/549
f 543/543/543 549/549/549 542/542/542
f 543/543/543 544/544/544 549/549/549
f 550/550/550 549/549/549 544/544/544
f 550/550/550 544/544/544 551/551/551
f 545/545/545 551/551/551 544/544/544
f 545/545/545 546/546/546 551/551/551
f 552/552/552 551/551/551 546/546/546
f 552/552/552 546/546/546 553/553/553
f 547/547/547 553/553/553 546/546/546
f 554/554/554 548/548/548 555/555/555
f 549/549/549 555/555/555 548/548/548
f 549/549/549 550/550/550 555/555/555
f 556/556/556 555/555/555 550/550/550
f 556/556/556 550/550/550 557/557/557
f 551/551/551 557/557/557 550/550/550
f 551/551/551 552/552/552 557/557/557
f 558/558/558 557/557/557 552/552/552
f 558/558/558 552/552/552 559/559/559
f 553/553/553 559/559/559 552/552/552
f 560/560/560 554/554/554 561/561/561
f 555/555/555 561/561/561 554/554/554
f 555/555/555 556/556/556 561/561/561
f 562/562/562 561/561/561 556/556/556
f 562/562/562 556/556/556 563/563/563
f 557/557/557 563/563/563 556/556/556
f 557/557/557 558/558/558 563/563/563
f 564/564/564 563/563/563 558/558/558
f 564/564/564 558/558/558 565/565/565
f 559/559/559 565/565/565 558/558/558
f 566/566/566 560/560/560 567/567/567
f 561/561/561 567/567/567 560/560/560
f 561/561/561 562/562/562 567/567/567
f 568/568/568 567/567/567 562/562/562
f 568/568/568 562/562/562 569/569/569
f 563/563/563 569/569/569 562/562/562
f 563/563/563 564/564/564 569/569/569
f 570/570/570 569/569/569 564/564/564
f 570/570/570 564/564/564 571/571/571
f 565/565/565 571/571/571 564/564/564
f 572/572/572 566/566/566 573/573/573
f 567/567/567 573/573/573 566/566/566
f 567/567/567 568/568/568 573/573/573
f 574/574/574 573/573/573 568/568/568
f 574/574/574 568/568/568 575/575/575
f 569/569/569 575/575/575 568/568/568
f 569/569/569 570/570/570 575/575/575
f 576/576/576 575/575/575 570/570/570
f 576/576/576 570/570/570 577/577/577
f 571/571/571 577/577/577 570/570/570
f 578/578/578 572/572/572 579/579/579
f 573/573/573 579/579/579 572/572/572
f 573/573/573 574/574/574 579/579/579
f 580/580/580 579/579/579 574/574/574
f 580/580/580 574/574/574 581/581/581
f 575/575/575 581/581/581 574/574/574
f 575/575/575 576/576/576 581/581/581
f 582/582/582 581/581/581 576/576/576
f 582/582/582 576/576/576 583/583/583
f 577/577/577 583/583/583 576/576/576
f 584/584/584 578/578/578 585/585/585
f 579/579/579 585/585/585 578/578/578
f 579/579/579 580/580/580 585/585/585
f 586/586/586 585/585/585 580/580/580
f 586/586/586 580/580/580 587/587/587
f 581/581/581 587/587/587 580/580/580
f 581/581/581 582/582/582 587/587/587
f 588/588/588 587/587/587 582/582/582
f 588/588/588 582/582/582 589/589/589
f 583/583/583 589/589/589 582/582/582
f 590/590/590 584/584/584 591/591/591
f 585/585/585 591/591/591 584/584/584
f 585/585/585 586/586/586 591/591/591
f 592/592/592 591/591/591 586/586/586
f 592/592/592 586/586/586 593/593/593
f 587/587/587 593/593/593 586/586/586
f 587/587/587 588/588/588 593/593/593
f 594/594/594 593/593/593 588/588/588
f 594/594/594 588/588/588 595/595/595
f 589/589/589 595/595/595 588/588/588
f 596/596/596 590/590/590 597/597/597
f 591/591/591 597/597/597 590/590/590
f 591/591/591 592/592/592 597/597/597
f 598/598/598 597/597/597 592/592/592
f 598/598/598 592/592/592 599/599/599
f 593/593/593 599/599/599 592/592/592
f 593/593/593 594/594/594 599/599/599
f 600/600/600 599/599/599 594/594/594
f 600/600/600 594/594/594 601/601/601
f 595/595/595 601/601/601 594/594/594
f 596/596/596 597/597/597 602/602/602
f 597/597/597 598/598/598 603/603/603
f 598/598/598 599/599/599 604/604/604
f 599/599/599 600/600/600 605/605/605
f 600/600/600 601/601/601 606/606/606

g 
usemtl 
f 608/608/608 607/607/607 609/609/609
f 607/607/607 610/610/610 609/609/609
f 610/610/610 611/611/611 609/609/609
f 609/609/609 611/611/611 612/612/612
f 612/612/612 611/611/611 613/613/613
f 611/611/611 614/614/614 613/613/613
f 615/615/615 608/608/608 616/616/616
f 608/608/608 609/609/609 616/616/616
f 609/609/609 612/612/612 616/616/616
f 616/616/616 612/612/612 617/617/617
f 617/617/617 612/612/612 618/618/618
f 612/612/612 613/613/613 618/618/618
f 619/619/619 615/615/615 620/620/620
f 615/615/615 616/616/616 620/620/620
f 616/616/616 617/617/617 620/620/620
f 620/620/620 617/617/617 621/621/621
f 621/621/621 617/617/617 622/622/622
f 617/617/617 618/618/618 622/622/622
f 623/623/623 619/619/619 624/624/624
f 619/619/619 620/620/620 624/624/624
f 620/620/620 621/621/621 624/624/624
f 624/624/624 621/621/621 625/625/625
f 625/625/625 621/621/621 626/626/626
f 621/621/621 622/622/622 626/626/626
f 627/627/627 623/623/623 628/628/628
f 623/623/623 624/624/624 628/628/628
f 624/624/624 625/625/625 628/628/628
f 628/628/628 625/625/625 629/629/629
f 629/629/629 625/625/625 630/630/630
f 625/625/625 626/626/626 630/630/630
f 627/627/627 628/628/628 631/631/631
f 628/628/628 629/629/629 631/631/631
f 629/629/629 630/630/630 632/632/632
f 634/634/634 633/633/633 635/635/635
f 633/633/633 636/636/636 635/635/635
f 636/636/636 637/637/637 635/635/635
f 635/635/635 637/637/637 638/638/638
f 638/638/638 637/637/637 639/639/639
f 637/637/637 640/640/640 639/639/639
f 641/641/641 634/634/634 642/642/642
f 634/634/634 635/635/635 642/642/642
f 635/635/635 638/638/638 642/642/642
f 642/642/642 638/638/638 643/643/643
f 643/643/643 638/638/638 644/644/644
f 638/638/638 639/639/639 644/644/644
f 645/645/645 641/641/641 646/646/646
f 641/641/641 642/642/642 646/646/646
f 642/642/642 643/643/643 646/646/646
f 646/646/646 643/643/643 647/647/647
f 647/647/647 643/643/643 648/648/648
f 643/643/643 644/644/644 648/648/648
f 649/649/649 645/645/645 650/650/650
f 645/645/645 646/646/646 650/650/650
f 646/646/646 647/647/647 650/650/650
f 650/650/650 647/647/647 651/651/651
f 651/651/651 647/647/647 652/652/652
f 647/647/647 648/648/648 652/652/652
f 653/653/653 649/649/649 654/654/654
f 649/649/649 650/650/650 654/654/654
f 650/650/650 651/651/651 654/654/654
f 654/654/654 651/651/651 655/655/655
f 655/655/655 651/651/651 656/656/656
f 651/651/651 652/652/652 656/656/656
f 653/653/653 654/654/654 657/657/657
f 654/654/654 655/655/655 657/657/657
f 655/655/655 656/656/656 658/658/658
f 660/660/660 659/659/659 661/661/661
f 659/659/659 662/662/662 661/661/661
f 662/662/662 663/663/663 661/661/661
f 661/661/661 663/663/663 664/664/664
f 664/664/664 663/663/663 665/665/665
f 663/663/663 666/666/666 665/665/665
f 667/667/667 660/660/660 668/668/668
f 660/660/660 661/661/661 668/668/668
f 661/661/661 664/664/664 668/668/668
f 668/668/668 664/664/664 669/669/669
f 669/669/669 664/664/664 670/670/670
f 664/664/664 665/665/665 670/670/670
f 671/671/671 667/667/667 672/672/672
f 667/667/667 668/668/668 672/672/672
f 668/668/668 669/669/669 672/672/672
f 672/672/672 669/669/669 673/673/673
f 673/673/673 669/669/669 674/674/674
f 669/669/669 670/670/670 674/674/674
f 675/675/675 671/671/671 676/676/676
f 671/671/671 672/672/672 676/676/676
f 672/672/672 673/673/673 676/676/676
f 676/676/676 673/673/673 677/677/677
f 677/677/677 673/673/673 678/678/678
f 673/673/673 674/674/674 678/678/678
f 679/679/679 675/675/675 680/680/680
f 675/675/675 676/676/676 680/680/680
f 676/676/676 677/677/677 680/680/680
f 680/680/680 677/677/677 681/681/681
f 681/681/681 677/677/677 682/682/682
f 677/677/677 678/678/678 682/682/682
f 679/679/679 680/680/680 683/683/683
f 680/680/680 681/681/681 683/683/683
f 681/681/681 682/682/682 684/684/684
f 686/686/686 685/685/685 687/687/687
f 685/685/685 688/688/688 687/687/687
f 688/688/688 689/689/689 687/687/687
f 687/687/687 689/689/689 690/690/690
f 690/690/690 689/689/689 691/691/691
f 689/689/689 692/692/692 691/691/691
f 693/693/693 686/686/686 694/694/694
f 686/686/686 687/687/687 694/694/694
f 687/687/687 690/690/690 694/694/694
f 694/694/694 690/690/690 695/695/695
f 695/695/695 690/690/690 696/696/696
f 690/690/690 691/691/691 696/696/696
f 697/697/697 693/693/693 698/698/698
f 693/693/693 694/694/694 698/698/698
f 694/694/694 695/695/695 698/698/698
f 698/698/698 695/695/695 699/699/699
f 699/699/699 695/695/695 700/700/700
f 695/695/695 696/696/696 700/700/700
f 701/701/701 697/697/697 702/702/702
f 697/697/697 698/698/698 702/702/702
f 698/698/698 699/699/699 702/702/702
f 702/702/702 699/699/699 703/703/703
f 703/703/703 699/699/699 704/704/704
f 699/699/699 700/700/700 704/704/704
f 705/705/705 701/701/701 706/706/706
f 701/701/701 702/702/702 706/706/706
f 702/702/702 703/703/703 706/706/706
f 706/706/706 703/703/703 707/707/707
f 707/707/707 703/703/703 708/708/708
f 703/703/703 704/704/704 708/708/708
f 705/705/705 706/706/706 709/709/709
f 706/706/706 707/707/707 709/709/709
f 707/707/707 708/708/708 710/710/710
f 712/712/712 711/711/711 713/713/713
f 711/711/711 714/714/714 713/713/713
f 714/714/714 715/715/715 713/713/713
f 713/713/713 715/715/715 716/716/716
f 716/716/716 715/715/715 717/717/717
f 715/715/715 718/718/718 717/717/717
f 719/719/719 712/712/712 720/720/720
f 712/712/712 713/713/713 720/720/720
f 713/713/713 716/716/716 720/720/720
f 720/720/720 716/716/716 721/721/721
f 721/721/721 716/716/716 722/722/722
f 716/716/716 717/717/717 722/722/722
f 723/723/723 719/719/719 724/724/724
f 719/719/719 720/720/720 724/724/724
f 720/720/720 721/721/721 724/724/724
f 724/724/724 721/721/721 725/725/725
f 725/725/725 721/721/721 726/726/726
f 721/721/721 722/722/722 726/726/726
f 727/727/727 723/723/723 728/728/728
f 723/723/723 724/724/724 728/728/728
f 724/724/724 725/725/725 728/728/728
f 728/728/728 725/725/725 729/729/729
f 729/729/729 725/725/725 730/730/730
f 725/725/725 726/726/726 730/730/730
f 731/731/731 727/727/727 732/732/732
f 727/727/727 728/728/728 732/732/732
f 728/728/728 729/729/729 732/732/732
f 732/732/732 729/729/729 733/733/733
f 733/733/733 729/729/729 734/734/734
f 729/729/729 730/730/730 734/734/734
f 731/731/731 732/732/732 735/735/735
f 732/732/732 733/733/733 735/735/735
f 733/733/733 734/734/734 736/736/736
f 738/738/738 737/737/737 739/739/739
f 737/737/737 740/740/740 739/739/739
f 740/740/740 741/741/741 739/739/739
f 739/739/739 741/741/741 742/742/742
f 742/742/742 741/741/741 743/743/743
f 741/741/741 744/744/744 743/743/743
f 745/745/745 738/738/738 746/746/746
f 738/738/738 739/739/739 746/746/746
f 739/739/739 742/742/742 746/746/746
f 746/746/746 742/742/742 747/747/747
f 747/747/747 742/742/742 748/748/748
f 742/742/742 743/743/743 748/748/748
f 749/749/749 745/745/745 750/750/750
f 745/745/745 746/746/746 750/750/750
f 746/746/746 747/747/747 750/750/750
f 750/750/750 747/747/747 751/751/751
f 751/751/751 747/747/747 752/752/752
f 747/747/747 748/748/748 752/752/752
f 753/753/753 749/749/749 754/754/754
f 749/749/749 750/750/750 754/754/754
f 750/750/750 751/751/751 754/754/754
f 754/754/754 751/751/751 755/755/755
f 755/755/755 751/751/751 756/756/756
f 751/751/751 752/752/752 756/756/756
f 757/757/757 753/753/753 758/758/758
f 753/753/753 754/754/754 758/758/758
f 754/754/754 755/755/755 758/758/758
f 758/758/758 755/755/755 759/759/759
f 759/759/759 755/755/755 760/760/760
f 755/755/755 756/756/756 760/760/760
f 757/757/757 758/758/758 761/761/761
f 758/758/758 759/759/759 761/761/761
f 759/759/759 760/760/760 762/762/762
f 764/764/764 763/763/763 765/765/765
f 763/763/763 766/766/766 765/765/765
f 766/766/766 767/767/767 765/765/765
f 765/765/765 767/767/767 768/768/768
f 768/768/768 767/767/767 769/769/769
f 767/767/767 770/770/770 769/769/769
f 771/771/771 764/764/764 772/772/772
f 764/764/764 765/765/765 772/772/772
f 765/765/765 768/768/768 772/772/772
f 772/772/772 768/768/768 773/773/773
f 773/773/773 768/768/768 774/774/774
f 768/768/768 769/769/769 774/774/774
f 775/775/775 771/771/771 776/776/776
f 771/771/771 772/772/772 776/776/776
f 772/772/772 773/773/773 776/776/776
f 776/776/776 773/773/773 777/777/777
f 777/777/777 773/773/773 778/778/778
f 773/773/773 774/774/774 778/778/778
f 779/779/779 775/775/775 780/780/780
f 775/775/775 776/776/776 780/780/780
f 776/776/776 777/777/777 780/780/780
f 780/780/780 777/777/777 781/781/781
f 781/781/781 777/777/777 782/782/782
f 777/777/777 778/778/778 782/782/782
f 783/783/783 779/779/779 784/784/784
f 779/779/779 780/780/780 784/784/784
f 780/780/780 781/781/781 784/784/784
f 784/784/784 781/781/781 785/785/785
f 785/785/785 781/781/781 786/786/786
f 781/781/781 782/782/782 786/786/786
f 783/783/783 784/784/784 787/787/787
f 784/784/784 785/785/785 787/787/787
f 785/785/785 786/786/786 788/788/788
f 790/790/790 789/789/789 791/791/791
f 789/789/789 792/792/792 791/791/791
f 792/792/792 793/793/793 791/791/791
f 791/791/791 793/793/793 794/794/794
f 794/794/794 793/793/793 795/795/795
f 793/793/793 796/796/796 795/795/795
f 797/797/797 790/790/790 798/798/798
f 790/790/790 791/791/791 798/798/798
f 791/791/791 794/794/794 798/798/798
f 798/798/798 794/794/794 799/799/799
f 799/799/799 794/794/794 800/800/800
f 794/794/794 795/795/795 800/800/800
f 801/801/801 797/797/797 802/802/802
f 797/797/797 798/798/798 802/802/802
f 798/798/798 799/799/799 802/802/802
f 802/802/802 799/799/799 803/803/803
f 803/803/803 799/799/799 804/804/804
f 799/799/799 800/800/800 804/804/804
f 805/805/805 801/801/801 806/806/806
f 801/801/801 802/802/802 806/806/806
f 802/802/802 803/803/803 806/806/806
f 806/806/806 803/803/803 807/807/807
f 807/807/807 803/803/803 808/808/808
f 803/803/803 804/804/804 808/808/808
f 809/809/809 805/805/805 810/810/810
f 805/805/805 806/806/806 810/810/810
f 806/806/806 807/807/807 810/810/810
f 810/810/810 807/807/807 811/811/811
f 811/811/811 807/807/807 812/812/812
f 807/807/807 808/808/808 812/812/812
f 809/809/809 810/810/810 813/813/813
f 810/810/810 811/811/811 813/813/813
f 811/811/811 812/812/812 814/814/814
f 816/816/816 815/815/815 817/817/817
f 815/815/815 818/818/818 817/817/817
f 818/818/818 819/819/819 817/817/817
f 817/817/817 819/819/819 820/820/820
f 820/820/820 819/819/819 821/821/821
f 819/819/819 822/822/822 821/821/821
f 823/823/823 816/816/816 824/824/824
f 816/816/816 817/817/817 824/824/824
f 817/817/817 820/820/820 824/824/824
f 824/824/824 820/820/820 825/825/825
f 825/825/825 820/820/820 826/826/826
f 820/820/820 821/821/821 826/826/826
f 827/827/827 823/823/823 828/828/828
f 823/823/823 824/824/824 828/828/828
f 824/824/824 825/825/825 828/828/828
f 828/828/828 825/825/825 829/829/829
f 829/829/829 825/825/825 830/830/830
f 825/825/825 826/826/826 830/830/830
f 831/831/831 827/827/827 832/832/832
f 827/827/827 828/828/828 832/832/832
f 828/828/828 829/829/829 832/832/832
f 832/832/832 829/829/829 833/833/833
f 833/833/833 829/829/829 834/834/834
f 829/829/829 830/830/830 834/834/834
f 835/835/835 831/831/831 836/836/836
f 831/831/831 832/832/832 836/836/836
f 832/832/832 833/833/833 836/836/836
f 836/836/836 833/833/833 837/837/837
f 837/837/837 833/833/833 838/838/838
f 833/833/833 834/834/834 838/838/838
f 835/835/835 836/836/836 839/839/839
f 836/836/836 837/837/837 839/839/839
f 837/837/837 838/838/838 840/840/840
f 842/842/842 841/841/841 843/843/843
f 841/841/841 844/844/844 843/843/843
f 844/844/844 845/845/845 843/843/843
f 843/843/843 845/845/845 846/846/846
f 846/846/846 845/845/845 847/847/847
f 845/845/845 848/848/848 847/847/847
f 849/849/849 842/842/842 850/850/850
f 842/842/842 843/843/843 850/850/850
f 843/843/843 846/846/846 850/850/850
f 850/850/850 846/846/846 851/851/851
f 851/851/851 846/846/846 852/852/852
f 846/846/846 847/847/847 852/852/852
f 853/853/853 849/849/849 854/854/854
f 849/849/849 850/850/850 854/854/854
f 850/850/850 851/851/851 854/854/854
f 854/854/854 851/851/851 855/855/855
f 855/855/855 851/851/851 856/856/856
f 851/851/851 852/852/852 856/856/856
f 857/857/857 853/853/853 858/858/858
f 853/853/853 854/854/854 858/858/858
f 854/854/854 855/855/855 858/858/858
f 858/858/858 855/855/855 859/859/859
f 859/859/859 855/855/855 860/860/860
f 855/855/855 856/856/856 860/860/860
f 861/861/861 857/857/857 862/862/862
f 857/857/857 858/858/858 862/862/862
f 858/858/858 859/859/859 862/862/862
f 862/862/862 859/859/859 863/863/863
f 863/863/863 859/859/859 864/864/864
f 859/859/859 860/860/860 864/864/864
f 861/861/861 862/862/862 865/865/865
f 862/862/862 863/863/863 865/865/865
f 863/863/863 864/864/864 866/866/866
f 868/868/868 867/867/867 869/869/869
f 867/867/867 870/870/870 869/869/869
f 870/870/870 871/871/871 869/869/869
f 869/869/869 871/871/871 872/872/872
f 872/872/872 871/871/871 873/873/873
f 871/871/871 874/874/874 873/873/873
f 875/875/875 868/868/868 876/876/876
f 868/868/868 869/869/869 876/876/876
f 869/869/869 872/872/872 876/876/876
f 876/876/876 872/872/872 877/877/877
f 877/877/877 872/872/872 878/878/878
f 872/872/872 873/873/873 878/878/878
f 879/879/879 875/875/875 880/880/880
f 875/875/875 876/876/876 880/880/880
f 876/876/876 877/877/877 880/880/880
f 880/880/880 877/877/877 881/881/881
f 881/881/881 877/877/877 882/882/882
f 877/877/877 878/878/878 882/882/882
f 883/883/883 879/879/879 884/884/884
f 879/879/879 880/880/880 884/884/884
f 880/880/880 881/881/881 884/884/884
f 884/884/884 881/881/881 885/885/885
f 885/885/885 881/881/881 886/886/886
f 881/881/881 882/882/882 886/886/886
f 887/887/887 883/883/883 888/888/888
f 883/883/883 884/884/884 888/888/888
f 884/884/884 885/885/885 888/888/888
f 888/888/888 885/885/885 889/889/889
f 889/889/889 885/885/885 890/890/890
f 885/885/885 886/886/886 890/890/890
f 887/887/887 888/888/888 891/891/891
f 888/888/888 889/889/889 891/891/891
f 889/889/889 890/890/890 892/892/892
f 894/894/894 893/893/893 895/895/895
f 893/893/893 896/896/896 895/895/895
f 896/896/896 897/897/897 895/895/895
f 895/895/895 897/897/897 898/898/898
f 898/898/898 897/897/897 899/899/899
f 897/897/897 900/900/900 899/899/899
f 901/901/901 894/894/894 902/902/902
f 894/894/894 895/895/895 902/902/902
f 895/895/895 898/898/898 902/902/902
f 902/902/902 898/898/898 903/903/903
f 903/903/903 898/898/898 904/904/904
f 898/898/898 899/899/899 904/904/904
f 905/905/905 901/901/901 906/906/906
f 901/901/901 902/902/902 906/906/906
f 902/902/902 903/903/903 906/906/906
f 906/906/906 903/903/903 907/907/907
f 907/907/907 903/903/903 908/908/908
f 903/903/903 904/904/904 908/908/908
f 909/909/909 905/905/905 910/910/910
f 905/905/905 906/906/906 910/910/910
f 906/906/906 907/907/907 910/910/910
f 910/910/910 907/907/907 911/911/911
f 911/911/911 907/907/907 912/912/912
f 907/907/907 908/908/908 912/912/912
f 913/913/913 909/909/909 914/914/914
f 909/909/909 910/910/910 914/914/914
f 910/910/910 911/911/911 914/914/914
f 914/914/914 911/911/911 915/915/915
f 915/915/915 911/911/911 916/916/916
f 911/911/911 912/912/912 916/916/916
f 913/913/913 914/914/914 917/917/917
f 914/914/914 915/915/915 917/917/917
f 915/915/915 916/916/916 918/918/918

g coconutbasecolor
usemtl coconutbasecolor
f 920/920/920 919/919/919 921/921/921
f 921/921/921 922/922/922 923/923/923
f 923/923/923 924/924/924 925/925/925
f 925/925/925 926/926/926 927/927/927
f 927/927/927 928/928/928 929/929/929
f 929/929/929 930/930/930 931/931/931
f 931/931/931 932/932/932 933/933/933
f 933/933/933 934/934/934 935/935/935
f 935/935/935 934/934/934 920/920/920
f 935/935/935 920/920/920 936/936/936
f 936/936/936 920/920/920 921/921/921
f 936/936/936 921/921/921 937/937/937
f 937/937/937 921/921/921 923/923/923
f 937/937/937 923/923/923 938/938/938
f 938/938/938 923/923/923 925/925/925
f 938/938/938 925/925/925 939/939/939
f 939/939/939 925/925/925 927/927/927
f 939/939/939 927/927/927 940/940/940
f 940/940/940 927/927/927 929/929/929
f 940/940/940 929/929/929 941/941/941
f 941/941/941 929/929/929 931/931/931
f 941/941/941 931/931/931 942/942/942
f 942/942/942 931/931/931 933/933/933
f 942/942/942 933/933/933 943/943/943
f 943/943/943 933/933/933 935/935/935
f 943/943/943 935/935/935 944/944/944
f 944/944/944 935/935/935 936/936/936
f 944/944/944 936/936/936 945/945/945
f 945/945/945 936/936/936 937/937/937
f 945/945/945 937/937/937 946/946/946
f 946/946/946 937/937/937 938/938/938
f 946/946/946 938/938/938 947/947/947
f 947/947/947 938/938/938 939/939/939
f 947/947/947 939/939/939 948/948/948
f 948/948/948 939/939/939 940/940/940
f 948/948/948 940/940/940 949/949/949
f 949/949/949 940/940/940 941/941/941
f 949/949/949 941/941/941 950/950/950
f 950/950/950 941/941/941 942/942/942
f 950/950/950 942/942/942 951/951/951
f 951/951/951 942/942/942 943/943/943
f 951/951/951 943/943/943 952/952/952
f 952/952/952 943/943/943 944/944/944
f 952/952/952 944/944/944 953/953/953
f 953/953/953 944/944/944 945/945/945
f 953/953/953 945/945/945 954/954/954
f 954/954/954 945/945/945 946/946/946
f 954/954/954 946/946/946 955/955/955
f 955/955/955 946/946/946 947/947/947
f 955/955/955 947/947/947 956/956/956
f 956/956/956 947/947/947 948/948/948
f 956/956/956 948/948/948 957/957/957
f 957/957/957 948/948/948 949/949/949
f 957/957/957 949/949/949 958/958/958
f 958/958/958 949/949/949 950/950/950
f 958/958/958 950/950/950 959/959/959
f 959/959/959 950/950/950 951/951/951
f 959/959/959 951/951/951 960/960/960
f 960/960/960 951/951/951 952/952/952
f 960/960/960 952/952/952 961/961/961
f 961/961/961 952/952/952 953/953/953
f 961/961/961 953/953/953 962/962/962
f 962/962/962 953/953/953 954/954/954
f 962/962/962 954/954/954 963/963/963
f 963/963/963 954/954/954 955/955/955
f 963/963/963 955/955/955 964/964/964
f 964/964/964 955/955/955 956/956/956
f 964/964/964 956/956/956 965/965/965
f 965/965/965 956/956/956 957/957/957
f 965/965/965 957/957/957 966/966/966
f 966/966/966 957/957/957 958/958/958
f 966/966/966 958/958/958 967/967/967
f 967/967/967 958/958/958 959/959/959
f 967/967/967 959/959/959 968/968/968
f 968/968/968 959/959/959 960/960/960
f 968/968/968 960/960/960 969/969/969
f 969/969/969 960/960/960 961/961/961
f 969/969/969 961/961/961 970/970/970
f 970/970/970 961/961/961 962/962/962
f 970/970/970 962/962/962 971/971/971
f 971/971/971 962/962/962 963/963/963
f 971/971/971 963/963/963 972/972/972
f 972/972/972 963/963/963 964/964/964
f 972/972/972 964/964/964 973/973/973
f 973/973/973 964/964/964 965/965/965
f 973/973/973 965/965/965 974/974/974
f 974/974/974 965/965/965 966/966/966
f 974/974/974 966/966/966 975/975/975
f 975/975/975 966/966/966 967/967/967
f 975/975/975 967/967/967 976/976/976
f 976/976/976 967/967/967 968/968/968
f 976/976/976 968/968/968 977/977/977
f 977/977/977 968/968/968 969/969/969
f 977/977/977 969/969/969 978/978/978
f 978/978/978 969/969/969 970/970/970
f 978/978/978 970/970/970 979/979/979
f 979/979/979 970/970/970 971/971/971
f 979/979/979 971/971/971 980/980/980
f 980/980/980 971/971/971 972/972/972
f 980/980/980 972/972/972 981/981/981
f 981/981/981 972/972/972 973/973/973
f 981/981/981 973/973/973 982/982/982
f 982/982/982 973/973/973 974/974/974
f 982/982/982 974/974/974 983/983/983
f 983/983/983 974/974/974 975/975/975
f 983/983/983 975/975/975 984/984/984
f 984/984/984 975/975/975 976/976/976
f 984/984/984 976/976/976 985/985/985
f 985/985/985 976/976/976 977/977/977
f 985/985/985 977/977/977 986/986/986
f 986/986/986 977/977/977 978/978/978
f 986/986/986 978/978/978 987/987/987
f 987/987/987 978/978/978 979/979/979
f 987/987/987 979/979/979 988/988/988
f 988/988/988 979/979/979 980/980/980
f 988/988/988 980/980/980 989/989/989
f 989/989/989 980/980/980 981/981/981
f 989/989/989 981/981/981 990/990/990
f 990/990/990 981/981/981 982/982/982
f 990/990/990 982/982/982 991/991/991
f 991/991/991 982/982/982 983/983/983
f 991/991/991 983/983/983 992/992/992
f 992/992/992 983/983/983 984/984/984
f 993/993/993 984/984/984 985/985/985
f 993/993/993 985/985/985 994/994/994
f 994/994/994 985/985/985 986/986/986
f 994/994/994 986/986/986 995/995/995
f 995/995/995 986/986/986 987/987/987
f 995/995/995 987/987/987 996/996/996
f 996/996/996 987/987/987 988/988/988
f 997/997/997 988/988/988 989/989/989
f 997/997/997 989/989/989 998/998/998
f 1000/1000/1000 999/999/999 1001/1001/1001
f 1001/1001/1001 1002/1002/1002 1003/1003/1003
f 1003/1003/1003 1004/1004/1004 1005/1005/1005
f 1005/1005/1005 1006/1006/1006 1007/1007/1007
f 1007/1007/1007 1008/1008/1008 1009/1009/1009
f 1009/1009/1009 1010/1010/1010 1011/1011/1011
f 1011/1011/1011 1012/1012/1012 1013/1013/1013
f 1013/1013/1013 1014/1014/1014 1015/1015/1015
f 1015/1015/1015 1014/1014/1014 1000/1000/1000
f 1015/1015/1015 1000/1000/1000 1016/1016/1016
f 1016/1016/1016 1000/1000/1000 1001/1001/1001
f 1016/1016/1016 1001/1001/1001 1017/1017/1017
f 1017/1017/1017 1001/1001/1001 1003/1003/1003
f 1017/1017/1017 1003/1003/1003 1018/1018/1018
f 1018/1018/1018 1003/1003/1003 1005/1005/1005
f 1018/1018/1018 1005/1005/1005 1019/1019/1019
f 1019/1019/1019 1005/1005/1005 1007/1007/1007
f 1019/1019/1019 1007/1007/1007 1020/1020/1020
f 1020/1020/1020 1007/1007/1007 1009/1009/1009
f 1020/1020/1020 1009/1009/1009 1021/1021/1021
f 1021/1021/1021 1009/1009/1009 1011/1011/1011
f 1021/1021/1021 1011/1011/1011 1022/1022/1022
f 1022/1022/1022 1011/1011/1011 1013/1013/1013
f 1022/1022/1022 1013/1013/1013 1023/1023/1023
f 1023/1023/1023 1013/1013/1013 1015/1015/1015
f 1023/1023/1023 1015/1015/1015 1024/1024/1024
f 1024/1024/1024 1015/1015/1015 1016/1016/1016
f 1024/1024/1024 1016/1016/1016 1025/1025/1025
f 1025/1025/1025 1016/1016/1016 1017/1017/1017
f 1025/1025/1025 1017/1017/1017 1026/1026/1026
f 1026/1026/1026 1017/1017/1017 1018/1018/1018
f 1026/1026/1026 1018/1018/1018 1027/1027/1027
f 1027/1027/1027 1018/1018/1018 1019/1019/1019
f 1027/1027/1027 1019/1019/1019 1028/1028/1028
f 1028/1028/1028 1019/1019/1019 1020/1020/1020
f 1028/1028/1028 1020/1020/1020 1029/1029/1029
f 1029/1029/1029 1020/1020/1020 1021/1021/1021
f 1029/1029/1029 1021/1021/1021 1030/1030/1030
f 1030/1030/1030 1021/1021/1021 1022/1022/1022
f 1030/1030/1030 1022/1022/1022 1031/1031/1031
f 1031/1031/1031 1022/1022/1022 1023/1023/1023
f 1031/1031/1031 1023/1023/1023 1032/1032/1032
f 1032/1032/1032 1023/1023/1023 1024/1024/1024
f 1032/1032/1032 1024/1024/1024 1033/1033/1033
f 1033/1033/1033 1024/1024/1024 1025/1025/1025
f 1033/1033/1033 1025/1025/1025 1034/1034/1034
f 1034/1034/1034 1025/1025/1025 1026/1026/1026
f 1034/1034/1034 1026/1026/1026 1035/1035/1035
f 1035/1035/1035 1026/1026/1026 1027/1027/1027
f 1035/1035/1035 1027/1027/1027 1036/1036/1036
f 1036/1036/1036 1027/1027/1027 1028/1028/1028
f 1036/1036/1036 1028/1028/1028 1037/1037/1037
f 1037/1037/1037 1028/1028/1028 1029/1029/1029
f 1037/1037/1037 1029/1029/1029 1038/1038/1038
f 1038/1038/1038 1029/1029/1029 1030/1030/1030
f 1038/1038/1038 1030/1030/1030 1039/1039/1039
f 1039/1039/1039 1030/1030/1030 1031/1031/1031
f 1039/1039/1039 1031/1031/1031 1040/1040/1040
f 1040/1040/1040 1031/1031/1031 1032/1032/1032
f 1040/1040/1040 1032/1032/1032 1041/1041/1041
f 1041/1041/1041 1032/1032/1032 1033/1033/1033
f 1041/1041/1041 1033/1033/1033 1042/1042/1042
f 1042/1042/1042 1033/1033/1033 1034/1034/1034
f 1042/1042/1042 1034/1034/1034 1043/1043/1043
f 1043/1043/1043 1034/1034/1034 1035/1035/1035
f 1043/1043/1043 1035/1035/1035 1044/1044/1044
f 1044/1044/1044 1035/1035/1035 1036/1036/1036
f 1044/1044/1044 1036/1036/1036 1045/1045/1045
f 1045/1045/1045 1036/1036/1036 1037/1037/1037
f 1045/1045/1045 1037/1037/1037 1046/1046/1046
f 1046/1046/1046 1037/1037/1037 1038/1038/1038
f 1046/1046/1046 1038/1038/1038 1047/1047/1047
f 1047/1047/1047 1038/1038/1038 1039/1039/1039
f 1047/1047/1047 1039/1039/1039 1048/1048/1048
f 1048/1048/1048 1039/1039/1039 1040/1040/1040
f 1048/1048/1048 1040/1040/1040 1049/1049/1049
f 1049/1049/1049 1040/1040/1040 1041/1041/1041
f 1049/1049/1049 1041/1041/1041 1050/1050/1050
f 1050/1050/1050 1041/1041/1041 1042/1042/1042
f 1050/1050/1050 1042/1042/1042 1051/1051/1051
f 1051/1051/1051 1042/1042/1042 1043/1043/1043
f 1051/1051/1051 1043/1043/1043 1052/1052/1052
f 1052/1052/1052 1043/1043/1043 1044/1044/1044
f 1052/1052/1052 1044/1044/1044 1053/1053/1053
f 1053/1053/1053 1044/1044/1044 1045/1045/1045
f 1053/1053/1053 1045/1045/1045 1054/1054/1054
f 1054/1054/1054 1045/1045/1045 1046/1046/1046
f 1054/1054/1054 1046/1046/1046 1055/1055/1055
f 1055/1055/1055 1046/1046/1046 1047/1047/1047
f 1055/1055/1055 1047/1047/1047 1056/1056/1056
f 1056/1056/1056 1047/1047/1047 1048/1048/1048
f 1056/1056/1056 1048/1048/1048 1057/1057/1057
f 1057/1057/1057 1048/1048/1048 1049/1049/1049
f 1057/1057/1057 1049/1049/1049 1058/1058/1058
f 1058/1058/1058 1049/1049/1049 1050/1050/1050
f 1058/1058/1058 1050/1050/1050 1059/1059/1059
f 1059/1059/1059 1050/1050/1050 1051/1051/1051
f 1059/1059/1059 1051/1051/1051 1060/1060/1060
f 1060/1060/1060 1051/1051/1051 1052/1052/1052
f 1060/1060/1060 1052/1052/1052 1061/1061/1061
f 1061/1061/1061 1052/1052/1052 1053/1053/1053
f 1061/1061/1061 1053/1053/1053 1062/1062/1062
f 1062/1062/1062 1053/1053/1053 1054/1054/1054
f 1062/1062/1062 1054/1054/1054 1063/1063/1063
f 1063/1063/1063 1054/1054/1054 1055/1055/1055
f 1063/1063/1063 1055/1055/1055 1064/1064/1064
f 1064/1064/1064 1055/1055/1055 1056/1056/1056
f 1064/1064/1064 1056/1056/1056 1065/1065/1065
f 1065/1065/1065 1056/1056/1056 1057/1057/1057
f 1065/1065/1065 1057/1057/1057 1066/1066/1066
f 1066/1066/1066 1057/1057/1057 1058/1058/1058
f 1066/1066/1066 1058/1058/1058 1067/1067/1067
f 1067/1067/1067 1058/1058/1058 1059/1059/1059
f 1067/1067/1067 1059/1059/1059 1068/1068/1068
f 1068/1068/1068 1059/1059/1059 1060/1060/1060
f 1068/1068/1068 1060/1060/1060 1069/1069/1069
f 1069/1069/1069 1060/1060/1060 1061/1061/1061
f 1069/1069/1069 1061/1061/1061 1070/1070/1070
f 1070/1070/1070 1061/1061/1061 1062/1062/1062
f 1070/1070/1070 1062/1062/1062 1071/1071/1071
f 1071/1071/1071 1062/1062/1062 1063/1063/1063
f 1072/1072/1072 1063/1063/1063 1064/1064/1064
f 1072/1072/1072 1064/1064/1064 1073/1073/1073
f 1073/1073/1073 1064/1064/1064 1065/1065/1065
f 1073/1073/1073 1065/1065/1065 1074/1074/1074
f 1074/1074/1074 1065/1065/1065 1066/1066/1066
f 1074/1074/1074 1066/1066/1066 1075/1075/1075
f 1075/1075/1075 1066/1066/1066 1067/1067/1067
f 1076/1076/1076 1067/1067/1067 1068/1068/1068
f 1076/1076/1076 1068/1068/1068 1077/1077/1077
f 1077/1077/1077 1068/1068/1068 1069/1069/1069
f 1077/1077/1077 1069/1069/1069 1078/1078/1078
f 1080/1080/1080 1079/1079/1079 1081/1081/1081
f 1081/1081/1081 1082/1082/1082 1083/1083/1083
f 1083/1083/1083 1084/1084/1084 1085/1085/1085
f 1085/1085/1085 1086/1086/1086 1087/1087/1087
f 1087/1087/1087 1088/1088/1088 1089/1089/1089
f 1089/1089/1089 1090/1090/1090 1091/1091/1091
f 1091/1091/1091 1092/1092/1092 1093/1093/1093
f 1093/1093/1093 1094/1094/1094 1095/1095/1095
f 1095/1095/1095 1094/1094/1094 1080/1080/1080
f 1095/1095/1095 1080/1080/1080 1096/1096/1096
f 1096/1096/1096 1080/1080/1080 1081/1081/1081
f 1096/1096/1096 1081/1081/1081 1097/1097/1097
f 1097/1097/1097 1081/1081/1081 1083/1083/1083
f 1097/1097/1097 1083/1083/1083 1098/1098/1098
f 1098/1098/1098 1083/1083/1083 1085/1085/1085
f 1098/1098/1098 1085/1085/1085 1099/1099/1099
f 1099/1099/1099 1085/1085/1085 1087/1087/1087
f 1099/1099/1099 1087/1087/1087 1100/1100/1100
f 1100/1100/1100 1087/1087/1087 1089/1089/1089
f 1100/1100/1100 1089/1089/1089 1101/1101/1101
f 1101/1101/1101 1089/1089/1089 1091/1091/1091
f 1101/1101/1101 1091/1091/1091 1102/1102/1102
f 1102/1102/1102 1091/1091/1091 1093/1093/1093
f 1102/1102/1102 1093/1093/1093 1103/1103/1103
f 1103/1103/1103 1093/1093/1093 1095/1095/1095
f 1103/1103/1103 1095/1095/1095 1104/1104/1104
f 1104/1104/1104 1095/1095/1095 1096/1096/1096
f 1104/1104/1104 1096/1096/1096 1105/1105/1105
f 1105/1105/1105 1096/1096/1096 1097/1097/1097
f 1105/1105/1105 1097/1097/1097 1106/1106/1106
f 1106/1106/1106 1097/1097/1097 1098/1098/1098
f 1106/1106/1106 1098/1098/1098 1107/1107/1107
f 1107/1107/1107 1098/1098/1098 1099/1099/1099
f 1107/1107/1107 1099/1099/1099 1108/1108/1108
f 1108/1108/1108 1099/1099/1099 1100/1100/1100
f 1108/1108/1108 1100/1100/1100 1109/1109/1109
f 1109/1109/1109 1100/1100/1100 1101/1101/1101
f 1109/1109/1109 1101/1101/1101 1110/1110/1110
f 1110/1110/1110 1101/1101/1101 1102/1102/1102
f 1110/1110/1110 1102/1102/1102 1111/1111/1111
f 1111/1111/1111 1102/1102/1102 1103/1103/1103
f 1111/1111/1111 1103/1103/1103 1112/1112/1112
f 1112/1112/1112 1103/1103/1103 1104/1104/1104
f 1112/1112/1112 1104/1104/1104 1113/1113/1113
f 1113/1113/1113 1104/1104/1104 1105/1105/1105
f 1113/1113/1113 1105/1105/1105 1114/1114/1114
f 1114/1114/1114 1105/1105/1105 1106/1106/1106
f 1114/1114/1114 1106/1106/1106 1115/1115/1115
f 1115/1115/1115 1106/1106/1106 1107/1107/1107
f 1115/1115/1115 1107/1107/1107 1116/1116/1116
f 1116/1116/1116 1107/1107/1107 1108/1108/1108
f 1116/1116/1116 1108/1108/1108 1117/1117/1117
f 1117/1117/1117 1108/1108/1108 1109/1109/1109
f 1117/1117/1117 1109/1109/1109 1118/1118/1118
f 1118/1118/1118 1109/1109/1109 1110/1110/1110
f 1118/1118/1118 1110/1110/1110 1119/1119/1119
f 1119/1119/1119 1110/1110/1110 1111/1111/1111
f 1119/1119/1119 1111/1111/1111 1120/1120/1120
f 1120/1120/1120 1111/1111/1111 1112/1112/1112
f 1120/1120/1120 1112/1112/1112 1121/1121/1121
f 1121/1121/1121 1112/1112/1112 1113/1113/1113
f 1121/1121/1121 1113/1113/1113 1122/1122/1122
f 1122/1122/1122 1113/1113/1113 1114/1114/1114
f 1122/1122/1122 1114/1114/1114 1123/1123/1123
f 1123/1123/1123 1114/1114/1114 1115/1115/1115
f 1123/1123/1123 1115/1115/1115 1124/1124/1124
f 1124/1124/1124 1115/1115/1115 1116/1116/1116
f 1124/1124/1124 1116/1116/1116 1125/1125/1125
f 1125/1125/1125 1116/1116/1116 1117/1117/1117
f 1125/1125/1125 1117/1117/1117 1126/1126/1126
f 1126/1126/1126 1117/1117/1117 1118/1118/1118
f 1126/1126/1126 1118/1118/1118 1127/1127/1127
f 1127/1127/1127 1118/1118/1118 1119/1119/1119
f 1127/1127/1127 1119/1119/1119 1128/1128/1128
f 1128/1128/1128 1119/1119/1119 1120/1120/1120
f 1128/1128/1128 1120/1120/1120 1129/1129/1129
f 1129/1129/1129 1120/1120/1120 1121/1121/1121
f 1129/1129/1129 1121/1121/1121 1130/1130/1130
f 1130/1130/1130 1121/1121/1121 1122/1122/1122
f 1130/1130/1130 1122/1122/1122 1131/1131/1131
f 1131/1131/1131 1122/1122/1122 1123/1123/1123
f 1131/1131/1131 1123/1123/1123 1132/1132/1132
f 1132/1132/1132 1123/1123/1123 1124/1124/1124
f 1132/1132/1132 1124/1124/1124 1133/1133/1133
f 1133/1133/1133 1124/1124/1124 1125/1125/1125
f 1133/1133/1133 1125/1125/1125 1134/1134/1134
f 1134/1134/1134 1125/1125/1125 1126/1126/1126
f 1134/1134/1134 1126/1126/1126 1135/1135/1135
f 1135/1135/1135 1126/1126/1126 1127/1127/1127
f 1135/1135/1135 1127/1127/1127 1136/1136/1136
f 1136/1136/1136 1127/1127/1127 1128/1128/1128
f 1136/1136/1136 1128/1128/1128 1137/1137/1137
f 1137/1137/1137 1128/1128/1128 1129/1129/1129
f 1137/1137/1137 1129/1129/1129 1138/1138/1138
f 1138/1138/1138 1129/1129/1129 1130/1130/1130
f 1138/1138/1138 1130/1130/1130 1139/1139/1139
f 1139/1139/1139 1130/1130/1130 1131/1131/1131
f 1139/1139/1139 1131/1131/1131 1140/1140/1140
f 1140/1140/1140 1131/1131/1131 1132/1132/1132
f 1140/1140/1140 1132/1132/1132 1141/1141/1141
f 1141/1141/1141 1132/1132/1132 1133/1133/1133
f 1141/1141/1141 1133/1133/1133 1142/1142/1142
f 1142/1142/1142 1133/1133/1133 1134/1134/1134
f 1142/1142/1142 1134/1134/1134 1143/1143/1143
f 1143/1143/1143 1134/1134/1134 1135/1135/1135
f 1143/1143/1143 1135/1135/1135 1144/1144/1144
f 1144/1144/1144 1135/1135/1135 1136/1136/1136
f 1144/1144/1144 1136/1136/1136 1145/1145/1145
f 1145/1145/1145 1136/1136/1136 1137/1137/1137
f 1145/1145/1145 1137/1137/1137 1146/1146/1146
f 1146/1146/1146 1137/1137/1137 1138/1138/1138
f 1146/1146/1146 1138/1138/1138 1147/1147/1147
f 1147/1147/1147 1138/1138/1138 1139/1139/1139
f 1147/1147/1147 1139/1139/1139 1148/1148/1148
f 1148/1148/1148 1139/1139/1139 1140/1140/1140
f 1148/1148/1148 1140/1140/1140 1149/1149/1149
f 1149/1149/1149 1140/1140/1140 1141/1141/1141
f 1149/1149/1149 1141/1141/1141 1150/1150/1150
f 1150/1150/1150 1141/1141/1141 1142/1142/1142
f 1150/1150/1150 1142/1142/1142 1151/1151/1151
f 1151/1151/1151 1142/1142/1142 1143/1143/1143
f 1151/1151/1151 1143/1143/1143 1152/1152/1152
f 1152/1152/1152 1143/1143/1143 1144/1144/1144
f 1152/1152/1152 1144/1144/1144 1153/1153/1153
f 1153/1153/1153 1144/1144/1144 1145/1145/1145
f 1153/1153/1153 1145/1145/1145 1154/1154/1154
f 1154/1154/1154 1145/1145/1145 1146/1146/1146
f 1154/1154/1154 1146/1146/1146 1155/1155/1155
f 1155/1155/1155 1146/1146/1146 1147/1147/1147
f 1155/1155/1155 1147/1147/1147 1156/1156/1156
f 1156/1156/1156 1147/1147/1147 1148/1148/1148
f 1156/1156/1156 1148/1148/1148 1157/1157/1157
f 1157/1157/1157 1148/1148/1148 1149/1149/1149
f 1157/1157/1157 1149/1149/1149 1158/1158/1158
f 1160/1160/1160 1159/1159/1159 1161/1161/1161
f 1161/1161/1161 1162/1162/1162 1163/1163/1163
f 1163/1163/1163 1164/1164/1164 1165/1165/1165
f 1165/1165/1165 1166/1166/1166 1167/1167/1167
f 1167/1167/1167 1168/1168/1168 1169/1169/1169
f 1169/1169/1169 1170/1170/1170 1171/1171/1171
f 1171/1171/1171 1172/1172/1172 1173/1173/1173
f 1173/1173/1173 1174/1174/1174 1175/1175/1175
f 1175/1175/1175 1174/1174/1174 1160/1160/1160
f 1175/1175/1175 1160/1160/1160 1176/1176/1176
f 1176/1176/1176 1160/1160/1160 1161/1161/1161
f 1176/1176/1176 1161/1161/1161 1177/1177/1177
f 1177/1177/1177 1161/1161/1161 1163/1163/1163
f 1177/1177/1177 1163/1163/1163 1178/1178/1178
f 1178/1178/1178 1163/1163/1163 1165/1165/1165
f 1178/1178/1178 1165/1165/1165 1179/1179/1179
f 1179/1179/1179 1165/1165/1165 1167/1167/1167
f 1179/1179/1179 1167/1167/1167 1180/1180/1180
f 1180/1180/1180 1167/1167/1167 1169/1169/1169
f 1180/1180/1180 1169/1169/1169 1181/1181/1181
f 1181/1181/1181 1169/1169/1169 1171/1171/1171
f 1181/1181/1181 1171/1171/1171 1182/1182/1182
f 1182/1182/1182 1171/1171/1171 1173/1173/1173
f 1182/1182/1182 1173/1173/1173 1183/1183/1183
f 1183/1183/1183 1173/1173/1173 1175/1175/1175
f 1183/1183/1183 1175/1175/1175 1184/1184/1184
f 1184/1184/1184 1175/1175/1175 1176/1176/1176
f 1184/1184/1184 1176/1176/1176 1185/1185/1185
f 1185/1185/1185 1176/1176/1176 1177/1177/1177
f 1185/1185/1185 1177/1177/1177 1186/1186/1186
f 1186/1186/1186 1177/1177/1177 1178/1178/1178
f 1186/1186/1186 1178/1178/1178 1187/1187/1187
f 1187/1187/1187 1178/1178/1178 1179/1179/1179
f 1187/1187/1187 1179/1179/1179 1188/1188/1188
f 1188/1188/1188 1179/1179/1179 1180/1180/1180
f 1188/1188/1188 1180/1180/1180 1189/1189/1189
f 1189/1189/1189 1180/1180/1180 1181/1181/1181
f 1189/1189/1189 1181/1181/1181 1190/1190/1190
f 1190/1190/1190 1181/1181/1181 1182/1182/1182
f 1190/1190/1190 1182/1182/1182 1191/1191/1191
f 1191/1191/1191 1182/1182/1182 1183/1183/1183
f 1191/1191/1191 1183/1183/1183 1192/1192/1192
f 1192/1192/1192 1183/1183/1183 1184/1184/1184
f 1192/1192/1192 1184/1184/1184 1193/1193/1193
f 1193/1193/1193 1184/1184/1184 1185/1185/1185
f 1193/1193/1193 1185/1185/1185 1194/1194/1194
f 1194/1194/1194 1185/1185/1185 1186/1186/1186
f 1194/1194/1194 1186/1186/1186 1195/1195/1195
f 1195/1195/1195 1186/1186/1186 1187/1187/1187
f 1195/1195/1195 1187/1187/1187 1196/1196/1196
f 1196/1196/1196 1187/1187/1187 1188/1188/1188
f 1196/1196/1196 1188/1188/1188 1197/1197/1197
f 1197/1197/1197 1188/1188/1188 1189/1189/1189
f 1197/1197/1197 1189/1189/1189 1198/1198/1198
f 1198/1198/1198 1189/1189/1189 1190/1190/1190
f 1198/1198/1198 1190/1190/1190 1199/1199/1199
f 1199/1199/1199 1190/1190/1190 1191/1191/1191
f 1199/1199/1199 1191/1191/1191 1200/1200/1200
f 1200/1200/1200 1191/1191/1191 1192/1192/1192
f 1200/1200/1200 1192/1192/1192 1201/1201/1201
f 1201/1201/1201 1192/1192/1192 1193/1193/1193
f 1201/1201/1201 1193/1193/1193 1202/1202/1202
f 1202/1202/1202 1193/1193/1193 1194/1194/1194
f 1202/1202/1202 1194/1194/1194 1203/1203/1203
f 1203/1203/1203 1194/1194/1194 1195/1195/1195
f 1203/1203/1203 1195/1195/1195 1204/1204/1204
f 1204/1204/1204 1195/1195/1195 1196/1196/1196
f 1204/1204/1204 1196/1196/1196 1205/1205/1205
f 1205/1205/1205 1196/1196/1196 1197/1197/1197
f 1205/1205/1205 1197/1197/1197 1206/1206/1206
f 1206/1206/1206 1197/1197/1197 1198/1198/1198
f 1206/1206/1206 1198/1198/1198 1207/1207/1207
f 1207/1207/1207 1198/1198/1198 1199/1199/1199
f 1207/1207/1207 1199/1199/1199 1208/1208/1208
f 1208/1208/1208 1199/1199/1199 1200/1200/1200
f 1208/1208/1208 1200/1200/1200 1209/1209/1209
f 1209/1209/1209 1200/1200/1200 1201/1201/1201
f 1209/1209/1209 1201/1201/1201 1210/1210/1210
f 1210/1210/1210 1201/1201/1201 1202/1202/1202
f 1210/1210/1210 1202/1202/1202 1211/1211/1211
f 1211/1211/1211 1202/1202/1202 1203/1203/1203
f 1211/1211/1211 1203/1203/1203 1212/1212/1212
f 1212/1212/1212 1203/1203/1203 1204/1204/1204
f 1212/1212/1212 1204/1204/1204 1213/1213/1213
f 1213/1213/1213 1204/1204/1204 1205/1205/1205
f 1213/1213/1213 1205/1205/1205 1214/1214/1214
f 1214/1214/1214 1205/1205/1205 1206/1206/1206
f 1214/1214/1214 1206/1206/1206 1215/1215/1215
f 1215/1215/1215 1206/1206/1206 1207/1207/1207
f 1215/1215/1215 1207/1207/1207 1216/1216/1216
f 1216/1216/1216 1207/1207/1207 1208/1208/1208
f 1216/1216/1216 1208/1208/1208 1217/1217/1217
f 1217/1217/1217 1208/1208/1208 1209/1209/1209
f 1217/1217/1217 1209/1209/1209 1218/1218/1218
f 1218/1218/1218 1209/1209/1209 1210/1210/1210
f 1218/1218/1218 1210/1210/1210 1219/1219/1219
f 1219/1219/1219 1210/1210/1210 1211/1211/1211
f 1219/1219/1219 1211/1211/1211 1220/1220/1220
f 1220/1220/1220 1211/1211/1211 1212/1212/1212
f 1220/1220/1220 1212/1212/1212 1221/1221/1221
f 1221/1221/1221 1212/1212/1212 1213/1213/1213
f 1221/1221/1221 1213/1213/1213 1222/1222/1222
f 1222/1222/1222 1213/1213/1213 1214/1214/1214
f 1222/1222/1222 1214/1214/1214 1223/1223/1223
f 1223/1223/1223 1214/1214/1214 1215/1215/1215
f 1223/1223/1223 1215/1215/1215 1224/1224/1224
f 1224/1224/1224 1215/1215/1215 1216/1216/1216
f 1224/1224/1224 1216/1216/1216 1225/1225/1225
f 1225/1225/1225 1216/1216/1216 1217/1217/1217
f 1225/1225/1225 1217/1217/1217 1226/1226/1226
f 1226/1226/1226 1217/1217/1217 1218/1218/1218
f 1226/1226/1226 1218/1218/1218 1227/1227/1227
f 1227/1227/1227 1218/1218/1218 1219/1219/1219
f 1227/1227/1227 1219/1219/1219 1228/1228/1228
f 1228/1228/1228 1219/1219/1219 1220/1220/1220
f 1228/1228/1228 1220/1220/1220 1229/1229/1229
f 1229/1229/1229 1220/1220/1220 1221/1221/1221
f 1229/1229/1229 1221/1221/1221 1230/1230/1230
f 1230/1230/1230 1221/1221/1221 1222/1222/1222
f 1230/1230/1230 1222/1222/1222 1231/1231/1231
f 1231/1231/1231 1222/1222/1222 1223/1223/1223
f 1231/1231/1231 1223/1223/1223 1232/1232/1232
f 1232/1232/1232 1223/1223/1223 1224/1224/1224
f 1232/1232/1232 1224/1224/1224 1233/1233/1233
f 1233/1233/1233 1224/1224/1224 1225/1225/1225
f 1233/1233/1233 1225/1225/1225 1234/1234/1234
f 1234/1234/1234 1225/1225/1225 1226/1226/1226
f 1234/1234/1234 1226/1226/1226 1235/1235/1235
f 1235/1235/1235 1226/1226/1226 1227/1227/1227
f 1235/1235/1235 1227/1227/1227 1236/1236/1236
f 1236/1236/1236 1227/1227/1227 1228/1228/1228
f 1236/1236/1236 1228/1228/1228 1237/1237/1237
f 1237/1237/1237 1228/1228/1228 1229/1229/1229
f 1237/1237/1237 1229/1229/1229 1238/1238/1238
f 1240/1240/1240 1239/1239/1239 1241/1241/1241
f 1241/1241/1241 1242/1242/1242 1243/1243/1243
f 1243/1243/1243 1244/1244/1244 1245/1245/1245
f 1245/1245/1245 1246/1246/1246 1247/1247/1247
f 1247/1247/1247 1248/1248/1248 1249/1249/1249
f 1249/1249/1249 1250/1250/1250 1251/1251/1251
f 1251/1251/1251 1252/1252/1252 1253/1253/1253
f 1253/1253/1253 1254/1254/1254 1255/1255/1255
f 1255/1255/1255 1254/1254/1254 1240/1240/1240
f 1255/1255/1255 1240/1240/1240 1256/1256/1256
f 1256/1256/1256 1240/1240/1240 1241/1241/1241
f 1256/1256/1256 1241/1241/1241 1257/1257/1257
f 1257/1257/1257 1241/1241/1241 1243/1243/1243
f 1257/1257/1257 1243/1243/1243 1258/1258/1258
f 1258/1258/1258 1243/1243/1243 1245/1245/1245
f 1258/1258/1258 1245/1245/1245 1259/1259/1259
f 1259/1259/1259 1245/1245/1245 1247/1247/1247
f 1259/1259/1259 1247/1247/1247 1260/1260/1260
f 1260/1260/1260 1247/1247/1247 1249/1249/1249
f 1260/1260/1260 1249/1249/1249 1261/1261/1261
f 1261/1261/1261 1249/1249/1249 1251/1251/1251
f 1261/1261/1261 1251/1251/1251 1262/1262/1262
f 1262/1262/1262 1251/1251/1251 1253/1253/1253
f 1262/1262/1262 1253/1253/1253 1263/1263/1263
f 1263/1263/1263 1253/1253/1253 1255/1255/1255
f 1263/1263/1263 1255/1255/1255 1264/1264/1264
f 1264/1264/1264 1255/1255/1255 1256/1256/1256
f 1264/1264/1264 1256/1256/1256 1265/1265/1265
f 1265/1265/1265 1256/1256/1256 1257/1257/1257
f 1265/1265/1265 1257/1257/1257 1266/1266/1266
f 1266/1266/1266 1257/1257/1257 1258/1258/1258
f 1266/1266/1266 1258/1258/1258 1267/1267/1267
f 1267/1267/1267 1258/1258/1258 1259/1259/1259
f 1267/1267/1267 1259/1259/1259 1268/1268/1268
f 1268/1268/1268 1259/1259/1259 1260/1260/1260
f 1268/1268/1268 1260/1260/1260 1269/1269/1269
f 1269/1269/1269 1260/1260/1260 1261/1261/1261
f 1269/1269/1269 1261/1261/1261 1270/1270/1270
f 1270/1270/1270 1261/1261/1261 1262/1262/1262
f 1270/1270/1270 1262/1262/1262 1271/1271/1271
f 1271/1271/1271 1262/1262/1262 1263/1263/1263
f 1271/1271/1271 1263/1263/1263 1272/1272/1272
f 1272/1272/1272 1263/1263/1263 1264/1264/1264
f 1272/1272/1272 1264/1264/1264 1273/1273/1273
f 1273/1273/1273 1264/1264/1264 1265/1265/1265
f 1273/1273/1273 1265/1265/1265 1274/1274/1274
f 1274/1274/1274 1265/1265/1265 1266/1266/1266
f 1274/1274/1274 1266/1266/1266 1275/1275/1275
f 1275/1275/1275 1266/1266/1266 1267/1267/1267
f 1275/1275/1275 1267/1267/1267 1276/1276/1276
f 1276/1276/1276 1267/1267/1267 1268/1268/1268
f 1276/1276/1276 1268/1268/1268 1277/1277/1277
f 1277/1277/1277 1268/1268/1268 1269/1269/1269
f 1277/1277/1277 1269/1269/1269 1278/1278/1278
f 1278/1278/1278 1269/1269/1269 1270/1270/1270
f 1278/1278/1278 1270/1270/1270 1279/1279/1279
f 1279/1279/1279 1270/1270/1270 1271/1271/1271
f 1279/1279/1279 1271/1271/1271 1280/1280/1280
f 1280/1280/1280 1271/1271/1271 1272/1272/1272
f 1280/1280/1280 1272/1272/1272 1281/1281/1281
f 1281/1281/1281 1272/1272/1272 1273/1273/1273
f 1281/1281/1281 1273/1273/1273 1282/1282/1282
f 1282/1282/1282 1273/1273/1273 1274/1274/1274
f 1282/1282/1282 1274/1274/1274 1283/1283/1283
f 1283/1283/1283 1274/1274/1274 1275/1275/1275
f 1283/1283/1283 1275/1275/1275 1284/1284/1284
f 1284/1284/1284 1275/1275/1275 1276/1276/1276
f 1284/1284/1284 1276/1276/1276 1285/1285/1285
f 1285/1285/1285 1276/1276/1276 1277/1277/1277
f 1285/1285/1285 1277/1277/1277 1286/1286/1286
f 1286/1286/1286 1277/1277/1277 1278/1278/1278
f 1286/1286/1286 1278/1278/1278 1287/1287/1287
f 1287/1287/1287 1278/1278/1278 1279/1279/1279
f 1287/1287/1287 1279/1279/1279 1288/1288/1288
f 1288/1288/1288 1279/1279/1279 1280/1280/1280
f 1288/1288/1288 1280/1280/1280 1289/1289/1289
f 1289/1289/1289 1280/1280/1280 1281/1281/1281
f 1289/1289/1289 1281/1281/1281 1290/1290/1290
f 1290/1290/1290 1281/1281/1281 1282/1282/1282
f 1290/1290/1290 1282/1282/1282 1291/1291/1291
f 1291/1291/1291 1282/1282/1282 1283/1283/1283
f 1291/1291/1291 1283/1283/1283 1292/1292/1292
f 1292/1292/1292 1283/1283/1283 1284/1284/1284
f 1292/1292/1292 1284/1284/1284 1293/1293/1293
f 1293/1293/1293 1284/1284/1284 1285/1285/1285
f 1293/1293/1293 1285/1285/1285 1294/1294/1294
f 1294/1294/1294 1285/1285/1285 1286/1286/1286
f 1294/1294/1294 1286/1286/1286 1295/1295/1295
f 1295/1295/1295 1286/1286/1286 1287/1287/1287
f 1295/1295/1295 1287/1287/1287 1296/1296/1296
f 1296/1296/1296 1287/1287/1287 1288/1288/1288
f 1296/1296/1296 1288/1288/1288 1297/1297/1297
f 1297/1297/1297 1288/1288/1288 1289/1289/1289
f 1297/1297/1297 1289/1289/1289 1298/1298/1298
f 1298/1298/1298 1289/1289/1289 1290/1290/1290
f 1298/1298/1298 1290/1290/1290 1299/1299/1299
f 1299/1299/1299 1290/1290/1290 1291/1291/1291
f 1299/1299/1299 1291/1291/1291 1300/1300/1300
f 1300/1300/1300 1291/1291/1291 1292/1292/1292
f 1300/1300/1300 1292/1292/1292 1301/1301/1301
f 1301/1301/1301 1292/1292/1292 1293/1293/1293
f 1301/1301/1301 1293/1293/1293 1302/1302/1302
f 1302/1302/1302 1293/1293/1293 1294/1294/1294
f 1302/1302/1302 1294/1294/1294 1303/1303/1303
f 1303/1303/1303 1294/1294/1294 1295/1295/1295
f 1303/1303/1303 1295/1295/1295 1304/1304/1304
f 1304/1304/1304 1295/1295/1295 1296/1296/1296
f 1304/1304/1304 1296/1296/1296 1305/1305/1305
f 1305/1305/1305 1296/1296/1296 1297/1297/1297
f 1305/1305/1305 1297/1297/1297 1306/1306/1306
f 1306/1306/1306 1297/1297/1297 1298/1298/1298
f 1306/1306/1306 1298/1298/1298 1307/1307/1307
f 1307/1307/1307 1298/1298/1298 1299/1299/1299
f 1307/1307/1307 1299/1299/1299 1308/1308/1308
f 1308/1308/1308 1299/1299/1299 1300/1300/1300
f 1308/1308/1308 1300/1300/1300 1309/1309/1309
f 1309/1309/1309 1300/1300/1300 1301/1301/1301
f 1309/1309/1309 1301/1301/1301 1310/1310/1310
f 1310/1310/1310 1301/1301/1301 1302/1302/1302
f 1310/1310/1310 1302/1302/1302 1311/1311/1311
f 1311/1311/1311 1302/1302/1302 1303/1303/1303
f 1311/1311/1311 1303/1303/1303 1312/1312/1312
f 1312/1312/1312 1303/1303/1303 1304/1304/1304
f 1312/1312/1312 1304/1304/1304 1313/1313/1313
f 1313/1313/1313 1304/1304/1304 1305/1305/1305
f 1313/1313/1313 1305/1305/1305 1314/1314/1314
f 1314/1314/1314 1305/1305/1305 1306/1306/1306
f 1314/1314/1314 1306/1306/1306 1315/1315/1315
f 1315/1315/1315 1306/1306/1306 1307/1307/1307
f 1315/1315/1315 1307/1307/1307 1316/1316/1316
f 1316/1316/1316 1307/1307/1307 1308/1308/1308
f 1316/1316/1316 1308/1308/1308 1317/1317/1317
f 1317/1317/1317 1308/1308/1308 1309/1309/1309
f 1317/1317/1317 1309/1309/1309 1318/1318/1318

g palmtree01_basecolor
usemtl palmtree01_basecolor
f 1320/1320/1320 1319/1319/1319 1321/1321/1321
f 1319/1319/1319 1322/1322/1322 1321/1321/1321
f 1322/1322/1322 1323/1323/1323 1321/1321/1321
f 1321/1321/1321 1323/1323/1323 1324/1324/1324
f 1324/1324/1324 1323/1323/1323 1325/1325/1325
f 1323/1323/1323 1326/1326/1326 1325/1325/1325
f 1326/1326/1326 1327/1327/1327 1325/1325/1325
f 1325/1325/1325 1327/1327/1327 1328/1328/1328
f 1329/1329/1329 1320/1320/1320 1330/1330/1330
f 1320/1320/1320 1321/1321/1321 1330/1330/1330
f 1321/1321/1321 1324/1324/1324 1330/1330/1330
f 1330/1330/1330 1324/1324/1324 1331/1331/1331
f 1331/1331/1331 1324/1324/1324 1332/1332/1332
f 1324/1324/1324 1325/1325/1325 1332/1332/1332
f 1325/1325/1325 1328/1328/1328 1332/1332/1332
f 1332/1332/1332 1328/1328/1328 1333/1333/1333
f 1334/1334/1334 1329/1329/1329 1335/1335/1335
f 1329/1329/1329 1330/1330/1330 1335/1335/1335
f 1330/1330/1330 1331/1331/1331 1335/1335/1335
f 1335/1335/1335 1331/1331/1331 1336/1336/1336
f 1336/1336/1336 1331/1331/1331 1337/1337/1337
f 1331/1331/1331 1332/1332/1332 1337/1337/1337
f 1332/1332/1332 1333/1333/1333 1337/1337/1337
f 1337/1337/1337 1333/1333/1333 1338/1338/1338
f 1339/1339/1339 1334/1334/1334 1340/1340/1340
f 1334/1334/1334 1335/1335/1335 1340/1340/1340
f 1335/1335/1335 1336/1336/1336 1340/1340/1340
f 1340/1340/1340 1336/1336/1336 1341/1341/1341
f 1341/1341/1341 1336/1336/1336 1342/1342/1342
f 1336/1336/1336 1337/1337/1337 1342/1342/1342
f 1337/1337/1337 1338/1338/1338 1342/1342/1342
f 1342/1342/1342 1338/1338/1338 1343/1343/1343
f 1344/1344/1344 1339/1339/1339 1345/1345/1345
f 1339/1339/1339 1340/1340/1340 1345/1345/1345
f 1340/1340/1340 1341/1341/1341 1345/1345/1345
f 1345/1345/1345 1341/1341/1341 1346/1346/1346
f 1346/1346/1346 1341/1341/1341 1347/1347/1347
f 1341/1341/1341 1342/1342/1342 1347/1347/1347
f 1342/1342/1342 1343/1343/1343 1347/1347/1347
f 1347/1347/1347 1343/1343/1343 1348/1348/1348
f 1349/1349/1349 1344/1344/1344 1350/1350/1350
f 1344/1344/1344 1345/1345/1345 1350/1350/1350
f 1345/1345/1345 1346/1346/1346 1350/1350/1350
f 1350/1350/1350 1346/1346/1346 1351/1351/1351
f 1351/1351/1351 1346/1346/1346 1352/1352/1352
f 1346/1346/1346 1347/1347/1347 1352/1352/1352
f 1347/1347/1347 1348/1348/1348 1352/1352/1352
f 1352/1352/1352 1348/1348/1348 1353/1353/1353
f 1354/1354/1354 1349/1349/1349 1355/1355/1355
f 1349/1349/1349 1350/1350/1350 1355/1355/1355
f 1350/1350/1350 1351/1351/1351 1355/1355/1355
f 1355/1355/1355 1351/1351/1351 1356/1356/1356
f 1356/1356/1356 1351/1351/1351 1357/1357/1357
f 1351/1351/1351 1352/1352/1352 1357/1357/1357
f 1352/1352/1352 1353/1353/1353 1357/1357/1357
f 1357/1357/1357 1353/1353/1353 1358/1358/1358
f 1359/1359/1359 1354/1354/1354 1360/1360/1360
f 1354/1354/1354 1355/1355/1355 1360/1360/1360
f 1355/1355/1355 1356/1356/1356 1360/1360/1360
f 1360/1360/1360 1356/1356/1356 1361/1361/1361
f 1361/1361/1361 1356/1356/1356 1362/1362/1362
f 1356/1356/1356 1357/1357/1357 1362/1362/1362
f 1357/1357/1357 1358/1358/1358 1362/1362/1362
f 1362/1362/1362 1358/1358/1358 1363/1363/1363
f 1364/1364/1364 1359/1359/1359 1365/1365/1365
f 1359/1359/1359 1360/1360/1360 1365/1365/1365
f 1360/1360/1360 1361/1361/1361 1365/1365/1365
f 1365/1365/1365 1361/1361/1361 1366/1366/1366
f 1366/1366/1366 1361/1361/1361 1367/1367/1367
f 1361/1361/1361 1362/1362/1362 1367/1367/1367
f 1362/1362/1362 1363/1363/1363 1367/1367/1367
f 1367/1367/1367 1363/1363/1363 1368/1368/1368
f 1369/1369/1369 1364/1364/1364 1370/1370/1370
f 1364/1364/1364 1365/1365/1365 1370/1370/1370
f 1365/1365/1365 1366/1366/1366 1370/1370/1370
f 1370/1370/1370 1366/1366/1366 1371/1371/1371
f 1371/1371/1371 1366/1366/1366 1372/1372/1372
f 1366/1366/1366 1367/1367/1367 1372/1372/1372
f 1367/1367/1367 1368/1368/1368 1372/1372/1372
f 1372/1372/1372 1368/1368/1368 1373/1373/1373
f 1374/1374/1374 1369/1369/1369 1375/1375/1375
f 1369/1369/1369 1370/1370/1370 1375/1375/1375
f 1370/1370/1370 1371/1371/1371 1375/1375/1375
f 1375/1375/1375 1371/1371/1371 1376/1376/1376
f 1376/1376/1376 1371/1371/1371 1377/1377/1377
f 1371/1371/1371 1372/1372/1372 1377/1377/1377
f 1372/1372/1372 1373/1373/1373 1377/1377/1377
f 1377/1377/1377 1373/1373/1373 1378/1378/1378
f 1380/1380/1380 1379/1379/1379 1381/1381/1381
f 1379/1379/1379 1382/1382/1382 1381/1381/1381
f 1382/1382/1382 1383/1383/1383 1381/1381/1381
f 1381/1381/1381 1383/1383/1383 1384/1384/1384
f 1384/1384/1384 1383/1383/1383 1385/1385/1385
f 1383/1383/1383 1386/1386/1386 1385/1385/1385
f 1386/1386/1386 1387/1387/1387 1385/1385/1385
f 1385/1385/1385 1387/1387/1387 1388/1388/1388
f 1389/1389/1389 1380/1380/1380 1390/1390/1390
f 1380/1380/1380 1381/1381/1381 1390/1390/1390
f 1381/1381/1381 1384/1384/1384 1390/1390/1390
f 1390/1390/1390 1384/1384/1384 1391/1391/1391
f 1391/1391/1391 1384/1384/1384 1392/1392/1392
f 1384/1384/1384 1385/1385/1385 1392/1392/1392
f 1385/1385/1385 1388/1388/1388 1392/1392/1392
f 1392/1392/1392 1388/1388/1388 1393/1393/1393
f 1394/1394/1394 1389/1389/1389 1395/1395/1395
f 1389/1389/1389 1390/1390/1390 1395/1395/1395
f 1390/1390/1390 1391/1391/1391 1395/1395/1395
f 1395/1395/1395 1391/1391/1391 1396/1396/1396
f 1396/1396/1396 1391/1391/1391 1397/1397/1397
f 1391/1391/1391 1392/1392/1392 1397/1397/1397
f 1392/1392/1392 1393/1393/1393 1397/1397/1397
f 1397/1397/1397 1393/1393/1393 1398/1398/1398
f 1399/1399/1399 1394/1394/1394 1400/1400/1400
f 1394/1394/1394 1395/1395/1395 1400/1400/1400
f 1395/1395/1395 1396/1396/1396 1400/1400/1400
f 1400/1400/1400 1396/1396/1396 1401/1401/1401
f 1401/1401/1401 1396/1396/1396 1402/1402/1402
f 1396/1396/1396 1397/1397/1397 1402/1402/1402
f 1397/1397/1397 1398/1398/1398 1402/1402/1402
f 1402/1402/1402 1398/1398/1398 1403/1403/1403
f 1404/1404/1404 1399/1399/1399 1405/1405/1405
f 1399/1399/1399 1400/1400/1400 1405/1405/1405
f 1400/1400/1400 1401/1401/1401 1405/1405/1405
f 1405/1405/1405 1401/1401/1401 1406/1406/1406
f 1406/1406/1406 1401/1401/1401 1407/1407/1407
f 1401/1401/1401 1402/1402/1402 1407/1407/1407
f 1402/1402/1402 1403/1403/1403 1407/1407/1407
f 1407/1407/1407 1403/1403/1403 1408/1408/1408
f 1409/1409/1409 1404/1404/1404 1410/1410/1410
f 1404/1404/1404 1405/1405/1405 1410/1410/1410
f 1405/1405/1405 1406/1406/1406 1410/1410/1410
f 1410/1410/1410 1406/1406/1406 1411/1411/1411
f 1411/1411/1411 1406/1406/1406 1412/1412/1412
f 1406/1406/1406 1407/1407/1407 1412/1412/1412
f 1407/1407/1407 1408/1408/1408 1412/1412/1412
f 1412/1412/1412 1408/1408/1408 1413/1413/1413
f 1414/1414/1414 1409/1409/1409 1415/1415/1415
f 1409/1409/1409 1410/1410/1410 1415/1415/1415
f 1410/1410/1410 1411/1411/1411 1415/1415/1415
f 1415/1415/1415 1411/1411/1411 1416/1416/1416
f 1416/1416/1416 1411/1411/1411 1417/1417/1417
f 1411/1411/1411 1412/1412/1412 1417/1417/1417
f 1412/1412/1412 1413/1413/1413 1417/1417/1417
f 1417/1417/1417 1413/1413/1413 1418/1418/1418
f 1419/1419/1419 1414/1414/1414 1420/1420/1420
f 1414/1414/1414 1415/1415/1415 1420/1420/1420
f 1415/1415/1415 1416/1416/1416 1420/1420/1420
f 1420/1420/1420 1416/1416/1416 1421/1421/1421
f 1421/1421/1421 1416/1416/1416 1422/1422/1422
f 1416/1416/1416 1417/1417/1417 1422/1422/1422
f 1417/1417/1417 1418/1418/1418 1422/1422/1422
f 1422/1422/1422 1418/1418/1418 1423/1423/1423
f 1424/1424/1424 1419/1419/1419 1425/1425/1425
f 1419/1419/1419 1420/1420/1420 1425/1425/1425
f 1420/1420/1420 1421/1421/1421 1425/1425/1425
f 1425/1425/1425 1421/1421/1421 1426/1426/1426
f 1426/1426/1426 1421/1421/1421 1427/1427/1427
f 1421/1421/1421 1422/1422/1422 1427/1427/1427
f 1422/1422/1422 1423/1423/1423 1427/1427/1427
f 1427/1427/1427 1423/1423/1423 1428/1428/1428
f 1429/1429/1429 1424/1424/1424 1430/1430/1430
f 1424/1424/1424 1425/1425/1425 1430/1430/1430
f 1425/1425/1425 1426/1426/1426 1430/1430/1430
f 1430/1430/1430 1426/1426/1426 1431/1431/1431
f 1431/1431/1431 1426/1426/1426 1432/1432/1432
f 1426/1426/1426 1427/1427/1427 1432/1432/1432
f 1427/1427/1427 1428/1428/1428 1432/1432/1432
f 1432/1432/1432 1428/1428/1428 1433/1433/1433
f 1434/1434/1434 1429/1429/1429 1435/1435/1435
f 1429/1429/1429 1430/1430/1430 1435/1435/1435
f 1430/1430/1430 1431/1431/1431 1435/1435/1435
f 1435/1435/1435 1431/1431/1431 1436/1436/1436
f 1436/1436/1436 1431/1431/1431 1437/1437/1437
f 1431/1431/1431 1432/1432/1432 1437/1437/1437
f 1432/1432/1432 1433/1433/1433 1437/1437/1437
f 1437/1437/1437 1433/1433/1433 1438/1438/1438
f 1440/1440/1440 1439/1439/1439 1441/1441/1441
f 1439/1439/1439 1442/1442/1442 1441/1441/1441
f 1442/1442/1442 1443/1443/1443 1441/1441/1441
f 1441/1441/1441 1443/1443/1443 1444/1444/1444
f 1444/1444/1444 1443/1443/1443 1445/1445/1445
f 1443/1443/1443 1446/1446/1446 1445/1445/1445
f 1446/1446/1446 1447/1447/1447 1445/1445/1445
f 1445/1445/1445 1447/1447/1447 1448/1448/1448
f 1449/1449/1449 1440/1440/1440 1450/1450/1450
f 1440/1440/1440 1441/1441/1441 1450/1450/1450
f 1441/1441/1441 1444/1444/1444 1450/1450/1450
f 1450/1450/1450 1444/1444/1444 1451/1451/1451
f 1451/1451/1451 1444/1444/1444 1452/1452/1452
f 1444/1444/1444 1445/1445/1445 1452/1452/1452
f 1445/1445/1445 1448/1448/1448 1452/1452/1452
f 1452/1452/1452 1448/1448/1448 1453/1453/1453
f 1454/1454/1454 1449/1449/1449 1455/1455/1455
f 1449/1449/1449 1450/1450/1450 1455/1455/1455
f 1450/1450/1450 1451/1451/1451 1455/1455/1455
f 1455/1455/1455 1451/1451/1451 1456/1456/1456
f 1456/1456/1456 1451/1451/1451 1457/1457/1457
f 1451/1451/1451 1452/1452/1452 1457/1457/1457
f 1452/1452/1452 1453/1453/1453 1457/1457/1457
f 1457/1457/1457 1453/1453/1453 1458/1458/1458
f 1459/1459/1459 1454/1454/1454 1460/1460/1460
f 1454/1454/1454 1455/1455/1455 1460/1460/1460
f 1455/1455/1455 1456/1456/1456 1460/1460/1460
f 1460/1460/1460 1456/1456/1456 1461/1461/1461
f 1461/1461/1461 1456/1456/1456 1462/1462/1462
f 1456/1456/1456 1457/1457/1457 1462/1462/1462
f 1457/1457/1457 1458/1458/1458 1462/1462/1462
f 1462/1462/1462 1458/1458/1458 1463/1463/1463
f 1464/1464/1464 1459/1459/1459 1465/1465/1465
f 1459/1459/1459 1460/1460/1460 1465/1465/1465
f 1460/1460/1460 1461/1461/1461 1465/1465/1465
f 1465/1465/1465 1461/1461/1461 1466/1466/1466
f 1466/1466/1466 1461/1461/1461 1467/1467/1467
f 1461/1461/1461 1462/1462/1462 1467/1467/1467
f 1462/1462/1462 1463/1463/1463 1467/1467/1467
f 1467/1467/1467 1463/1463/1463 1468/1468/1468
f 1469/1469/1469 1464/1464/1464 1470/1470/1470
f 1464/1464/1464 1465/1465/1465 1470/1470/1470
f 1465/1465/1465 1466/1466/1466 1470/1470/1470
f 1470/1470/1470 1466/1466/1466 1471/1471/1471
f 1471/1471/1471 1466/1466/1466 1472/1472/1472
f 1466/1466/1466 1467/1467/1467 1472/1472/1472
f 1467/1467/1467 1468/1468/1468 1472/1472/1472
f 1472/1472/1472 1468/1468/1468 1473/1473/1473
f 1474/1474/1474 1469/1469/1469 1475/1475/1475
f 1469/1469/1469 1470/1470/1470 1475/1475/1475
f 1470/1470/1470 1471/1471/1471 1475/1475/1475
f 1475/1475/1475 1471/1471/1471 1476/1476/1476
f 1476/1476/1476 1471/1471/1471 1477/1477/1477
f 1471/1471/1471 1472/1472/1472 1477/1477/1477
f 1472/1472/1472 1473/1473/1473 1477/1477/1477
f 1477/1477/1477 1473/1473/1473 1478/1478/1478
f 1479/1479/1479 1474/1474/1474 1480/1480/1480
f 1474/1474/1474 1475/1475/1475 1480/1480/1480
f 1475/1475/1475 1476/1476/1476 1480/1480/1480
f 1480/1480/1480 1476/1476/1476 1481/1481/1481
f 1481/1481/1481 1476/1476/1476 1482/1482/1482
f 1476/1476/1476 1477/1477/1477 1482/1482/1482
f 1477/1477/1477 1478/1478/1478 1482/1482/1482
f 1482/1482/1482 1478/1478/1478 1483/1483/1483
f 1484/1484/1484 1479/1479/1479 1485/1485/1485
f 1479/1479/1479 1480/1480/1480 1485/1485/1485
f 1480/1480/1480 1481/1481/1481 1485/1485/1485
f 1485/1485/1485 1481/1481/1481 1486/1486/1486
f 1486/1486/1486 1481/1481/1481 1487/1487/1487
f 1481/1481/1481 1482/1482/1482 1487/1487/1487
f 1482/1482/1482 1483/1483/1483 1487/1487/1487
f 1487/1487/1487 1483/1483/1483 1488/1488/1488
f 1489/1489/1489 1484/1484/1484 1490/1490/1490
f 1484/1484/1484 1485/1485/1485 1490/1490/1490
f 1485/1485/1485 1486/1486/1486 1490/1490/1490
f 1490/1490/1490 1486/1486/1486 1491/1491/1491
f 1491/1491/1491 1486/1486/1486 1492/1492/1492
f 1486/1486/1486 1487/1487/1487 1492/1492/1492
f 1487/1487/1487 1488/1488/1488 1492/1492/1492
f 1492/1492/1492 1488/1488/1488 1493/1493/1493
f 1494/1494/1494 1489/1489/1489 1495/1495/1495
f 1489/1489/1489 1490/1490/1490 1495/1495/1495
f 1490/1490/1490 1491/1491/1491 1495/1495/1495
f 1495/1495/1495 1491/1491/1491 1496/1496/1496
f 1496/1496/1496 1491/1491/1491 1497/1497/1497
f 1491/1491/1491 1492/1492/1492 1497/1497/1497
f 1492/1492/1492 1493/1493/1493 1497/1497/1497
f 1497/1497/1497 1493/1493/1493 1498/1498/1498
f 1500/1500/1500 1499/1499/1499 1501/1501/1501
f 1499/1499/1499 1502/1502/1502 1501/1501/1501
f 1502/1502/1502 1503/1503/1503 1501/1501/1501
f 1501/1501/1501 1503/1503/1503 1504/1504/1504
f 1504/1504/1504 1503/1503/1503 1505/1505/1505
f 1503/1503/1503 1506/1506/1506 1505/1505/1505
f 1506/1506/1506 1507/1507/1507 1505/1505/1505
f 1505/1505/1505 1507/1507/1507 1508/1508/1508
f 1509/1509/1509 1500/1500/1500 1510/1510/1510
f 1500/1500/1500 1501/1501/1501 1510/1510/1510
f 1501/1501/1501 1504/1504/1504 1510/1510/1510
f 1510/1510/1510 1504/1504/1504 1511/1511/1511
f 1511/1511/1511 1504/1504/1504 1512/1512/1512
f 1504/1504/1504 1505/1505/1505 1512/1512/1512
f 1505/1505/1505 1508/1508/1508 1512/1512/1512
f 1512/1512/1512 1508/1508/1508 1513/1513/1513
f 1514/1514/1514 1509/1509/1509 1515/1515/1515
f 1509/1509/1509 1510/1510/1510 1515/1515/1515
f 1510/1510/1510 1511/1511/1511 1515/1515/1515
f 1515/1515/1515 1511/1511/1511 1516/1516/1516
f 1516/1516/1516 1511/1511/1511 1517/1517/1517
f 1511/1511/1511 1512/1512/1512 1517/1517/1517
f 1512/1512/1512 1513/1513/1513 1517/1517/1517
f 1517/1517/1517 1513/1513/1513 1518/1518/1518
f 1519/1519/1519 1514/1514/1514 1520/1520/1520
f 1514/1514/1514 1515/1515/1515 1520/1520/1520
f 1515/1515/1515 1516/1516/1516 1520/1520/1520
f 1520/1520/1520 1516/1516/1516 1521/1521/1521
f 1521/1521/1521 1516/1516/1516 1522/1522/1522
f 1516/1516/1516 1517/1517/1517 1522/1522/1522
f 1517/1517/1517 1518/1518/1518 1522/1522/1522
f 1522/1522/1522 1518/1518/1518 1523/1523/1523
f 1524/1524/1524 1519/1519/1519 1525/1525/1525
f 1519/1519/1519 1520/1520/1520 1525/1525/1525
f 1520/1520/1520 1521/1521/1521 1525/1525/1525
f 1525/1525/1525 1521/1521/1521 1526/1526/1526
f 1526/1526/1526 1521/1521/1521 1527/1527/1527
f 1521/1521/1521 1522/1522/1522 1527/1527/1527
f 1522/1522/1522 1523/1523/1523 1527/1527/1527
f 1527/1527/1527 1523/1523/1523 1528/1528/1528
f 1529/1529/1529 1524/1524/1524 1530/1530/1530
f 1524/1524/1524 1525/1525/1525 1530/1530/1530
f 1525/1525/1525 1526/1526/1526 1530/1530/1530
f 1530/1530/1530 1526/1526/1526 1531/1531/1531
f 1531/1531/1531 1526/1526/1526 1532/1532/1532
f 1526/1526/1526 1527/1527/1527 1532/1532/1532
f 1527/1527/1527 1528/1528/1528 1532/1532/1532
f 1532/1532/1532 1528/1528/1528 1533/1533/1533
f 1534/1534/1534 1529/1529/1529 1535/1535/1535
f 1529/1529/1529 1530/1530/1530 1535/1535/1535
f 1530/1530/1530 1531/1531/1531 1535/1535/1535
f 1535/1535/1535 1531/1531/1531 1536/1536/1536
f 1536/1536/1536 1531/1531/1531 1537/1537/1537
f 1531/1531/1531 1532/1532/1532 1537/1537/1537
f 1532/1532/1532 1533/1533/1533 1537/1537/1537
f 1537/1537/1537 1533/1533/1533 1538/1538/1538
f 1539/1539/1539 1534/1534/1534 1540/1540/1540
f 1534/1534/1534 1535/1535/1535 1540/1540/1540
f 1535/1535/1535 1536/1536/1536 1540/1540/1540
f 1540/1540/1540 1536/1536/1536 1541/1541/1541
f 1541/1541/1541 1536/1536/1536 1542/1542/1542
f 1536/1536/1536 1537/1537/1537 1542/1542/1542
f 1537/1537/1537 1538/1538/1538 1542/1542/1542
f 1542/1542/1542 1538/1538/1538 1543/1543/1543
f 1544/1544/1544 1539/1539/1539 1545/1545/1545
f 1539/1539/1539 1540/1540/1540 1545/1545/1545
f 1540/1540/1540 1541/1541/1541 1545/1545/1545
f 1545/1545/1545 1541/1541/1541 1546/1546/1546
f 1546/1546/1546 1541/1541/1541 1547/1547/1547
f 1541/1541/1541 1542/1542/1542 1547/1547/1547
f 1542/1542/1542 1543/1543/1543 1547/1547/1547
f 1547/1547/1547 1543/1543/1543 1548/1548/1548
f 1549/1549/1549 1544/1544/1544 1550/1550/1550
f 1544/1544/1544 1545/1545/1545 1550/1550/1550
f 1545/1545/1545 1546/1546/1546 1550/1550/1550
f 1550/1550/1550 1546/1546/1546 1551/1551/1551
f 1551/1551/1551 1546/1546/1546 1552/1552/1552
f 1546/1546/1546 1547/1547/1547 1552/1552/1552
f 1547/1547/1547 1548/1548/1548 1552/1552/1552
f 1552/1552/1552 1548/1548/1548 1553/1553/1553
f 1554/1554/1554 1549/1549/1549 1555/1555/1555
f 1549/1549/1549 1550/1550/1550 1555/1555/1555
f 1550/1550/1550 1551/1551/1551 1555/1555/1555
f 1555/1555/1555 1551/1551/1551 1556/1556/1556
f 1556/1556/1556 1551/1551/1551 1557/1557/1557
f 1551/1551/1551 1552/1552/1552 1557/1557/1557
f 1552/1552/1552 1553/1553/1553 1557/1557/1557
f 1557/1557/1557 1553/1553/1553 1558/1558/1558
f 1560/1560/1560 1559/1559/1559 1561/1561/1561
f 1559/1559/1559 1562/1562/1562 1561/1561/1561
f 1562/1562/1562 1563/1563/1563 1561/1561/1561
f 1561/1561/1561 1563/1563/1563 1564/1564/1564
f 1564/1564/1564 1563/1563/1563 1565/1565/1565
f 1563/1563/1563 1566/1566/1566 1565/1565/1565
f 1566/1566/1566 1567/1567/1567 1565/1565/1565
f 1565/1565/1565 1567/1567/1567 1568/1568/1568
f 1569/1569/1569 1560/1560/1560 1570/1570/1570
f 1560/1560/1560 1561/1561/1561 1570/1570/1570
f 1561/1561/1561 1564/1564/1564 1570/1570/1570
f 1570/1570/1570 1564/1564/1564 1571/1571/1571
f 1571/1571/1571 1564/1564/1564 1572/1572/1572
f 1564/1564/1564 1565/1565/1565 1572/1572/1572
f 1565/1565/1565 1568/1568/1568 1572/1572/1572
f 1572/1572/1572 1568/1568/1568 1573/1573/1573
f 1574/1574/1574 1569/1569/1569 1575/1575/1575
f 1569/1569/1569 1570/1570/1570 1575/1575/1575
f 1570/1570/1570 1571/1571/1571 1575/1575/1575
f 1575/1575/1575 1571/1571/1571 1576/1576/1576
f 1576/1576/1576 1571/1571/1571 1577/1577/1577
f 1571/1571/1571 1572/1572/1572 1577/1577/1577
f 1572/1572/1572 1573/1573/1573 1577/1577/1577
f 1577/1577/1577 1573/1573/1573 1578/1578/1578
f 1579/1579/1579 1574/1574/1574 1580/1580/1580
f 1574/1574/1574 1575/1575/1575 1580/1580/1580
f 1575/1575/1575 1576/1576/1576 1580/1580/1580
f 1580/1580/1580 1576/1576/1576 1581/1581/1581
f 1581/1581/1581 1576/1576/1576 1582/1582/1582
f 1576/1576/1576 1577/1577/1577 1582/1582/1582
f 1577/1577/1577 1578/1578/1578 1582/1582/1582
f 1582/1582/1582 1578/1578/1578 1583/1583/1583
f 1584/1584/1584 1579/1579/1579 1585/1585/1585
f 1579/1579/1579 1580/1580/1580 1585/1585/1585
f 1580/1580/1580 1581/1581/1581 1585/1585/1585
f 1585/1585/1585 1581/1581/1581 1586/1586/1586
f 1586/1586/1586 1581/1581/1581 1587/1587/1587
f 1581/1581/1581 1582/1582/1582 1587/1587/1587
f 1582/1582/1582 1583/1583/1583 1587/1587/1587
f 1587/1587/1587 1583/1583/1583 1588/1588/1588
f 1589/1589/1589 1584/1584/1584 1590/1590/1590
f 1584/1584/1584 1585/1585/1585 1590/1590/1590
f 1585/1585/1585 1586/1586/1586 1590/1590/1590
f 1590/1590/1590 1586/1586/1586 1591/1591/1591
f 1591/1591/1591 1586/1586/1586 1592/1592/1592
f 1586/1586/1586 1587/1587/1587 1592/1592/1592
f 1587/1587/1587 1588/1588/1588 1592/1592/1592
f 1592/1592/1592 1588/1588/1588 1593/1593/1593
f 1594/1594/1594 1589/1589/1589 1595/1595/1595
f 1589/1589/1589 1590/1590/1590 1595/1595/1595
f 1590/1590/1590 1591/1591/1591 1595/1595/1595
f 1595/1595/1595 1591/1591/1591 1596/1596/1596
f 1596/1596/1596 1591/1591/1591 1597/1597/1597
f 1591/1591/1591 1592/1592/1592 1597/1597/1597
f 1592/1592/1592 1593/1593/1593 1597/1597/1597
f 1597/1597/1597 1593/1593/1593 1598/1598/1598
f 1599/1599/1599 1594/1594/1594 1600/1600/1600
f 1594/1594/1594 1595/1595/1595 1600/1600/1600
f 1595/1595/1595 1596/1596/1596 1600/1600/1600
f 1600/1600/1600 1596/1596/1596 1601/1601/1601
f 1601/1601/1601 1596/1596/1596 1602/1602/1602
f 1596/1596/1596 1597/1597/1597 1602/1602/1602
f 1597/1597/1597 1598/1598/1598 1602/1602/1602
f 1602/1602/1602 1598/1598/1598 1603/1603/1603
f 1604/1604/1604 1599/1599/1599 1605/1605/1605
f 1599/1599/1599 1600/1600/1600 1605/1605/1605
f 1600/1600/1600 1601/1601/1601 1605/1605/1605
f 1605/1605/1605 1601/1601/1601 1606/1606/1606
f 1606/1606/1606 1601/1601/1601 1607/1607/1607
f 1601/1601/1601 1602/1602/1602 1607/1607/1607
f 1602/1602/1602 1603/1603/1603 1607/1607/1607
f 1607/1607/1607 1603/1603/1603 1608/1608/1608
f 1609/1609/1609 1604/1604/1604 1610/1610/1610
f 1604/1604/1604 1605/1605/1605 1610/1610/1610
f 1605/1605/1605 1606/1606/1606 1610/1610/1610
f 1610/1610/1610 1606/1606/1606 1611/1611/1611
f 1611/1611/1611 1606/1606/1606 1612/1612/1612
f 1606/1606/1606 1607/1607/1607 1612/1612/1612
f 1607/1607/1607 1608/1608/1608 1612/1612/1612
f 1612/1612/1612 1608/1608/1608 1613/1613/1613
f 1614/1614/1614 1609/1609/1609 1615/1615/1615
f 1609/1609/1609 1610/1610/1610 1615/1615/1615
f 1610/1610/1610 1611/1611/1611 1615/1615/1615
f 1615/1615/1615 1611/1611/1611 1616/1616/1616
f 1616/1616/1616 1611/1611/1611 1617/1617/1617
f 1611/1611/1611 1612/1612/1612 1617/1617/1617
f 1612/1612/1612 1613/1613/1613 1617/1617/1617
f 1617/1617/1617 1613/1613/1613 1618/1618/1618
f 1620/1620/1620 1619/1619/1619 1621/1621/1621
f 1619/1619/1619 1622/1622/1622 1621/1621/1621
f 1622/1622/1622 1623/1623/1623 1621/1621/1621
f 1621/1621/1621 1623/1623/1623 1624/1624/1624
f 1624/1624/1624 1623/1623/1623 1625/1625/1625
f 1623/1623/1623 1626/1626/1626 1625/1625/1625
f 1626/1626/1626 1627/1627/1627 1625/1625/1625
f 1625/1625/1625 1627/1627/1627 1628/1628/1628
f 1629/1629/1629 1620/1620/1620 1630/1630/1630
f 1620/1620/1620 1621/1621/1621 1630/1630/1630
f 1621/1621/1621 1624/1624/1624 1630/1630/1630
f 1630/1630/1630 1624/1624/1624 1631/1631/1631
f 1631/1631/1631 1624/1624/1624 1632/1632/1632
f 1624/1624/1624 1625/1625/1625 1632/1632/1632
f 1625/1625/1625 1628/1628/1628 1632/1632/1632
f 1632/1632/1632 1628/1628/1628 1633/1633/1633
f 1634/1634/1634 1629/1629/1629 1635/1635/1635
f 1629/1629/1629 1630/1630/1630 1635/1635/1635
f 1630/1630/1630 1631/1631/1631 1635/1635/1635
f 1635/1635/1635 1631/1631/1631 1636/1636/1636
f 1636/1636/1636 1631/1631/1631 1637/1637/1637
f 1631/1631/1631 1632/1632/1632 1637/1637/1637
f 1632/1632/1632 1633/1633/1633 1637/1637/1637
f 1637/1637/1637 1633/1633/1633 1638/1638/1638
f 1639/1639/1639 1634/1634/1634 1640/1640/1640
f 1634/1634/1634 1635/1635/1635 1640/1640/1640
f 1635/1635/1635 1636/1636/1636 1640/1640/1640
f 1640/1640/1640 1636/1636/1636 1641/1641/1641
f 1641/1641/1641 1636/1636/1636 1642/1642/1642
f 1636/1636/1636 1637/1637/1637 1642/1642/1642
f 1637/1637/1637 1638/1638/1638 1642/1642/1642
f 1642/1642/1642 1638/1638/1638 1643/1643/1643
f 1644/1644/1644 1639/1639/1639 1645/1645/1645
f 1639/1639/1639 1640/1640/1640 1645/1645/1645
f 1640/1640/1640 1641/1641/1641 1645/1645/1645
f 1645/1645/1645 1641/1641/1641 1646/1646/1646
f 1646/1646/1646 1641/1641/1641 1647/1647/1647
f 1641/1641/1641 1642/1642/1642 1647/1647/1647
f 1642/1642/1642 1643/1643/1643 1647/1647/1647
f 1647/1647/1647 1643/1643/1643 1648/1648/1648
f 1649/1649/1649 1644/1644/1644 1650/1650/1650
f 1644/1644/1644 1645/1645/1645 1650/1650/1650
f 1645/1645/1645 1646/1646/1646 1650/1650/1650
f 1650/1650/1650 1646/1646/1646 1651/1651/1651
f 1651/1651/1651 1646/1646/1646 1652/1652/1652
f 1646/1646/1646 1647/1647/1647 1652/1652/1652
f 1647/1647/1647 1648/1648/1648 1652/1652/1652
f 1652/1652/1652 1648/1648/1648 1653/1653/1653
f 1654/1654/1654 1649/1649/1649 1655/1655/1655
f 1649/1649/1649 1650/1650/1650 1655/1655/1655
f 1650/1650/1650 1651/1651/1651 1655/1655/1655
f 1655/1655/1655 1651/1651/1651 1656/1656/1656
f 1656/1656/1656 1651/1651/1651 1657/1657/1657
f 1651/1651/1651 1652/1652/1652 1657/1657/1657
f 1652/1652/1652 1653/1653/1653 1657/1657/1657
f 1657/1657/1657 1653/1653/1653 1658/1658/1658
f 1659/1659/1659 1654/1654/1654 1660/1660/1660
f 1654/1654/1654 1655/1655/1655 1660/1660/1660
f 1655/1655/1655 1656/1656/1656 1660/1660/1660
f 1660/1660/1660 1656/1656/1656 1661/1661/1661
f 1661/1661/1661 1656/1656/1656 1662/1662/1662
f 1656/1656/1656 1657/1657/1657 1662/1662/1662
f 1657/1657/1657 1658/1658/1658 1662/1662/1662
f 1662/1662/1662 1658/1658/1658 1663/1663/1663
f 1664/1664/1664 1659/1659/1659 1665/1665/1665
f 1659/1659/1659 1660/1660/1660 1665/1665/1665
f 1660/1660/1660 1661/1661/1661 1665/1665/1665
f 1665/1665/1665 1661/1661/1661 1666/1666/1666
f 1666/1666/1666 1661/1661/1661 1667/1667/1667
f 1661/1661/1661 1662/1662/1662 1667/1667/1667
f 1662/1662/1662 1663/1663/1663 1667/1667/1667
f 1667/1667/1667 1663/1663/1663 1668/1668/1668
f 1669/1669/1669 1664/1664/1664 1670/1670/1670
f 1664/1664/1664 1665/1665/1665 1670/1670/1670
f 1665/1665/1665 1666/1666/1666 1670/1670/1670
f 1670/1670/1670 1666/1666/1666 1671/1671/1671
f 1671/1671/1671 1666/1666/1666 1672/1672/1672
f 1666/1666/1666 1667/1667/1667 1672/1672/1672
f 1667/1667/1667 1668/1668/1668 1672/1672/1672
f 1672/1672/1672 1668/1668/1668 1673/1673/1673
f 1674/1674/1674 1669/1669/1669 1675/1675/1675
f 1669/1669/1669 1670/1670/1670 1675/1675/1675
f 1670/1670/1670 1671/1671/1671 1675/1675/1675
f 1675/1675/1675 1671/1671/1671 1676/1676/1676
f 1676/1676/1676 1671/1671/1671 1677/1677/1677
f 1671/1671/1671 1672/1672/1672 1677/1677/1677
f 1672/1672/1672 1673/1673/1673 1677/1677/1677
f 1677/1677/1677 1673/1673/1673 1678/1678/1678
f 1680/1680/1680 1679/1679/1679 1681/1681/1681
f 1679/1679/1679 1682/1682/1682 1681/1681/1681
f 1682/1682/1682 1683/1683/1683 1681/1681/1681
f 1681/1681/1681 1683/1683/1683 1684/1684/1684
f 1684/1684/1684 1683/1683/1683 1685/1685/1685
f 1683/1683/1683 1686/1686/1686 1685/1685/1685
f 1686/1686/1686 1687/1687/1687 1685/1685/1685
f 1685/1685/1685 1687/1687/1687 1688/1688/1688
f 1689/1689/1689 1680/1680/1680 1690/1690/1690
f 1680/1680/1680 1681/1681/1681 1690/1690/1690
f 1681/1681/1681 1684/1684/1684 1690/1690/1690
f 1690/1690/1690 1684/1684/1684 1691/1691/1691
f 1691/1691/1691 1684/1684/1684 1692/1692/1692
f 1684/1684/1684 1685/1685/1685 1692/1692/1692
f 1685/1685/1685 1688/1688/1688 1692/1692/1692
f 1692/1692/1692 1688/1688/1688 1693/1693/1693
f 1694/1694/1694 1689/1689/1689 1695/1695/1695
f 1689/1689/1689 1690/1690/1690 1695/1695/1695
f 1690/1690/1690 1691/1691/1691 1695/1695/1695
f 1695/1695/1695 1691/1691/1691 1696/1696/1696
f 1696/1696/1696 1691/1691/1691 1697/1697/1697
f 1691/1691/1691 1692/1692/1692 1697/1697/1697
f 1692/1692/1692 1693/1693/1693 1697/1697/1697
f 1697/1697/1697 1693/1693/1693 1698/1698/1698
f 1699/1699/1699 1694/1694/1694 1700/1700/1700
f 1694/1694/1694 1695/1695/1695 1700/1700/1700
f 1695/1695/1695 1696/1696/1696 1700/1700/1700
f 1700/1700/1700 1696/1696/1696 1701/1701/1701
f 1701/1701/1701 1696/1696/1696 1702/1702/1702
f 1696/1696/1696 1697/1697/1697 1702/1702/1702
f 1697/1697/1697 1698/1698/1698 1702/1702/1702
f 1702/1702/1702 1698/1698/1698 1703/1703/1703
f 1704/1704/1704 1699/1699/1699 1705/1705/1705
f 1699/1699/1699 1700/1700/1700 1705/1705/1705
f 1700/1700/1700 1701/1701/1701 1705/1705/1705
f 1705/1705/1705 1701/1701/1701 1706/1706/1706
f 1706/1706/1706 1701/1701/1701 1707/1707/1707
f 1701/1701/1701 1702/1702/1702 1707/1707/1707
f 1702/1702/1702 1703/1703/1703 1707/1707/1707
f 1707/1707/1707 1703/1703/1703 1708/1708/1708
f 1709/1709/1709 1704/1704/1704 1710/1710/1710
f 1704/1704/1704 1705/1705/1705 1710/1710/1710
f 1705/1705/1705 1706/1706/1706 1710/1710/1710
f 1710/1710/1710 1706/1706/1706 1711/1711/1711
f 1711/1711/1711 1706/1706/1706 1712/1712/1712
f 1706/1706/1706 1707/1707/1707 1712/1712/1712
f 1707/1707/1707 1708/1708/1708 1712/1712/1712
f 1712/1712/1712 1708/1708/1708 1713/1713/1713
f 1714/1714/1714 1709/1709/1709 1715/1715/1715
f 1709/1709/1709 1710/1710/1710 1715/1715/1715
f 1710/1710/1710 1711/1711/1711 1715/1715/1715
f 1715/1715/1715 1711/1711/1711 1716/1716/1716
f 1716/1716/1716 1711/1711/1711 1717/1717/1717
f 1711/1711/1711 1712/1712/1712 1717/1717/1717
f 1712/1712/1712 1713/1713/1713 1717/1717/1717
f 1717/1717/1717 1713/1713/1713 1718/1718/1718
f 1719/1719/1719 1714/1714/1714 1720/1720/1720
f 1714/1714/1714 1715/1715/1715 1720/1720/1720
f 1715/1715/1715 1716/1716/1716 1720/1720/1720
f 1720/1720/1720 1716/1716/1716 1721/1721/1721
f 1721/1721/1721 1716/1716/1716 1722/1722/1722
f 1716/1716/1716 1717/1717/1717 1722/1722/1722
f 1717/1717/1717 1718/1718/1718 1722/1722/1722
f 1722/1722/1722 1718/1718/1718 1723/1723/1723
f 1724/1724/1724 1719/1719/1719 1725/1725/1725
f 1719/1719/1719 1720/1720/1720 1725/1725/1725
f 1720/1720/1720 1721/1721/1721 1725/1725/1725
f 1725/1725/1725 1721/1721/1721 1726/1726/1726
f 1726/1726/1726 1721/1721/1721 1727/1727/1727
f 1721/1721/1721 1722/1722/1722 1727/1727/1727
f 1722/1722/1722 1723/1723/1723 1727/1727/1727
f 1727/1727/1727 1723/1723/1723 1728/1728/1728
f 1729/1729/1729 1724/1724/1724 1730/1730/1730
f 1724/1724/1724 1725/1725/1725 1730/1730/1730
f 1725/1725/1725 1726/1726/1726 1730/1730/1730
f 1730/1730/1730 1726/1726/1726 1731/1731/1731
f 1731/1731/1731 1726/1726/1726 1732/1732/1732
f 1726/1726/1726 1727/1727/1727 1732/1732/1732
f 1727/1727/1727 1728/1728/1728 1732/1732/1732
f 1732/1732/1732 1728/1728/1728 1733/1733/1733
f 1734/1734/1734 1729/1729/1729 1735/1735/1735
f 1729/1729/1729 1730/1730/1730 1735/1735/1735
f 1730/1730/1730 1731/1731/1731 1735/1735/1735
f 1735/1735/1735 1731/1731/1731 1736/1736/1736
f 1736/1736/1736 1731/1731/1731 1737/1737/1737
f 1731/1731/1731 1732/1732/1732 1737/1737/1737
f 1732/1732/1732 1733/1733/1733 1737/1737/1737
f 1737/1737/1737 1733/1733/1733 1738/1738/1738
f 1740/1740/1740 1739/1739/1739 1741/1741/1741
f 1739/1739/1739 1742/1742/1742 1741/1741/1741
f 1742/1742/1742 1743/1743/1743 1741/1741/1741
f 1741/1741/1741 1743/1743/1743 1744/1744/1744
f 1744/1744/1744 1743/1743/1743 1745/1745/1745
f 1743/1743/1743 1746/1746/1746 1745/1745/1745
f 1746/1746/1746 1747/1747/1747 1745/1745/1745
f 1745/1745/1745 1747/1747/1747 1748/1748/1748
f 1749/1749/1749 1740/1740/1740 1750/1750/1750
f 1740/1740/1740 1741/1741/1741 1750/1750/1750
f 1741/1741/1741 1744/1744/1744 1750/1750/1750
f 1750/1750/1750 1744/1744/1744 1751/1751/1751
f 1751/1751/1751 1744/1744/1744 1752/1752/1752
f 1744/1744/1744 1745/1745/1745 1752/1752/1752
f 1745/1745/1745 1748/1748/1748 1752/1752/1752
f 1752/1752/1752 1748/1748/1748 1753/1753/1753
f 1754/1754/1754 1749/1749/1749 1755/1755/1755
f 1749/1749/1749 1750/1750/1750 1755/1755/1755
f 1750/1750/1750 1751/1751/1751 1755/1755/1755
f 1755/1755/1755 1751/1751/1751 1756/1756/1756
f 1756/1756/1756 1751/1751/1751 1757/1757/1757
f 1751/1751/1751 1752/1752/1752 1757/1757/1757
f 1752/1752/1752 1753/1753/1753 1757/1757/1757
f 1757/1757/1757 1753/1753/1753 1758/1758/1758
f 1759/1759/1759 1754/1754/1754 1760/1760/1760
f 1754/1754/1754 1755/1755/1755 1760/1760/1760
f 1755/1755/1755 1756/1756/1756 1760/1760/1760
f 1760/1760/1760 1756/1756/1756 1761/1761/1761
f 1761/1761/1761 1756/1756/1756 1762/1762/1762
f 1756/1756/1756 1757/1757/1757 1762/1762/1762
f 1757/1757/1757 1758/1758/1758 1762/1762/1762
f 1762/1762/1762 1758/1758/1758 1763/1763/1763
f 1764/1764/1764 1759/1759/1759 1765/1765/1765
f 1759/1759/1759 1760/1760/1760 1765/1765/1765
f 1760/1760/1760 1761/1761/1761 1765/1765/1765
f 1765/1765/1765 1761/1761/1761 1766/1766/1766
f 1766/1766/1766 1761/1761/1761 1767/1767/1767
f 1761/1761/1761 1762/1762/1762 1767/1767/1767
f 1762/1762/1762 1763/1763/1763 1767/1767/1767
f 1767/1767/1767 1763/1763/1763 1768/1768/1768
f 1769/1769/1769 1764/1764/1764 1770/1770/1770
f 1764/1764/1764 1765/1765/1765 1770/1770/1770
f 1765/1765/1765 1766/1766/1766 1770/1770/1770
f 1770/1770/1770 1766/1766/1766 1771/1771/1771
f 1771/1771/1771 1766/1766/1766 1772/1772/1772
f 1766/1766/1766 1767/1767/1767 1772/1772/1772
f 1767/1767/1767 1768/1768/1768 1772/1772/1772
f 1772/1772/1772 1768/1768/1768 1773/1773/1773
f 1774/1774/1774 1769/1769/1769 1775/1775/1775
f 1769/1769/1769 1770/1770/1770 1775/1775/1775
f 1770/1770/1770 1771/1771/1771 1775/1775/1775
f 1775/1775/1775 1771/1771/1771 1776/1776/1776
f 1776/1776/1776 1771/1771/1771 1777/1777/1777
f 1771/1771/1771 1772/1772/1772 1777/1777/1777
f 1772/1772/1772 1773/1773/1773 1777/1777/1777
f 1777/1777/1777 1773/1773/1773 1778/1778/1778
f 1779/1779/1779 1774/1774/1774 1780/1780/1780
f 1774/1774/1774 1775/1775/1775 1780/1780/1780
f 1775/1775/1775 1776/1776/1776 1780/1780/1780
f 1780/1780/1780 1776/1776/1776 1781/1781/1781
f 1781/1781/1781 1776/1776/1776 1782/1782/1782
f 1776/1776/1776 1777/1777/1777 1782/1782/1782
f 1777/1777/1777 1778/1778/1778 1782/1782/1782
f 1782/1782/1782 1778/1778/1778 1783/1783/1783
f 1784/1784/1784 1779/1779/1779 1785/1785/1785
f 1779/1779/1779 1780/1780/1780 1785/1785/1785
f 1780/1780/1780 1781/1781/1781 1785/1785/1785
f 1785/1785/1785 1781/1781/1781 1786/1786/1786
f 1786/1786/1786 1781/1781/1781 1787/1787/1787
f 1781/1781/1781 1782/1782/1782 1787/1787/1787
f 1782/1782/1782 1783/1783/1783 1787/1787/1787
f 1787/1787/1787 1783/1783/1783 1788/1788/1788
f 1789/1789/1789 1784/1784/1784 1790/1790/1790
f 1784/1784/1784 1785/1785/1785 1790/1790/1790
f 1785/1785/1785 1786/1786/1786 1790/1790/1790
f 1790/1790/1790 1786/1786/1786 1791/1791/1791
f 1791/1791/1791 1786/1786/1786 1792/1792/1792
f 1786/1786/1786 1787/1787/1787 1792/1792/1792
f 1787/1787/1787 1788/1788/1788 1792/1792/1792
f 1792/1792/1792 1788/1788/1788 1793/1793/1793
f 1794/1794/1794 1789/1789/1789 1795/1795/1795
f 1789/1789/1789 1790/1790/1790 1795/1795/1795
f 1790/1790/1790 1791/1791/1791 1795/1795/1795
f 1795/1795/1795 1791/1791/1791 1796/1796/1796
f 1796/1796/1796 1791/1791/1791 1797/1797/1797
f 1791/1791/1791 1792/1792/1792 1797/1797/1797
f 1792/1792/1792 1793/1793/1793 1797/1797/1797
f 1797/1797/1797 1793/1793/1793 1798/1798/1798
f 1800/1800/1800 1799/1799/1799 1801/1801/1801
f 1799/1799/1799 1802/1802/1802 1801/1801/1801
f 1802/1802/1802 1803/1803/1803 1801/1801/1801
f 1801/1801/1801 1803/1803/1803 1804/1804/1804
f 1804/1804/1804 1803/1803/1803 1805/1805/1805
f 1803/1803/1803 1806/1806/1806 1805/1805/1805
f 1806/1806/1806 1807/1807/1807 1805/1805/1805
f 1805/1805/1805 1807/1807/1807 1808/1808/1808
f 1809/1809/1809 1800/1800/1800 1810/1810/1810
f 1800/1800/1800 1801/1801/1801 1810/1810/1810
f 1801/1801/1801 1804/1804/1804 1810/1810/1810
f 1810/1810/1810 1804/1804/1804 1811/1811/1811
f 1811/1811/1811 1804/1804/1804 1812/1812/1812
f 1804/1804/1804 1805/1805/1805 1812/1812/1812
f 1805/1805/1805 1808/1808/1808 1812/1812/1812
f 1812/1812/1812 1808/1808/1808 1813/1813/1813
f 1814/1814/1814 1809/1809/1809 1815/1815/1815
f 1809/1809/1809 1810/1810/1810 1815/1815/1815
f 1810/1810/1810 1811/1811/1811 1815/1815/1815
f 1815/1815/1815 1811/1811/1811 1816/1816/1816
f 1816/1816/1816 1811/1811/1811 1817/1817/1817
f 1811/1811/1811 1812/1812/1812 1817/1817/1817
f 1812/1812/1812 1813/1813/1813 1817/1817/1817
f 1817/1817/1817 1813/1813/1813 1818/1818/1818
f 1819/1819/1819 1814/1814/1814 1820/1820/1820
f 1814/1814/1814 1815/1815/1815 1820/1820/1820
f 1815/1815/1815 1816/1816/1816 1820/1820/1820
f 1820/1820/1820 1816/1816/1816 1821/1821/1821
f 1821/1821/1821 1816/1816/1816 1822/1822/1822
f 1816/1816/1816 1817/1817/1817 1822/1822/1822
f 1817/1817/1817 1818/1818/1818 1822/1822/1822
f 1822/1822/1822 1818/1818/1818 1823/1823/1823
f 1824/1824/1824 1819/1819/1819 1825/1825/1825
f 1819/1819/1819 1820/1820/1820 1825/1825/1825
f 1820/1820/1820 1821/1821/1821 1825/1825/1825
f 1825/1825/1825 1821/1821/1821 1826/1826/1826
f 1826/1826/1826 1821/1821/1821 1827/1827/1827
f 1821/1821/1821 1822/1822/1822 1827/1827/1827
f 1822/1822/1822 1823/1823/1823 1827/1827/1827
f 1827/1827/1827 1823/1823/1823 1828/1828/1828
f 1829/1829/1829 1824/1824/1824 1830/1830/1830
f 1824/1824/1824 1825/1825/1825 1830/1830/1830
f 1825/1825/1825 1826/1826/1826 1830/1830/1830
f 1830/1830/1830 1826/1826/1826 1831/1831/1831
f 1831/1831/1831 1826/1826/1826 1832/1832/1832
f 1826/1826/1826 1827/1827/1827 1832/1832/1832
f 1827/1827/1827 1828/1828/1828 1832/1832/1832
f 1832/1832/1832 1828/1828/1828 1833/1833/1833
f 1834/1834/1834 1829/1829/1829 1835/1835/1835
f 1829/1829/1829 1830/1830/1830 1835/1835/1835
f 1830/1830/1830 1831/1831/1831 1835/1835/1835
f 1835/1835/1835 1831/1831/1831 1836/1836/1836
f 1836/1836/1836 1831/1831/1831 1837/1837/1837
f 1831/1831/1831 1832/1832/1832 1837/1837/1837
f 1832/1832/1832 1833/1833/1833 1837/1837/1837
f 1837/1837/1837 1833/1833/1833 1838/1838/1838
f 1839/1839/1839 1834/1834/1834 1840/1840/1840
f 1834/1834/1834 1835/1835/1835 1840/1840/1840
f 1835/1835/1835 1836/1836/1836 1840/1840/1840
f 1840/1840/1840 1836/1836/1836 1841/1841/1841
f 1841/1841/1841 1836/1836/1836 1842/1842/1842
f 1836/1836/1836 1837/1837/1837 1842/1842/1842
f 1837/1837/1837 1838/1838/1838 1842/1842/1842
f 1842/1842/1842 1838/1838/1838 1843/1843/1843
f 1844/1844/1844 1839/1839/1839 1845/1845/1845
f 1839/1839/1839 1840/1840/1840 1845/1845/1845
f 1840/1840/1840 1841/1841/1841 1845/1845/1845
f 1845/1845/1845 1841/1841/1841 1846/1846/1846
f 1846/1846/1846 1841/1841/1841 1847/1847/1847
f 1841/1841/1841 1842/1842/1842 1847/1847/1847
f 1842/1842/1842 1843/1843/1843 1847/1847/1847
f 1847/1847/1847 1843/1843/1843 1848/1848/1848
f 1849/1849/1849 1844/1844/1844 1850/1850/1850
f 1844/1844/1844 1845/1845/1845 1850/1850/1850
f 1845/1845/1845 1846/1846/1846 1850/1850/1850
f 1850/1850/1850 1846/1846/1846 1851/1851/1851
f 1851/1851/1851 1846/1846/1846 1852/1852/1852
f 1846/1846/1846 1847/1847/1847 1852/1852/1852
f 1847/1847/1847 1848/1848/1848 1852/1852/1852
f 1852/1852/1852 1848/1848/1848 1853/1853/1853
f 1854/1854/1854 1849/1849/1849 1855/1855/1855
f 1849/1849/1849 1850/1850/1850 1855/1855/1855
f 1850/1850/1850 1851/1851/1851 1855/1855/1855
f 1855/1855/1855 1851/1851/1851 1856/1856/1856
f 1856/1856/1856 1851/1851/1851 1857/1857/1857
f 1851/1851/1851 1852/1852/1852 1857/1857/1857
f 1852/1852/1852 1853/1853/1853 1857/1857/1857
f 1857/1857/1857 1853/1853/1853 1858/1858/1858
f 1860/1860/1860 1859/1859/1859 1861/1861/1861
f 1859/1859/1859 1862/1862/1862 1861/1861/1861
f 1862/1862/1862 1863/1863/1863 1861/1861/1861
f 1861/1861/1861 1863/1863/1863 1864/1864/1864
f 1864/1864/1864 1863/1863/1863 1865/1865/1865
f 1863/1863/1863 1866/1866/1866 1865/1865/1865
f 1866/1866/1866 1867/1867/1867 1865/1865/1865
f 1865/1865/1865 1867/1867/1867 1868/1868/1868
f 1869/1869/1869 1860/1860/1860 1870/1870/1870
f 1860/1860/1860 1861/1861/1861 1870/1870/1870
f 1861/1861/1861 1864/1864/1864 1870/1870/1870
f 1870/1870/1870 1864/1864/1864 1871/1871/1871
f 1871/1871/1871 1864/1864/1864 1872/1872/1872
f 1864/1864/1864 1865/1865/1865 1872/1872/1872
f 1865/1865/1865 1868/1868/1868 1872/1872/1872
f 1872/1872/1872 1868/1868/1868 1873/1873/1873
f 1874/1874/1874 1869/1869/1869 1875/1875/1875
f 1869/1869/1869 1870/1870/1870 1875/1875/1875
f 1870/1870/1870 1871/1871/1871 1875/1875/1875
f 1875/1875/1875 1871/1871/1871 1876/1876/1876
f 1876/1876/1876 1871/1871/1871 1877/1877/1877
f 1871/1871/1871 1872/1872/1872 1877/1877/1877
f 1872/1872/1872 1873/1873/1873 1877/1877/1877
f 1877/1877/1877 1873/1873/1873 1878/1878/1878
f 1879/1879/1879 1874/1874/1874 1880/1880/1880
f 1874/1874/1874 1875/1875/1875 1880/1880/1880
f 1875/1875/1875 1876/1876/1876 1880/1880/1880
f 1880/1880/1880 1876/1876/1876 1881/1881/1881
f 1881/1881/1881 1876/1876/1876 1882/1882/1882
f 1876/1876/1876 1877/1877/1877 1882/1882/1882
f 1877/1877/1877 1878/1878/1878 1882/1882/1882
f 1882/1882/1882 1878/1878/1878 1883/1883/1883
f 1884/1884/1884 1879/1879/1879 1885/1885/1885
f 1879/1879/1879 1880/1880/1880 1885/1885/1885
f 1880/1880/1880 1881/1881/1881 1885/1885/1885
f 1885/1885/1885 1881/1881/1881 1886/1886/1886
f 1886/1886/1886 1881/1881/1881 1887/1887/1887
f 1881/1881/1881 1882/1882/1882 1887/1887/1887
f 1882/1882/1882 1883/1883/1883 1887/1887/1887
f 1887/1887/1887 1883/1883/1883 1888/1888/1888
f 1889/1889/1889 1884/1884/1884 1890/1890/1890
f 1884/1884/1884 1885/1885/1885 1890/1890/1890
f 1885/1885/1885 1886/1886/1886 1890/1890/1890
f 1890/1890/1890 1886/1886/1886 1891/1891/1891
f 1891/1891/1891 1886/1886/1886 1892/1892/1892
f 1886/1886/1886 1887/1887/1887 1892/1892/1892
f 1887/1887/1887 1888/1888/1888 1892/1892/1892
f 1892/1892/1892 1888/1888/1888 1893/1893/1893
f 1894/1894/1894 1889/1889/1889 1895/1895/1895
f 1889/1889/1889 1890/1890/1890 1895/1895/1895
f 1890/1890/1890 1891/1891/1891 1895/1895/1895
f 1895/1895/1895 1891/1891/1891 1896/1896/1896
f 1896/1896/1896 1891/1891/1891 1897/1897/1897
f 1891/1891/1891 1892/1892/1892 1897/1897/1897
f 1892/1892/1892 1893/1893/1893 1897/1897/1897
f 1897/1897/1897 1893/1893/1893 1898/1898/1898
f 1899/1899/1899 1894/1894/1894 1900/1900/1900
f 1894/1894/1894 1895/1895/1895 1900/1900/1900
f 1895/1895/1895 1896/1896/1896 1900/1900/1900
f 1900/1900/1900 1896/1896/1896 1901/1901/1901
f 1901/1901/1901 1896/1896/1896 1902/1902/1902
f 1896/1896/1896 1897/1897/1897 1902/1902/1902
f 1897/1897/1897 1898/1898/1898 1902/1902/1902
f 1902/1902/1902 1898/1898/1898 1903/1903/1903
f 1904/1904/1904 1899/1899/1899 1905/1905/1905
f 1899/1899/1899 1900/1900/1900 1905/1905/1905
f 1900/1900/1900 1901/1901/1901 1905/1905/1905
f 1905/1905/1905 1901/1901/1901 1906/1906/1906
f 1906/1906/1906 1901/1901/1901 1907/1907/1907
f 1901/1901/1901 1902/1902/1902 1907/1907/1907
f 1902/1902/1902 1903/1903/1903 1907/1907/1907
f 1907/1907/1907 1903/1903/1903 1908/1908/1908
f 1909/1909/1909 1904/1904/1904 1910/1910/1910
f 1904/1904/1904 1905/1905/1905 1910/1910/1910
f 1905/1905/1905 1906/1906/1906 1910/1910/1910
f 1910/1910/1910 1906/1906/1906 1911/1911/1911
f 1911/1911/1911 1906/1906/1906 1912/1912/1912
f 1906/1906/1906 1907/1907/1907 1912/1912/1912
f 1907/1907/1907 1908/1908/1908 1912/1912/1912
f 1912/1912/1912 1908/1908/1908 1913/1913/1913
f 1914/1914/1914 1909/1909/1909 1915/1915/1915
f 1909/1909/1909 1910/1910/1910 1915/1915/1915
f 1910/1910/1910 1911/1911/1911 1915/1915/1915
f 1915/1915/1915 1911/1911/1911 1916/1916/1916
f 1916/1916/1916 1911/1911/1911 1917/1917/1917
f 1911/1911/1911 1912/1912/1912 1917/1917/1917
f 1912/1912/1912 1913/1913/1913 1917/1917/1917
f 1917/1917/1917 1913/1913/1913 1918/1918/1918
f 1920/1920/1920 1919/1919/1919 1921/1921/1921
f 1919/1919/1919 1922/1922/1922 1921/1921/1921
f 1922/1922/1922 1923/1923/1923 1921/1921/1921
f 1921/1921/1921 1923/1923/1923 1924/1924/1924
f 1924/1924/1924 1923/1923/1923 1925/1925/1925
f 1923/1923/1923 1926/1926/1926 1925/1925/1925
f 1926/1926/1926 1927/1927/1927 1925/1925/1925
f 1925/1925/1925 1927/1927/1927 1928/1928/1928
f 1929/1929/1929 1920/1920/1920 1930/1930/1930
f 1920/1920/1920 1921/1921/1921 1930/1930/1930
f 1921/1921/1921 1924/1924/1924 1930/1930/1930
f 1930/1930/1930 1924/1924/1924 1931/1931/1931
f 1931/1931/1931 1924/1924/1924 1932/1932/1932
f 1924/1924/1924 1925/1925/1925 1932/1932/1932
f 1925/1925/1925 1928/1928/1928 1932/1932/1932
f 1932/1932/1932 1928/1928/1928 1933/1933/1933
f 1934/1934/1934 1929/1929/1929 1935/1935/1935
f 1929/1929/1929 1930/1930/1930 1935/1935/1935
f 1930/1930/1930 1931/1931/1931 1935/1935/1935
f 1935/1935/1935 1931/1931/1931 1936/1936/1936
f 1936/1936/1936 1931/1931/1931 1937/1937/1937
f 1931/1931/1931 1932/1932/1932 1937/1937/1937
f 1932/1932/1932 1933/1933/1933 1937/1937/1937
f 1937/1937/1937 1933/1933/1933 1938/1938/1938
f 1939/1939/1939 1934/1934/1934 1940/1940/1940
f 1934/1934/1934 1935/1935/1935 1940/1940/1940
f 1935/1935/1935 1936/1936/1936 1940/1940/1940
f 1940/1940/1940 1936/1936/1936 1941/1941/1941
f 1941/1941/1941 1936/1936/1936 1942/1942/1942
f 1936/1936/1936 1937/1937/1937 1942/1942/1942
f 1937/1937/1937 1938/1938/1938 1942/1942/1942
f 1942/1942/1942 1938/1938/1938 1943/1943/1943
f 1944/1944/1944 1939/1939/1939 1945/1945/1945
f 1939/1939/1939 1940/1940/1940 1945/1945/1945
f 1940/1940/1940 1941/1941/1941 1945/1945/1945
f 1945/1945/1945 1941/1941/1941 1946/1946/1946
f 1946/1946/1946 1941/1941/1941 1947/1947/1947
f 1941/1941/1941 1942/1942/1942 1947/1947/1947
f 1942/1942/1942 1943/1943/1943 1947/1947/1947
f 1947/1947/1947 1943/1943/1943 1948/1948/1948
f 1949/1949/1949 1944/1944/1944 1950/1950/1950
f 1944/1944/1944 1945/1945/1945 1950/1950/1950
f 1945/1945/1945 1946/1946/1946 1950/1950/1950
f 1950/1950/1950 1946/1946/1946 1951/1951/1951
f 1951/1951/1951 1946/1946/1946 1952/1952/1952
f 1946/1946/1946 1947/1947/1947 1952/1952/1952
f 1947/1947/1947 1948/1948/1948 1952/1952/1952
f 1952/1952/1952 1948/1948/1948 1953/1953/1953
f 1954/1954/1954 1949/1949/1949 1955/1955/1955
f 1949/1949/1949 1950/1950/1950 1955/1955/1955
f 1950/1950/1950 1951/1951/1951 1955/1955/1955
f 1955/1955/1955 1951/1951/1951 1956/1956/1956
f 1956/1956/1956 1951/1951/1951 1957/1957/1957
f 1951/1951/1951 1952/1952/1952 1957/1957/1957
f 1952/1952/1952 1953/1953/1953 1957/1957/1957
f 1957/1957/1957 1953/1953/1953 1958/1958/1958
f 1959/1959/1959 1954/1954/1954 1960/1960/1960
f 1954/1954/1954 1955/1955/1955 1960/1960/1960
f 1955/1955/1955 1956/1956/1956 1960/1960/1960
f 1960/1960/1960 1956/1956/1956 1961/1961/1961
f 1961/1961/1961 1956/1956/1956 1962/1962/1962
f 1956/1956/1956 1957/1957/1957 1962/1962/1962
f 1957/1957/1957 1958/1958/1958 1962/1962/1962
f 1962/1962/1962 1958/1958/1958 1963/1963/1963
f 1964/1964/1964 1959/1959/1959 1965/1965/1965
f 1959/1959/1959 1960/1960/1960 1965/1965/1965
f 1960/1960/1960 1961/1961/1961 1965/1965/1965
f 1965/1965/1965 1961/1961/1961 1966/1966/1966
f 1966/1966/1966 1961/1961/1961 1967/1967/1967
f 1961/1961/1961 1962/1962/1962 1967/1967/1967
f 1962/1962/1962 1963/1963/1963 1967/1967/1967
f 1967/1967/1967 1963/1963/1963 1968/1968/1968
f 1969/1969/1969 1964/1964/1964 1970/1970/1970
f 1964/1964/1964 1965/1965/1965 1970/1970/1970
f 1965/1965/1965 1966/1966/1966 1970/1970/1970
f 1970/1970/1970 1966/1966/1966 1971/1971/1971
f 1971/1971/1971 1966/1966/1966 1972/1972/1972
f 1966/1966/1966 1967/1967/1967 1972/1972/1972
f 1967/1967/1967 1968/1968/1968 1972/1972/1972
f 1972/1972/1972 1968/1968/1968 1973/1973/1973
f 1974/1974/1974 1969/1969/1969 1975/1975/1975
f 1969/1969/1969 1970/1970/1970 1975/1975/1975
f 1970/1970/1970 1971/1971/1971 1975/1975/1975
f 1975/1975/1975 1971/1971/1971 1976/1976/1976
f 1976/1976/1976 1971/1971/1971 1977/1977/1977
f 1971/1971/1971 1972/1972/1972 1977/1977/1977
f 1972/1972/1972 1973/1973/1973 1977/1977/1977
f 1977/1977/1977 1973/1973/1973 1978/1978/1978
f 1980/1980/1980 1979/1979/1979 1981/1981/1981
f 1979/1979/1979 1982/1982/1982 1981/1981/1981
f 1982/1982/1982 1983/1983/1983 1981/1981/1981
f 1981/1981/1981 1983/1983/1983 1984/1984/1984
f 1984/1984/1984 1983/1983/1983 1985/1985/1985
f 1983/1983/1983 1986/1986/1986 1985/1985/1985
f 1986/1986/1986 1987/1987/1987 1985/1985/1985
f 1985/1985/1985 1987/1987/1987 1988/1988/1988
f 1989/1989/1989 1980/1980/1980 1990/1990/1990
f 1980/1980/1980 1981/1981/1981 1990/1990/1990
f 1981/1981/1981 1984/1984/1984 1990/1990/1990
f 1990/1990/1990 1984/1984/1984 1991/1991/1991
f 1991/1991/1991 1984/1984/1984 1992/1992/1992
f 1984/1984/1984 1985/1985/1985 1992/1992/1992
f 1985/1985/1985 1988/1988/1988 1992/1992/1992
f 1992/1992/1992 1988/1988/1988 1993/1993/1993
f 1994/1994/1994 1989/1989/1989 1995/1995/1995
f 1989/1989/1989 1990/1990/1990 1995/1995/1995
f 1990/1990/1990 1991/1991/1991 1995/1995/1995
f 1995/1995/1995 1991/1991/1991 1996/1996/1996
f 1996/1996/1996 1991/1991/1991 1997/1997/1997
f 1991/1991/1991 1992/1992/1992 1997/1997/1997
f 1992/1992/1992 1993/1993/1993 1997/1997/1997
f 1997/1997/1997 1993/1993/1993 1998/1998/1998
f 1999/1999/1999 1994/1994/1994 2000/2000/2000
f 1994/1994/1994 1995/1995/1995 2000/2000/2000
f 1995/1995/1995 1996/1996/1996 2000/2000/2000
f 2000/2000/2000 1996/1996/1996 2001/2001/2001
f 2001/2001/2001 1996/1996/1996 2002/2002/2002
f 1996/1996/1996 1997/1997/1997 2002/2002/2002
f 1997/1997/1997 1998/1998/1998 2002/2002/2002
f 2002/2002/2002 1998/1998/1998 2003/2003/2003
f 2004/2004/2004 1999/1999/1999 2005/2005/2005
f 1999/1999/1999 2000/2000/2000 2005/2005/2005
f 2000/2000/2000 2001/2001/2001 2005/2005/2005
f 2005/2005/2005 2001/2001/2001 2006/2006/2006
f 2006/2006/2006 2001/2001/2001 2007/2007/2007
f 2001/2001/2001 2002/2002/2002 2007/2007/2007
f 2002/2002/2002 2003/2003/2003 2007/2007/2007
f 2007/2007/2007 2003/2003/2003 2008/2008/2008
f 2009/2009/2009 2004/2004/2004 2010/2010/2010
f 2004/2004/2004 2005/2005/2005 2010/2010/2010
f 2005/2005/2005 2006/2006/2006 2010/2010/2010
f 2010/2010/2010 2006/2006/2006 2011/2011/2011
f 2011/2011/2011 2006/2006/2006 2012/2012/2012
f 2006/2006/2006 2007/2007/2007 2012/2012/2012
f 2007/2007/2007 2008/2008/2008 2012/2012/2012
f 2012/2012/2012 2008/2008/2008 2013/2013/2013
f 2014/2014/2014 2009/2009/2009 2015/2015/2015
f 2009/2009/2009 2010/2010/2010 2015/2015/2015
f 2010/2010/2010 2011/2011/2011 2015/2015/2015
f 2015/2015/2015 2011/2011/2011 2016/2016/2016
f 2016/2016/2016 2011/2011/2011 2017/2017/2017
f 2011/2011/2011 2012/2012/2012 2017/2017/2017
f 2012/2012/2012 2013/2013/2013 2017/2017/2017
f 2017/2017/2017 2013/2013/2013 2018/2018/2018
f 2019/2019/2019 2014/2014/2014 2020/2020/2020
f 2014/2014/2014 2015/2015/2015 2020/2020/2020
f 2015/2015/2015 2016/2016/2016 2020/2020/2020
f 2020/2020/2020 2016/2016/2016 2021/2021/2021
f 2021/2021/2021 2016/2016/2016 2022/2022/2022
f 2016/2016/2016 2017/2017/2017 2022/2022/2022
f 2017/2017/2017 2018/2018/2018 2022/2022/2022
f 2022/2022/2022 2018/2018/2018 2023/2023/2023
f 2024/2024/2024 2019/2019/2019 2025/2025/2025
f 2019/2019/2019 2020/2020/2020 2025/2025/2025
f 2020/2020/2020 2021/2021/2021 2025/2025/2025
f 2025/2025/2025 2021/2021/2021 2026/2026/2026
f 2026/2026/2026 2021/2021/2021 2027/2027/2027
f 2021/2021/2021 2022/2022/2022 2027/2027/2027
f 2022/2022/2022 2023/2023/2023 2027/2027/2027
f 2027/2027/2027 2023/2023/2023 2028/2028/2028
f 2029/2029/2029 2024/2024/2024 2030/2030/2030
f 2024/2024/2024 2025/2025/2025 2030/2030/2030
f 2025/2025/2025 2026/2026/2026 2030/2030/2030
f 2030/2030/2030 2026/2026/2026 2031/2031/2031
f 2031/2031/2031 2026/2026/2026 2032/2032/2032
f 2026/2026/2026 2027/2027/2027 2032/2032/2032
f 2027/2027/2027 2028/2028/2028 2032/2032/2032
f 2032/2032/2032 2028/2028/2028 2033/2033/2033
f 2034/2034/2034 2029/2029/2029 2035/2035/2035
f 2029/2029/2029 2030/2030/2030 2035/2035/2035
f 2030/2030/2030 2031/2031/2031 2035/2035/2035
f 2035/2035/2035 2031/2031/2031 2036/2036/2036
f 2036/2036/2036 2031/2031/2031 2037/2037/2037
f 2031/2031/2031 2032/2032/2032 2037/2037/2037
f 2032/2032/2032 2033/2033/2033 2037/2037/2037
f 2037/2037/2037 2033/2033/2033 2038/2038/2038

