// Created by Tree IT
mtllib CoconutPalm04.mtl
o tree
# Position
v 0.99496 38.18505 9.42496 0.00392 0.00000 0.00000 1.00000
v 1.24715 0.00716 8.10560 0.00392 0.00000 0.00000 1.00000
v -2.37878 37.62503 9.98307 0.00392 0.00000 0.00000 1.00000
v -0.03620 0.00724 8.20090 0.00392 0.00000 0.00000 1.00000
v 2.49979 0.00689 7.81071 0.00392 0.00000 0.00000 1.00000
v 4.03596 38.69247 7.84129 0.00392 0.00000 0.00000 1.00000
v 3.69088 0.00646 7.32349 0.00392 0.00000 0.00000 1.00000
v 4.79108 0.00587 6.65595 0.00392 0.00000 0.00000 1.00000
v 6.44653 39.09760 5.38706 0.00392 0.00000 0.00000 1.00000
v 5.77332 0.00513 5.82451 0.00392 0.00000 0.00000 1.00000
v 6.61339 0.00427 4.84966 0.00392 0.00000 0.00000 1.00000
v 7.99073 39.36078 2.30251 0.00392 0.00000 0.00000 1.00000
v 7.29062 0.00330 3.75539 0.00392 0.00000 0.00000 1.00000
v 7.78834 0.00225 2.56865 0.00392 0.00000 0.00000 1.00000
v 8.51738 39.45625 -1.11040 0.00392 0.00000 0.00000 1.00000
v 8.09427 0.00115 1.31866 0.00392 0.00000 0.00000 1.00000
v 8.20090 0.00002 0.03620 0.00392 0.00000 0.00000 1.00000
v 7.97494 39.37468 -4.51762 0.00392 0.00000 0.00000 1.00000
v 8.10560 -0.00112 -1.24715 0.00392 0.00000 0.00000 1.00000
v 7.81071 -0.00222 -2.49979 0.00392 0.00000 0.00000 1.00000
v 6.41650 39.12404 -7.58561 0.00392 0.00000 0.00000 1.00000
v 7.32349 -0.00327 -3.69087 0.00392 0.00000 0.00000 1.00000
v 6.65595 -0.00424 -4.79108 0.00392 0.00000 0.00000 1.00000
v 3.99462 38.72887 -10.01406 0.00392 0.00000 0.00000 1.00000
v 5.82451 -0.00511 -5.77331 0.00392 0.00000 0.00000 1.00000
v 4.84966 -0.00585 -6.61339 0.00392 0.00000 0.00000 1.00000
v 0.94637 38.22784 -11.56525 0.00392 0.00000 0.00000 1.00000
v 3.75539 -0.00645 -7.29062 0.00392 0.00000 0.00000 1.00000
v 2.56865 -0.00688 -7.78833 0.00392 0.00000 0.00000 1.00000
v -2.42987 37.67001 -12.08735 0.00392 0.00000 0.00000 1.00000
v 1.31866 -0.00715 -8.09427 0.00392 0.00000 0.00000 1.00000
v 0.03620 -0.00724 -8.20090 0.00392 0.00000 0.00000 1.00000
v -5.80362 37.10999 -11.52924 0.00392 0.00000 0.00000 1.00000
v -1.24715 -0.00716 -8.10560 0.00392 0.00000 0.00000 1.00000
v -2.49979 -0.00689 -7.81071 0.00392 0.00000 0.00000 1.00000
v -8.84461 36.60257 -9.94556 0.00392 0.00000 0.00000 1.00000
v -3.69088 -0.00646 -7.32349 0.00392 0.00000 0.00000 1.00000
v -4.79108 -0.00587 -6.65595 0.00392 0.00000 0.00000 1.00000
v -11.25519 36.19744 -7.49134 0.00392 0.00000 0.00000 1.00000
v -5.77332 -0.00513 -5.82451 0.00392 0.00000 0.00000 1.00000
v -6.61339 -0.00427 -4.84966 0.00392 0.00000 0.00000 1.00000
v -12.79938 35.93426 -4.40680 0.00392 0.00000 0.00000 1.00000
v -7.29062 -0.00330 -3.75538 0.00392 0.00000 0.00000 1.00000
v -7.78834 -0.00225 -2.56865 0.00392 0.00000 0.00000 1.00000
v -13.32603 35.83879 -0.99388 0.00392 0.00000 0.00000 1.00000
v -8.09427 -0.00115 -1.31866 0.00392 0.00000 0.00000 1.00000
v -8.20090 -0.00002 -0.03620 0.00392 0.00000 0.00000 1.00000
v -12.78359 35.92036 2.41334 0.00392 0.00000 0.00000 1.00000
v -8.10560 0.00112 1.24715 0.00392 0.00000 0.00000 1.00000
v -7.81071 0.00222 2.49979 0.00392 0.00000 0.00000 1.00000
v -11.22515 36.17100 5.48133 0.00392 0.00000 0.00000 1.00000
v -7.32350 0.00327 3.69087 0.00392 0.00000 0.00000 1.00000
v -6.65595 0.00424 4.79108 0.00392 0.00000 0.00000 1.00000
v -8.80328 36.56617 7.90978 0.00392 0.00000 0.00000 1.00000
v -5.82451 0.00511 5.77331 0.00392 0.00000 0.00000 1.00000
v -4.84966 0.00585 6.61339 0.00392 0.00000 0.00000 1.00000
v -5.75502 37.06720 9.46097 0.00392 0.00000 0.00000 1.00000
v -3.75539 0.00645 7.29062 0.00392 0.00000 0.00000 1.00000
v -2.56865 0.00688 7.78833 0.00392 0.00000 0.00000 1.00000
v -2.37878 37.62503 9.98307 0.00392 0.00000 0.00000 1.00000
v -1.31866 0.00715 8.09427 0.00392 0.00000 0.00000 1.00000
v -0.03620 0.00724 8.20090 0.00392 0.00000 0.00000 1.00000
v -2.60527 40.54943 8.04026 0.00392 0.00000 0.00000 1.00000
v 0.20212 41.06960 7.57328 0.00392 0.00000 0.00000 1.00000
v 2.73209 41.54742 6.25160 0.00392 0.00000 0.00000 1.00000
v 4.73702 41.93613 4.20459 0.00392 0.00000 0.00000 1.00000
v 6.02063 42.19766 1.63264 0.00392 0.00000 0.00000 1.00000
v 6.45729 42.30643 -1.21249 0.00392 0.00000 0.00000 1.00000
v 6.00424 42.25179 -4.05231 0.00392 0.00000 0.00000 1.00000
v 4.70584 42.03907 -6.60883 0.00392 0.00000 0.00000 1.00000
v 2.68917 41.68912 -8.63181 0.00392 0.00000 0.00000 1.00000
v 0.15166 41.23617 -9.92321 0.00392 0.00000 0.00000 1.00000
v -2.65832 40.72458 -10.35664 0.00392 0.00000 0.00000 1.00000
v -5.46570 40.20441 -9.88965 0.00392 0.00000 0.00000 1.00000
v -7.99568 39.72659 -8.56797 0.00392 0.00000 0.00000 1.00000
v -10.00060 39.33788 -6.52097 0.00392 0.00000 0.00000 1.00000
v -11.28422 39.07634 -3.94902 0.00392 0.00000 0.00000 1.00000
v -11.72087 38.96758 -1.10388 0.00392 0.00000 0.00000 1.00000
v -11.26783 39.02222 1.73594 0.00392 0.00000 0.00000 1.00000
v -9.96942 39.23493 4.29246 0.00392 0.00000 0.00000 1.00000
v -7.95276 39.58489 6.31544 0.00392 0.00000 0.00000 1.00000
v -5.41525 40.03783 7.60684 0.00392 0.00000 0.00000 1.00000
v -2.60527 40.54943 8.04026 0.00392 0.00000 0.00000 1.00000
v -3.94726 59.89831 11.52517 0.00392 0.00000 0.00000 1.00000
v -0.23957 60.59719 10.93260 0.00392 0.00000 0.00000 1.00000
v 3.09424 61.31107 9.20965 0.00392 0.00000 0.00000 1.00000
v 5.72783 61.97004 6.52497 0.00392 0.00000 0.00000 1.00000
v 7.40342 62.50961 3.14137 0.00392 0.00000 0.00000 1.00000
v 7.95697 62.87696 -0.60995 0.00392 0.00000 0.00000 1.00000
v 7.33431 63.03613 -4.36179 0.00392 0.00000 0.00000 1.00000
v 5.59638 62.97155 -7.74688 0.00392 0.00000 0.00000 1.00000
v 2.91331 62.68953 -10.43387 0.00392 0.00000 0.00000 1.00000
v -0.45226 62.21768 -12.15974 0.00392 0.00000 0.00000 1.00000
v -4.17090 61.60219 -12.75556 0.00392 0.00000 0.00000 1.00000
v -7.87858 60.90330 -12.16298 0.00392 0.00000 0.00000 1.00000
v -11.21239 60.18943 -10.44003 0.00392 0.00000 0.00000 1.00000
v -13.84599 59.53046 -7.75536 0.00392 0.00000 0.00000 1.00000
v -15.52157 58.99089 -4.37175 0.00392 0.00000 0.00000 1.00000
v -16.07512 58.62354 -0.62043 0.00392 0.00000 0.00000 1.00000
v -15.45246 58.46437 3.13141 0.00392 0.00000 0.00000 1.00000
v -13.71454 58.52895 6.51650 0.00392 0.00000 0.00000 1.00000
v -11.03147 58.81097 9.20349 0.00392 0.00000 0.00000 1.00000
v -7.66589 59.28282 10.92936 0.00392 0.00000 0.00000 1.00000
v -3.94726 59.89831 11.52517 0.00392 0.00000 0.00000 1.00000
v -4.24763 62.97895 8.97580 0.00392 0.00000 0.00000 1.00000
v -1.35767 63.59502 8.51542 0.00392 0.00000 0.00000 1.00000
v 1.24000 64.22477 7.17201 0.00392 0.00000 0.00000 1.00000
v 3.29111 64.80655 5.07707 0.00392 0.00000 0.00000 1.00000
v 4.59488 65.28341 2.43566 0.00392 0.00000 0.00000 1.00000
v 5.02370 65.60867 -0.49365 0.00392 0.00000 0.00000 1.00000
v 4.53558 65.75050 -3.42413 0.00392 0.00000 0.00000 1.00000
v 3.17831 65.69500 -6.06892 0.00392 0.00000 0.00000 1.00000
v 1.08474 65.44762 -8.16913 0.00392 0.00000 0.00000 1.00000
v -1.54019 65.03257 -9.51917 0.00392 0.00000 0.00000 1.00000
v -4.43954 64.49048 -9.98690 0.00392 0.00000 0.00000 1.00000
v -7.32949 63.87440 -9.52652 0.00392 0.00000 0.00000 1.00000
v -9.92716 63.24466 -8.18311 0.00392 0.00000 0.00000 1.00000
v -11.97827 62.66288 -6.08817 0.00392 0.00000 0.00000 1.00000
v -13.28205 62.18602 -3.44676 0.00392 0.00000 0.00000 1.00000
v -13.71086 61.86076 -0.51745 0.00392 0.00000 0.00000 1.00000
v -13.22274 61.71893 2.41303 0.00392 0.00000 0.00000 1.00000
v -11.86547 61.77442 5.05782 0.00392 0.00000 0.00000 1.00000
v -9.77190 62.02180 7.15803 0.00392 0.00000 0.00000 1.00000
v -7.14697 62.43686 8.50807 0.00392 0.00000 0.00000 1.00000
v -4.24763 62.97895 8.97580 0.00392 0.00000 0.00000 1.00000
v -9.07156 97.42931 10.29354 0.00392 0.00000 0.00000 1.00000
v -2.99082 98.93023 8.24485 0.00392 0.00000 0.00000 1.00000
v 0.74901 99.93727 2.92375 0.00392 0.00000 0.00000 1.00000
v 0.71944 100.06577 -3.63727 0.00392 0.00000 0.00000 1.00000
v -3.06823 99.26669 -8.93213 0.00392 0.00000 0.00000 1.00000
v -9.16724 97.84521 -10.93837 0.00392 0.00000 0.00000 1.00000
v -15.24798 96.34429 -8.88968 0.00392 0.00000 0.00000 1.00000
v -18.98781 95.33725 -3.56858 0.00392 0.00000 0.00000 1.00000
v -18.95824 95.20873 2.99244 0.00392 0.00000 0.00000 1.00000
v -15.17058 96.00784 8.28730 0.00392 0.00000 0.00000 1.00000
v -9.07156 97.42931 10.29354 0.00392 0.00000 0.00000 1.00000
v -9.49940 100.36414 8.46850 0.00392 0.00000 0.00000 1.00000
v -4.44770 101.72259 6.75919 0.00392 0.00000 0.00000 1.00000
v -1.34459 102.65446 2.32316 0.00392 0.00000 0.00000 1.00000
v -1.37535 102.80379 -3.14517 0.00392 0.00000 0.00000 1.00000
v -4.52822 102.11356 -7.55709 0.00392 0.00000 0.00000 1.00000
v -9.59892 100.84740 -9.22739 0.00392 0.00000 0.00000 1.00000
v -14.65061 99.48895 -7.51808 0.00392 0.00000 0.00000 1.00000
v -17.75372 98.55708 -3.08205 0.00392 0.00000 0.00000 1.00000
v -17.72297 98.40775 2.38628 0.00392 0.00000 0.00000 1.00000
v -14.57009 99.09798 6.79820 0.00392 0.00000 0.00000 1.00000
v -9.49940 100.36414 8.46850 0.00392 0.00000 0.00000 1.00000
v -11.85063 127.06642 7.62650 0.00392 0.00000 0.00000 1.00000
v -6.55010 128.16823 5.85482 0.00392 0.00000 0.00000 1.00000
v -3.28429 128.91377 1.25956 0.00392 0.00000 0.00000 1.00000
v -3.30063 129.01828 -4.40404 0.00392 0.00000 0.00000 1.00000
v -6.59288 128.44183 -8.97270 0.00392 0.00000 0.00000 1.00000
v -11.90351 127.40461 -10.70132 0.00392 0.00000 0.00000 1.00000
v -17.20404 126.30279 -8.92964 0.00392 0.00000 0.00000 1.00000
v -20.46985 125.55724 -4.33438 0.00392 0.00000 0.00000 1.00000
v -20.45351 125.45274 1.32923 0.00392 0.00000 0.00000 1.00000
v -17.16126 126.02920 5.89787 0.00392 0.00000 0.00000 1.00000
v -11.85063 127.06642 7.62650 0.00392 0.00000 0.00000 1.00000
v -12.12609 130.00536 5.77520 0.00392 0.00000 0.00000 1.00000
v -7.86317 131.01971 4.34306 0.00392 0.00000 0.00000 1.00000
v -5.23952 131.72922 0.63432 0.00392 0.00000 0.00000 1.00000
v -5.25729 131.86284 -3.93442 0.00392 0.00000 0.00000 1.00000
v -7.90969 131.36955 -7.61806 0.00392 0.00000 0.00000 1.00000
v -12.18359 130.43776 -9.00957 0.00392 0.00000 0.00000 1.00000
v -16.44651 129.42339 -7.57743 0.00392 0.00000 0.00000 1.00000
v -19.07015 128.71390 -3.86869 0.00392 0.00000 0.00000 1.00000
v -19.05239 128.58028 0.70006 0.00392 0.00000 0.00000 1.00000
v -16.39999 129.07356 4.38369 0.00392 0.00000 0.00000 1.00000
v -12.12609 130.00536 5.77520 0.00392 0.00000 0.00000 1.00000
v -16.29855 161.05132 9.02465 0.00392 0.00000 0.00000 1.00000
v -10.62765 162.56918 7.13418 0.00392 0.00000 0.00000 1.00000
v -7.17111 163.77539 2.18206 0.00392 0.00000 0.00000 1.00000
v -7.24921 164.20920 -3.94017 0.00392 0.00000 0.00000 1.00000
v -10.83211 163.70491 -8.89402 0.00392 0.00000 0.00000 1.00000
v -16.55126 162.45515 -10.78729 0.00392 0.00000 0.00000 1.00000
v -22.22215 160.93732 -8.89682 0.00392 0.00000 0.00000 1.00000
v -25.67869 159.73111 -3.94470 0.00392 0.00000 0.00000 1.00000
v -25.60060 159.29730 2.17753 0.00392 0.00000 0.00000 1.00000
v -22.01770 159.80159 7.13137 0.00392 0.00000 0.00000 1.00000
v -16.29855 161.05132 9.02465 0.00392 0.00000 0.00000 1.00000
v -16.72914 164.06914 7.46180 0.00392 0.00000 0.00000 1.00000
v -12.01861 165.44174 5.88969 0.00392 0.00000 0.00000 1.00000
v -9.15124 166.53960 1.76573 0.00392 0.00000 0.00000 1.00000
v -9.22229 166.94336 -3.33484 0.00392 0.00000 0.00000 1.00000
v -12.20460 166.49879 -7.46378 0.00392 0.00000 0.00000 1.00000
v -16.95904 165.37573 -9.04399 0.00392 0.00000 0.00000 1.00000
v -21.66957 164.00313 -7.47187 0.00392 0.00000 0.00000 1.00000
v -24.53694 162.90527 -3.34792 0.00392 0.00000 0.00000 1.00000
v -24.46589 162.50153 1.75265 0.00392 0.00000 0.00000 1.00000
v -21.48358 162.94608 5.88160 0.00392 0.00000 0.00000 1.00000
v -16.72914 164.06914 7.46180 0.00392 0.00000 0.00000 1.00000
v -18.79769 193.84142 9.57898 0.00392 0.00000 0.00000 1.00000
v -8.26413 195.41083 1.75921 0.00392 0.00000 0.00000 1.00000
v -12.35322 194.78957 -10.73066 0.00392 0.00000 0.00000 1.00000
v -25.41398 192.83621 -10.63005 0.00392 0.00000 0.00000 1.00000
v -29.39687 192.25021 1.92200 0.00392 0.00000 0.00000 1.00000
v -18.79769 193.84142 9.57898 0.00392 0.00000 0.00000 1.00000
v -18.98479 196.78757 8.26632 0.00392 0.00000 0.00000 1.00000
v -9.58784 198.31863 1.27942 0.00392 0.00000 0.00000 1.00000
v -13.23953 197.77556 -9.87270 0.00392 0.00000 0.00000 1.00000
v -24.89335 195.90883 -9.77817 0.00392 0.00000 0.00000 1.00000
v -28.44411 195.29823 1.43236 0.00392 0.00000 0.00000 1.00000
v -18.98479 196.78757 8.26632 0.00392 0.00000 0.00000 1.00000
v -21.43196 223.69261 10.56130 0.00392 0.00000 0.00000 1.00000
v -9.57265 226.02089 1.66970 0.00392 0.00000 0.00000 1.00000
v -14.27875 225.54967 -12.51800 0.00392 0.00000 0.00000 1.00000
v -29.04657 222.93013 -12.39489 0.00392 0.00000 0.00000 1.00000
v -33.46750 221.78239 1.86891 0.00392 0.00000 0.00000 1.00000
v -21.43196 223.69261 10.56130 0.00392 0.00000 0.00000 1.00000
v -21.74294 226.65952 8.41743 0.00392 0.00000 0.00000 1.00000
v -11.88021 228.80124 1.00617 0.00392 0.00000 0.00000 1.00000
v -15.80374 228.42656 -10.81706 0.00392 0.00000 0.00000 1.00000
v -28.09135 226.05328 -10.71295 0.00392 0.00000 0.00000 1.00000
v -31.76198 224.96117 1.17462 0.00392 0.00000 0.00000 1.00000
v -21.74294 226.65952 8.41743 0.00392 0.00000 0.00000 1.00000
v -22.87234 248.51300 9.72854 0.00392 0.00000 0.00000 1.00000
v -12.22711 248.90683 1.82130 0.00392 0.00000 0.00000 1.00000
v -16.45985 248.97838 -10.75166 0.00392 0.00000 0.00000 1.00000
v -29.72105 248.62875 -10.61493 0.00392 0.00000 0.00000 1.00000
v -33.68419 248.34113 2.04252 0.00392 0.00000 0.00000 1.00000
v -22.87234 248.51300 9.72854 0.00392 0.00000 0.00000 1.00000
v -23.18050 251.48820 -1.50458 0.00392 0.00000 0.00000 1.00000
v -23.18050 251.48820 -1.50458 0.00392 0.00000 0.00000 1.00000
v -23.18050 251.48820 -1.50458 0.00392 0.00000 0.00000 1.00000
v -23.18050 251.48820 -1.50458 0.00392 0.00000 0.00000 1.00000
v -23.18050 251.48820 -1.50458 0.00392 0.00000 0.00000 1.00000
v -17.94860 240.21669 -5.45410 0.00392 0.85882 0.00000 1.00000
v -25.38984 246.34039 -7.29039 0.00392 0.85882 0.01961 1.00000
v -30.74183 240.62737 -6.78588 0.00392 0.85882 0.01961 1.00000
v -26.91371 232.94267 -5.25080 0.00392 0.85882 0.00000 1.00000
v -24.19442 239.01939 4.18343 0.00392 0.85882 0.00000 1.00000
v -29.43812 245.33385 -0.64696 0.00392 0.85882 0.01961 1.00000
v -25.38984 246.34039 -7.29039 0.00392 0.85882 0.01961 1.00000
v -17.94860 240.21669 -5.45411 0.00392 0.85882 0.00000 1.00000
v -37.42892 253.25737 -11.07898 0.00392 0.85882 0.03922 1.00000
v -39.77849 249.93237 -10.60273 0.00392 0.85882 0.03922 1.00000
v -39.43976 252.65590 -7.55795 0.00392 0.85882 0.03922 1.00000
v -37.42892 253.25737 -11.07898 0.00392 0.85882 0.03922 1.00000
v -49.35527 259.39377 -16.39107 0.00392 0.85882 0.08235 1.00000
v -50.59523 255.87202 -15.50547 0.00392 0.85882 0.08235 1.00000
v -51.00742 258.74023 -12.98990 0.00392 0.85882 0.08235 1.00000
v -49.35527 259.39377 -16.39107 0.00392 0.85882 0.08235 1.00000
v -62.69690 261.37769 -22.01374 0.00392 0.85882 0.10196 1.00000
v -63.38934 258.02472 -20.98463 0.00392 0.85882 0.10196 1.00000
v -64.10912 260.75305 -18.78941 0.00392 0.85882 0.10196 1.00000
v -62.69690 261.37769 -22.01374 0.00392 0.85882 0.10196 1.00000
v -76.47523 261.21445 -27.60334 0.00392 0.85882 0.14118 1.00000
v -76.26871 258.17361 -26.29533 0.00392 0.85882 0.14118 1.00000
v -77.54254 260.66299 -24.51192 0.00392 0.85882 0.14118 1.00000
v -76.47523 261.21445 -27.60335 0.00392 0.85882 0.14118 1.00000
v -90.08047 255.88350 -31.13285 0.00392 0.85882 0.16471 1.00000
v -90.08047 255.88350 -31.13285 0.00392 0.85882 0.16471 1.00000
v -22.68447 240.62497 -7.47629 0.00392 0.81176 0.00000 1.00000
v -28.41644 247.77228 -2.48257 0.00392 0.81176 0.01961 1.00000
v -31.47163 242.46933 2.42470 0.00392 0.81176 0.01961 1.00000
v -28.08654 233.94223 0.23634 0.00392 0.81176 0.00000 1.00000
v -18.44509 239.55663 3.21072 0.00392 0.81176 0.00000 1.00000
v -25.38918 246.87080 4.69794 0.00392 0.81176 0.01961 1.00000
v -28.41644 247.77228 -2.48257 0.00392 0.81176 0.01961 1.00000
v -22.68447 240.62497 -7.47629 0.00392 0.81176 0.00000 1.00000
v -38.56612 256.47342 5.17594 0.00392 0.81176 0.04314 1.00000
v -39.81377 253.37001 7.54555 0.00392 0.81176 0.04314 1.00000
v -36.90608 255.93045 8.88435 0.00392 0.81176 0.04314 1.00000
v -38.56612 256.47342 5.17594 0.00392 0.81176 0.04314 1.00000
v -49.87813 264.56815 11.82805 0.00392 0.81176 0.08627 1.00000
v -50.29662 261.19861 13.61572 0.00392 0.81176 0.08627 1.00000
v -48.15637 263.95987 15.20299 0.00392 0.81176 0.08627 1.00000
v -49.87813 264.56815 11.82805 0.00392 0.81176 0.08627 1.00000
v -62.77964 268.97916 19.56705 0.00392 0.81176 0.10980 1.00000
v -62.79888 265.71063 21.01525 0.00392 0.81176 0.10980 1.00000
v -61.10325 268.38852 22.66895 0.00392 0.81176 0.10980 1.00000
v -62.77964 268.97916 19.56705 0.00392 0.81176 0.10980 1.00000
v -76.26320 271.36981 27.66087 0.00392 0.81176 0.15294 1.00000
v -75.54800 268.26248 28.57364 0.00392 0.81176 0.15294 1.00000
v -74.57035 270.81094 30.45767 0.00392 0.81176 0.15294 1.00000
v -76.26320 271.36981 27.66086 0.00392 0.81176 0.15294 1.00000
v -89.04613 268.23001 36.96482 0.00392 0.81176 0.17647 1.00000
v -89.04613 268.23001 36.96482 0.00392 0.81176 0.17647 1.00000
v -27.03853 240.99464 -5.16898 0.00392 0.86275 0.00000 1.00000
v -26.74892 249.31921 2.32204 0.00392 0.86275 0.02353 1.00000
v -24.84604 244.41061 8.13766 0.00392 0.86275 0.02353 1.00000
v -24.41420 234.96808 4.32412 0.00392 0.86275 0.00000 1.00000
v -16.04582 240.10814 -1.74842 0.00392 0.86275 0.00000 1.00000
v -19.25588 248.55220 4.51357 0.00392 0.86275 0.02353 1.00000
v -26.74892 249.31921 2.32204 0.00392 0.86275 0.02353 1.00000
v -27.03853 240.99464 -5.16898 0.00392 0.86275 0.00000 1.00000
v -27.26697 259.68509 15.28965 0.00392 0.86275 0.04706 1.00000
v -26.20289 256.74127 17.93626 0.00392 0.86275 0.04706 1.00000
v -23.33664 259.20563 16.35052 0.00392 0.86275 0.04706 1.00000
v -27.26697 259.68509 15.28965 0.00392 0.86275 0.04706 1.00000
v -29.33706 269.24411 28.78006 0.00392 0.86275 0.09412 1.00000
v -28.19592 265.94116 30.36526 0.00392 0.86275 0.09412 1.00000
v -25.62535 268.67743 29.57174 0.00392 0.86275 0.09412 1.00000
v -29.33706 269.24411 28.78006 0.00392 0.86275 0.09412 1.00000
v -31.53034 274.63031 44.68372 0.00392 0.86275 0.11765 1.00000
v -30.40119 271.39975 45.71782 0.00392 0.86275 0.11765 1.00000
v -28.05906 274.07306 45.33225 0.00392 0.86275 0.11765 1.00000
v -31.53034 274.63031 44.68372 0.00392 0.86275 0.11765 1.00000
v -33.77145 277.75165 61.42837 0.00392 0.86275 0.16471 1.00000
v -32.60131 274.64978 61.52522 0.00392 0.86275 0.16471 1.00000
v -30.52617 277.21603 61.85434 0.00392 0.86275 0.16471 1.00000
v -33.77145 277.75165 61.42837 0.00392 0.86275 0.16471 1.00000
v -34.57930 275.06607 78.61674 0.00392 0.86275 0.18824 1.00000
v -34.57930 275.06607 78.61674 0.00392 0.86275 0.18824 1.00000
v -28.12678 241.31862 -0.34424 0.00392 0.26275 0.00000 1.00000
v -23.15513 248.76653 3.04427 0.00392 0.26275 0.01961 1.00000
v -17.13591 244.38469 5.51516 0.00392 0.26275 0.01961 1.00000
v -18.77125 236.04683 3.89937 0.00392 0.26275 0.00000 1.00000
v -18.50031 240.65233 -6.68561 0.00392 0.26275 0.00000 1.00000
v -16.65903 248.20860 -1.31763 0.00392 0.26275 0.01961 1.00000
v -23.15513 248.76653 3.04428 0.00392 0.26275 0.01961 1.00000
v -28.12678 241.31862 -0.34424 0.00392 0.26275 0.00000 1.00000
v -15.34634 258.39539 9.86500 0.00392 0.26275 0.03922 1.00000
v -12.41885 255.71545 10.89007 0.00392 0.26275 0.03922 1.00000
v -11.98290 258.04819 7.54775 0.00392 0.26275 0.03922 1.00000
v -15.34634 258.39539 9.86500 0.00392 0.26275 0.03922 1.00000
v -8.44351 267.53616 18.11545 0.00392 0.26275 0.07843 1.00000
v -6.18131 264.45944 18.49081 0.00392 0.26275 0.07843 1.00000
v -5.34811 267.14661 15.88130 0.00392 0.26275 0.07843 1.00000
v -8.44351 267.53616 18.11545 0.00392 0.26275 0.07843 1.00000
v -0.16110 273.60379 28.16907 0.00392 0.26275 0.09804 1.00000
v 1.70030 270.55194 28.21598 0.00392 0.26275 0.09804 1.00000
v 2.69821 273.22134 26.05744 0.00392 0.26275 0.09804 1.00000
v -0.16110 273.60379 28.16907 0.00392 0.26275 0.09804 1.00000
v 8.59814 277.96835 38.91179 0.00392 0.26275 0.14118 1.00000
v 9.88135 274.95282 38.40178 0.00392 0.26275 0.14118 1.00000
v 11.22385 277.59872 36.91951 0.00392 0.26275 0.14118 1.00000
v 8.59814 277.96835 38.91179 0.00392 0.26275 0.14118 1.00000
v 18.81974 277.86224 49.62545 0.00392 0.26275 0.16078 1.00000
v 18.81974 277.86224 49.62545 0.00392 0.26275 0.16078 1.00000
v -25.37745 241.81622 3.45487 0.00392 0.93725 0.00000 1.00000
v -19.42943 251.01004 1.83623 0.00392 0.93725 0.02353 1.00000
v -13.28341 246.96272 -0.88084 0.00392 0.93725 0.02353 1.00000
v -15.60120 237.15079 -0.54322 0.00392 0.93725 0.00000 1.00000
v -23.60322 240.99770 -7.92529 0.00392 0.93725 0.00000 1.00000
v -18.38455 250.18434 -5.89444 0.00392 0.93725 0.02353 1.00000
v -19.42943 251.01004 1.83623 0.00392 0.93725 0.02353 1.00000
v -25.37745 241.81622 3.45487 0.00392 0.93725 0.00000 1.00000
v -8.56711 263.12546 -0.25518 0.00392 0.93725 0.04706 1.00000
v -5.68731 260.57178 -1.66528 0.00392 0.93725 0.04706 1.00000
v -8.13330 262.55319 -4.29093 0.00392 0.93725 0.04706 1.00000
v -8.56711 263.12546 -0.25518 0.00392 0.93725 0.04706 1.00000
v 3.07438 274.69424 -1.14707 0.00392 0.93725 0.09412 1.00000
v 5.00469 271.63120 -2.41838 0.00392 0.93725 0.09412 1.00000
v 3.23532 273.95334 -4.90869 0.00392 0.93725 0.09412 1.00000
v 3.07438 274.69424 -1.14707 0.00392 0.93725 0.09412 1.00000
v 17.54880 282.91431 -2.60236 0.00392 0.93725 0.11765 1.00000
v 18.95240 279.83444 -3.75350 0.00392 0.93725 0.11765 1.00000
v 17.57905 282.15921 -6.09662 0.00392 0.93725 0.11765 1.00000
v 17.54880 282.91431 -2.60236 0.00392 0.93725 0.11765 1.00000
v 33.12901 289.27652 -4.27976 0.00392 0.93725 0.16471 1.00000
v 33.69871 286.16510 -5.27715 0.00392 0.93725 0.16471 1.00000
v 32.95010 288.50876 -7.50136 0.00392 0.93725 0.16471 1.00000
v 33.12901 289.27652 -4.27976 0.00392 0.93725 0.16471 1.00000
v 49.95087 290.64606 -7.48009 0.00392 0.93725 0.18824 1.00000
v 49.95087 290.64606 -7.48009 0.00392 0.93725 0.18824 1.00000
v -20.28339 242.06543 3.93351 0.00392 0.86275 0.00000 1.00000
v -18.23476 251.71809 -1.03806 0.00392 0.86275 0.02353 1.00000
v -16.41046 248.34395 -7.88085 0.00392 0.86275 0.02353 1.00000
v -17.24921 238.26010 -6.53736 0.00392 0.86275 0.00000 1.00000
v -28.12284 241.58611 -4.53047 0.00392 0.86275 0.00000 1.00000
v -23.55810 251.38676 -6.79036 0.00392 0.86275 0.02353 1.00000
v -18.23476 251.71809 -1.03806 0.00392 0.86275 0.02353 1.00000
v -20.28338 242.06541 3.93351 0.00392 0.86275 0.00000 1.00000
v -12.87028 264.91599 -9.34548 0.00392 0.86275 0.04706 1.00000
v -12.08282 262.75909 -12.74116 0.00392 0.86275 0.04706 1.00000
v -15.65373 264.73337 -12.34914 0.00392 0.86275 0.04706 1.00000
v -12.87028 264.91599 -9.34548 0.00392 0.86275 0.04706 1.00000
v -5.63068 277.58252 -17.03854 0.00392 0.86275 0.09412 1.00000
v -5.30483 274.92560 -19.78796 0.00392 0.86275 0.09412 1.00000
v -8.24913 277.38596 -19.83671 0.00392 0.86275 0.09412 1.00000
v -5.63068 277.58252 -17.03854 0.00392 0.86275 0.09412 1.00000
v 3.88999 287.40900 -26.90172 0.00392 0.86275 0.11765 1.00000
v 3.97060 284.70126 -29.23467 0.00392 0.86275 0.11765 1.00000
v 1.43780 287.21078 -29.49564 0.00392 0.86275 0.11765 1.00000
v 3.89000 287.40900 -26.90172 0.00392 0.86275 0.11765 1.00000
v 14.29755 295.57803 -37.64042 0.00392 0.86275 0.16471 1.00000
v 13.93799 292.76556 -39.36113 0.00392 0.86275 0.16471 1.00000
v 11.98499 295.36691 -40.00846 0.00392 0.86275 0.16471 1.00000
v 14.29755 295.57803 -37.64042 0.00392 0.86275 0.16471 1.00000
v 24.94464 299.35406 -50.85612 0.00392 0.86275 0.18824 1.00000
v 24.94464 299.35406 -50.85612 0.00392 0.86275 0.18824 1.00000
v -16.67052 242.39134 0.06695 0.00392 0.73725 0.00000 1.00000
v -19.18774 252.02293 -3.66144 0.00392 0.73725 0.01961 1.00000
v -23.62176 249.26810 -9.51695 0.00392 0.73725 0.01961 1.00000
v -23.27262 239.41844 -8.92750 0.00392 0.73725 0.00000 1.00000
v -28.15642 242.04872 1.19949 0.00392 0.73725 0.00000 1.00000
v -26.98908 251.75716 -2.88351 0.00392 0.73725 0.01961 1.00000
v -19.18774 252.02293 -3.66144 0.00392 0.73725 0.01961 1.00000
v -16.67052 242.39134 0.06694 0.00392 0.73725 0.00000 1.00000
v -22.30527 265.61642 -11.22798 0.00392 0.73725 0.04314 1.00000
v -24.59123 263.82089 -14.11820 0.00392 0.73725 0.04314 1.00000
v -26.38111 265.46664 -10.81809 0.00392 0.73725 0.04314 1.00000
v -22.30527 265.61642 -11.22798 0.00392 0.73725 0.04314 1.00000
v -23.77415 278.94363 -19.59341 0.00392 0.73725 0.09020 1.00000
v -25.85013 276.69031 -21.90374 0.00392 0.73725 0.09020 1.00000
v -27.59038 278.80573 -19.21650 0.00392 0.73725 0.09020 1.00000
v -23.77415 278.94363 -19.59341 0.00392 0.73725 0.09020 1.00000
v -25.39569 290.49924 -30.82941 0.00392 0.73725 0.11373 1.00000
v -27.29931 288.17474 -32.76691 0.00392 0.73725 0.11373 1.00000
v -28.95260 290.38016 -30.49013 0.00392 0.73725 0.11373 1.00000
v -25.39569 290.49924 -30.82941 0.00392 0.73725 0.11373 1.00000
v -27.02148 300.90686 -43.30171 0.00392 0.73725 0.16078 1.00000
v -28.73096 298.39749 -44.63623 0.00392 0.73725 0.16078 1.00000
v -30.32505 300.81656 -43.02159 0.00392 0.73725 0.16078 1.00000
v -27.02148 300.90686 -43.30171 0.00392 0.73725 0.16078 1.00000
v -30.09841 307.72287 -58.23808 0.00392 0.73725 0.18039 1.00000
v -30.09841 307.72287 -58.23808 0.00392 0.73725 0.18039 1.00000
v -25.16223 243.88353 -7.22345 0.00392 0.59608 0.00000 1.00000
v -25.78445 254.13116 -3.42886 0.00392 0.59608 0.02353 1.00000
v -27.31199 251.92784 3.94330 0.00392 0.59608 0.02353 1.00000
v -27.57816 241.73344 3.86105 0.00392 0.59608 0.00000 1.00000
v -16.66297 243.59512 0.58714 0.00392 0.59608 0.00000 1.00000
v -19.99841 253.85451 1.86094 0.00392 0.59608 0.02353 1.00000
v -25.78445 254.13116 -3.42886 0.00392 0.59608 0.02353 1.00000
v -25.16223 243.88353 -7.22345 0.00392 0.59608 0.00000 1.00000
v -28.51967 268.82272 3.19438 0.00392 0.59608 0.04706 1.00000
v -29.23822 267.31491 6.93778 0.00392 0.59608 0.04706 1.00000
v -25.48988 268.64792 5.94987 0.00392 0.59608 0.04706 1.00000
v -28.51967 268.82272 3.19438 0.00392 0.59608 0.04706 1.00000
v -32.87011 283.33865 9.16011 0.00392 0.59608 0.09412 1.00000
v -33.34272 281.33694 12.39963 0.00392 0.59608 0.09412 1.00000
v -30.02501 283.14413 11.72764 0.00392 0.59608 0.09412 1.00000
v -32.87011 283.33865 9.16011 0.00392 0.59608 0.09412 1.00000
v -39.18633 296.43826 17.36724 0.00392 0.59608 0.11765 1.00000
v -39.51077 294.33078 20.23676 0.00392 0.59608 0.11765 1.00000
v -36.53463 296.25278 19.75785 0.00392 0.59608 0.11765 1.00000
v -39.18633 296.43826 17.36724 0.00392 0.59608 0.11765 1.00000
v -46.42466 308.55380 26.55698 0.00392 0.59608 0.16471 1.00000
v -46.45367 306.18719 28.88044 0.00392 0.59608 0.16471 1.00000
v -43.95837 308.36911 28.76685 0.00392 0.59608 0.16471 1.00000
v -46.42466 308.55380 26.55698 0.00392 0.59608 0.16471 1.00000
v -54.59905 317.32019 38.90816 0.00392 0.59608 0.18824 1.00000
v -54.59905 317.32019 38.90816 0.00392 0.59608 0.18824 1.00000
v -26.58532 244.17210 3.09397 0.00392 0.85490 0.00000 1.00000
v -23.85812 254.09390 1.85392 0.00392 0.85490 0.01961 1.00000
v -16.41373 252.47635 -0.01729 0.00392 0.85490 0.01961 1.00000
v -15.43121 242.93892 0.37534 0.00392 0.85490 0.00000 1.00000
v -23.32191 244.04790 -7.98126 0.00392 0.85490 0.00000 1.00000
v -21.66392 253.87946 -5.67445 0.00392 0.85490 0.01961 1.00000
v -23.85812 254.09390 1.85392 0.00392 0.85490 0.01961 1.00000
v -26.58532 244.17210 3.09397 0.00392 0.85490 0.00000 1.00000
v -18.13022 268.40494 1.03129 0.00392 0.85490 0.04314 1.00000
v -14.35625 267.15323 0.03463 0.00392 0.85490 0.04314 1.00000
v -17.00237 268.22818 -2.90567 0.00392 0.85490 0.04314 1.00000
v -18.13022 268.40494 1.03129 0.00392 0.85490 0.04314 1.00000
v -12.17341 282.58417 1.83076 0.00392 0.85490 0.08627 1.00000
v -8.98082 280.69720 0.84515 0.00392 0.85490 0.08627 1.00000
v -11.16602 282.31583 -1.86218 0.00392 0.85490 0.08627 1.00000
v -12.17341 282.58417 1.83076 0.00392 0.85490 0.08627 1.00000
v -3.10304 295.37735 3.15202 0.00392 0.85490 0.10980 1.00000
v -0.32892 293.33200 2.20235 0.00392 0.85490 0.10980 1.00000
v -2.18631 295.09537 -0.29197 0.00392 0.85490 0.10980 1.00000
v -3.10304 295.37735 3.15202 0.00392 0.85490 0.10980 1.00000
v 7.34357 307.22391 4.74845 0.00392 0.85490 0.15294 1.00000
v 9.49467 304.88535 3.79762 0.00392 0.85490 0.15294 1.00000
v 8.15942 306.92383 1.54775 0.00392 0.85490 0.15294 1.00000
v 7.34357 307.22391 4.74846 0.00392 0.85490 0.15294 1.00000
v 20.92173 316.05215 5.64723 0.00392 0.85490 0.17647 1.00000
v 20.92173 316.05215 5.64723 0.00392 0.85490 0.17647 1.00000
v -16.58357 244.49361 -0.93809 0.00392 0.83922 0.00000 1.00000
v -18.79798 254.63943 -1.73107 0.00392 0.83922 0.01961 1.00000
v -24.50297 253.73222 -7.03831 0.00392 0.83922 0.01961 1.00000
v -25.01311 244.15717 -8.82197 0.00392 0.83922 0.00000 1.00000
v -27.63104 244.45341 2.42012 0.00392 0.83922 0.00000 1.00000
v -26.30007 254.51093 0.55779 0.00392 0.83922 0.01961 1.00000
v -18.79798 254.63943 -1.73107 0.00392 0.83922 0.01961 1.00000
v -16.58357 244.49361 -0.93809 0.00392 0.83922 0.00000 1.00000
v -21.97553 269.59631 -4.60622 0.00392 0.83922 0.04314 1.00000
v -24.93265 268.78476 -7.32647 0.00392 0.83922 0.04314 1.00000
v -25.89263 269.48511 -3.40336 0.00392 0.83922 0.04314 1.00000
v -21.97553 269.59631 -4.60622 0.00392 0.83922 0.04314 1.00000
v -23.75074 284.52234 -8.30458 0.00392 0.83922 0.08627 1.00000
v -26.44430 283.17447 -10.68211 0.00392 0.83922 0.08627 1.00000
v -27.41130 284.36417 -7.16442 0.00392 0.83922 0.08627 1.00000
v -23.75074 284.52234 -8.30458 0.00392 0.83922 0.08627 1.00000
v -26.52366 298.84244 -14.60078 0.00392 0.83922 0.10980 1.00000
v -28.98317 297.31509 -16.69815 0.00392 0.83922 0.10980 1.00000
v -29.92964 298.67014 -13.52814 0.00392 0.83922 0.10980 1.00000
v -26.52366 298.84244 -14.60078 0.00392 0.83922 0.10980 1.00000
v -29.78009 312.57034 -22.18753 0.00392 0.83922 0.15686 1.00000
v -31.93950 310.66824 -23.83652 0.00392 0.83922 0.15686 1.00000
v -32.93224 312.37863 -21.17395 0.00392 0.83922 0.15686 1.00000
v -29.78009 312.57034 -22.18753 0.00392 0.83922 0.15686 1.00000
v -35.59559 323.88193 -32.50858 0.00392 0.83922 0.17647 1.00000
v -35.59559 323.88193 -32.50858 0.00392 0.83922 0.17647 1.00000
v -68.19260 242.45952 17.17328 0.14510 0.85882 0.08235 1.00000
v -78.19895 242.40627 11.18526 0.17647 0.85882 0.10196 1.00000
v -73.79559 250.32654 2.21356 0.09020 0.85882 0.10196 1.00000
v -62.09156 249.92722 7.39299 0.07451 0.85882 0.08235 1.00000
v -50.31931 258.00201 -14.96215 0.00392 0.85882 0.08235 1.00000
v -63.39846 260.05182 -20.59593 0.00392 0.85882 0.10196 1.00000
v -54.23588 252.49068 -43.61900 0.09020 0.85882 0.10196 1.00000
v -41.53437 252.16733 -38.16695 0.07451 0.85882 0.08235 1.00000
v -38.32972 244.63228 -49.60511 0.14510 0.85882 0.08235 1.00000
v -49.10681 245.71992 -56.96668 0.17647 0.85882 0.10196 1.00000
v -85.59879 237.14514 10.54469 0.24706 0.85882 0.14118 1.00000
v -83.59144 249.03098 -1.83968 0.12941 0.85882 0.14118 1.00000
v -76.76217 260.01703 -26.13686 0.00392 0.85882 0.14118 1.00000
v -65.84310 251.92113 -49.44407 0.12941 0.85882 0.14118 1.00000
v -59.29798 241.00667 -59.74398 0.24706 0.85882 0.14118 1.00000
v -94.36679 233.45491 4.61241 0.27843 0.85882 0.16471 1.00000
v -94.61518 244.93602 -6.96134 0.14510 0.85882 0.16471 1.00000
v -90.08047 255.88350 -31.13285 0.00392 0.85882 0.16471 1.00000
v -78.09256 245.48198 -53.02940 0.14510 0.85882 0.16471 1.00000
v -69.82984 235.35019 -64.95882 0.27843 0.85882 0.16471 1.00000
v -98.54622 227.13173 4.61378 0.34902 0.85882 0.20392 1.00000
v -102.92776 238.77028 -8.87695 0.17647 0.85882 0.20392 1.00000
v -102.92286 249.85640 -35.62944 0.00392 0.85882 0.20392 1.00000
v -88.66280 238.99272 -56.87380 0.17647 0.85882 0.20392 1.00000
v -77.03970 226.45108 -65.29818 0.34902 0.85882 0.20392 1.00000
v -101.51604 222.54178 2.50450 0.38039 0.85882 0.22353 1.00000
v -108.20552 233.43028 -10.60052 0.19216 0.85882 0.22353 1.00000
v -110.96996 244.02333 -38.04813 0.00392 0.85882 0.22353 1.00000
v -95.14557 232.63922 -59.01736 0.19216 0.85882 0.22353 1.00000
v -81.23823 219.66286 -66.70245 0.38039 0.85882 0.22353 1.00000
v -105.47883 211.43402 4.16200 0.41961 0.85882 0.24706 1.00000
v -116.07539 223.37300 -12.49236 0.21569 0.85882 0.24706 1.00000
v -121.65503 232.92714 -40.47079 0.00392 0.85882 0.24706 1.00000
v -104.09548 221.35977 -61.17576 0.21569 0.85882 0.24706 1.00000
v -87.94612 208.77548 -68.77884 0.41961 0.85882 0.24706 1.00000
v -105.85452 207.33470 4.10907 0.48235 0.85882 0.28627 1.00000
v -121.16799 215.27626 -13.48980 0.24706 0.85882 0.28627 1.00000
v -131.10135 220.53059 -41.99739 0.00392 0.85882 0.28627 1.00000
v -110.52879 210.12213 -61.62614 0.24706 0.85882 0.28627 1.00000
v -90.39469 199.85826 -68.00814 0.48235 0.85882 0.28627 1.00000
v -107.26450 197.59384 4.32770 0.52157 0.85882 0.30588 1.00000
v -124.64847 202.89937 -12.28548 0.26275 0.85882 0.30588 1.00000
v -137.49809 205.77873 -41.56162 0.00392 0.85882 0.30588 1.00000
v -114.84423 196.35358 -60.86221 0.26275 0.85882 0.30588 1.00000
v -91.99736 187.68713 -66.64559 0.52157 0.85882 0.30588 1.00000
v -105.11977 195.67490 5.80647 0.58431 0.85882 0.34902 1.00000
v -126.26747 194.30997 -11.35907 0.29412 0.85882 0.34902 1.00000
v -142.01167 190.32407 -40.10838 0.00392 0.85882 0.34902 1.00000
v -117.15543 184.51750 -59.78511 0.29412 0.85882 0.34902 1.00000
v -92.24612 181.00807 -67.08414 0.58431 0.85882 0.34902 1.00000
v -104.92416 173.53242 10.35466 0.62353 0.85882 0.36863 1.00000
v -127.69210 175.20067 -8.18316 0.31765 0.85882 0.36863 1.00000
v -144.31244 174.07152 -37.39110 0.00392 0.85882 0.36863 1.00000
v -117.86585 166.14677 -55.84560 0.31765 0.85882 0.36863 1.00000
v -92.07721 160.02660 -63.10516 0.62353 0.85882 0.36863 1.00000
v -109.40134 147.76326 12.57706 0.69412 0.85882 0.41176 1.00000
v -130.92801 154.85962 -4.74019 0.34902 0.85882 0.41176 1.00000
v -148.34026 158.00938 -35.30238 0.00392 0.85882 0.41176 1.00000
v -122.64504 143.56712 -52.79852 0.34902 0.85882 0.41176 1.00000
v -96.84669 130.94171 -58.38243 0.69412 0.85882 0.41176 1.00000
v -31.71165 245.47231 56.83745 0.13725 0.81176 0.08627 1.00000
v -43.17374 245.68234 63.26935 0.17647 0.81176 0.10980 1.00000
v -49.09007 256.92715 48.17225 0.08235 0.81176 0.10980 1.00000
v -37.21828 255.76535 39.85414 0.06667 0.81176 0.08627 1.00000
v -49.44371 263.24219 13.54892 0.00392 0.81176 0.08627 1.00000
v -62.22726 267.69278 21.08375 0.00392 0.81176 0.10980 1.00000
v -79.32276 260.47565 -4.55051 0.08235 0.81176 0.10980 1.00000
v -66.52388 256.73840 -10.63471 0.06667 0.81176 0.08627 1.00000
v -77.14021 248.82521 -22.79626 0.13725 0.81176 0.08627 1.00000
v -89.63229 250.90237 -17.64411 0.17647 0.81176 0.10980 1.00000
v -50.85479 243.71550 67.83517 0.24706 0.81176 0.15294 1.00000
v -60.30136 258.67456 53.33671 0.12157 0.81176 0.15294 1.00000
v -75.46052 270.14774 28.89739 0.00392 0.81176 0.15294 1.00000
v -90.41912 260.17368 2.78768 0.12157 0.81176 0.15294 1.00000
v -97.72097 247.02560 -10.73254 0.24706 0.81176 0.15294 1.00000
v -61.89214 240.45682 72.18008 0.28627 0.81176 0.17647 1.00000
v -71.73373 254.45461 60.91324 0.13725 0.81176 0.17647 1.00000
v -89.04613 268.23001 36.96482 0.00392 0.81176 0.17647 1.00000
v -102.87656 257.27982 9.47699 0.13725 0.81176 0.17647 1.00000
v -108.03349 242.04872 -5.01535 0.28627 0.81176 0.17647 1.00000
v -65.16053 233.83180 76.27310 0.35686 0.81176 0.21961 1.00000
v -81.50717 250.61337 66.00984 0.17647 0.81176 0.21961 1.00000
v -102.32468 264.02435 44.84060 0.00392 0.81176 0.21961 1.00000
v -111.94832 251.51251 16.01698 0.17647 0.81176 0.21961 1.00000
v -114.08760 237.32271 -1.99746 0.35686 0.81176 0.21961 1.00000
v -68.29588 228.53439 77.75208 0.39608 0.81176 0.24314 1.00000
v -86.26331 244.38254 70.01752 0.19216 0.81176 0.24314 1.00000
v -110.69428 258.93246 49.84535 0.00392 0.81176 0.24314 1.00000
v -118.20731 245.98814 19.61389 0.19216 0.81176 0.24314 1.00000
v -118.17416 231.59816 -0.18170 0.39608 0.81176 0.24314 1.00000
v -74.07847 218.89639 80.80008 0.43529 0.81176 0.26275 1.00000
v -94.63010 234.21544 75.06183 0.21569 0.81176 0.26275 1.00000
v -121.72396 248.28590 56.64738 0.00392 0.81176 0.26275 1.00000
v -127.41850 235.47363 24.84416 0.21569 0.81176 0.26275 1.00000
v -123.51947 220.14915 3.93634 0.43529 0.81176 0.26275 1.00000
v -75.73912 213.48094 81.27793 0.49020 0.81176 0.30980 1.00000
v -100.58968 225.52727 78.40929 0.23922 0.81176 0.30980 1.00000
v -131.43628 236.00378 62.85569 0.00392 0.81176 0.30980 1.00000
v -133.55151 224.55963 29.20428 0.23922 0.81176 0.30980 1.00000
v -126.29749 211.92082 5.60168 0.49020 0.81176 0.30980 1.00000
v -76.47648 201.50655 83.15496 0.49020 0.81176 0.32941 1.00000
v -104.48314 212.07912 81.97704 0.23922 0.81176 0.32941 1.00000
v -138.30367 220.93504 68.00074 0.00392 0.81176 0.32941 1.00000
v -138.34091 210.05367 33.02909 0.23922 0.81176 0.32941 1.00000
v -129.52998 198.68687 7.59240 0.49020 0.81176 0.32941 1.00000
v -75.57497 196.81331 82.66437 0.49020 0.81176 0.37647 1.00000
v -106.60499 201.83226 84.08845 0.23922 0.81176 0.37647 1.00000
v -143.52933 204.97542 72.54626 0.00392 0.81176 0.37647 1.00000
v -142.18793 196.88005 35.62438 0.23922 0.81176 0.37647 1.00000
v -128.33910 188.96916 8.45657 0.49020 0.81176 0.37647 1.00000
v -78.18842 172.57118 86.35587 0.49020 0.81176 0.39608 1.00000
v -110.30395 181.51097 87.97129 0.23922 0.81176 0.39608 1.00000
v -147.04585 187.96706 76.81242 0.00392 0.81176 0.39608 1.00000
v -144.99741 176.64101 39.61507 0.23922 0.81176 0.39608 1.00000
v -130.40157 164.83884 12.19009 0.49020 0.81176 0.39608 1.00000
v -81.96709 146.49455 92.53077 0.49020 0.81176 0.44314 1.00000
v -115.25756 161.43022 93.23988 0.23922 0.81176 0.44314 1.00000
v -152.27094 171.64786 82.15820 0.00392 0.81176 0.44314 1.00000
v -151.52039 152.40799 47.01841 0.23922 0.81176 0.44314 1.00000
v -138.20465 132.74028 21.29072 0.49020 0.81176 0.44314 1.00000
v 25.18300 250.93910 44.68938 0.16863 0.86275 0.09412 1.00000
v 25.32119 248.87270 59.79475 0.20784 0.86275 0.11765 1.00000
v 4.89014 261.57236 53.43479 0.10588 0.86275 0.11765 1.00000
v 7.00832 258.65707 38.69291 0.09020 0.86275 0.09412 1.00000
v -27.71944 267.95425 29.57235 0.00392 0.86275 0.09412 1.00000
v -29.99686 273.36771 45.24459 0.00392 0.86275 0.11765 1.00000
v -66.09043 264.62152 42.42635 0.10588 0.86275 0.11765 1.00000
v -62.97003 260.55276 27.53598 0.09020 0.86275 0.09412 1.00000
v -86.09486 254.04974 26.90668 0.16863 0.86275 0.09412 1.00000
v -86.97697 253.20003 42.51245 0.20784 0.86275 0.11765 1.00000
v 21.57001 249.50075 68.31930 0.28627 0.86275 0.16471 1.00000
v 2.16765 263.28024 65.97897 0.14510 0.86275 0.16471 1.00000
v -32.29964 276.53915 61.60263 0.00392 0.86275 0.16471 1.00000
v -67.15176 264.44431 56.67996 0.14510 0.86275 0.16471 1.00000
v -89.74545 252.61227 53.41087 0.28627 0.86275 0.16471 1.00000
v 21.25121 242.60228 81.00699 0.32549 0.86275 0.18824 1.00000
v 1.11823 258.95831 80.86501 0.16863 0.86275 0.18824 1.00000
v -34.57930 275.06607 78.61674 0.00392 0.86275 0.18824 1.00000
v -69.35268 261.23788 71.85548 0.16863 0.86275 0.18824 1.00000
v -89.50099 244.96291 66.65838 0.32549 0.86275 0.18824 1.00000
v 19.00395 238.27974 88.69254 0.40392 0.86275 0.23922 1.00000
v -0.66606 254.60439 93.05575 0.20784 0.86275 0.23922 1.00000
v -36.80707 271.33728 95.36736 0.00392 0.86275 0.23922 1.00000
v -71.27293 256.83261 84.46689 0.20784 0.86275 0.23922 1.00000
v -90.78364 239.57928 74.40613 0.40392 0.86275 0.23922 1.00000
v 20.43904 229.77477 93.02161 0.44314 0.86275 0.26275 1.00000
v -2.01283 249.28200 101.19337 0.22353 0.86275 0.26275 1.00000
v -38.27300 266.67337 106.20840 0.00392 0.86275 0.26275 1.00000
v -72.64413 251.52626 92.62244 0.22353 0.86275 0.26275 1.00000
v -92.31422 233.80373 79.59808 0.44314 0.86275 0.26275 1.00000
v 18.85135 218.95839 101.96047 0.48235 0.86275 0.28627 1.00000
v -4.07339 239.03209 113.48260 0.24706 0.86275 0.28627 1.00000
v -40.44722 256.74826 121.25571 0.00392 0.86275 0.28627 1.00000
v -74.04639 240.88078 104.47124 0.24706 0.86275 0.28627 1.00000
v -92.90746 222.36380 87.90443 0.48235 0.86275 0.28627 1.00000
v 17.30231 211.24602 106.45492 0.56078 0.86275 0.33333 1.00000
v -5.18076 228.62347 122.63560 0.28627 0.86275 0.33333 1.00000
v -42.59757 245.16318 135.14558 0.00392 0.86275 0.33333 1.00000
v -75.49374 231.44096 113.22782 0.28627 0.86275 0.33333 1.00000
v -93.37046 215.04111 90.90210 0.56078 0.86275 0.33333 1.00000
v 16.87089 197.30322 110.84250 0.60000 0.86275 0.35686 1.00000
v -6.97587 214.43127 130.98045 0.30196 0.86275 0.35686 1.00000
v -44.78717 230.36513 146.44534 0.00392 0.86275 0.35686 1.00000
v -77.48625 217.93794 121.37480 0.30196 0.86275 0.35686 1.00000
v -96.02404 203.37051 96.12692 0.60000 0.86275 0.35686 1.00000
v 16.59926 189.71443 111.11922 0.68627 0.86275 0.40784 1.00000
v -8.65582 202.39502 136.53535 0.34902 0.86275 0.40784 1.00000
v -46.96457 214.34776 156.05754 0.00392 0.86275 0.40784 1.00000
v -78.24320 206.48357 125.94017 0.34902 0.86275 0.40784 1.00000
v -96.50000 197.19479 96.08198 0.68627 0.86275 0.40784 1.00000
v 12.26786 164.35933 119.20858 0.72549 0.86275 0.43137 1.00000
v -10.76325 180.45729 143.71623 0.36471 0.86275 0.43137 1.00000
v -49.35865 196.79840 163.85429 0.00392 0.86275 0.43137 1.00000
v -80.77965 186.04630 132.90662 0.36471 0.86275 0.43137 1.00000
v -98.58981 173.04637 101.77459 0.72549 0.86275 0.43137 1.00000
v 7.95869 137.61189 129.93410 0.80392 0.86275 0.47843 1.00000
v -14.32015 159.35307 153.56883 0.40392 0.86275 0.47843 1.00000
v -52.30780 180.16188 173.40413 0.00392 0.86275 0.47843 1.00000
v -84.65442 161.95348 145.08307 0.40392 0.86275 0.47843 1.00000
v -104.33976 142.08658 116.79157 0.80392 0.86275 0.47843 1.00000
v 30.90688 255.16292 -4.94885 0.12941 0.26275 0.07843 1.00000
v 38.96382 257.69467 4.68975 0.16078 0.26275 0.09804 1.00000
v 22.50073 266.63535 13.43012 0.07451 0.26275 0.09804 1.00000
v 15.77060 261.02484 3.12993 0.05882 0.26275 0.07843 1.00000
v -6.65764 266.38074 17.49585 0.00392 0.26275 0.07843 1.00000
v 1.41247 272.45901 27.48083 0.00392 0.26275 0.09804 1.00000
v -16.64954 265.18005 45.73674 0.07451 0.26275 0.09804 1.00000
v -25.35890 261.44559 36.23613 0.05882 0.26275 0.07843 1.00000
v -35.94675 255.54349 49.08152 0.12941 0.26275 0.07843 1.00000
v -26.10291 256.26892 57.87894 0.16078 0.26275 0.09804 1.00000
v 44.13183 260.10483 14.05372 0.23137 0.26275 0.14118 1.00000
v 31.08966 268.57599 22.86442 0.11373 0.26275 0.14118 1.00000
v 9.90112 276.83997 38.07769 0.00392 0.26275 0.14118 1.00000
v -9.93609 268.19293 55.00023 0.11373 0.26275 0.14118 1.00000
v -20.51446 256.79172 65.13481 0.23137 0.26275 0.14118 1.00000
v 53.85931 256.06210 23.15541 0.26275 0.26275 0.16078 1.00000
v 39.15152 268.70966 34.21445 0.12941 0.26275 0.16078 1.00000
v 18.81974 277.86224 49.62545 0.00392 0.26275 0.16078 1.00000
v -0.88541 266.68137 64.85792 0.12941 0.26275 0.16078 1.00000
v -13.55647 255.10236 74.71779 0.26275 0.26275 0.16078 1.00000
v 60.08368 253.03069 31.70972 0.32549 0.26275 0.20000 1.00000
v 47.83054 265.71536 43.83425 0.16078 0.26275 0.20000 1.00000
v 27.64631 277.19568 61.33197 0.00392 0.26275 0.20000 1.00000
v 5.81803 265.09232 73.81019 0.16078 0.26275 0.20000 1.00000
v -9.09548 252.68736 81.24847 0.32549 0.26275 0.20000 1.00000
v 64.00076 248.97539 37.77692 0.36471 0.26275 0.22353 1.00000
v 52.84574 262.54581 50.91825 0.17647 0.26275 0.22353 1.00000
v 33.39431 275.08966 69.34425 0.00392 0.26275 0.22353 1.00000
v 10.05770 262.52454 80.30241 0.17647 0.26275 0.22353 1.00000
v -5.33247 248.04440 85.02874 0.36471 0.26275 0.22353 1.00000
v 69.80103 241.80020 47.24863 0.39608 0.26275 0.24314 1.00000
v 59.73481 256.23581 61.87021 0.19216 0.26275 0.24314 1.00000
v 41.34302 269.37088 81.21021 0.00392 0.26275 0.24314 1.00000
v 16.85527 255.97821 89.75919 0.19216 0.26275 0.24314 1.00000
v -0.24509 241.29181 92.75806 0.39608 0.26275 0.24314 1.00000
v 73.91127 234.42609 52.30397 0.46667 0.26275 0.28235 1.00000
v 65.62272 248.72037 70.44080 0.23137 0.26275 0.28235 1.00000
v 48.61910 262.01334 92.66944 0.00392 0.26275 0.28235 1.00000
v 21.58915 250.02243 97.05852 0.23137 0.26275 0.28235 1.00000
v 1.54787 237.14017 96.58331 0.46667 0.26275 0.28235 1.00000
v 77.11439 224.03683 58.50981 0.49020 0.26275 0.30196 1.00000
v 70.20341 237.99617 78.69398 0.23922 0.26275 0.30196 1.00000
v 54.29103 251.25258 102.86681 0.00392 0.26275 0.30196 1.00000
v 25.49498 240.52254 105.61099 0.23922 0.26275 0.30196 1.00000
v 4.73310 227.06207 100.82995 0.49020 0.26275 0.30196 1.00000
v 78.06249 217.05330 61.90448 0.49020 0.26275 0.34510 1.00000
v 72.96133 228.39113 85.73038 0.23922 0.26275 0.34510 1.00000
v 58.95229 239.06538 112.02235 0.00392 0.26275 0.34510 1.00000
v 28.14470 231.84764 111.13472 0.23922 0.26275 0.34510 1.00000
v 5.15267 222.21764 102.35576 0.49020 0.26275 0.34510 1.00000
v 81.48057 197.92203 68.54779 0.49020 0.26275 0.36471 1.00000
v 76.20760 212.40414 93.71061 0.23922 0.26275 0.36471 1.00000
v 62.49498 225.19884 120.06287 0.00392 0.26275 0.36471 1.00000
v 31.56324 215.50395 118.90452 0.23922 0.26275 0.36471 1.00000
v 8.34249 203.20796 110.14786 0.49020 0.26275 0.36471 1.00000
v 85.45158 179.30632 78.63975 0.49020 0.26275 0.40392 1.00000
v 80.24733 197.04140 102.53913 0.23922 0.26275 0.40392 1.00000
v 66.82365 212.20485 129.18489 0.00392 0.26275 0.40392 1.00000
v 37.38972 196.74480 131.86571 0.23922 0.26275 0.40392 1.00000
v 14.93326 179.53755 127.71717 0.49020 0.26275 0.40392 1.00000
v 11.68994 253.56819 -62.94620 0.16078 0.93725 0.09412 1.00000
v 23.53758 259.06595 -61.45194 0.20000 0.93725 0.11765 1.00000
v 20.40740 269.91074 -38.85428 0.10588 0.93725 0.11765 1.00000
v 7.33224 263.33051 -38.63864 0.08235 0.93725 0.09412 1.00000
v 3.77146 273.42627 -2.82471 0.00392 0.93725 0.09412 1.00000
v 18.02675 281.63599 -4.15083 0.00392 0.93725 0.11765 1.00000
v 24.40887 275.74008 31.46046 0.10588 0.93725 0.11765 1.00000
v 9.07696 270.31174 33.61708 0.08235 0.93725 0.09412 1.00000
v 14.93243 264.72830 57.67897 0.16078 0.93725 0.09412 1.00000
v 29.72870 270.14337 57.70800 0.20000 0.93725 0.11765 1.00000
v 33.59288 257.93430 -63.45483 0.27843 0.93725 0.16471 1.00000
v 32.90065 272.27646 -40.84657 0.14510 0.93725 0.16471 1.00000
v 33.25927 287.98346 -5.68609 0.00392 0.93725 0.16471 1.00000
v 38.86678 279.96347 30.29147 0.14510 0.93725 0.16471 1.00000
v 43.77066 269.48276 54.73072 0.27843 0.93725 0.16471 1.00000
v 47.26564 257.52795 -63.51316 0.31765 0.93725 0.18824 1.00000
v 47.99701 272.97937 -42.17973 0.16078 0.93725 0.18824 1.00000
v 49.95087 290.64606 -7.48009 0.00392 0.93725 0.18824 1.00000
v 54.90032 280.86584 28.93366 0.16078 0.93725 0.18824 1.00000
v 58.88075 268.14667 53.63550 0.31765 0.93725 0.18824 1.00000
v 56.53579 252.20610 -66.09352 0.39608 0.93725 0.23529 1.00000
v 61.18023 272.21951 -43.24886 0.20000 0.93725 0.23529 1.00000
v 66.88420 291.44531 -9.30359 0.00392 0.93725 0.23529 1.00000
v 69.42542 280.07800 27.74743 0.20000 0.93725 0.23529 1.00000
v 70.47201 265.93195 53.41842 0.39608 0.93725 0.23529 1.00000
v 63.52231 247.97697 -66.30434 0.43529 0.93725 0.25882 1.00000
v 70.60305 269.67343 -43.84710 0.22353 0.93725 0.25882 1.00000
v 78.46056 290.12689 -10.50207 0.00392 0.93725 0.25882 1.00000
v 79.05104 276.79050 26.58642 0.22353 0.93725 0.25882 1.00000
v 77.88586 260.55399 52.34150 0.43529 0.93725 0.25882 1.00000
v 75.34079 241.46184 -66.37383 0.47451 0.93725 0.28235 1.00000
v 84.85725 263.21222 -45.34993 0.23922 0.93725 0.28235 1.00000
v 95.56504 285.18802 -12.11365 0.00392 0.93725 0.28235 1.00000
v 93.89527 270.62994 25.40538 0.23922 0.93725 0.28235 1.00000
v 90.06645 252.88033 51.46775 0.47451 0.93725 0.28235 1.00000
v 79.97872 235.23886 -67.13303 0.55294 0.93725 0.32941 1.00000
v 95.80436 257.09299 -46.12685 0.27843 0.93725 0.32941 1.00000
v 112.06087 278.29706 -13.56967 0.00392 0.93725 0.32941 1.00000
v 105.78270 264.33362 24.77669 0.27843 0.93725 0.32941 1.00000
v 97.23605 248.10797 52.43696 0.55294 0.93725 0.32941 1.00000
v 87.37239 224.80299 -67.36094 0.59216 0.93725 0.35294 1.00000
v 107.26717 246.68755 -46.49120 0.30196 0.93725 0.35294 1.00000
v 126.81641 267.27676 -14.61453 0.00392 0.93725 0.35294 1.00000
v 117.23255 252.83528 23.76714 0.30196 0.93725 0.35294 1.00000
v 105.90314 237.11015 52.41092 0.59216 0.93725 0.35294 1.00000
v 90.13515 220.36821 -65.94594 0.67059 0.93725 0.40000 1.00000
v 114.46247 237.18111 -47.17651 0.34118 0.93725 0.40000 1.00000
v 140.17107 254.47615 -15.46269 0.00392 0.93725 0.40000 1.00000
v 125.84763 242.58781 23.49381 0.34118 0.93725 0.40000 1.00000
v 108.88303 229.19731 52.28901 0.67059 0.93725 0.40000 1.00000
v 102.96825 198.60860 -65.99600 0.70980 0.93725 0.42353 1.00000
v 126.95290 218.84944 -47.51057 0.35686 0.93725 0.42353 1.00000
v 152.05997 239.57329 -16.06020 0.00392 0.93725 0.42353 1.00000
v 137.27411 225.15700 23.07187 0.35686 0.93725 0.42353 1.00000
v 120.74270 209.57610 52.81692 0.70980 0.93725 0.42353 1.00000
v 118.60406 176.24556 -66.28053 0.78824 0.93725 0.47059 1.00000
v 141.15770 201.24295 -47.81599 0.39608 0.93725 0.47059 1.00000
v 165.32146 225.81609 -16.62131 0.00392 0.93725 0.47059 1.00000
v 155.66388 205.88295 23.15559 0.39608 0.93725 0.47059 1.00000
v 143.10974 184.21474 52.93851 0.78824 0.93725 0.47059 1.00000
v -47.86976 266.55801 -71.24995 0.15294 0.86275 0.09412 1.00000
v -37.22914 273.72327 -79.62965 0.19216 0.86275 0.11765 1.00000
v -21.27198 280.27945 -58.05809 0.09020 0.86275 0.11765 1.00000
v -30.75909 272.93997 -47.07588 0.07451 0.86275 0.09412 1.00000
v -6.39488 276.63138 -18.88774 0.00392 0.86275 0.09412 1.00000
v 3.09947 286.44037 -28.54401 0.00392 0.86275 0.11765 1.00000
v 33.92631 276.61258 -6.91120 0.09020 0.86275 0.11765 1.00000
v 24.36513 268.66736 2.11581 0.07451 0.86275 0.09412 1.00000
v 47.09747 260.02167 14.44930 0.15294 0.86275 0.09412 1.00000
v 56.34776 265.22125 5.04264 0.19216 0.86275 0.11765 1.00000
v -29.64664 274.86490 -90.76543 0.27059 0.86275 0.16471 1.00000
v -11.44860 286.39627 -67.32824 0.12941 0.86275 0.16471 1.00000
v 13.40684 294.57016 -39.00334 0.00392 0.86275 0.16471 1.00000
v 42.35113 280.94879 -17.27834 0.12941 0.86275 0.16471 1.00000
v 64.02364 267.71561 -2.48767 0.27059 0.86275 0.16471 1.00000
v -19.25534 275.46786 -101.44004 0.30980 0.86275 0.18824 1.00000
v -1.12002 288.09518 -79.77100 0.15294 0.86275 0.18824 1.00000
v 24.94464 299.35406 -50.85612 0.00392 0.86275 0.18824 1.00000
v 53.22927 283.64871 -28.51106 0.15294 0.86275 0.18824 1.00000
v 74.43076 268.47144 -12.86312 0.30980 0.86275 0.18824 1.00000
v -11.46486 274.33685 -109.24981 0.38824 0.86275 0.23922 1.00000
v 8.61460 289.00131 -89.92924 0.19216 0.86275 0.23922 1.00000
v 36.72882 302.38629 -63.10750 0.00392 0.86275 0.23922 1.00000
v 63.37675 284.85287 -38.65685 0.19216 0.86275 0.23922 1.00000
v 81.76159 266.29852 -21.99566 0.38824 0.86275 0.23922 1.00000
v -5.79130 271.37061 -114.94022 0.42745 0.86275 0.26275 1.00000
v 15.64924 287.85605 -97.01604 0.20784 0.86275 0.26275 1.00000
v 44.84427 302.66440 -71.75280 0.00392 0.86275 0.26275 1.00000
v 69.93740 282.98944 -46.40681 0.20784 0.86275 0.26275 1.00000
v 87.31056 262.95993 -28.14032 0.42745 0.86275 0.26275 1.00000
v 2.04805 265.05164 -125.15018 0.46667 0.86275 0.28627 1.00000
v 25.63059 283.51285 -108.77106 0.23137 0.86275 0.28627 1.00000
v 56.91929 300.17200 -85.01667 0.00392 0.86275 0.28627 1.00000
v 80.53371 278.85229 -58.33707 0.23137 0.86275 0.28627 1.00000
v 96.92507 257.72940 -38.18504 0.46667 0.86275 0.28627 1.00000
v 6.37833 260.23779 -130.23344 0.49020 0.86275 0.33333 1.00000
v 33.60846 278.83908 -118.01911 0.23922 0.86275 0.33333 1.00000
v 68.60999 295.73746 -98.19370 0.00392 0.86275 0.33333 1.00000
v 89.75460 274.57959 -67.76362 0.23922 0.86275 0.33333 1.00000
v 101.05944 251.60249 -44.63147 0.49020 0.86275 0.33333 1.00000
v 13.12434 251.27092 -137.78847 0.49020 0.86275 0.35686 1.00000
v 42.83047 270.38431 -128.05788 0.23922 0.86275 0.35686 1.00000
v 79.25212 287.06995 -110.87263 0.00392 0.86275 0.35686 1.00000
v 98.44172 265.50778 -78.18302 0.23922 0.86275 0.35686 1.00000
v 107.55141 242.20547 -52.49028 0.49020 0.86275 0.35686 1.00000
v 14.35899 244.09727 -141.28032 0.49020 0.86275 0.40392 1.00000
v 49.17214 261.74622 -135.87639 0.23922 0.86275 0.40392 1.00000
v 89.02880 276.46198 -122.85564 0.00392 0.86275 0.40392 1.00000
v 104.47372 256.68173 -86.08923 0.23922 0.86275 0.40392 1.00000
v 109.70190 235.63956 -55.78531 0.49020 0.86275 0.40392 1.00000
v 23.54041 225.81081 -153.12115 0.49020 0.86275 0.42745 1.00000
v 57.82298 246.11382 -147.43840 0.23922 0.86275 0.42745 1.00000
v 97.93770 263.56104 -134.15483 0.00392 0.86275 0.42745 1.00000
v 114.07244 241.12158 -97.84112 0.23922 0.86275 0.42745 1.00000
v 121.23183 217.91933 -67.80177 0.49020 0.86275 0.42745 1.00000
v 33.70195 207.89917 -166.30284 0.49020 0.86275 0.47843 1.00000
v 67.90404 232.08832 -159.50826 0.23922 0.86275 0.47843 1.00000
v 107.53700 251.90358 -146.27162 0.00392 0.86275 0.47843 1.00000
v 127.77701 223.95773 -114.66048 0.23922 0.86275 0.47843 1.00000
v 135.75258 193.49982 -89.50859 0.49020 0.86275 0.47843 1.00000
v -87.26855 272.62537 -17.96880 0.16078 0.73725 0.09020 1.00000
v -91.06422 280.48312 -31.89319 0.20000 0.73725 0.11373 1.00000
v -64.04816 285.11801 -30.97354 0.10588 0.73725 0.11373 1.00000
v -61.11530 275.52066 -18.29985 0.08235 0.73725 0.09020 1.00000
v -25.73822 278.14658 -20.23788 0.00392 0.73725 0.09020 1.00000
v -27.21587 289.68469 -31.36215 0.00392 0.73725 0.11373 1.00000
v 5.22948 280.78992 -43.81260 0.10588 0.73725 0.11373 1.00000
v 6.72167 271.36224 -32.63249 0.08235 0.73725 0.09020 1.00000
v 33.12865 266.18716 -42.31839 0.16078 0.73725 0.09020 1.00000
v 28.79665 272.06631 -54.97711 0.20000 0.73725 0.11373 1.00000
v -91.63036 288.02054 -44.50425 0.27059 0.73725 0.16078 1.00000
v -65.59315 293.80646 -43.66351 0.13725 0.73725 0.16078 1.00000
v -28.69250 300.04031 -43.65318 0.00392 0.73725 0.16078 1.00000
v 4.04039 287.96390 -54.22122 0.13725 0.73725 0.16078 1.00000
v 27.58289 275.94858 -63.82242 0.27059 0.73725 0.16078 1.00000
v -95.88676 290.39587 -60.17715 0.30980 0.73725 0.18039 1.00000
v -66.96780 299.91675 -58.44956 0.16078 0.73725 0.18039 1.00000
v -30.09841 307.72287 -58.23808 0.00392 0.73725 0.18039 1.00000
v 2.81326 293.50760 -67.78484 0.16078 0.73725 0.18039 1.00000
v 26.84534 279.56451 -76.39343 0.30980 0.73725 0.18039 1.00000
v -97.20432 292.18414 -73.19238 0.38824 0.73725 0.22745 1.00000
v -68.15987 304.06891 -72.90980 0.20000 0.73725 0.22745 1.00000
v -31.44784 313.75848 -73.63859 0.00392 0.73725 0.22745 1.00000
v 1.18043 296.37384 -79.58039 0.20000 0.73725 0.22745 1.00000
v 24.90603 279.25320 -84.81318 0.38824 0.73725 0.22745 1.00000
v -97.43510 291.41693 -82.44093 0.42745 0.73725 0.25098 1.00000
v -69.52723 304.20245 -83.25346 0.21569 0.73725 0.25098 1.00000
v -32.26802 316.02783 -84.78217 0.00392 0.73725 0.25098 1.00000
v 0.37571 296.74884 -88.63045 0.21569 0.73725 0.25098 1.00000
v 23.88163 277.49521 -91.85616 0.42745 0.73725 0.25098 1.00000
v -99.58227 287.67435 -97.09961 0.46667 0.73725 0.27451 1.00000
v -70.70287 302.93573 -99.39764 0.23922 0.73725 0.27451 1.00000
v -33.38681 316.42966 -102.13845 0.00392 0.73725 0.27451 1.00000
v -0.42462 295.73773 -103.36235 0.23922 0.73725 0.27451 1.00000
v 24.30899 275.74457 -104.11675 0.46667 0.73725 0.27451 1.00000
v -100.66089 283.51981 -107.38889 0.53725 0.73725 0.32157 1.00000
v -71.37357 300.31195 -113.57708 0.27059 0.73725 0.32157 1.00000
v -34.38953 314.75876 -119.48998 0.00392 0.73725 0.32157 1.00000
v -1.75785 292.95993 -114.98724 0.27059 0.73725 0.32157 1.00000
v 23.81828 272.69104 -110.56240 0.53725 0.73725 0.32157 1.00000
v -100.08926 276.85947 -120.33730 0.57647 0.73725 0.34510 1.00000
v -72.76295 293.08951 -128.23994 0.29412 0.73725 0.34510 1.00000
v -35.22604 308.93192 -136.47679 0.00392 0.73725 0.34510 1.00000
v -2.49515 286.55124 -128.96878 0.29412 0.73725 0.34510 1.00000
v 22.55021 265.10266 -121.46912 0.57647 0.73725 0.34510 1.00000
v -100.58843 269.94162 -128.42177 0.65490 0.73725 0.38824 1.00000
v -73.39153 285.80576 -140.49272 0.33333 0.73725 0.38824 1.00000
v -36.00436 301.26236 -152.77908 0.00392 0.73725 0.38824 1.00000
v -3.24310 279.88046 -139.86009 0.33333 0.73725 0.38824 1.00000
v 22.81009 259.95844 -127.60734 0.65490 0.73725 0.38824 1.00000
v -102.13348 255.30621 -145.09804 0.69412 0.73725 0.41176 1.00000
v -74.42715 273.74545 -156.78395 0.34902 0.73725 0.41176 1.00000
v -36.77539 291.52808 -168.58282 0.00392 0.73725 0.41176 1.00000
v -3.26030 268.28406 -157.16449 0.34902 0.73725 0.41176 1.00000
v 22.64920 245.86513 -145.84091 0.69412 0.73725 0.41176 1.00000
v -102.11890 243.16017 -162.13863 0.77255 0.73725 0.45882 1.00000
v -74.24330 264.10083 -173.34004 0.38824 0.73725 0.45882 1.00000
v -37.60107 283.16037 -185.18707 0.00392 0.73725 0.45882 1.00000
v -5.50960 254.81874 -180.25938 0.38824 0.73725 0.45882 1.00000
v 18.10144 226.80432 -174.19998 0.77255 0.73725 0.45882 1.00000
v 15.71134 276.35059 59.61012 0.14510 0.59608 0.09412 1.00000
v 8.89243 285.48782 71.97546 0.18431 0.59608 0.11765 1.00000
v -11.84259 291.42752 46.61784 0.09020 0.59608 0.11765 1.00000
v -4.67019 279.32971 38.35923 0.06667 0.59608 0.09412 1.00000
v -32.07928 282.60657 11.09579 0.00392 0.59608 0.09412 1.00000
v -38.41058 295.67395 19.12062 0.00392 0.59608 0.11765 1.00000
v -72.55495 288.20438 2.97094 0.09020 0.59608 0.11765 1.00000
v -66.33343 277.77823 -6.89291 0.06667 0.59608 0.09412 1.00000
v -93.23916 272.02017 -17.48001 0.14510 0.59608 0.09412 1.00000
v -100.28936 281.32755 -8.94527 0.18431 0.59608 0.11765 1.00000
v 1.51654 293.32925 81.05297 0.26275 0.59608 0.16471 1.00000
v -18.71597 300.67181 57.14428 0.12941 0.59608 0.16471 1.00000
v -45.61223 307.70337 28.06809 0.00392 0.59608 0.16471 1.00000
v -79.08361 297.06793 11.11152 0.12941 0.59608 0.16471 1.00000
v -106.40852 287.41849 -1.77215 0.26275 0.59608 0.16471 1.00000
v -7.92334 299.58002 92.12003 0.30196 0.59608 0.18824 1.00000
v -27.89629 308.54187 68.26208 0.14510 0.59608 0.18824 1.00000
v -54.59905 317.32019 38.90816 0.00392 0.59608 0.18824 1.00000
v -87.80724 304.56906 21.19200 0.14510 0.59608 0.18824 1.00000
v -114.21355 291.69800 9.27316 0.30196 0.59608 0.18824 1.00000
v -16.16451 303.11026 101.52883 0.38039 0.59608 0.23529 1.00000
v -37.00589 314.49573 78.64961 0.18431 0.59608 0.23529 1.00000
v -64.31468 325.38223 50.44495 0.00392 0.59608 0.23529 1.00000
v -95.35351 309.16251 30.97068 0.18431 0.59608 0.23529 1.00000
v -120.15072 293.57004 16.57178 0.38039 0.59608 0.23529 1.00000
v -21.62398 302.14752 109.54134 0.41961 0.59608 0.25882 1.00000
v -43.39016 315.89151 86.91540 0.20784 0.59608 0.25882 1.00000
v -71.56804 329.10516 58.90489 0.00392 0.59608 0.25882 1.00000
v -101.40235 310.65179 38.31994 0.20784 0.59608 0.25882 1.00000
v -125.54039 293.47879 22.29246 0.41961 0.59608 0.25882 1.00000
v -31.39893 301.04953 121.09549 0.45882 0.59608 0.28235 1.00000
v -54.03505 316.60104 99.51052 0.22353 0.59608 0.28235 1.00000
v -83.17101 331.78793 72.31581 0.00392 0.59608 0.28235 1.00000
v -112.02629 311.97592 49.62777 0.22353 0.59608 0.28235 1.00000
v -133.56252 291.31229 33.41023 0.45882 0.59608 0.28235 1.00000
v -38.77309 298.95868 128.99867 0.49020 0.59608 0.32941 1.00000
v -64.01324 316.27301 110.01444 0.23922 0.59608 0.32941 1.00000
v -94.97063 332.44415 85.88660 0.00392 0.59608 0.32941 1.00000
v -120.91228 311.13608 59.86362 0.23922 0.59608 0.32941 1.00000
v -139.41521 288.98184 40.14442 0.49020 0.59608 0.32941 1.00000
v -46.78335 292.22314 140.14906 0.49020 0.59608 0.35294 1.00000
v -74.52975 311.77310 122.23682 0.23922 0.59608 0.35294 1.00000
v -106.89303 329.19159 99.70477 0.00392 0.59608 0.35294 1.00000
v -131.00293 306.44272 72.04220 0.23922 0.59608 0.35294 1.00000
v -147.80408 283.05841 50.47235 0.49020 0.59608 0.35294 1.00000
v -52.63584 286.77371 146.99425 0.49020 0.59608 0.40000 1.00000
v -83.07124 306.22842 132.68958 0.23922 0.59608 0.40000 1.00000
v -118.51974 324.12897 113.29196 0.00392 0.59608 0.40000 1.00000
v -140.07671 301.41757 82.17382 0.23922 0.59608 0.40000 1.00000
v -155.25157 278.99365 56.56678 0.49020 0.59608 0.40000 1.00000
v -65.03958 275.23206 162.43764 0.49020 0.59608 0.42353 1.00000
v -95.42796 297.40170 146.99040 0.23922 0.59608 0.42353 1.00000
v -129.96434 317.15289 126.96369 0.00392 0.59608 0.42353 1.00000
v -152.73706 292.56058 96.68697 0.23922 0.59608 0.42353 1.00000
v -166.56552 266.05862 73.05156 0.49020 0.59608 0.42353 1.00000
v -78.86066 267.05453 175.74724 0.49020 0.59608 0.47059 1.00000
v -107.50510 290.28888 160.50117 0.23922 0.59608 0.47059 1.00000
v -141.75050 311.65491 141.05968 0.00392 0.59608 0.47059 1.00000
v -168.12698 282.69147 117.48274 0.23922 0.59608 0.47059 1.00000
v -188.96205 255.39481 98.02229 0.49020 0.59608 0.47059 1.00000
v 9.20352 275.24567 -59.53059 0.15294 0.85490 0.08627 1.00000
v 18.60250 285.99506 -56.88811 0.19216 0.85490 0.10980 1.00000
v 9.91040 289.60226 -31.65306 0.09804 0.85490 0.10980 1.00000
v 0.34961 278.20480 -33.28531 0.08235 0.85490 0.08627 1.00000
v -10.77342 281.86572 0.27125 0.00392 0.85490 0.08627 1.00000
v -1.87276 294.60159 1.68747 0.00392 0.85490 0.10980 1.00000
v -0.97730 289.57809 36.05119 0.09804 0.85490 0.10980 1.00000
v -10.33702 278.29706 34.36871 0.08235 0.85490 0.08627 1.00000
v -8.89458 274.74014 61.88600 0.15294 0.85490 0.08627 1.00000
v 1.12973 284.46451 63.61799 0.19216 0.85490 0.10980 1.00000
v 30.85992 292.29645 -57.12875 0.26275 0.85490 0.15294 1.00000
v 20.00105 299.44785 -29.80755 0.13725 0.85490 0.15294 1.00000
v 8.33255 306.34436 3.36461 0.00392 0.85490 0.15294 1.00000
v 8.56952 298.94370 37.82801 0.13725 0.85490 0.15294 1.00000
v 9.78630 291.73935 65.75351 0.26275 0.85490 0.15294 1.00000
v 44.01958 299.05386 -54.64096 0.30196 0.85490 0.17647 1.00000
v 32.81520 307.80176 -27.28350 0.15294 0.85490 0.17647 1.00000
v 20.92173 316.05215 5.64723 0.00392 0.85490 0.17647 1.00000
v 21.31214 306.42825 39.70921 0.15294 0.85490 0.17647 1.00000
v 22.71669 297.09085 67.24330 0.30196 0.85490 0.17647 1.00000
v 56.35693 304.49237 -51.58235 0.38039 0.85490 0.21961 1.00000
v 46.26854 314.13348 -25.14205 0.19216 0.85490 0.21961 1.00000
v 34.34999 324.54453 8.22571 0.00392 0.85490 0.21961 1.00000
v 32.87053 312.26083 41.91427 0.19216 0.85490 0.21961 1.00000
v 32.69401 300.23193 68.92353 0.38039 0.85490 0.21961 1.00000
v 66.40225 305.16061 -50.36320 0.41176 0.85490 0.24314 1.00000
v 56.00039 317.10638 -23.08898 0.20784 0.85490 0.24314 1.00000
v 44.19973 329.10483 10.32106 0.00392 0.85490 0.24314 1.00000
v 41.60994 315.14108 44.01715 0.20784 0.85490 0.24314 1.00000
v 39.94746 302.27875 71.84057 0.41176 0.85490 0.24314 1.00000
v 81.54559 306.62424 -47.11250 0.45098 0.85490 0.26667 1.00000
v 71.33928 320.55658 -19.29297 0.23137 0.85490 0.26667 1.00000
v 59.98344 333.91370 13.97271 0.00392 0.85490 0.26667 1.00000
v 56.32629 317.63483 46.88247 0.23137 0.85490 0.26667 1.00000
v 53.23724 303.58099 75.00773 0.45098 0.85490 0.26667 1.00000
v 93.95620 307.82718 -42.70426 0.52157 0.85490 0.30980 1.00000
v 86.11041 321.69962 -16.24395 0.26275 0.85490 0.30980 1.00000
v 76.11845 337.23862 17.90077 0.00392 0.85490 0.30980 1.00000
v 68.58874 319.05267 49.90139 0.26275 0.85490 0.30980 1.00000
v 62.35062 302.67258 76.68836 0.52157 0.85490 0.30980 1.00000
v 108.72794 305.14911 -38.54502 0.56078 0.85490 0.33333 1.00000
v 101.88027 320.35941 -11.84656 0.28627 0.85490 0.33333 1.00000
v 92.93098 337.27420 22.52996 0.00392 0.85490 0.33333 1.00000
v 83.06449 317.59171 53.75623 0.28627 0.85490 0.33333 1.00000
v 74.53043 300.64993 80.77988 0.56078 0.85490 0.33333 1.00000
v 119.95991 301.01089 -35.78523 0.63137 0.85490 0.37647 1.00000
v 115.76422 317.50967 -7.93728 0.31765 0.85490 0.37647 1.00000
v 109.63538 335.54282 27.39823 0.00392 0.85490 0.37647 1.00000
v 94.60036 316.11688 58.01634 0.31765 0.85490 0.37647 1.00000
v 81.63158 298.58514 83.74368 0.63137 0.85490 0.37647 1.00000
v 138.06769 294.33762 -29.30855 0.67059 0.85490 0.40000 1.00000
v 133.17284 312.54379 -1.50065 0.34118 0.85490 0.40000 1.00000
v 126.37108 331.39969 32.70641 0.00392 0.85490 0.40000 1.00000
v 111.98146 309.61829 62.63033 0.34118 0.85490 0.40000 1.00000
v 99.70718 288.96582 86.72865 0.67059 0.85490 0.40000 1.00000
v 153.53363 288.94092 -23.09905 0.74902 0.85490 0.44314 1.00000
v 149.29860 307.02438 2.95997 0.38039 0.85490 0.44314 1.00000
v 143.28221 328.17780 38.13955 0.00392 0.85490 0.44314 1.00000
v 133.88316 305.07761 70.31788 0.38039 0.85490 0.44314 1.00000
v 126.22852 281.42694 94.56123 0.74902 0.85490 0.44314 1.00000
v -91.33971 279.61914 7.56822 0.14510 0.83922 0.08627 1.00000
v -94.51483 291.87598 -0.40824 0.17647 0.83922 0.10980 1.00000
v -64.38515 294.93088 -6.76353 0.08235 0.83922 0.10980 1.00000
v -59.91005 282.17093 0.89690 0.06667 0.83922 0.08627 1.00000
v -25.86878 284.02032 -8.71704 0.00392 0.83922 0.08627 1.00000
v -28.47882 298.27591 -14.94236 0.00392 0.83922 0.10980 1.00000
v 0.32640 294.04355 -35.66117 0.08235 0.83922 0.10980 1.00000
v 3.23686 281.12396 -28.63199 0.06667 0.83922 0.08627 1.00000
v 27.94665 278.68045 -45.49893 0.14510 0.83922 0.08627 1.00000
v 25.12954 290.55963 -53.17302 0.17647 0.83922 0.10980 1.00000
v -97.56149 302.23514 -8.61396 0.25490 0.83922 0.15686 1.00000
v -67.60876 306.76929 -14.65583 0.12157 0.83922 0.15686 1.00000
v -31.55061 311.87241 -22.39934 0.00392 0.83922 0.15686 1.00000
v -2.31928 305.23361 -42.93708 0.12157 0.83922 0.15686 1.00000
v 20.99492 298.79608 -60.82954 0.25490 0.83922 0.15686 1.00000
v -101.56147 311.58646 -19.52365 0.29412 0.83922 0.17647 1.00000
v -71.46260 317.48099 -25.14500 0.14510 0.83922 0.17647 1.00000
v -35.59559 323.88193 -32.50858 0.00392 0.83922 0.17647 1.00000
v -6.95274 315.05151 -53.26412 0.14510 0.83922 0.17647 1.00000
v 16.81404 307.11609 -71.13531 0.29412 0.83922 0.17647 1.00000
v -106.50600 317.10236 -29.45494 0.36471 0.83922 0.22353 1.00000
v -76.15813 325.55444 -35.70995 0.17647 0.83922 0.22353 1.00000
v -40.06732 334.71429 -43.77445 0.00392 0.83922 0.22353 1.00000
v -11.16131 323.13745 -63.50612 0.17647 0.83922 0.22353 1.00000
v 13.64592 313.26425 -80.39633 0.36471 0.83922 0.22353 1.00000
v -109.73906 319.63730 -37.37413 0.40392 0.83922 0.24706 1.00000
v -79.62526 329.70422 -43.99225 0.20000 0.83922 0.24706 1.00000
v -43.55410 340.80780 -52.45760 0.00392 0.83922 0.24706 1.00000
v -13.78235 327.98303 -71.83401 0.20000 0.83922 0.24706 1.00000
v 9.24071 315.06863 -88.50663 0.40392 0.83922 0.24706 1.00000
v -114.61516 323.69925 -50.43777 0.44314 0.83922 0.26667 1.00000
v -84.54239 335.61899 -57.66602 0.21569 0.83922 0.26667 1.00000
v -49.46161 347.99149 -66.77476 0.00392 0.83922 0.26667 1.00000
v -19.44860 333.44604 -85.66740 0.21569 0.83922 0.26667 1.00000
v 3.87350 318.91174 -101.77559 0.44314 0.83922 0.26667 1.00000
v -119.99783 324.26328 -60.58417 0.49020 0.83922 0.31373 1.00000
v -89.76471 339.22528 -70.21313 0.23922 0.83922 0.31373 1.00000
v -55.70957 353.76111 -81.62045 0.00392 0.83922 0.31373 1.00000
v -25.31219 337.04550 -98.98972 0.23922 0.83922 0.31373 1.00000
v -1.31393 320.62546 -113.48277 0.49020 0.83922 0.31373 1.00000
v -125.81554 324.33075 -73.84570 0.49020 0.83922 0.33725 1.00000
v -96.50307 340.50034 -84.67200 0.23922 0.83922 0.33725 1.00000
v -62.80666 356.91049 -97.46177 0.00392 0.83922 0.33725 1.00000
v -31.84257 339.01611 -114.42719 0.23922 0.83922 0.33725 1.00000
v -6.22974 322.49435 -128.73251 0.49020 0.83922 0.33725 1.00000
v -130.24597 322.86514 -82.90032 0.49020 0.83922 0.38039 1.00000
v -101.96982 341.07687 -97.28666 0.23922 0.83922 0.38039 1.00000
v -70.23870 358.74960 -113.38541 0.00392 0.83922 0.38039 1.00000
v -38.16878 339.76953 -129.05077 0.23922 0.83922 0.38039 1.00000
v -13.74086 319.83435 -140.89322 0.49020 0.83922 0.38039 1.00000
v -137.63901 322.15262 -101.60995 0.49020 0.83922 0.40392 1.00000
v -110.12885 340.38586 -114.58707 0.23922 0.83922 0.40392 1.00000
v -78.40000 359.01175 -129.67313 0.00392 0.83922 0.40392 1.00000
v -48.10543 337.45554 -146.02344 0.23922 0.83922 0.40392 1.00000
v -21.78915 318.87863 -160.21925 0.49020 0.83922 0.40392 1.00000
v -146.24397 318.58487 -115.68520 0.49020 0.83922 0.44706 1.00000
v -118.85798 338.72592 -129.39105 0.23922 0.83922 0.44706 1.00000
v -86.62100 360.30252 -145.89854 0.00392 0.83922 0.44706 1.00000
v -59.16643 337.89493 -167.10796 0.23922 0.83922 0.44706 1.00000
v -36.06114 317.72241 -185.18797 0.49020 0.83922 0.44706 1.00000
# Normals
vn 0.27927 0.17860 0.94346
vn 0.15748 -0.03595 0.98687
vn -0.04496 0.26312 0.96372
vn -0.00439 -0.04759 0.99886
vn 0.30470 -0.02824 0.95203
vn 0.53016 0.29893 0.79346
vn 0.45464 -0.01879 0.89048
vn 0.58415 -0.01346 0.81153
vn 0.78251 0.20303 0.58860
vn 0.70725 -0.00700 0.70693
vn 0.80640 -0.00469 0.59135
vn 0.89937 0.31031 0.30795
vn 0.89074 -0.00171 0.45451
vn 0.94968 -0.00277 0.31321
vn 0.97996 0.19920 0.00038
vn 0.98743 -0.00340 0.15802
vn 0.99996 -0.00789 0.00442
vn 0.90570 0.29150 -0.30779
vn 0.98805 -0.01193 -0.15370
vn 0.95224 -0.01959 -0.30474
vn 0.78884 0.16803 -0.59119
vn 0.89249 -0.02648 -0.45030
vn 0.81108 -0.03673 -0.58378
vn 0.54092 0.24960 -0.80318
vn 0.70996 -0.04567 -0.70276
vn 0.59041 -0.05764 -0.80504
vn 0.28473 0.12183 -0.95084
vn 0.45828 -0.06762 -0.88623
vn 0.31226 -0.08026 -0.94660
vn -0.04241 0.20203 -0.97846
vn 0.16223 -0.09019 -0.98262
vn 0.00443 -0.10232 -0.99474
vn -0.32952 0.07913 -0.94083
vn -0.14895 -0.11112 -0.98258
vn -0.30255 -0.12164 -0.94534
vn -0.60730 0.16789 -0.77653
vn -0.44472 -0.12836 -0.88642
vn -0.57879 -0.13633 -0.80400
vn -0.81599 0.05631 -0.57532
vn -0.69635 -0.14021 -0.70387
vn -0.79794 -0.14500 -0.58503
vn -0.94334 0.15936 -0.29105
vn -0.87963 -0.14554 -0.45284
vn -0.93943 -0.14684 -0.30970
vn -0.99812 0.06122 0.00017
vn -0.97698 -0.14382 -0.15758
vn -0.98990 -0.14167 -0.00422
vn -0.93935 0.17825 0.29300
vn -0.97885 -0.13523 0.15352
vn -0.94428 -0.13001 0.30237
vn -0.81430 0.09145 0.57319
vn -0.88467 -0.12059 0.45035
vn -0.80634 -0.11295 0.58057
vn -0.60141 0.21735 0.76880
vn -0.70313 -0.10134 0.70381
vn -0.58877 -0.09214 0.80303
vn -0.33004 0.13598 0.93412
vn -0.45165 -0.07936 0.88866
vn -0.31241 -0.06962 0.94739
vn -0.04496 0.26312 0.96372
vn -0.15496 -0.05682 0.98628
vn -0.00439 -0.04759 0.99886
vn -0.00950 0.07058 0.99746
vn 0.24278 0.34882 0.90520
vn 0.57852 0.11537 0.80747
vn 0.72943 0.38090 0.56820
vn 0.94071 0.14821 0.30512
vn 0.92177 0.38773 -0.00083
vn 0.93621 0.15539 -0.31523
vn 0.73267 0.36543 -0.57416
vn 0.56717 0.13325 -0.81275
vn 0.24046 0.32312 -0.91530
vn -0.02051 0.09084 -0.99565
vn -0.34748 0.27876 -0.89529
vn -0.59899 0.04571 -0.79945
vn -0.80299 0.24969 -0.54117
vn -0.95253 0.01530 -0.30407
vn -0.96942 0.24538 0.00342
vn -0.95210 0.00997 0.30561
vn -0.79551 0.26623 0.54432
vn -0.59456 0.03080 0.80346
vn -0.33868 0.30512 0.89006
vn -0.00950 0.07058 0.99746
vn -0.07428 0.39220 0.91688
vn 0.28803 0.12673 0.94920
vn 0.45968 0.44435 0.76893
vn 0.78412 0.17785 0.59458
vn 0.80987 0.49229 0.31899
vn 0.97670 0.21438 0.00978
vn 0.81624 0.51452 -0.26271
vn 0.78393 0.21983 -0.58063
vn 0.46684 0.49979 -0.72957
vn 0.27839 0.19064 -0.94136
vn -0.08474 0.45516 -0.88637
vn -0.33696 0.13971 -0.93110
vn -0.60579 0.40129 -0.68701
vn -0.82180 0.08896 -0.56279
vn -0.90349 0.35963 -0.23315
vn -0.99822 0.05755 0.01572
vn -0.89031 0.34302 0.29948
vn -0.80681 0.05491 0.58826
vn -0.58148 0.35492 0.73206
vn -0.31836 0.08068 0.94453
vn -0.07428 0.39220 0.91688
vn -0.06390 0.31569 0.94671
vn 0.20985 0.40022 0.89207
vn 0.48301 0.38348 0.78717
vn 0.67608 0.46140 0.57448
vn 0.84003 0.43552 0.32353
vn 0.86754 0.49656 0.02818
vn 0.85017 0.44932 -0.27444
vn 0.69096 0.48958 -0.53187
vn 0.49770 0.41768 -0.76015
vn 0.21439 0.44267 -0.87068
vn -0.06913 0.35416 -0.93263
vn -0.36057 0.37608 -0.85355
vn -0.61656 0.28545 -0.73374
vn -0.80376 0.31697 -0.50348
vn -0.93656 0.23805 -0.25726
vn -0.95748 0.28686 0.03080
vn -0.92329 0.22804 0.30908
vn -0.78073 0.29488 0.55092
vn -0.59352 0.25736 0.76256
vn -0.34172 0.33739 0.87715
vn -0.06390 0.31569 0.94671
vn -0.05862 0.25026 0.96640
vn 0.54228 0.23793 0.80581
vn 0.87158 0.38034 0.30934
vn 0.90689 0.28673 -0.30876
vn 0.51486 0.32071 -0.79503
vn -0.03686 0.14979 -0.98803
vn -0.61670 0.15888 -0.77100
vn -0.95406 0.02315 -0.29873
vn -0.94730 0.11906 0.29740
vn -0.60372 0.07490 0.79367
vn -0.05862 0.25026 0.96640
vn -0.04454 0.19865 0.97906
vn 0.46945 0.42967 0.77136
vn 0.90928 0.27459 0.31276
vn 0.84274 0.44913 -0.29676
vn 0.55137 0.19678 -0.81072
vn -0.07850 0.31440 -0.94604
vn -0.61196 0.07538 -0.78729
vn -0.93638 0.22264 -0.27132
vn -0.95015 0.07850 0.30175
vn -0.60965 0.29118 0.73725
vn -0.04454 0.19865 0.97906
vn -0.07176 0.37177 0.92555
vn 0.54478 0.24779 0.80114
vn 0.84652 0.43656 0.30468
vn 0.92107 0.23748 -0.30859
vn 0.50211 0.37070 -0.78133
vn -0.02776 0.12859 -0.99131
vn -0.61184 0.26903 -0.74382
vn -0.95251 0.07248 -0.29575
vn -0.91898 0.27291 0.28460
vn -0.60230 0.14510 0.78497
vn -0.07176 0.37177 0.92555
vn -0.02182 0.11476 0.99315
vn 0.49350 0.39110 0.77685
vn 0.92132 0.23460 0.31004
vn 0.85756 0.42008 -0.29685
vn 0.55389 0.19838 -0.80861
vn -0.06707 0.31330 -0.94728
vn -0.60453 0.05733 -0.79452
vn -0.93381 0.22643 -0.27698
vn -0.95167 0.00731 0.30704
vn -0.60100 0.27276 0.75126
vn -0.02182 0.11476 0.99315
vn -0.06696 0.27415 0.95935
vn 0.55814 0.16985 0.81218
vn 0.84816 0.42127 0.32117
vn 0.91928 0.24980 -0.30419
vn 0.49199 0.40314 -0.77164
vn -0.03377 0.13595 -0.99014
vn -0.62747 0.24419 -0.73936
vn -0.95601 -0.00861 -0.29320
vn -0.93572 0.17153 0.30822
vn -0.59297 0.01328 0.80511
vn -0.06696 0.27415 0.95935
vn -0.04937 0.19651 0.97926
vn 0.51122 0.30541 0.80335
vn 0.90052 0.29370 0.32064
vn 0.88795 0.35273 -0.29516
vn 0.54035 0.25561 -0.80167
vn -0.06267 0.25094 -0.96597
vn -0.62230 0.13689 -0.77072
vn -0.95158 0.14941 -0.26865
vn -0.94452 0.10374 0.31165
vn -0.60393 0.18247 0.77587
vn -0.04937 0.19651 0.97926
vn -0.00070 0.14133 0.98996
vn 0.94369 0.14261 0.29853
vn 0.56793 0.15619 -0.80812
vn -0.58983 0.00868 -0.80748
vn -0.94792 0.09496 0.30402
vn -0.00070 0.14133 0.98996
vn -0.00804 0.17490 0.98455
vn 0.90696 0.29932 0.29635
vn 0.57511 0.09045 -0.81306
vn -0.59828 0.15535 -0.78608
vn -0.95013 -0.00822 0.31173
vn -0.00804 0.17490 0.98455
vn -0.05247 0.27048 0.96130
vn 0.92311 0.23446 0.30480
vn 0.48798 0.42680 -0.76139
vn -0.60584 0.07667 -0.79188
vn -0.91031 0.29388 0.29149
vn -0.05247 0.27048 0.96130
vn -0.01776 0.28462 0.95848
vn 0.83189 0.47391 0.28872
vn 0.54298 0.23551 -0.80605
vn -0.59724 0.35219 -0.72060
vn -0.94296 0.12244 0.30957
vn -0.01776 0.28462 0.95848
vn -0.04913 0.53730 0.84196
vn 0.84098 0.46716 0.27296
vn 0.41022 0.69238 -0.59358
vn -0.54807 0.43139 -0.71661
vn -0.73413 0.63112 0.25048
vn -0.04913 0.53730 0.84196
vn -0.02401 0.96623 0.25657
vn 0.25137 0.96465 -0.07913
vn -0.02819 0.95933 -0.28087
vn -0.30946 0.94792 -0.07535
vn -0.02401 0.96623 0.25657
vn 0.60077 0.57872 -0.55150
vn 0.60572 0.56462 -0.56064
vn -0.66121 -0.56198 -0.49697
vn -0.71709 -0.46154 -0.52226
vn -0.31460 0.40598 0.85803
vn -0.32531 0.37919 0.86625
vn 0.60572 0.56462 -0.56064
vn 0.60077 0.57872 -0.55150
vn 0.57332 0.57642 -0.58228
vn -0.47743 -0.77772 -0.40892
vn -0.28809 0.33257 0.89800
vn 0.57332 0.57642 -0.58228
vn 0.52699 0.59812 -0.60376
vn -0.24387 -0.92131 -0.30285
vn -0.31320 0.33004 0.89049
vn 0.52699 0.59812 -0.60376
vn 0.35703 0.63988 -0.68050
vn -0.02697 -0.97878 -0.20311
vn -0.36043 0.33964 0.86876
vn 0.35703 0.63988 -0.68050
vn 0.18384 0.63203 -0.75282
vn 0.10562 -0.98368 -0.14569
vn -0.45401 0.31959 0.83171
vn 0.18384 0.63203 -0.75282
vn 0.19814 -0.97460 -0.10433
vn -0.37281 0.92718 0.03668
vn -0.06336 0.54397 -0.83671
vn -0.06604 0.52958 -0.84568
vn -0.81514 -0.51078 0.27323
vn -0.85828 -0.41736 0.29862
vn 0.55810 0.38899 0.73295
vn 0.55661 0.36735 0.74515
vn -0.06604 0.52958 -0.84568
vn -0.06336 0.54397 -0.83671
vn -0.09392 0.54094 -0.83580
vn -0.66652 -0.72075 0.19045
vn 0.59833 0.32037 0.73441
vn -0.09392 0.54094 -0.83580
vn -0.12246 0.56030 -0.81919
vn -0.48050 -0.87308 0.08279
vn 0.57646 0.32271 0.75070
vn -0.12246 0.56030 -0.81919
vn -0.25215 0.61779 -0.74482
vn -0.30276 -0.95288 -0.01867
vn 0.52789 0.33943 0.77854
vn -0.25215 0.61779 -0.74482
vn -0.39050 0.63837 -0.66332
vn -0.18241 -0.97914 -0.08954
vn 0.42818 0.33639 0.83875
vn -0.39050 0.63837 -0.66332
vn -0.08702 -0.98578 -0.14379
vn -0.06744 0.96975 0.23460
vn -0.69104 0.50109 -0.52093
vn -0.69918 0.48715 -0.52329
vn -0.29663 -0.46392 0.83474
vn -0.30326 -0.36874 0.87867
vn 0.92808 0.37201 -0.01628
vn 0.93394 0.35742 -0.00168
vn -0.69918 0.48715 -0.52329
vn -0.69104 0.50109 -0.52093
vn -0.70943 0.50734 -0.48920
vn -0.26879 -0.68343 0.67873
vn 0.94812 0.31660 -0.02884
vn -0.70943 0.50734 -0.48920
vn -0.71582 0.53601 -0.44754
vn -0.23561 -0.85018 0.47083
vn 0.94595 0.32429 0.00428
vn -0.71582 0.53601 -0.44754
vn -0.74098 0.60541 -0.29057
vn -0.20093 -0.94479 0.25886
vn 0.93700 0.34418 0.05980
vn -0.74098 0.60541 -0.29057
vn -0.76372 0.63201 -0.13152
vn -0.18045 -0.97670 0.11618
vn 0.92296 0.34549 0.16963
vn -0.76372 0.63201 -0.13152
vn -0.16312 -0.98659 0.00515
vn 0.14038 0.97720 0.15928
vn -0.85038 0.48870 0.19501
vn -0.86506 0.46148 0.19674
vn 0.49495 -0.36389 0.78905
vn 0.51856 -0.25959 0.81468
vn 0.55760 0.39252 -0.73144
vn 0.57548 0.37773 -0.72536
vn -0.86506 0.46148 0.19674
vn -0.85038 0.48870 0.19501
vn -0.86229 0.46036 0.21103
vn 0.40624 -0.60694 0.68308
vn 0.56602 0.32797 -0.75634
vn -0.86229 0.46036 0.21103
vn -0.85444 0.47109 0.21911
vn 0.28021 -0.79970 0.53100
vn 0.59541 0.34335 -0.72636
vn -0.85444 0.47109 0.21911
vn -0.77512 0.54568 0.31848
vn 0.15909 -0.91089 0.38074
vn 0.63651 0.37443 -0.67428
vn -0.77512 0.54568 0.31848
vn -0.68973 0.58657 0.42450
vn 0.08336 -0.95411 0.28763
vn 0.71978 0.39464 -0.57112
vn -0.68973 0.58657 0.42450
vn 0.03396 -0.97368 0.22535
vn 0.08548 0.99375 -0.07172
vn -0.47661 0.44856 0.75606
vn -0.46948 0.44476 0.76274
vn 0.93392 -0.31603 0.16708
vn 0.96100 -0.22130 0.16585
vn -0.21486 0.33050 -0.91902
vn -0.20972 0.30411 -0.92926
vn -0.46948 0.44476 0.76274
vn -0.47661 0.44856 0.75606
vn -0.43489 0.47419 0.76552
vn 0.81959 -0.54740 0.16919
vn -0.24615 0.24233 -0.93845
vn -0.43489 0.47419 0.76552
vn -0.38954 0.51560 0.76316
vn 0.65049 -0.73790 0.17990
vn -0.23655 0.23905 -0.94175
vn -0.38954 0.51560 0.76316
vn -0.24671 0.61095 0.75225
vn 0.47618 -0.85837 0.19092
vn -0.20313 0.25908 -0.94425
vn -0.24671 0.61095 0.75225
vn -0.09776 0.66787 0.73783
vn 0.36450 -0.90930 0.20078
vn -0.11501 0.27932 -0.95328
vn -0.09776 0.66787 0.73783
vn 0.28598 -0.93572 0.20651
vn -0.12130 0.96707 -0.22373
vn 0.28532 0.39511 0.87320
vn 0.28803 0.36134 0.88683
vn 0.71819 -0.24671 -0.65065
vn 0.72964 -0.14959 -0.66726
vn -0.86888 0.32463 -0.37371
vn -0.85724 0.33078 -0.39461
vn 0.28803 0.36134 0.88683
vn 0.28532 0.39511 0.87320
vn 0.29829 0.36106 0.88355
vn 0.65543 -0.48624 -0.57791
vn -0.86810 0.30131 -0.39449
vn 0.29829 0.36106 0.88355
vn 0.30057 0.37005 0.87905
vn 0.55233 -0.68985 -0.46802
vn -0.83745 0.33635 -0.43076
vn 0.30057 0.37005 0.87905
vn 0.37178 0.45766 0.80767
vn 0.44006 -0.82572 -0.35289
vn -0.79444 0.38086 -0.47309
vn 0.37178 0.45766 0.80767
vn 0.45359 0.51953 0.72411
vn 0.36720 -0.88755 -0.27825
vn -0.71993 0.42198 -0.55103
vn 0.45359 0.51953 0.72411
vn 0.31539 -0.92160 -0.22623
vn -0.20452 0.97231 0.11304
vn 0.87456 0.35977 0.32512
vn 0.88619 0.32674 0.32849
vn -0.09230 -0.15284 -0.98393
vn -0.09603 -0.06285 -0.99339
vn -0.81407 0.30978 0.49124
vn -0.82342 0.30785 0.47666
vn 0.88619 0.32674 0.32849
vn 0.87456 0.35977 0.32512
vn 0.89185 0.31373 0.32586
vn -0.07855 -0.38145 -0.92104
vn -0.83002 0.26405 0.49127
vn 0.89185 0.31373 0.32586
vn 0.89212 0.30489 0.33342
vn -0.05970 -0.58086 -0.81181
vn -0.83808 0.29711 0.45754
vn 0.89212 0.30489 0.33342
vn 0.88367 0.38267 0.26961
vn -0.04308 -0.71366 -0.69916
vn -0.84440 0.34873 0.40666
vn 0.88367 0.38267 0.26961
vn 0.87331 0.44982 0.18708
vn -0.03240 -0.78297 -0.62121
vn -0.85832 0.41795 0.29766
vn 0.87331 0.44982 0.18708
vn -0.02511 -0.82569 -0.56356
vn 0.01017 0.91049 0.41340
vn -0.32415 0.31534 -0.89190
vn -0.33079 0.28809 -0.89866
vn -0.67605 -0.07396 0.73314
vn -0.67642 0.01172 0.73642
vn 0.92661 0.27363 0.25790
vn 0.92430 0.26727 0.27248
vn -0.33079 0.28809 -0.89866
vn -0.32415 0.31534 -0.89190
vn -0.33734 0.27895 -0.89911
vn -0.65220 -0.29650 0.69765
vn 0.93869 0.21685 0.26801
vn -0.33734 0.27895 -0.89911
vn -0.33505 0.27453 -0.90132
vn -0.60055 -0.49551 0.62754
vn 0.92580 0.24365 0.28900
vn -0.33505 0.27453 -0.90132
vn -0.37076 0.35909 -0.85650
vn -0.54270 -0.63215 0.55305
vn 0.90119 0.29287 0.31951
vn -0.37076 0.35909 -0.85650
vn -0.41998 0.43808 -0.79480
vn -0.50048 -0.70719 0.49940
vn 0.84405 0.36619 0.39177
vn -0.41998 0.43808 -0.79480
vn -0.46769 -0.75547 0.45884
vn 0.38112 0.85408 -0.35396
vn -0.67803 0.27678 0.68093
vn -0.67735 0.25364 0.69055
vn 0.95922 0.02053 0.28190
vn 0.95374 0.10977 0.27987
vn -0.19874 0.25982 -0.94498
vn -0.18424 0.24686 -0.95138
vn -0.67735 0.25364 0.69055
vn -0.67803 0.27678 0.68093
vn -0.67169 0.24943 0.69758
vn 0.93576 -0.21578 0.27892
vn -0.19292 0.18484 -0.96365
vn -0.67169 0.24943 0.69758
vn -0.66817 0.25796 0.69786
vn 0.85845 -0.43746 0.26774
vn -0.17270 0.20494 -0.96342
vn -0.66817 0.25796 0.69786
vn -0.60501 0.36326 0.70852
vn 0.76459 -0.59310 0.25227
vn -0.13957 0.25201 -0.95761
vn -0.60501 0.36326 0.70852
vn -0.52271 0.45362 0.72181
vn 0.70103 -0.67074 0.24221
vn -0.05461 0.32622 -0.94372
vn -0.52271 0.45362 0.72181
vn 0.65962 -0.71392 0.23501
vn -0.52301 0.82586 -0.21074
vn 0.95006 0.22829 0.21276
vn 0.95729 0.20235 0.20652
vn -0.28979 0.11181 -0.95054
vn -0.28612 0.19019 -0.93913
vn -0.67226 0.22338 0.70581
vn -0.68414 0.20890 0.69880
vn 0.95729 0.20235 0.20652
vn 0.95006 0.22829 0.21276
vn 0.99625 0.05048 0.07032
vn -0.28874 -0.10171 -0.95199
vn -0.69103 0.14170 0.70880
vn 0.99625 0.05048 0.07032
vn 0.96350 0.17300 0.20428
vn -0.48356 -0.35554 -0.79985
vn -0.83822 0.03143 0.54443
vn 0.96350 0.17300 0.20428
vn 0.94966 0.26301 0.17024
vn -0.24846 -0.44449 -0.86064
vn -0.70730 0.20671 0.67602
vn 0.94966 0.26301 0.17024
vn 0.92579 0.36067 0.11325
vn -0.23084 -0.52562 -0.81880
vn -0.73438 0.29423 0.61164
vn 0.92579 0.36067 0.11325
vn -0.21820 -0.57694 -0.78710
vn 0.17559 0.71129 0.68061
vn -19.19503 46.58354 7.90720
vn -22.75949 45.33542 5.26354
vn -20.20949 46.79909 1.55608
vn -16.15374 48.23176 3.70862
vn -10.94844 49.54407 -5.14941
vn -15.34211 48.12793 -7.02290
vn -12.31707 46.79277 -16.11602
vn -7.68493 48.28662 -14.50322
vn -6.59615 46.61163 -19.61750
vn -10.52595 44.96984 -21.63141
vn -26.00043 43.58321 5.04789
vn -23.51209 45.25682 -0.03206
vn -19.55081 46.28531 -8.74277
vn -16.21317 44.98545 -17.73251
vn -14.55923 43.24319 -22.78277
vn -29.30878 41.65691 2.58785
vn -27.31527 43.02344 -1.96459
vn -23.83209 43.89221 -10.32013
vn -20.73692 42.52725 -19.03712
vn -18.52725 40.64826 -24.60609
vn -31.65279 39.90137 2.64230
vn -30.51259 40.77658 -2.69287
vn -27.87025 41.07717 -11.70103
vn -24.49524 39.84740 -20.32652
vn -21.98292 38.31433 -25.49045
vn -33.35397 38.53958 1.79256
vn -32.70324 38.98944 -3.36470
vn -30.52441 38.90219 -12.48517
vn -27.01948 37.69057 -21.22188
vn -24.11321 36.26192 -26.54478
vn -36.61420 35.40653 2.60318
vn -36.21295 35.67147 -4.14342
vn -34.35254 35.24109 -13.37791
vn -30.77013 33.98930 -22.33665
vn -27.48229 32.55531 -28.03346
vn -37.60110 34.35403 2.63753
vn -38.65396 32.95224 -4.58478
vn -37.86691 31.16336 -13.99791
vn -33.89334 30.39706 -22.98391
vn -29.60571 29.93711 -28.77969
vn -40.07358 31.41474 2.86739
vn -41.58172 29.21782 -4.27541
vn -41.08532 26.67691 -14.18938
vn -36.93763 26.09153 -23.57632
vn -32.08192 26.09802 -29.84365
vn -40.08944 31.31222 3.65807
vn -43.42050 26.44983 -4.00831
vn -43.92056 21.77584 -14.06403
vn -39.20283 22.12860 -23.96797
vn -33.04221 23.63119 -30.83471
vn -44.95897 23.15871 6.58517
vn -46.95185 19.70620 -2.86168
vn -46.36267 16.38069 -13.53420
vn -42.27318 15.56322 -23.91157
vn -36.56723 15.22926 -32.12330
vn -49.43565 9.54086 8.12944
vn -49.79031 10.95697 -1.36708
vn -48.25840 10.35885 -12.83826
vn -45.17958 5.68116 -22.96800
vn -40.62364 0.00000 -30.83374
vn -3.72746 45.28366 23.16238
vn -7.97884 43.82572 24.83232
vn -9.89649 46.51277 18.42882
vn -5.75178 48.07524 16.02149
vn -10.19060 49.64095 5.73827
vn -14.11879 48.33785 8.06915
vn -20.54879 46.66610 -1.01093
vn -16.88219 48.00502 -3.39260
vn -21.24019 45.64440 -8.15125
vn -24.80167 44.17684 -5.85524
vn -10.74902 42.42857 26.17774
vn -13.44531 45.17459 19.48025
vn -17.82625 46.66594 10.27203
vn -23.77390 45.09213 1.58136
vn -27.73141 42.67377 -3.30414
vn -14.64417 40.49086 27.33200
vn -17.14893 42.83390 21.72949
vn -21.61927 44.45760 12.53508
vn -27.35137 42.87656 3.80831
vn -31.15120 40.36323 -1.18827
vn -16.07188 38.56764 29.24434
vn -20.17200 40.76152 23.07787
vn -25.17699 41.86161 14.65348
vn -30.22336 40.64118 5.98689
vn -33.31976 38.61067 -0.09184
vn -17.50940 37.13821 30.25183
vn -21.94294 38.90687 24.61224
vn -27.51205 39.82906 16.05406
vn -32.33263 38.77850 7.19921
vn -35.17531 36.92381 0.57326
vn -20.12243 34.17102 32.06912
vn -24.99020 35.67350 26.53094
vn -30.82519 36.37537 18.10080
vn -35.59795 35.39401 9.00277
vn -38.22993 33.68782 2.14525
vn -21.18312 32.70866 32.90013
vn -27.23420 32.89634 27.87703
vn -33.79980 32.53330 20.00394
vn -38.16950 32.11500 10.61674
vn -40.17963 31.28169 2.83775
vn -22.47359 29.26332 35.20789
vn -29.38747 29.00797 29.93181
vn -36.40023 28.23473 21.88202
vn -40.90558 27.88396 12.25635
vn -43.00161 27.16332 3.74372
vn -22.72458 28.08940 35.99414
vn -30.79334 25.88872 31.34556
vn -38.57126 23.55207 23.63382
vn -43.10979 23.70725 13.43546
vn -44.58239 24.39305 4.28820
vn -25.37964 18.89915 39.99619
vn -33.13516 19.03688 33.77363
vn -40.25138 18.39788 25.34451
vn -45.57415 16.97215 15.36040
vn -48.30042 15.14322 6.22512
vn -27.01837 7.04075 42.67827
vn -34.77149 11.40253 35.52358
vn -41.43878 12.97681 26.74752
vn -47.15038 7.83174 17.79058
vn -50.01614 0.77603 9.93897
vn 17.66633 44.61990 17.26166
vn 17.19887 42.56738 22.20848
vn 9.61351 46.13988 19.48568
vn 10.90987 47.49682 15.03417
vn -1.95517 49.68217 11.35159
vn -2.60464 48.37020 15.95430
vn -15.13880 46.24353 15.27588
vn -14.91721 47.57175 10.74267
vn -22.97191 44.34912 10.31726
vn -22.70678 42.94069 15.54024
vn 15.48942 41.83406 24.71819
vn 8.29187 44.79803 22.92118
vn -3.19681 46.67482 20.30373
vn -14.99429 44.65833 19.53983
vn -22.97848 41.46973 18.79497
vn 15.25959 39.09923 28.97230
vn 7.75725 42.35552 27.32828
vn -3.77633 44.42288 24.76583
vn -15.28975 42.36445 23.92648
vn -22.99773 39.03664 23.41463
vn 14.40715 37.41545 31.52011
vn 7.02263 40.09142 30.73044
vn -4.31051 41.79522 28.90637
vn -15.57868 40.06941 27.43623
vn -23.38683 37.11410 26.01153
vn 15.20549 35.13975 33.68961
vn 6.55111 38.16261 33.19184
vn -4.66962 39.74887 31.61047
vn -15.92213 38.15763 29.85767
vn -24.01342 35.29339 27.90577
vn 14.77826 31.58740 37.21342
vn 5.85390 34.66340 36.94834
vn -5.22487 36.27668 35.46410
vn -16.34529 34.74525 33.56484
vn -24.62096 31.89148 31.26886
vn 14.39116 29.16169 39.28728
vn 5.49748 31.31811 39.87422
vn -5.76161 32.46656 38.90662
vn -16.76991 31.69989 36.26137
vn -25.18228 29.81034 32.83589
vn 14.65290 24.80685 42.08221
vn 4.96972 27.02777 42.96279
vn -6.36886 28.19337 42.01870
vn -17.52502 27.64040 39.11370
vn -26.40983 25.95553 35.06894
vn 14.92001 22.52665 43.25439
vn 4.46276 23.32402 45.13395
vn -6.97390 23.60937 44.66500
vn -17.98776 24.30138 41.07168
vn -27.11786 24.22248 35.76161
vn 13.55584 13.09434 47.38963
vn 3.82770 16.38939 48.14287
vn -7.64857 18.63443 46.85357
vn -19.01391 17.92497 43.79687
vn -28.74912 15.87248 39.01990
vn 11.41863 2.51482 49.64162
vn 2.58331 9.16599 50.10300
vn -8.29282 13.61475 48.44448
vn -19.56290 9.73384 46.08194
vn -28.93303 3.93179 41.81411
vn 20.09690 46.85757 -1.21749
vn 22.19135 45.86026 2.31955
vn 15.92281 48.15139 5.37652
vn 14.34030 48.90837 1.82393
vn 5.81988 50.16440 7.11769
vn 8.28270 49.28458 10.16987
vn 2.04766 48.04477 16.98551
vn -1.12101 48.95887 14.23981
vn -5.11947 46.98700 19.15759
vn -1.37106 46.04056 21.89489
vn 23.20937 45.07787 5.50545
vn 18.21476 46.89406 8.37670
vn 10.64361 48.11880 13.12611
vn 4.25531 46.96925 19.41086
vn 0.66427 45.03534 23.92439
vn 26.16061 42.93879 8.53716
vn 20.22961 45.30053 11.81629
vn 13.04847 46.54203 16.26579
vn 7.17549 45.33314 22.23552
vn 3.07749 43.35036 26.68849
vn 27.83599 41.21630 11.28603
vn 22.56812 43.32668 14.64506
vn 15.28053 44.68150 19.26315
vn 9.18541 43.71347 24.61219
vn 4.57686 41.97377 28.60514
vn 29.07566 39.73424 13.29645
vn 23.90621 41.82801 16.73052
vn 16.71833 43.21548 21.30538
vn 10.44036 42.36317 26.40757
vn 5.92222 40.70296 30.15286
vn 30.87313 37.13227 16.40256
vn 25.73076 39.26545 19.92869
vn 18.72933 40.69271 24.37857
vn 12.51761 39.90102 29.19277
vn 7.67909 38.29889 32.79065
vn 32.45017 34.87759 18.20825
vn 27.40153 36.67676 22.47156
vn 20.52033 37.88756 27.28458
vn 13.93887 37.75829 31.32122
vn 8.31660 36.92562 34.18088
vn 34.05903 31.87139 20.62028
vn 29.00412 33.54088 25.19463
vn 22.10261 34.68722 30.15412
vn 15.19227 34.78023 34.06655
vn 9.65662 34.24596 36.53715
vn 34.89163 29.91612 22.10428
vn 30.01859 30.68532 27.53717
vn 23.46475 31.19774 32.81929
vn 16.14275 32.24555 36.06433
vn 9.94532 32.98165 37.60719
vn 37.25698 24.02939 25.20923
vn 31.50747 26.03690 30.50179
vn 24.61484 27.33876 35.32281
vn 17.53376 27.49090 39.21502
vn 11.46048 26.96574 41.74333
vn 38.47889 17.26003 28.67867
vn 32.60153 20.99972 33.12328
vn 25.55096 23.27893 37.49986
vn 18.99426 20.91483 42.45925
vn 13.28526 17.30667 46.09752
vn 12.31404 44.27721 -22.11092
vn 15.76554 43.95817 -20.49700
vn 14.55095 47.22241 -12.62194
vn 10.78797 48.01301 -13.39292
vn 9.21801 50.15849 -0.39253
vn 13.21716 49.25109 -0.79785
vn 15.33169 47.41279 10.86122
vn 10.91164 48.29182 12.24074
vn 12.60828 45.16677 20.04978
vn 16.61192 44.34765 18.92961
vn 18.80304 42.63486 -20.72954
vn 17.99845 45.98791 -12.73448
vn 17.03612 48.05506 -1.21680
vn 19.02471 46.26403 9.93479
vn 20.63422 43.19259 17.59626
vn 22.61186 41.07872 -20.05596
vn 21.94748 44.27388 -12.61474
vn 21.03758 46.42850 -1.67756
vn 22.99866 44.59787 9.11545
vn 24.56022 41.45142 16.72050
vn 25.42307 39.04902 -20.73261
vn 25.17738 42.55084 -12.51101
vn 24.77411 44.52869 -2.10680
vn 26.37193 42.82489 8.45868
vn 27.40077 39.82124 16.26242
vn 27.57878 37.55909 -20.72981
vn 27.53867 41.07298 -12.47523
vn 27.26906 43.03195 -2.37682
vn 28.76278 41.34444 8.02122
vn 29.64158 38.30426 15.97372
vn 30.94721 34.98845 -20.47138
vn 31.11892 38.37109 -12.65985
vn 30.93989 40.45094 -2.72844
vn 32.27611 38.76382 7.52448
vn 32.92889 35.69778 15.56779
vn 32.61069 33.21722 -20.83646
vn 33.77648 36.04301 -12.69055
vn 34.31781 37.60488 -3.02666
vn 34.98259 36.40027 7.22765
vn 34.67137 33.95162 15.69023
vn 35.28990 30.17091 -21.10304
vn 36.84566 32.88628 -12.72357
vn 37.57605 34.32902 -3.24943
vn 38.06406 33.22505 6.94431
vn 37.37023 30.91979 15.76171
vn 36.45591 28.96622 -20.80684
vn 38.96901 30.24657 -12.94450
vn 40.51610 30.78472 -3.42725
vn 40.37005 30.40005 6.86264
vn 38.78394 29.02380 15.95070
vn 40.90953 22.07824 -20.97525
vn 42.49413 25.00930 -13.03013
vn 43.18894 26.89044 -3.55231
vn 43.53765 25.68702 6.75647
vn 42.40010 23.28990 16.14965
vn 44.51011 14.29944 -20.38077
vn 45.35941 19.49495 -12.78557
vn 45.40379 22.94535 -3.60638
vn 46.62255 19.62036 6.50997
vn 46.31419 14.90600 15.29077
vn -8.38775 44.76205 -22.95657
vn -4.61242 44.58253 -24.33359
vn 0.37870 47.71372 -18.00714
vn -2.83578 48.50459 -15.50042
vn 5.55088 50.34777 -5.94045
vn 8.15359 49.61009 -8.56490
vn 18.39899 47.53507 -1.70114
vn 16.41004 48.26928 1.33666
vn 24.04723 44.62695 5.58264
vn 25.78933 43.94364 2.20592
vn -2.16437 43.32821 -26.81382
vn 3.32018 46.88473 -19.79391
vn 10.65790 48.62618 -11.08618
vn 20.13550 46.60611 -4.84069
vn 27.25526 43.10555 -0.24885
vn 0.92978 41.96753 -28.96310
vn 6.15600 45.34024 -22.52478
vn 13.30261 47.26231 -13.79544
vn 22.37291 45.14014 -7.92591
vn 29.30755 41.60121 -3.37731
vn 3.12173 40.72276 -30.54360
vn 8.62799 43.88977 -24.49991
vn 15.76340 45.66191 -16.35556
vn 24.31136 43.59331 -10.46810
vn 30.89634 40.12739 -6.01735
vn 4.69158 39.53169 -31.87843
vn 10.36446 42.67858 -25.92521
vn 17.39707 44.38935 -18.10876
vn 25.68607 42.26985 -12.42920
vn 32.22606 38.75843 -7.76302
vn 6.79520 37.18802 -34.23266
vn 12.74036 40.42211 -28.36786
vn 19.78114 42.17324 -20.76352
vn 27.80225 39.92822 -15.28961
vn 34.21879 36.34140 -10.45833
vn 7.96730 35.72460 -35.51442
vn 14.56361 38.41776 -30.21550
vn 21.95211 39.72464 -23.26064
vn 29.51782 37.78457 -17.37884
vn 35.40376 34.58517 -12.30606
vn 9.80314 33.15209 -37.49449
vn 16.71673 35.70386 -32.35405
vn 24.01886 36.86997 -25.78177
vn 31.39370 34.94260 -19.86076
vn 37.14563 31.78990 -14.51218
vn 10.23678 31.46298 -38.81094
vn 18.20995 33.25370 -34.11142
vn 25.87540 33.77458 -28.12012
vn 32.76131 32.45391 -21.78164
vn 38.06511 30.15557 -15.57847
vn 12.71394 26.22219 -41.85394
vn 20.23266 29.02629 -36.73027
vn 27.56238 30.36094 -30.32372
vn 34.80487 28.08763 -24.50930
vn 40.59844 24.57497 -18.67718
vn 15.05950 20.63670 -44.13997
vn 22.14672 24.79010 -38.67782
vn 28.95323 26.94147 -32.20043
vn 36.53403 22.61967 -27.47025
vn 42.14438 16.66440 -23.39121
vn -21.08843 46.13211 -5.30152
vn -20.90601 45.59721 -9.21044
vn -13.05242 48.43533 -9.20070
vn -13.07966 48.97199 -5.62731
vn -1.11265 50.58772 -6.37529
vn -1.48849 50.11019 -9.36768
vn 8.94472 48.33577 -13.58841
vn 10.15701 48.80716 -10.75618
vn 18.69221 45.44445 -13.65292
vn 16.41927 45.17138 -17.05735
vn -19.93243 45.29105 -12.34579
vn -12.65823 47.84064 -12.33053
vn -1.81137 49.46717 -12.27671
vn 8.07191 47.75527 -15.97743
vn 15.43188 44.68003 -19.14555
vn -20.22864 43.95292 -16.12273
vn -12.34415 46.90760 -15.75748
vn -2.08597 48.53445 -15.52598
vn 7.28121 46.76015 -19.01241
vn 14.50448 43.68548 -21.95901
vn -19.88941 42.92978 -19.03799
vn -12.08465 45.82154 -18.85066
vn -2.32020 47.40759 -18.65844
vn 6.55020 45.75893 -21.54565
vn 13.69788 42.85386 -24.01904
vn -19.63347 42.04582 -21.15833
vn -12.16269 44.81104 -21.09596
vn -2.45247 46.47231 -20.86407
vn 6.18564 44.83358 -23.50930
vn 13.27340 41.93990 -25.80429
vn -19.75228 40.16291 -24.44972
vn -12.07427 43.08302 -24.47580
vn -2.62851 44.78637 -24.25430
vn 5.77688 43.12428 -26.60683
vn 13.01384 40.25766 -28.47736
vn -19.79231 38.63688 -26.76670
vn -11.93781 41.37062 -27.33057
vn -2.77311 42.87527 -27.47764
vn 5.32159 41.56625 -29.06764
vn 12.79380 39.15283 -30.07281
vn -19.45006 36.57888 -29.74357
vn -12.10626 39.05507 -30.48179
vn -2.90211 40.59139 -30.73948
vn 5.05017 39.28209 -32.13117
vn 12.39197 36.90326 -32.94826
vn -19.55383 34.80667 -31.73552
vn -12.12242 36.88916 -33.06413
vn -3.01954 38.08468 -33.78518
vn 4.81264 37.22147 -34.53114
vn 12.43134 35.39682 -34.54744
vn -19.72918 30.81148 -35.53043
vn -12.19677 33.54240 -36.43001
vn -3.13736 35.29405 -36.68087
vn 4.70980 33.61996 -38.05938
vn 12.13151 30.87935 -38.73359
vn -19.21063 27.07651 -38.71452
vn -11.81638 30.40925 -39.20013
vn -3.22371 32.49602 -39.17418
vn 3.97500 28.98086 -41.77689
vn 10.27683 24.26394 -43.66518
vn 12.03907 45.67052 19.24223
vn 9.23276 45.28088 21.57307
vn 3.27282 48.73785 14.65983
vn 5.91608 48.90870 13.18856
vn -3.16375 50.72284 4.26425
vn -4.82861 50.37189 6.35265
vn -15.42851 48.58928 1.42914
vn -14.54330 48.85136 -1.74275
vn -22.71471 45.37766 -5.09022
vn -23.38133 45.27136 -2.19475
vn 6.69612 45.05165 22.94580
vn 1.10803 48.17886 16.69039
vn -6.48896 49.88517 8.38824
vn -16.36888 48.15977 3.70088
vn -24.07485 44.95999 -0.03378
vn 3.87307 44.44357 24.71371
vn -1.40944 47.43698 18.67473
vn -8.43293 49.14748 10.69629
vn -17.79150 47.38756 6.23545
vn -25.20373 44.23494 3.00696
vn 1.63926 43.72272 26.20374
vn -3.65269 46.60409 20.38911
vn -10.34408 48.23834 12.92526
vn -18.99970 46.55512 8.52242
vn -26.10991 43.53693 4.87934
vn 0.24869 42.77014 27.77864
vn -5.13945 45.76348 21.91552
vn -11.72484 47.46685 14.50605
vn -20.06446 45.76865 10.18074
vn -27.07507 42.75809 6.29967
vn -2.13261 41.32064 29.81704
vn -7.49551 44.29686 24.13720
vn -13.88329 46.05012 16.95997
vn -21.88829 44.32019 12.55478
vn -28.55708 41.27987 9.02579
vn -3.85962 40.14459 31.21722
vn -9.58286 42.90509 25.85192
vn -15.95267 44.42914 19.30191
vn -23.39429 42.88738 14.64171
vn -29.64792 40.11757 10.61043
vn -5.70244 38.06081 33.46425
vn -11.75256 40.94046 28.04918
vn -18.05308 42.46908 21.71320
vn -25.23530 40.86251 17.15908
vn -31.32934 38.06949 13.04555
vn -7.04020 36.54964 34.86487
vn -13.46470 39.04242 29.92309
vn -20.01200 40.31337 23.98648
vn -26.82027 38.92657 19.14144
vn -32.65790 36.45471 14.33580
vn -9.71942 33.06021 37.59727
vn -15.81814 36.16455 32.29413
vn -21.85639 37.91430 26.18785
vn -28.90074 35.89756 21.84289
vn -34.77818 32.64500 18.04943
vn -12.44020 30.10730 39.24017
vn -17.83929 33.48790 34.07814
vn -23.43452 35.54848 28.07363
vn -30.70938 32.02679 25.14394
vn -36.81724 27.54568 22.06186
vn 10.23968 46.36964 -18.60120
vn 12.40182 46.59961 -16.60332
vn 10.08477 49.12199 -9.29124
vn 7.70239 49.29002 -10.59091
vn 4.00489 50.83842 0.64481
vn 6.42566 50.58311 1.02936
vn 6.72358 49.18541 11.68713
vn 4.13038 49.37926 12.06764
vn 4.44954 46.47231 20.53109
vn 7.20101 46.46514 19.75186
vn 15.26431 46.01734 -15.82418
vn 12.35646 48.80347 -8.15713
vn 8.87117 50.20207 1.43323
vn 9.08225 48.85454 11.47807
vn 9.33154 46.24149 19.38160
vn 18.04524 45.49368 -14.34205
vn 15.12047 48.20306 -6.98829
vn 11.67981 49.60610 1.95365
vn 12.08502 48.22661 11.36427
vn 12.47629 45.67988 18.93912
vn 20.44399 44.90109 -12.92033
vn 17.83275 47.39235 -6.07929
vn 14.38973 48.86441 2.49081
vn 14.55611 47.52653 11.41703
vn 14.73631 45.06612 18.78526
vn 22.52691 44.06461 -12.32264
vn 19.73964 46.71600 -5.38163
vn 16.27824 48.24453 2.91276
vn 16.35985 46.88580 11.62225
vn 16.23652 44.43234 19.05629
vn 25.39681 42.81592 -11.08146
vn 22.57412 45.53508 -4.23855
vn 19.18429 47.11500 3.62481
vn 19.32636 45.67852 11.87281
vn 19.01513 43.25114 19.20323
vn 27.55911 41.80116 -9.70350
vn 25.20690 44.20591 -3.38359
vn 21.94557 45.83164 4.34191
vn 21.61197 44.55214 12.20775
vn 20.94395 42.30775 19.29778
vn 30.27988 40.14729 -8.50433
vn 27.99050 42.57080 -2.29320
vn 24.79738 44.26284 5.18563
vn 24.33773 42.96565 12.75255
vn 23.35620 40.78208 19.80680
vn 32.39009 38.62330 -7.75382
vn 30.37782 40.94239 -1.38128
vn 27.49776 42.52573 6.03613
vn 26.32739 41.57471 13.39446
vn 24.72687 39.74616 20.24411
vn 35.50694 36.09577 -6.11159
vn 33.21204 38.70347 0.03034
vn 30.14491 40.54642 6.94782
vn 29.49962 39.14682 14.08185
vn 28.55833 36.87920 20.62391
vn 37.81472 33.90931 -4.60483
vn 35.62668 36.48054 0.95364
vn 32.44950 38.56829 7.77923
vn 32.59163 36.25373 14.98170
vn 32.65596 33.00557 21.10024
vn -21.34176 46.23144 2.86064
vn -20.78082 46.57286 0.35397
vn -12.55690 49.40580 -1.54618
vn -12.18172 49.51687 0.82784
vn -1.05239 50.93460 -2.35764
vn -1.75288 50.80936 -4.04174
vn 6.98371 49.45463 -10.31827
vn 8.54816 49.48512 -8.89670
vn 15.92411 46.44598 -13.79103
vn 13.98691 46.67166 -15.07057
vn -20.40799 46.69999 -1.90365
vn -12.58699 49.28730 -3.65094
vn -2.47392 50.60766 -5.80893
vn 5.76737 49.30709 -11.68535
vn 12.16073 46.70921 -16.47319
vn -20.31987 46.54939 -4.61056
vn -12.80201 48.97949 -6.17393
vn -3.35703 50.24998 -8.04174
vn 4.18748 48.93968 -13.72489
vn 10.41782 46.44113 -18.32184
vn -20.74261 46.07942 -6.88702
vn -13.31886 48.49229 -8.49146
vn -4.24041 49.77016 -10.29317
vn 2.91128 48.46711 -15.60330
vn 9.18212 46.05288 -19.89524
vn -21.05126 45.64102 -8.64532
vn -13.75470 48.03145 -10.23660
vn -4.90122 49.33765 -11.94878
vn 2.17374 47.99824 -17.10098
vn 7.90590 45.56624 -21.49917
vn -21.39820 44.87758 -11.36304
vn -14.26770 47.22576 -12.92902
vn -5.97987 48.51044 -14.55948
vn 0.75761 47.09982 -19.54566
vn 6.31562 44.66412 -23.79556
vn -22.12080 43.95461 -13.40381
vn -14.91440 46.32389 -15.25311
vn -7.04169 47.54100 -17.06655
vn -0.58309 46.11094 -21.78167
vn 4.93120 43.72518 -25.78355
vn -22.78907 42.74244 -15.96065
vn -15.86804 45.05978 -17.85558
vn -8.22320 46.33794 -19.65131
vn -1.96730 44.80250 -24.28714
vn 3.64590 42.38724 -28.12524
vn -23.38529 41.73502 -17.67246
vn -16.56002 43.90198 -19.98454
vn -9.39032 45.00449 -22.07752
vn -3.21722 43.44898 -26.51103
vn 1.94685 41.01985 -30.24204
vn -23.97644 39.88892 -20.85674
vn -17.58717 42.13462 -22.72368
vn -10.62156 43.49582 -24.41916
vn -5.11474 41.58603 -29.07646
vn 0.19014 38.97695 -32.89013
vn -25.00650 37.98262 -23.08670
vn -18.70326 40.41770 -24.85151
vn -11.70873 42.01708 -26.42859
vn -6.95207 39.46057 -31.55205
vn -2.59752 36.32781 -35.70073
# Uv
vt 0.05000 0.78961
vt 0.02500 0.00000
vt 0.00000 0.78961
vt 0.00000 0.00000
vt 0.05000 0.00000
vt 0.10000 0.78961
vt 0.07500 0.00000
vt 0.10000 0.00000
vt 0.15000 0.78961
vt 0.12500 0.00000
vt 0.15000 0.00000
vt 0.20000 0.78961
vt 0.17500 0.00000
vt 0.20000 0.00000
vt 0.25000 0.78961
vt 0.22500 0.00000
vt 0.25000 0.00000
vt 0.30000 0.78961
vt 0.27500 0.00000
vt 0.30000 0.00000
vt 0.35000 0.78961
vt 0.32500 0.00000
vt 0.35000 0.00000
vt 0.40000 0.78961
vt 0.37500 0.00000
vt 0.40000 0.00000
vt 0.45000 0.78961
vt 0.42500 0.00000
vt 0.45000 0.00000
vt 0.50000 0.78961
vt 0.47500 0.00000
vt 0.50000 0.00000
vt 0.55000 0.78961
vt 0.52500 0.00000
vt 0.55000 0.00000
vt 0.60000 0.78961
vt 0.57500 0.00000
vt 0.60000 0.00000
vt 0.65000 0.78961
vt 0.62500 0.00000
vt 0.65000 0.00000
vt 0.70000 0.78961
vt 0.67500 0.00000
vt 0.70000 0.00000
vt 0.75000 0.78961
vt 0.72500 0.00000
vt 0.75000 0.00000
vt 0.80000 0.78961
vt 0.77500 0.00000
vt 0.80000 0.00000
vt 0.85000 0.78961
vt 0.82500 0.00000
vt 0.85000 0.00000
vt 0.90000 0.78961
vt 0.87500 0.00000
vt 0.90000 0.00000
vt 0.95000 0.78961
vt 0.92500 0.00000
vt 0.95000 0.00000
vt 1.00000 0.78961
vt 0.97500 0.00000
vt 1.00000 0.00000
vt 0.00000 0.85307
vt 0.05000 0.85307
vt 0.10000 0.85307
vt 0.15000 0.85307
vt 0.20000 0.85307
vt 0.25000 0.85307
vt 0.30000 0.85307
vt 0.35000 0.85307
vt 0.40000 0.85307
vt 0.45000 0.85307
vt 0.50000 0.85307
vt 0.55000 0.85307
vt 0.60000 0.85307
vt 0.65000 0.85307
vt 0.70000 0.85307
vt 0.75000 0.85307
vt 0.80000 0.85307
vt 0.85000 0.85307
vt 0.90000 0.85307
vt 0.95000 0.85307
vt 1.00000 0.85307
vt 0.00000 1.29103
vt 0.05000 1.29103
vt 0.10000 1.29103
vt 0.15000 1.29103
vt 0.20000 1.29103
vt 0.25000 1.29103
vt 0.30000 1.29103
vt 0.35000 1.29103
vt 0.40000 1.29103
vt 0.45000 1.29103
vt 0.50000 1.29103
vt 0.55000 1.29103
vt 0.60000 1.29103
vt 0.65000 1.29103
vt 0.70000 1.29103
vt 0.75000 1.29103
vt 0.80000 1.29103
vt 0.85000 1.29103
vt 0.90000 1.29103
vt 0.95000 1.29103
vt 1.00000 1.29103
vt 0.00000 1.35563
vt 0.05000 1.35563
vt 0.10000 1.35563
vt 0.15000 1.35563
vt 0.20000 1.35563
vt 0.25000 1.35563
vt 0.30000 1.35563
vt 0.35000 1.35563
vt 0.40000 1.35563
vt 0.45000 1.35563
vt 0.50000 1.35563
vt 0.55000 1.35563
vt 0.60000 1.35563
vt 0.65000 1.35563
vt 0.70000 1.35563
vt 0.75000 1.35563
vt 0.80000 1.35563
vt 0.85000 1.35563
vt 0.90000 1.35563
vt 0.95000 1.35563
vt 1.00000 1.35563
vt 0.00000 2.10641
vt 0.10000 2.10641
vt 0.20000 2.10641
vt 0.30000 2.10641
vt 0.40000 2.10641
vt 0.50000 2.10641
vt 0.60000 2.10641
vt 0.70000 2.10641
vt 0.80000 2.10641
vt 0.90000 2.10641
vt 1.00000 2.10641
vt 0.00000 2.17208
vt 0.10000 2.17208
vt 0.20000 2.17208
vt 0.30000 2.17208
vt 0.40000 2.17208
vt 0.50000 2.17208
vt 0.60000 2.17208
vt 0.70000 2.17208
vt 0.80000 2.17208
vt 0.90000 2.17208
vt 1.00000 2.17208
vt 0.00000 2.77268
vt 0.10000 2.77268
vt 0.20000 2.77268
vt 0.30000 2.77268
vt 0.40000 2.77268
vt 0.50000 2.77268
vt 0.60000 2.77268
vt 0.70000 2.77268
vt 0.80000 2.77268
vt 0.90000 2.77268
vt 1.00000 2.77268
vt 0.00000 2.83962
vt 0.10000 2.83962
vt 0.20000 2.83962
vt 0.30000 2.83962
vt 0.40000 2.83962
vt 0.50000 2.83962
vt 0.60000 2.83962
vt 0.70000 2.83962
vt 0.80000 2.83962
vt 0.90000 2.83962
vt 1.00000 2.83962
vt 0.00000 3.56450
vt 0.10000 3.56450
vt 0.20000 3.56450
vt 0.30000 3.56450
vt 0.40000 3.56450
vt 0.50000 3.56450
vt 0.60000 3.56450
vt 0.70000 3.56450
vt 0.80000 3.56450
vt 0.90000 3.56450
vt 1.00000 3.56450
vt 0.00000 3.63256
vt 0.10000 3.63256
vt 0.20000 3.63256
vt 0.30000 3.63256
vt 0.40000 3.63256
vt 0.50000 3.63256
vt 0.60000 3.63256
vt 0.70000 3.63256
vt 0.80000 3.63256
vt 0.90000 3.63256
vt 1.00000 3.63256
vt 0.00000 4.31095
vt 0.20000 4.31095
vt 0.40000 4.31095
vt 0.60000 4.31095
vt 0.80000 4.31095
vt 1.00000 4.31095
vt 0.00000 4.38030
vt 0.20000 4.38030
vt 0.40000 4.38030
vt 0.60000 4.38030
vt 0.80000 4.38030
vt 1.00000 4.38030
vt 0.00000 5.02815
vt 0.20000 5.02815
vt 0.40000 5.02815
vt 0.60000 5.02815
vt 0.80000 5.02815
vt 1.00000 5.02815
vt 0.00000 5.09877
vt 0.20000 5.09877
vt 0.40000 5.09877
vt 0.60000 5.09877
vt 0.80000 5.09877
vt 1.00000 5.09877
vt 0.00000 5.63538
vt 0.20000 5.63538
vt 0.40000 5.63538
vt 0.60000 5.63538
vt 0.80000 5.63538
vt 1.00000 5.63538
vt 0.10000 5.56484
vt 0.30000 5.56484
vt 0.50000 5.56484
vt 0.70000 5.56484
vt 0.90000 5.56484
vt 0.00049 0.00000
vt 0.00049 0.15000
vt 0.33317 0.15000
vt 0.33317 0.00000
vt 0.66586 0.00000
vt 0.66586 0.15000
vt 0.99854 0.15000
vt 0.99854 0.00000
vt 0.00049 0.30000
vt 0.33317 0.30000
vt 0.66586 0.30000
vt 0.99854 0.30000
vt 0.00049 0.45000
vt 0.33317 0.45000
vt 0.66586 0.45000
vt 0.99854 0.45000
vt 0.00049 0.60000
vt 0.33317 0.60000
vt 0.66586 0.60000
vt 0.99854 0.60000
vt 0.00049 0.75000
vt 0.33317 0.75000
vt 0.66586 0.75000
vt 0.99854 0.75000
vt 0.33317 0.90000
vt 0.99854 0.90000
vt 0.00049 0.00000
vt 0.00049 0.15000
vt 0.33317 0.15000
vt 0.33317 0.00000
vt 0.66586 0.00000
vt 0.66586 0.15000
vt 0.99854 0.15000
vt 0.99854 0.00000
vt 0.00049 0.30000
vt 0.33317 0.30000
vt 0.66586 0.30000
vt 0.99854 0.30000
vt 0.00049 0.45000
vt 0.33317 0.45000
vt 0.66586 0.45000
vt 0.99854 0.45000
vt 0.00049 0.60000
vt 0.33317 0.60000
vt 0.66586 0.60000
vt 0.99854 0.60000
vt 0.00049 0.75000
vt 0.33317 0.75000
vt 0.66586 0.75000
vt 0.99854 0.75000
vt 0.33317 0.90000
vt 0.99854 0.90000
vt 0.00049 0.00000
vt 0.00049 0.15000
vt 0.33317 0.15000
vt 0.33317 0.00000
vt 0.66586 0.00000
vt 0.66586 0.15000
vt 0.99854 0.15000
vt 0.99854 0.00000
vt 0.00049 0.30000
vt 0.33317 0.30000
vt 0.66586 0.30000
vt 0.99854 0.30000
vt 0.00049 0.45000
vt 0.33317 0.45000
vt 0.66586 0.45000
vt 0.99854 0.45000
vt 0.00049 0.60000
vt 0.33317 0.60000
vt 0.66586 0.60000
vt 0.99854 0.60000
vt 0.00049 0.75000
vt 0.33317 0.75000
vt 0.66586 0.75000
vt 0.99854 0.75000
vt 0.33317 0.90000
vt 0.99854 0.90000
vt 0.00049 0.00000
vt 0.00049 0.15000
vt 0.33317 0.15000
vt 0.33317 0.00000
vt 0.66586 0.00000
vt 0.66586 0.15000
vt 0.99854 0.15000
vt 0.99854 0.00000
vt 0.00049 0.30000
vt 0.33317 0.30000
vt 0.66586 0.30000
vt 0.99854 0.30000
vt 0.00049 0.45000
vt 0.33317 0.45000
vt 0.66586 0.45000
vt 0.99854 0.45000
vt 0.00049 0.60000
vt 0.33317 0.60000
vt 0.66586 0.60000
vt 0.99854 0.60000
vt 0.00049 0.75000
vt 0.33317 0.75000
vt 0.66586 0.75000
vt 0.99854 0.75000
vt 0.33317 0.90000
vt 0.99854 0.90000
vt 0.00049 0.00000
vt 0.00049 0.15000
vt 0.33317 0.15000
vt 0.33317 0.00000
vt 0.66586 0.00000
vt 0.66586 0.15000
vt 0.99854 0.15000
vt 0.99854 0.00000
vt 0.00049 0.30000
vt 0.33317 0.30000
vt 0.66586 0.30000
vt 0.99854 0.30000
vt 0.00049 0.45000
vt 0.33317 0.45000
vt 0.66586 0.45000
vt 0.99854 0.45000
vt 0.00049 0.60000
vt 0.33317 0.60000
vt 0.66586 0.60000
vt 0.99854 0.60000
vt 0.00049 0.75000
vt 0.33317 0.75000
vt 0.66586 0.75000
vt 0.99854 0.75000
vt 0.33317 0.90000
vt 0.99854 0.90000
vt 0.00049 0.00000
vt 0.00049 0.15000
vt 0.33317 0.15000
vt 0.33317 0.00000
vt 0.66586 0.00000
vt 0.66586 0.15000
vt 0.99854 0.15000
vt 0.99854 0.00000
vt 0.00049 0.30000
vt 0.33317 0.30000
vt 0.66586 0.30000
vt 0.99854 0.30000
vt 0.00049 0.45000
vt 0.33317 0.45000
vt 0.66586 0.45000
vt 0.99854 0.45000
vt 0.00049 0.60000
vt 0.33317 0.60000
vt 0.66586 0.60000
vt 0.99854 0.60000
vt 0.00049 0.75000
vt 0.33317 0.75000
vt 0.66586 0.75000
vt 0.99854 0.75000
vt 0.33317 0.90000
vt 0.99854 0.90000
vt 0.00049 0.00000
vt 0.00049 0.15000
vt 0.33317 0.15000
vt 0.33317 0.00000
vt 0.66586 0.00000
vt 0.66586 0.15000
vt 0.99854 0.15000
vt 0.99854 0.00000
vt 0.00049 0.30000
vt 0.33317 0.30000
vt 0.66586 0.30000
vt 0.99854 0.30000
vt 0.00049 0.45000
vt 0.33317 0.45000
vt 0.66586 0.45000
vt 0.99854 0.45000
vt 0.00049 0.60000
vt 0.33317 0.60000
vt 0.66586 0.60000
vt 0.99854 0.60000
vt 0.00049 0.75000
vt 0.33317 0.75000
vt 0.66586 0.75000
vt 0.99854 0.75000
vt 0.33317 0.90000
vt 0.99854 0.90000
vt 0.00049 0.00000
vt 0.00049 0.15000
vt 0.33317 0.15000
vt 0.33317 0.00000
vt 0.66586 0.00000
vt 0.66586 0.15000
vt 0.99854 0.15000
vt 0.99854 0.00000
vt 0.00049 0.30000
vt 0.33317 0.30000
vt 0.66586 0.30000
vt 0.99854 0.30000
vt 0.00049 0.45000
vt 0.33317 0.45000
vt 0.66586 0.45000
vt 0.99854 0.45000
vt 0.00049 0.60000
vt 0.33317 0.60000
vt 0.66586 0.60000
vt 0.99854 0.60000
vt 0.00049 0.75000
vt 0.33317 0.75000
vt 0.66586 0.75000
vt 0.99854 0.75000
vt 0.33317 0.90000
vt 0.99854 0.90000
vt 0.00049 0.00000
vt 0.00049 0.15000
vt 0.33317 0.15000
vt 0.33317 0.00000
vt 0.66586 0.00000
vt 0.66586 0.15000
vt 0.99854 0.15000
vt 0.99854 0.00000
vt 0.00049 0.30000
vt 0.33317 0.30000
vt 0.66586 0.30000
vt 0.99854 0.30000
vt 0.00049 0.45000
vt 0.33317 0.45000
vt 0.66586 0.45000
vt 0.99854 0.45000
vt 0.00049 0.60000
vt 0.33317 0.60000
vt 0.66586 0.60000
vt 0.99854 0.60000
vt 0.00049 0.75000
vt 0.33317 0.75000
vt 0.66586 0.75000
vt 0.99854 0.75000
vt 0.33317 0.90000
vt 0.99854 0.90000
vt 0.00049 0.00000
vt 0.00049 0.15000
vt 0.33317 0.15000
vt 0.33317 0.00000
vt 0.66586 0.00000
vt 0.66586 0.15000
vt 0.99854 0.15000
vt 0.99854 0.00000
vt 0.00049 0.30000
vt 0.33317 0.30000
vt 0.66586 0.30000
vt 0.99854 0.30000
vt 0.00049 0.45000
vt 0.33317 0.45000
vt 0.66586 0.45000
vt 0.99854 0.45000
vt 0.00049 0.60000
vt 0.33317 0.60000
vt 0.66586 0.60000
vt 0.99854 0.60000
vt 0.00049 0.75000
vt 0.33317 0.75000
vt 0.66586 0.75000
vt 0.99854 0.75000
vt 0.33317 0.90000
vt 0.99854 0.90000
vt 0.00000 0.00000
vt 0.00000 0.09452
vt 0.25000 0.09207
vt 0.25000 0.00000
vt 0.50000 0.00000
vt 0.50000 0.08688
vt 0.75000 0.08664
vt 0.75000 0.00000
vt 1.00000 0.00000
vt 1.00000 0.08745
vt 0.00000 0.16829
vt 0.25000 0.16887
vt 0.50000 0.17423
vt 0.75000 0.16809
vt 1.00000 0.16469
vt 0.00000 0.25916
vt 0.25000 0.26109
vt 0.50000 0.26367
vt 0.75000 0.25767
vt 1.00000 0.25178
vt 0.00000 0.32060
vt 0.25000 0.33677
vt 0.50000 0.35354
vt 0.75000 0.33904
vt 1.00000 0.32829
vt 0.00000 0.36809
vt 0.25000 0.39216
vt 0.50000 0.41530
vt 0.75000 0.39748
vt 1.00000 0.38241
vt 0.00000 0.46462
vt 0.25000 0.48499
vt 0.50000 0.50946
vt 0.75000 0.48871
vt 1.00000 0.46891
vt 0.00000 0.49799
vt 0.25000 0.55414
vt 0.50000 0.60402
vt 0.75000 0.56990
vt 1.00000 0.53088
vt 0.00000 0.57779
vt 0.25000 0.64699
vt 0.50000 0.70114
vt 0.75000 0.66044
vt 1.00000 0.61335
vt 0.00000 0.60401
vt 0.25000 0.71019
vt 0.50000 0.79875
vt 0.75000 0.73631
vt 1.00000 0.65808
vt 0.00000 0.78724
vt 0.25000 0.84985
vt 0.50000 0.89922
vt 0.75000 0.85412
vt 1.00000 0.80068
vt 0.00000 1.00000
vt 0.25000 1.00000
vt 0.50000 1.00000
vt 0.75000 1.00000
vt 1.00000 1.00000
vt 0.00000 0.00000
vt 0.00000 0.09710
vt 0.25000 0.09414
vt 0.25000 0.00000
vt 0.50000 0.00000
vt 0.50000 0.08695
vt 0.75000 0.08675
vt 0.75000 0.00000
vt 1.00000 0.00000
vt 1.00000 0.08663
vt 0.00000 0.16469
vt 0.25000 0.17485
vt 0.50000 0.17431
vt 0.75000 0.16551
vt 1.00000 0.15839
vt 0.00000 0.25556
vt 0.25000 0.26774
vt 0.50000 0.26364
vt 0.75000 0.25094
vt 1.00000 0.23949
vt 0.00000 0.31795
vt 0.25000 0.34330
vt 0.50000 0.35346
vt 0.75000 0.32541
vt 1.00000 0.29179
vt 0.00000 0.36471
vt 0.25000 0.40030
vt 0.50000 0.41520
vt 0.75000 0.37922
vt 1.00000 0.33782
vt 0.00000 0.45074
vt 0.25000 0.49158
vt 0.50000 0.50934
vt 0.75000 0.46756
vt 1.00000 0.42203
vt 0.00000 0.49273
vt 0.25000 0.56314
vt 0.50000 0.60388
vt 0.75000 0.54602
vt 1.00000 0.47807
vt 0.00000 0.58243
vt 0.25000 0.65667
vt 0.50000 0.70122
vt 0.75000 0.63923
vt 1.00000 0.56531
vt 0.00000 0.61792
vt 0.25000 0.72578
vt 0.50000 0.79887
vt 0.75000 0.72190
vt 1.00000 0.62759
vt 0.00000 0.80009
vt 0.25000 0.86183
vt 0.50000 0.89925
vt 0.75000 0.84513
vt 1.00000 0.78287
vt 0.00000 1.00000
vt 0.25000 1.00000
vt 0.50000 1.00000
vt 0.75000 1.00000
vt 1.00000 1.00000
vt 0.00000 0.00000
vt 0.00000 0.09572
vt 0.25000 0.08760
vt 0.25000 0.00000
vt 0.50000 0.00000
vt 0.50000 0.08687
vt 0.75000 0.08987
vt 0.75000 0.00000
vt 1.00000 0.00000
vt 1.00000 0.09737
vt 0.00000 0.15432
vt 0.25000 0.16234
vt 0.50000 0.17417
vt 0.75000 0.17144
vt 1.00000 0.16741
vt 0.00000 0.24501
vt 0.25000 0.25202
vt 0.50000 0.26360
vt 0.75000 0.26084
vt 1.00000 0.26258
vt 0.00000 0.30214
vt 0.25000 0.32744
vt 0.50000 0.35341
vt 0.75000 0.33785
vt 1.00000 0.32180
vt 0.00000 0.36273
vt 0.25000 0.38410
vt 0.50000 0.41514
vt 0.75000 0.39392
vt 1.00000 0.37104
vt 0.00000 0.45139
vt 0.25000 0.47723
vt 0.50000 0.50937
vt 0.75000 0.48517
vt 1.00000 0.45906
vt 0.00000 0.50827
vt 0.25000 0.55749
vt 0.50000 0.60391
vt 0.75000 0.55911
vt 1.00000 0.50836
vt 0.00000 0.60007
vt 0.25000 0.65309
vt 0.50000 0.70121
vt 0.75000 0.64982
vt 1.00000 0.58959
vt 0.00000 0.64778
vt 0.25000 0.73021
vt 0.50000 0.79883
vt 0.75000 0.72031
vt 1.00000 0.62812
vt 0.00000 0.81707
vt 0.25000 0.86401
vt 0.50000 0.89927
vt 0.75000 0.84437
vt 1.00000 0.78299
vt 0.00000 1.00000
vt 0.25000 1.00000
vt 0.50000 1.00000
vt 0.75000 1.00000
vt 1.00000 1.00000
vt 0.00000 0.00000
vt 0.00000 0.08995
vt 0.25000 0.08841
vt 0.25000 0.00000
vt 0.50000 0.00000
vt 0.50000 0.08695
vt 0.75000 0.09065
vt 0.75000 0.00000
vt 1.00000 0.00000
vt 1.00000 0.09826
vt 0.00000 0.16690
vt 0.25000 0.17278
vt 0.50000 0.17428
vt 0.75000 0.17058
vt 1.00000 0.16643
vt 0.00000 0.26461
vt 0.25000 0.26380
vt 0.50000 0.26381
vt 0.75000 0.26156
vt 1.00000 0.25533
vt 0.00000 0.34185
vt 0.25000 0.35074
vt 0.50000 0.35365
vt 0.75000 0.33788
vt 1.00000 0.31679
vt 0.00000 0.39999
vt 0.25000 0.41115
vt 0.50000 0.41537
vt 0.75000 0.39306
vt 1.00000 0.36934
vt 0.00000 0.49279
vt 0.25000 0.50527
vt 0.50000 0.50954
vt 0.75000 0.48332
vt 1.00000 0.45447
vt 0.00000 0.56186
vt 0.25000 0.58915
vt 0.50000 0.60405
vt 0.75000 0.55455
vt 1.00000 0.49849
vt 0.00000 0.64972
vt 0.25000 0.68255
vt 0.50000 0.70121
vt 0.75000 0.64484
vt 1.00000 0.58314
vt 0.00000 0.70463
vt 0.25000 0.76245
vt 0.50000 0.79879
vt 0.75000 0.71659
vt 1.00000 0.62101
vt 0.00000 0.84878
vt 0.25000 0.88118
vt 0.50000 0.89927
vt 0.75000 0.84101
vt 1.00000 0.77552
vt 0.00000 1.00000
vt 0.25000 1.00000
vt 0.50000 1.00000
vt 0.75000 1.00000
vt 1.00000 1.00000
vt 0.00000 0.00000
vt 0.00000 0.08861
vt 0.25000 0.08806
vt 0.25000 0.00000
vt 0.50000 0.00000
vt 0.50000 0.08695
vt 0.75000 0.09157
vt 0.75000 0.00000
vt 1.00000 0.00000
vt 1.00000 0.09342
vt 0.00000 0.15814
vt 0.25000 0.16549
vt 0.50000 0.17427
vt 0.75000 0.17588
vt 1.00000 0.17862
vt 0.00000 0.25035
vt 0.25000 0.25675
vt 0.50000 0.26382
vt 0.75000 0.26583
vt 1.00000 0.26879
vt 0.00000 0.32447
vt 0.25000 0.33645
vt 0.50000 0.35365
vt 0.75000 0.34728
vt 1.00000 0.33878
vt 0.00000 0.37954
vt 0.25000 0.39528
vt 0.50000 0.41536
vt 0.75000 0.40441
vt 1.00000 0.39346
vt 0.00000 0.47050
vt 0.25000 0.48986
vt 0.50000 0.50954
vt 0.75000 0.49435
vt 1.00000 0.47897
vt 0.00000 0.52307
vt 0.25000 0.56545
vt 0.50000 0.60404
vt 0.75000 0.56951
vt 1.00000 0.53036
vt 0.00000 0.60929
vt 0.25000 0.65860
vt 0.50000 0.70123
vt 0.75000 0.66025
vt 1.00000 0.61339
vt 0.00000 0.64578
vt 0.25000 0.73044
vt 0.50000 0.79879
vt 0.75000 0.73498
vt 1.00000 0.66352
vt 0.00000 0.81606
vt 0.25000 0.86390
vt 0.50000 0.89928
vt 0.75000 0.85132
vt 1.00000 0.79950
vt 0.00000 1.00000
vt 0.25000 1.00000
vt 0.50000 1.00000
vt 0.75000 1.00000
vt 1.00000 1.00000
vt 0.00000 0.00000
vt 0.00000 0.09843
vt 0.25000 0.09441
vt 0.25000 0.00000
vt 0.50000 0.00000
vt 0.50000 0.08698
vt 0.75000 0.08566
vt 0.75000 0.00000
vt 1.00000 0.00000
vt 1.00000 0.08490
vt 0.00000 0.18528
vt 0.25000 0.18049
vt 0.50000 0.17428
vt 0.75000 0.16396
vt 1.00000 0.15099
vt 0.00000 0.28106
vt 0.25000 0.27488
vt 0.50000 0.26385
vt 0.75000 0.25243
vt 1.00000 0.23909
vt 0.00000 0.35229
vt 0.25000 0.35673
vt 0.50000 0.35366
vt 0.75000 0.33272
vt 1.00000 0.31040
vt 0.00000 0.40731
vt 0.25000 0.41508
vt 0.50000 0.41535
vt 0.75000 0.39028
vt 1.00000 0.36385
vt 0.00000 0.49943
vt 0.25000 0.50808
vt 0.50000 0.50955
vt 0.75000 0.48218
vt 1.00000 0.45279
vt 0.00000 0.55231
vt 0.25000 0.58400
vt 0.50000 0.60403
vt 0.75000 0.55947
vt 1.00000 0.51151
vt 0.00000 0.63921
vt 0.25000 0.67712
vt 0.50000 0.70122
vt 0.75000 0.65045
vt 1.00000 0.59452
vt 0.00000 0.69107
vt 0.25000 0.75413
vt 0.50000 0.79877
vt 0.75000 0.72459
vt 1.00000 0.64034
vt 0.00000 0.84293
vt 0.25000 0.87767
vt 0.50000 0.89929
vt 0.75000 0.84576
vt 1.00000 0.78594
vt 0.00000 1.00000
vt 0.25000 1.00000
vt 0.50000 1.00000
vt 0.75000 1.00000
vt 1.00000 1.00000
vt 0.00000 0.00000
vt 0.00000 0.09968
vt 0.25000 0.09290
vt 0.25000 0.00000
vt 0.50000 0.00000
vt 0.50000 0.08708
vt 0.75000 0.08850
vt 0.75000 0.00000
vt 1.00000 0.00000
vt 1.00000 0.09624
vt 0.00000 0.18887
vt 0.25000 0.18173
vt 0.50000 0.17440
vt 0.75000 0.16494
vt 1.00000 0.16036
vt 0.00000 0.28843
vt 0.25000 0.27401
vt 0.50000 0.26391
vt 0.75000 0.25346
vt 1.00000 0.24664
vt 0.00000 0.36852
vt 0.25000 0.36074
vt 0.50000 0.35370
vt 0.75000 0.32720
vt 1.00000 0.30358
vt 0.00000 0.42483
vt 0.25000 0.42071
vt 0.50000 0.41538
vt 0.75000 0.38194
vt 1.00000 0.35186
vt 0.00000 0.51752
vt 0.25000 0.51402
vt 0.50000 0.50950
vt 0.75000 0.47097
vt 1.00000 0.43347
vt 0.00000 0.58514
vt 0.25000 0.59698
vt 0.50000 0.60397
vt 0.75000 0.54337
vt 1.00000 0.48055
vt 0.00000 0.67354
vt 0.25000 0.69125
vt 0.50000 0.70124
vt 0.75000 0.63607
vt 1.00000 0.56845
vt 0.00000 0.73815
vt 0.25000 0.77324
vt 0.50000 0.79880
vt 0.75000 0.71309
vt 1.00000 0.62122
vt 0.00000 0.87306
vt 0.25000 0.88988
vt 0.50000 0.89931
vt 0.75000 0.83849
vt 1.00000 0.77299
vt 0.00000 1.00000
vt 0.25000 1.00000
vt 0.50000 1.00000
vt 0.75000 1.00000
vt 1.00000 1.00000
vt 0.00000 0.00000
vt 0.00000 0.10178
vt 0.25000 0.09236
vt 0.25000 0.00000
vt 0.50000 0.00000
vt 0.50000 0.08709
vt 0.75000 0.08864
vt 0.75000 0.00000
vt 1.00000 0.00000
vt 1.00000 0.08795
vt 0.00000 0.18699
vt 0.25000 0.18074
vt 0.50000 0.17439
vt 0.75000 0.16622
vt 1.00000 0.15620
vt 0.00000 0.28279
vt 0.25000 0.27376
vt 0.50000 0.26390
vt 0.75000 0.25289
vt 1.00000 0.24247
vt 0.00000 0.36143
vt 0.25000 0.35896
vt 0.50000 0.35367
vt 0.75000 0.32757
vt 1.00000 0.30080
vt 0.00000 0.42039
vt 0.25000 0.41863
vt 0.50000 0.41535
vt 0.75000 0.38216
vt 1.00000 0.34860
vt 0.00000 0.51221
vt 0.25000 0.51211
vt 0.50000 0.50949
vt 0.75000 0.47039
vt 1.00000 0.43300
vt 0.00000 0.57883
vt 0.25000 0.59418
vt 0.50000 0.60395
vt 0.75000 0.54735
vt 1.00000 0.48907
vt 0.00000 0.67137
vt 0.25000 0.68898
vt 0.50000 0.70126
vt 0.75000 0.64083
vt 1.00000 0.57764
vt 0.00000 0.73506
vt 0.25000 0.77162
vt 0.50000 0.79882
vt 0.75000 0.72299
vt 1.00000 0.64116
vt 0.00000 0.87379
vt 0.25000 0.88975
vt 0.50000 0.89932
vt 0.75000 0.84310
vt 1.00000 0.78597
vt 0.00000 1.00000
vt 0.25000 1.00000
vt 0.50000 1.00000
vt 0.75000 1.00000
vt 1.00000 1.00000
vt 0.00000 0.00000
vt 0.00000 0.08975
vt 0.25000 0.08837
vt 0.25000 0.00000
vt 0.50000 0.00000
vt 0.50000 0.08701
vt 0.75000 0.09006
vt 0.75000 0.00000
vt 1.00000 0.00000
vt 1.00000 0.09277
vt 0.00000 0.17495
vt 0.25000 0.17233
vt 0.50000 0.17428
vt 0.75000 0.17241
vt 1.00000 0.16863
vt 0.00000 0.26767
vt 0.25000 0.26388
vt 0.50000 0.26385
vt 0.75000 0.26334
vt 1.00000 0.26141
vt 0.00000 0.35312
vt 0.25000 0.35258
vt 0.50000 0.35361
vt 0.75000 0.34350
vt 1.00000 0.33124
vt 0.00000 0.41580
vt 0.25000 0.41388
vt 0.50000 0.41526
vt 0.75000 0.40111
vt 1.00000 0.38452
vt 0.00000 0.51196
vt 0.25000 0.50938
vt 0.50000 0.50951
vt 0.75000 0.49388
vt 1.00000 0.47499
vt 0.00000 0.59370
vt 0.25000 0.59870
vt 0.50000 0.60396
vt 0.75000 0.57145
vt 1.00000 0.53637
vt 0.00000 0.68998
vt 0.25000 0.69570
vt 0.50000 0.70121
vt 0.75000 0.66332
vt 1.00000 0.62212
vt 0.00000 0.76591
vt 0.25000 0.78251
vt 0.50000 0.79872
vt 0.75000 0.73892
vt 1.00000 0.67464
vt 0.00000 0.89173
vt 0.25000 0.89597
vt 0.50000 0.89932
vt 0.75000 0.85563
vt 1.00000 0.81105
vt 0.00000 1.00000
vt 0.25000 1.00000
vt 0.50000 1.00000
vt 0.75000 1.00000
vt 1.00000 1.00000
vt 0.00000 0.00000
vt 0.00000 0.09816
vt 0.25000 0.09389
vt 0.25000 0.00000
vt 0.50000 0.00000
vt 0.50000 0.08707
vt 0.75000 0.08585
vt 0.75000 0.00000
vt 1.00000 0.00000
vt 1.00000 0.08512
vt 0.00000 0.18712
vt 0.25000 0.18203
vt 0.50000 0.17433
vt 0.75000 0.16377
vt 1.00000 0.15585
vt 0.00000 0.28495
vt 0.25000 0.27555
vt 0.50000 0.26381
vt 0.75000 0.24957
vt 1.00000 0.23784
vt 0.00000 0.36622
vt 0.25000 0.36074
vt 0.50000 0.35354
vt 0.75000 0.32808
vt 1.00000 0.30607
vt 0.00000 0.42474
vt 0.25000 0.42050
vt 0.50000 0.41518
vt 0.75000 0.38526
vt 1.00000 0.36159
vt 0.00000 0.52001
vt 0.25000 0.51529
vt 0.50000 0.50942
vt 0.75000 0.47640
vt 1.00000 0.44907
vt 0.00000 0.59544
vt 0.25000 0.60024
vt 0.50000 0.60386
vt 0.75000 0.56226
vt 1.00000 0.52534
vt 0.00000 0.69043
vt 0.25000 0.69692
vt 0.50000 0.70124
vt 0.75000 0.65890
vt 1.00000 0.62056
vt 0.00000 0.75725
vt 0.25000 0.78005
vt 0.50000 0.79877
vt 0.75000 0.75024
vt 1.00000 0.70638
vt 0.00000 0.88929
vt 0.25000 0.89569
vt 0.50000 0.89934
vt 0.75000 0.86364
vt 1.00000 0.83009
vt 0.00000 1.00000
vt 0.25000 1.00000
vt 0.50000 1.00000
vt 0.75000 1.00000
vt 1.00000 1.00000

g palm02basecolor
usemtl palm02basecolor
f 2/2/2 1/1/1 3/3/3
f 4/4/4 2/2/2 3/3/3
f 5/5/5 1/1/1 2/2/2
f 7/7/7 6/6/6 1/1/1
f 5/5/5 7/7/7 1/1/1
f 8/8/8 6/6/6 7/7/7
f 10/10/10 9/9/9 6/6/6
f 8/8/8 10/10/10 6/6/6
f 11/11/11 9/9/9 10/10/10
f 13/13/13 12/12/12 9/9/9
f 11/11/11 13/13/13 9/9/9
f 14/14/14 12/12/12 13/13/13
f 16/16/16 15/15/15 12/12/12
f 14/14/14 16/16/16 12/12/12
f 17/17/17 15/15/15 16/16/16
f 19/19/19 18/18/18 15/15/15
f 17/17/17 19/19/19 15/15/15
f 20/20/20 18/18/18 19/19/19
f 22/22/22 21/21/21 18/18/18
f 20/20/20 22/22/22 18/18/18
f 23/23/23 21/21/21 22/22/22
f 25/25/25 24/24/24 21/21/21
f 23/23/23 25/25/25 21/21/21
f 26/26/26 24/24/24 25/25/25
f 28/28/28 27/27/27 24/24/24
f 26/26/26 28/28/28 24/24/24
f 29/29/29 27/27/27 28/28/28
f 31/31/31 30/30/30 27/27/27
f 29/29/29 31/31/31 27/27/27
f 32/32/32 30/30/30 31/31/31
f 34/34/34 33/33/33 30/30/30
f 32/32/32 34/34/34 30/30/30
f 35/35/35 33/33/33 34/34/34
f 37/37/37 36/36/36 33/33/33
f 35/35/35 37/37/37 33/33/33
f 38/38/38 36/36/36 37/37/37
f 40/40/40 39/39/39 36/36/36
f 38/38/38 40/40/40 36/36/36
f 41/41/41 39/39/39 40/40/40
f 43/43/43 42/42/42 39/39/39
f 41/41/41 43/43/43 39/39/39
f 44/44/44 42/42/42 43/43/43
f 46/46/46 45/45/45 42/42/42
f 44/44/44 46/46/46 42/42/42
f 47/47/47 45/45/45 46/46/46
f 49/49/49 48/48/48 45/45/45
f 47/47/47 49/49/49 45/45/45
f 50/50/50 48/48/48 49/49/49
f 52/52/52 51/51/51 48/48/48
f 50/50/50 52/52/52 48/48/48
f 53/53/53 51/51/51 52/52/52
f 55/55/55 54/54/54 51/51/51
f 53/53/53 55/55/55 51/51/51
f 56/56/56 54/54/54 55/55/55
f 58/58/58 57/57/57 54/54/54
f 56/56/56 58/58/58 54/54/54
f 59/59/59 57/57/57 58/58/58
f 61/61/61 60/60/60 57/57/57
f 59/59/59 61/61/61 57/57/57
f 62/62/62 60/60/60 61/61/61
f 63/63/63 3/3/3 64/64/64
f 1/1/1 64/64/64 3/3/3
f 1/1/1 6/6/6 64/64/64
f 65/65/65 64/64/64 6/6/6
f 65/65/65 6/6/6 66/66/66
f 9/9/9 66/66/66 6/6/6
f 9/9/9 12/12/12 66/66/66
f 67/67/67 66/66/66 12/12/12
f 67/67/67 12/12/12 68/68/68
f 15/15/15 68/68/68 12/12/12
f 15/15/15 18/18/18 68/68/68
f 69/69/69 68/68/68 18/18/18
f 69/69/69 18/18/18 70/70/70
f 21/21/21 70/70/70 18/18/18
f 21/21/21 24/24/24 70/70/70
f 71/71/71 70/70/70 24/24/24
f 71/71/71 24/24/24 72/72/72
f 27/27/27 72/72/72 24/24/24
f 27/27/27 30/30/30 72/72/72
f 73/73/73 72/72/72 30/30/30
f 73/73/73 30/30/30 74/74/74
f 33/33/33 74/74/74 30/30/30
f 33/33/33 36/36/36 74/74/74
f 75/75/75 74/74/74 36/36/36
f 75/75/75 36/36/36 76/76/76
f 39/39/39 76/76/76 36/36/36
f 39/39/39 42/42/42 76/76/76
f 77/77/77 76/76/76 42/42/42
f 77/77/77 42/42/42 78/78/78
f 45/45/45 78/78/78 42/42/42
f 45/45/45 48/48/48 78/78/78
f 79/79/79 78/78/78 48/48/48
f 79/79/79 48/48/48 80/80/80
f 51/51/51 80/80/80 48/48/48
f 51/51/51 54/54/54 80/80/80
f 81/81/81 80/80/80 54/54/54
f 81/81/81 54/54/54 82/82/82
f 57/57/57 82/82/82 54/54/54
f 57/57/57 60/60/60 82/82/82
f 83/83/83 82/82/82 60/60/60
f 84/84/84 63/63/63 85/85/85
f 64/64/64 85/85/85 63/63/63
f 64/64/64 65/65/65 85/85/85
f 86/86/86 85/85/85 65/65/65
f 86/86/86 65/65/65 87/87/87
f 66/66/66 87/87/87 65/65/65
f 66/66/66 67/67/67 87/87/87
f 88/88/88 87/87/87 67/67/67
f 88/88/88 67/67/67 89/89/89
f 68/68/68 89/89/89 67/67/67
f 68/68/68 69/69/69 89/89/89
f 90/90/90 89/89/89 69/69/69
f 90/90/90 69/69/69 91/91/91
f 70/70/70 91/91/91 69/69/69
f 70/70/70 71/71/71 91/91/91
f 92/92/92 91/91/91 71/71/71
f 92/92/92 71/71/71 93/93/93
f 72/72/72 93/93/93 71/71/71
f 72/72/72 73/73/73 93/93/93
f 94/94/94 93/93/93 73/73/73
f 94/94/94 73/73/73 95/95/95
f 74/74/74 95/95/95 73/73/73
f 74/74/74 75/75/75 95/95/95
f 96/96/96 95/95/95 75/75/75
f 96/96/96 75/75/75 97/97/97
f 76/76/76 97/97/97 75/75/75
f 76/76/76 77/77/77 97/97/97
f 98/98/98 97/97/97 77/77/77
f 98/98/98 77/77/77 99/99/99
f 78/78/78 99/99/99 77/77/77
f 78/78/78 79/79/79 99/99/99
f 100/100/100 99/99/99 79/79/79
f 100/100/100 79/79/79 101/101/101
f 80/80/80 101/101/101 79/79/79
f 80/80/80 81/81/81 101/101/101
f 102/102/102 101/101/101 81/81/81
f 102/102/102 81/81/81 103/103/103
f 82/82/82 103/103/103 81/81/81
f 82/82/82 83/83/83 103/103/103
f 104/104/104 103/103/103 83/83/83
f 105/105/105 84/84/84 106/106/106
f 85/85/85 106/106/106 84/84/84
f 85/85/85 86/86/86 106/106/106
f 107/107/107 106/106/106 86/86/86
f 107/107/107 86/86/86 108/108/108
f 87/87/87 108/108/108 86/86/86
f 87/87/87 88/88/88 108/108/108
f 109/109/109 108/108/108 88/88/88
f 109/109/109 88/88/88 110/110/110
f 89/89/89 110/110/110 88/88/88
f 89/89/89 90/90/90 110/110/110
f 111/111/111 110/110/110 90/90/90
f 111/111/111 90/90/90 112/112/112
f 91/91/91 112/112/112 90/90/90
f 91/91/91 92/92/92 112/112/112
f 113/113/113 112/112/112 92/92/92
f 113/113/113 92/92/92 114/114/114
f 93/93/93 114/114/114 92/92/92
f 93/93/93 94/94/94 114/114/114
f 115/115/115 114/114/114 94/94/94
f 115/115/115 94/94/94 116/116/116
f 95/95/95 116/116/116 94/94/94
f 95/95/95 96/96/96 116/116/116
f 117/117/117 116/116/116 96/96/96
f 117/117/117 96/96/96 118/118/118
f 97/97/97 118/118/118 96/96/96
f 97/97/97 98/98/98 118/118/118
f 119/119/119 118/118/118 98/98/98
f 119/119/119 98/98/98 120/120/120
f 99/99/99 120/120/120 98/98/98
f 99/99/99 100/100/100 120/120/120
f 121/121/121 120/120/120 100/100/100
f 121/121/121 100/100/100 122/122/122
f 101/101/101 122/122/122 100/100/100
f 101/101/101 102/102/102 122/122/122
f 123/123/123 122/122/122 102/102/102
f 123/123/123 102/102/102 124/124/124
f 103/103/103 124/124/124 102/102/102
f 103/103/103 104/104/104 124/124/124
f 125/125/125 124/124/124 104/104/104
f 105/105/105 106/106/106 126/126/126
f 107/107/107 127/127/127 106/106/106
f 106/106/106 127/127/127 126/126/126
f 107/107/107 108/108/108 127/127/127
f 109/109/109 128/128/128 108/108/108
f 108/108/108 128/128/128 127/127/127
f 109/109/109 110/110/110 128/128/128
f 111/111/111 129/129/129 110/110/110
f 110/110/110 129/129/129 128/128/128
f 111/111/111 112/112/112 129/129/129
f 113/113/113 130/130/130 112/112/112
f 112/112/112 130/130/130 129/129/129
f 113/113/113 114/114/114 130/130/130
f 115/115/115 131/131/131 114/114/114
f 114/114/114 131/131/131 130/130/130
f 115/115/115 116/116/116 131/131/131
f 117/117/117 132/132/132 116/116/116
f 116/116/116 132/132/132 131/131/131
f 117/117/117 118/118/118 132/132/132
f 119/119/119 133/133/133 118/118/118
f 118/118/118 133/133/133 132/132/132
f 119/119/119 120/120/120 133/133/133
f 121/121/121 134/134/134 120/120/120
f 120/120/120 134/134/134 133/133/133
f 121/121/121 122/122/122 134/134/134
f 123/123/123 135/135/135 122/122/122
f 122/122/122 135/135/135 134/134/134
f 123/123/123 124/124/124 135/135/135
f 125/125/125 136/136/136 124/124/124
f 124/124/124 136/136/136 135/135/135
f 137/137/137 126/126/126 138/138/138
f 127/127/127 138/138/138 126/126/126
f 127/127/127 128/128/128 138/138/138
f 139/139/139 138/138/138 128/128/128
f 139/139/139 128/128/128 140/140/140
f 129/129/129 140/140/140 128/128/128
f 129/129/129 130/130/130 140/140/140
f 141/141/141 140/140/140 130/130/130
f 141/141/141 130/130/130 142/142/142
f 131/131/131 142/142/142 130/130/130
f 131/131/131 132/132/132 142/142/142
f 143/143/143 142/142/142 132/132/132
f 143/143/143 132/132/132 144/144/144
f 133/133/133 144/144/144 132/132/132
f 133/133/133 134/134/134 144/144/144
f 145/145/145 144/144/144 134/134/134
f 145/145/145 134/134/134 146/146/146
f 135/135/135 146/146/146 134/134/134
f 135/135/135 136/136/136 146/146/146
f 147/147/147 146/146/146 136/136/136
f 148/148/148 137/137/137 149/149/149
f 138/138/138 149/149/149 137/137/137
f 138/138/138 139/139/139 149/149/149
f 150/150/150 149/149/149 139/139/139
f 150/150/150 139/139/139 151/151/151
f 140/140/140 151/151/151 139/139/139
f 140/140/140 141/141/141 151/151/151
f 152/152/152 151/151/151 141/141/141
f 152/152/152 141/141/141 153/153/153
f 142/142/142 153/153/153 141/141/141
f 142/142/142 143/143/143 153/153/153
f 154/154/154 153/153/153 143/143/143
f 154/154/154 143/143/143 155/155/155
f 144/144/144 155/155/155 143/143/143
f 144/144/144 145/145/145 155/155/155
f 156/156/156 155/155/155 145/145/145
f 156/156/156 145/145/145 157/157/157
f 146/146/146 157/157/157 145/145/145
f 146/146/146 147/147/147 157/157/157
f 158/158/158 157/157/157 147/147/147
f 159/159/159 148/148/148 160/160/160
f 149/149/149 160/160/160 148/148/148
f 149/149/149 150/150/150 160/160/160
f 161/161/161 160/160/160 150/150/150
f 161/161/161 150/150/150 162/162/162
f 151/151/151 162/162/162 150/150/150
f 151/151/151 152/152/152 162/162/162
f 163/163/163 162/162/162 152/152/152
f 163/163/163 152/152/152 164/164/164
f 153/153/153 164/164/164 152/152/152
f 153/153/153 154/154/154 164/164/164
f 165/165/165 164/164/164 154/154/154
f 165/165/165 154/154/154 166/166/166
f 155/155/155 166/166/166 154/154/154
f 155/155/155 156/156/156 166/166/166
f 167/167/167 166/166/166 156/156/156
f 167/167/167 156/156/156 168/168/168
f 157/157/157 168/168/168 156/156/156
f 157/157/157 158/158/158 168/168/168
f 169/169/169 168/168/168 158/158/158
f 170/170/170 159/159/159 171/171/171
f 160/160/160 171/171/171 159/159/159
f 160/160/160 161/161/161 171/171/171
f 172/172/172 171/171/171 161/161/161
f 172/172/172 161/161/161 173/173/173
f 162/162/162 173/173/173 161/161/161
f 162/162/162 163/163/163 173/173/173
f 174/174/174 173/173/173 163/163/163
f 174/174/174 163/163/163 175/175/175
f 164/164/164 175/175/175 163/163/163
f 164/164/164 165/165/165 175/175/175
f 176/176/176 175/175/175 165/165/165
f 176/176/176 165/165/165 177/177/177
f 166/166/166 177/177/177 165/165/165
f 166/166/166 167/167/167 177/177/177
f 178/178/178 177/177/177 167/167/167
f 178/178/178 167/167/167 179/179/179
f 168/168/168 179/179/179 167/167/167
f 168/168/168 169/169/169 179/179/179
f 180/180/180 179/179/179 169/169/169
f 181/181/181 170/170/170 182/182/182
f 171/171/171 182/182/182 170/170/170
f 171/171/171 172/172/172 182/182/182
f 183/183/183 182/182/182 172/172/172
f 183/183/183 172/172/172 184/184/184
f 173/173/173 184/184/184 172/172/172
f 173/173/173 174/174/174 184/184/184
f 185/185/185 184/184/184 174/174/174
f 185/185/185 174/174/174 186/186/186
f 175/175/175 186/186/186 174/174/174
f 175/175/175 176/176/176 186/186/186
f 187/187/187 186/186/186 176/176/176
f 187/187/187 176/176/176 188/188/188
f 177/177/177 188/188/188 176/176/176
f 177/177/177 178/178/178 188/188/188
f 189/189/189 188/188/188 178/178/178
f 189/189/189 178/178/178 190/190/190
f 179/179/179 190/190/190 178/178/178
f 179/179/179 180/180/180 190/190/190
f 191/191/191 190/190/190 180/180/180
f 181/181/181 182/182/182 192/192/192
f 183/183/183 193/193/193 182/182/182
f 182/182/182 193/193/193 192/192/192
f 183/183/183 184/184/184 193/193/193
f 185/185/185 194/194/194 184/184/184
f 184/184/184 194/194/194 193/193/193
f 185/185/185 186/186/186 194/194/194
f 187/187/187 195/195/195 186/186/186
f 186/186/186 195/195/195 194/194/194
f 187/187/187 188/188/188 195/195/195
f 189/189/189 196/196/196 188/188/188
f 188/188/188 196/196/196 195/195/195
f 189/189/189 190/190/190 196/196/196
f 191/191/191 197/197/197 190/190/190
f 190/190/190 197/197/197 196/196/196
f 198/198/198 192/192/192 199/199/199
f 193/193/193 199/199/199 192/192/192
f 193/193/193 194/194/194 199/199/199
f 200/200/200 199/199/199 194/194/194
f 200/200/200 194/194/194 201/201/201
f 195/195/195 201/201/201 194/194/194
f 195/195/195 196/196/196 201/201/201
f 202/202/202 201/201/201 196/196/196
f 202/202/202 196/196/196 203/203/203
f 197/197/197 203/203/203 196/196/196
f 204/204/204 198/198/198 205/205/205
f 199/199/199 205/205/205 198/198/198
f 199/199/199 200/200/200 205/205/205
f 206/206/206 205/205/205 200/200/200
f 206/206/206 200/200/200 207/207/207
f 201/201/201 207/207/207 200/200/200
f 201/201/201 202/202/202 207/207/207
f 208/208/208 207/207/207 202/202/202
f 208/208/208 202/202/202 209/209/209
f 203/203/203 209/209/209 202/202/202
f 210/210/210 204/204/204 211/211/211
f 205/205/205 211/211/211 204/204/204
f 205/205/205 206/206/206 211/211/211
f 212/212/212 211/211/211 206/206/206
f 212/212/212 206/206/206 213/213/213
f 207/207/207 213/213/213 206/206/206
f 207/207/207 208/208/208 213/213/213
f 214/214/214 213/213/213 208/208/208
f 214/214/214 208/208/208 215/215/215
f 209/209/209 215/215/215 208/208/208
f 216/216/216 210/210/210 217/217/217
f 211/211/211 217/217/217 210/210/210
f 211/211/211 212/212/212 217/217/217
f 218/218/218 217/217/217 212/212/212
f 218/218/218 212/212/212 219/219/219
f 213/213/213 219/219/219 212/212/212
f 213/213/213 214/214/214 219/219/219
f 220/220/220 219/219/219 214/214/214
f 220/220/220 214/214/214 221/221/221
f 215/215/215 221/221/221 214/214/214
f 216/216/216 217/217/217 222/222/222
f 217/217/217 218/218/218 223/223/223
f 218/218/218 219/219/219 224/224/224
f 219/219/219 220/220/220 225/225/225
f 220/220/220 221/221/221 226/226/226

g 
usemtl 
f 228/228/228 227/227/227 229/229/229
f 227/227/227 230/230/230 229/229/229
f 230/230/230 231/231/231 229/229/229
f 229/229/229 231/231/231 232/232/232
f 232/232/232 231/231/231 233/233/233
f 231/231/231 234/234/234 233/233/233
f 235/235/235 228/228/228 236/236/236
f 228/228/228 229/229/229 236/236/236
f 229/229/229 232/232/232 236/236/236
f 236/236/236 232/232/232 237/237/237
f 237/237/237 232/232/232 238/238/238
f 232/232/232 233/233/233 238/238/238
f 239/239/239 235/235/235 240/240/240
f 235/235/235 236/236/236 240/240/240
f 236/236/236 237/237/237 240/240/240
f 240/240/240 237/237/237 241/241/241
f 241/241/241 237/237/237 242/242/242
f 237/237/237 238/238/238 242/242/242
f 243/243/243 239/239/239 244/244/244
f 239/239/239 240/240/240 244/244/244
f 240/240/240 241/241/241 244/244/244
f 244/244/244 241/241/241 245/245/245
f 245/245/245 241/241/241 246/246/246
f 241/241/241 242/242/242 246/246/246
f 247/247/247 243/243/243 248/248/248
f 243/243/243 244/244/244 248/248/248
f 244/244/244 245/245/245 248/248/248
f 248/248/248 245/245/245 249/249/249
f 249/249/249 245/245/245 250/250/250
f 245/245/245 246/246/246 250/250/250
f 247/247/247 248/248/248 251/251/251
f 248/248/248 249/249/249 251/251/251
f 249/249/249 250/250/250 252/252/252
f 254/254/254 253/253/253 255/255/255
f 253/253/253 256/256/256 255/255/255
f 256/256/256 257/257/257 255/255/255
f 255/255/255 257/257/257 258/258/258
f 258/258/258 257/257/257 259/259/259
f 257/257/257 260/260/260 259/259/259
f 261/261/261 254/254/254 262/262/262
f 254/254/254 255/255/255 262/262/262
f 255/255/255 258/258/258 262/262/262
f 262/262/262 258/258/258 263/263/263
f 263/263/263 258/258/258 264/264/264
f 258/258/258 259/259/259 264/264/264
f 265/265/265 261/261/261 266/266/266
f 261/261/261 262/262/262 266/266/266
f 262/262/262 263/263/263 266/266/266
f 266/266/266 263/263/263 267/267/267
f 267/267/267 263/263/263 268/268/268
f 263/263/263 264/264/264 268/268/268
f 269/269/269 265/265/265 270/270/270
f 265/265/265 266/266/266 270/270/270
f 266/266/266 267/267/267 270/270/270
f 270/270/270 267/267/267 271/271/271
f 271/271/271 267/267/267 272/272/272
f 267/267/267 268/268/268 272/272/272
f 273/273/273 269/269/269 274/274/274
f 269/269/269 270/270/270 274/274/274
f 270/270/270 271/271/271 274/274/274
f 274/274/274 271/271/271 275/275/275
f 275/275/275 271/271/271 276/276/276
f 271/271/271 272/272/272 276/276/276
f 273/273/273 274/274/274 277/277/277
f 274/274/274 275/275/275 277/277/277
f 275/275/275 276/276/276 278/278/278
f 280/280/280 279/279/279 281/281/281
f 279/279/279 282/282/282 281/281/281
f 282/282/282 283/283/283 281/281/281
f 281/281/281 283/283/283 284/284/284
f 284/284/284 283/283/283 285/285/285
f 283/283/283 286/286/286 285/285/285
f 287/287/287 280/280/280 288/288/288
f 280/280/280 281/281/281 288/288/288
f 281/281/281 284/284/284 288/288/288
f 288/288/288 284/284/284 289/289/289
f 289/289/289 284/284/284 290/290/290
f 284/284/284 285/285/285 290/290/290
f 291/291/291 287/287/287 292/292/292
f 287/287/287 288/288/288 292/292/292
f 288/288/288 289/289/289 292/292/292
f 292/292/292 289/289/289 293/293/293
f 293/293/293 289/289/289 294/294/294
f 289/289/289 290/290/290 294/294/294
f 295/295/295 291/291/291 296/296/296
f 291/291/291 292/292/292 296/296/296
f 292/292/292 293/293/293 296/296/296
f 296/296/296 293/293/293 297/297/297
f 297/297/297 293/293/293 298/298/298
f 293/293/293 294/294/294 298/298/298
f 299/299/299 295/295/295 300/300/300
f 295/295/295 296/296/296 300/300/300
f 296/296/296 297/297/297 300/300/300
f 300/300/300 297/297/297 301/301/301
f 301/301/301 297/297/297 302/302/302
f 297/297/297 298/298/298 302/302/302
f 299/299/299 300/300/300 303/303/303
f 300/300/300 301/301/301 303/303/303
f 301/301/301 302/302/302 304/304/304
f 306/306/306 305/305/305 307/307/307
f 305/305/305 308/308/308 307/307/307
f 308/308/308 309/309/309 307/307/307
f 307/307/307 309/309/309 310/310/310
f 310/310/310 309/309/309 311/311/311
f 309/309/309 312/312/312 311/311/311
f 313/313/313 306/306/306 314/314/314
f 306/306/306 307/307/307 314/314/314
f 307/307/307 310/310/310 314/314/314
f 314/314/314 310/310/310 315/315/315
f 315/315/315 310/310/310 316/316/316
f 310/310/310 311/311/311 316/316/316
f 317/317/317 313/313/313 318/318/318
f 313/313/313 314/314/314 318/318/318
f 314/314/314 315/315/315 318/318/318
f 318/318/318 315/315/315 319/319/319
f 319/319/319 315/315/315 320/320/320
f 315/315/315 316/316/316 320/320/320
f 321/321/321 317/317/317 322/322/322
f 317/317/317 318/318/318 322/322/322
f 318/318/318 319/319/319 322/322/322
f 322/322/322 319/319/319 323/323/323
f 323/323/323 319/319/319 324/324/324
f 319/319/319 320/320/320 324/324/324
f 325/325/325 321/321/321 326/326/326
f 321/321/321 322/322/322 326/326/326
f 322/322/322 323/323/323 326/326/326
f 326/326/326 323/323/323 327/327/327
f 327/327/327 323/323/323 328/328/328
f 323/323/323 324/324/324 328/328/328
f 325/325/325 326/326/326 329/329/329
f 326/326/326 327/327/327 329/329/329
f 327/327/327 328/328/328 330/330/330
f 332/332/332 331/331/331 333/333/333
f 331/331/331 334/334/334 333/333/333
f 334/334/334 335/335/335 333/333/333
f 333/333/333 335/335/335 336/336/336
f 336/336/336 335/335/335 337/337/337
f 335/335/335 338/338/338 337/337/337
f 339/339/339 332/332/332 340/340/340
f 332/332/332 333/333/333 340/340/340
f 333/333/333 336/336/336 340/340/340
f 340/340/340 336/336/336 341/341/341
f 341/341/341 336/336/336 342/342/342
f 336/336/336 337/337/337 342/342/342
f 343/343/343 339/339/339 344/344/344
f 339/339/339 340/340/340 344/344/344
f 340/340/340 341/341/341 344/344/344
f 344/344/344 341/341/341 345/345/345
f 345/345/345 341/341/341 346/346/346
f 341/341/341 342/342/342 346/346/346
f 347/347/347 343/343/343 348/348/348
f 343/343/343 344/344/344 348/348/348
f 344/344/344 345/345/345 348/348/348
f 348/348/348 345/345/345 349/349/349
f 349/349/349 345/345/345 350/350/350
f 345/345/345 346/346/346 350/350/350
f 351/351/351 347/347/347 352/352/352
f 347/347/347 348/348/348 352/352/352
f 348/348/348 349/349/349 352/352/352
f 352/352/352 349/349/349 353/353/353
f 353/353/353 349/349/349 354/354/354
f 349/349/349 350/350/350 354/354/354
f 351/351/351 352/352/352 355/355/355
f 352/352/352 353/353/353 355/355/355
f 353/353/353 354/354/354 356/356/356
f 358/358/358 357/357/357 359/359/359
f 357/357/357 360/360/360 359/359/359
f 360/360/360 361/361/361 359/359/359
f 359/359/359 361/361/361 362/362/362
f 362/362/362 361/361/361 363/363/363
f 361/361/361 364/364/364 363/363/363
f 365/365/365 358/358/358 366/366/366
f 358/358/358 359/359/359 366/366/366
f 359/359/359 362/362/362 366/366/366
f 366/366/366 362/362/362 367/367/367
f 367/367/367 362/362/362 368/368/368
f 362/362/362 363/363/363 368/368/368
f 369/369/369 365/365/365 370/370/370
f 365/365/365 366/366/366 370/370/370
f 366/366/366 367/367/367 370/370/370
f 370/370/370 367/367/367 371/371/371
f 371/371/371 367/367/367 372/372/372
f 367/367/367 368/368/368 372/372/372
f 373/373/373 369/369/369 374/374/374
f 369/369/369 370/370/370 374/374/374
f 370/370/370 371/371/371 374/374/374
f 374/374/374 371/371/371 375/375/375
f 375/375/375 371/371/371 376/376/376
f 371/371/371 372/372/372 376/376/376
f 377/377/377 373/373/373 378/378/378
f 373/373/373 374/374/374 378/378/378
f 374/374/374 375/375/375 378/378/378
f 378/378/378 375/375/375 379/379/379
f 379/379/379 375/375/375 380/380/380
f 375/375/375 376/376/376 380/380/380
f 377/377/377 378/378/378 381/381/381
f 378/378/378 379/379/379 381/381/381
f 379/379/379 380/380/380 382/382/382
f 384/384/384 383/383/383 385/385/385
f 383/383/383 386/386/386 385/385/385
f 386/386/386 387/387/387 385/385/385
f 385/385/385 387/387/387 388/388/388
f 388/388/388 387/387/387 389/389/389
f 387/387/387 390/390/390 389/389/389
f 391/391/391 384/384/384 392/392/392
f 384/384/384 385/385/385 392/392/392
f 385/385/385 388/388/388 392/392/392
f 392/392/392 388/388/388 393/393/393
f 393/393/393 388/388/388 394/394/394
f 388/388/388 389/389/389 394/394/394
f 395/395/395 391/391/391 396/396/396
f 391/391/391 392/392/392 396/396/396
f 392/392/392 393/393/393 396/396/396
f 396/396/396 393/393/393 397/397/397
f 397/397/397 393/393/393 398/398/398
f 393/393/393 394/394/394 398/398/398
f 399/399/399 395/395/395 400/400/400
f 395/395/395 396/396/396 400/400/400
f 396/396/396 397/397/397 400/400/400
f 400/400/400 397/397/397 401/401/401
f 401/401/401 397/397/397 402/402/402
f 397/397/397 398/398/398 402/402/402
f 403/403/403 399/399/399 404/404/404
f 399/399/399 400/400/400 404/404/404
f 400/400/400 401/401/401 404/404/404
f 404/404/404 401/401/401 405/405/405
f 405/405/405 401/401/401 406/406/406
f 401/401/401 402/402/402 406/406/406
f 403/403/403 404/404/404 407/407/407
f 404/404/404 405/405/405 407/407/407
f 405/405/405 406/406/406 408/408/408
f 410/410/410 409/409/409 411/411/411
f 409/409/409 412/412/412 411/411/411
f 412/412/412 413/413/413 411/411/411
f 411/411/411 413/413/413 414/414/414
f 414/414/414 413/413/413 415/415/415
f 413/413/413 416/416/416 415/415/415
f 417/417/417 410/410/410 418/418/418
f 410/410/410 411/411/411 418/418/418
f 411/411/411 414/414/414 418/418/418
f 418/418/418 414/414/414 419/419/419
f 419/419/419 414/414/414 420/420/420
f 414/414/414 415/415/415 420/420/420
f 421/421/421 417/417/417 422/422/422
f 417/417/417 418/418/418 422/422/422
f 418/418/418 419/419/419 422/422/422
f 422/422/422 419/419/419 423/423/423
f 423/423/423 419/419/419 424/424/424
f 419/419/419 420/420/420 424/424/424
f 425/425/425 421/421/421 426/426/426
f 421/421/421 422/422/422 426/426/426
f 422/422/422 423/423/423 426/426/426
f 426/426/426 423/423/423 427/427/427
f 427/427/427 423/423/423 428/428/428
f 423/423/423 424/424/424 428/428/428
f 429/429/429 425/425/425 430/430/430
f 425/425/425 426/426/426 430/430/430
f 426/426/426 427/427/427 430/430/430
f 430/430/430 427/427/427 431/431/431
f 431/431/431 427/427/427 432/432/432
f 427/427/427 428/428/428 432/432/432
f 429/429/429 430/430/430 433/433/433
f 430/430/430 431/431/431 433/433/433
f 431/431/431 432/432/432 434/434/434
f 436/436/436 435/435/435 437/437/437
f 435/435/435 438/438/438 437/437/437
f 438/438/438 439/439/439 437/437/437
f 437/437/437 439/439/439 440/440/440
f 440/440/440 439/439/439 441/441/441
f 439/439/439 442/442/442 441/441/441
f 443/443/443 436/436/436 444/444/444
f 436/436/436 437/437/437 444/444/444
f 437/437/437 440/440/440 444/444/444
f 444/444/444 440/440/440 445/445/445
f 445/445/445 440/440/440 446/446/446
f 440/440/440 441/441/441 446/446/446
f 447/447/447 443/443/443 448/448/448
f 443/443/443 444/444/444 448/448/448
f 444/444/444 445/445/445 448/448/448
f 448/448/448 445/445/445 449/449/449
f 449/449/449 445/445/445 450/450/450
f 445/445/445 446/446/446 450/450/450
f 451/451/451 447/447/447 452/452/452
f 447/447/447 448/448/448 452/452/452
f 448/448/448 449/449/449 452/452/452
f 452/452/452 449/449/449 453/453/453
f 453/453/453 449/449/449 454/454/454
f 449/449/449 450/450/450 454/454/454
f 455/455/455 451/451/451 456/456/456
f 451/451/451 452/452/452 456/456/456
f 452/452/452 453/453/453 456/456/456
f 456/456/456 453/453/453 457/457/457
f 457/457/457 453/453/453 458/458/458
f 453/453/453 454/454/454 458/458/458
f 455/455/455 456/456/456 459/459/459
f 456/456/456 457/457/457 459/459/459
f 457/457/457 458/458/458 460/460/460
f 462/462/462 461/461/461 463/463/463
f 461/461/461 464/464/464 463/463/463
f 464/464/464 465/465/465 463/463/463
f 463/463/463 465/465/465 466/466/466
f 466/466/466 465/465/465 467/467/467
f 465/465/465 468/468/468 467/467/467
f 469/469/469 462/462/462 470/470/470
f 462/462/462 463/463/463 470/470/470
f 463/463/463 466/466/466 470/470/470
f 470/470/470 466/466/466 471/471/471
f 471/471/471 466/466/466 472/472/472
f 466/466/466 467/467/467 472/472/472
f 473/473/473 469/469/469 474/474/474
f 469/469/469 470/470/470 474/474/474
f 470/470/470 471/471/471 474/474/474
f 474/474/474 471/471/471 475/475/475
f 475/475/475 471/471/471 476/476/476
f 471/471/471 472/472/472 476/476/476
f 477/477/477 473/473/473 478/478/478
f 473/473/473 474/474/474 478/478/478
f 474/474/474 475/475/475 478/478/478
f 478/478/478 475/475/475 479/479/479
f 479/479/479 475/475/475 480/480/480
f 475/475/475 476/476/476 480/480/480
f 481/481/481 477/477/477 482/482/482
f 477/477/477 478/478/478 482/482/482
f 478/478/478 479/479/479 482/482/482
f 482/482/482 479/479/479 483/483/483
f 483/483/483 479/479/479 484/484/484
f 479/479/479 480/480/480 484/484/484
f 481/481/481 482/482/482 485/485/485
f 482/482/482 483/483/483 485/485/485
f 483/483/483 484/484/484 486/486/486

g palmtree03_basecolor
usemtl palmtree03_basecolor
f 488/488/488 487/487/487 489/489/489
f 487/487/487 490/490/490 489/489/489
f 490/490/490 491/491/491 489/489/489
f 489/489/489 491/491/491 492/492/492
f 492/492/492 491/491/491 493/493/493
f 491/491/491 494/494/494 493/493/493
f 494/494/494 495/495/495 493/493/493
f 493/493/493 495/495/495 496/496/496
f 497/497/497 488/488/488 498/498/498
f 488/488/488 489/489/489 498/498/498
f 489/489/489 492/492/492 498/498/498
f 498/498/498 492/492/492 499/499/499
f 499/499/499 492/492/492 500/500/500
f 492/492/492 493/493/493 500/500/500
f 493/493/493 496/496/496 500/500/500
f 500/500/500 496/496/496 501/501/501
f 502/502/502 497/497/497 503/503/503
f 497/497/497 498/498/498 503/503/503
f 498/498/498 499/499/499 503/503/503
f 503/503/503 499/499/499 504/504/504
f 504/504/504 499/499/499 505/505/505
f 499/499/499 500/500/500 505/505/505
f 500/500/500 501/501/501 505/505/505
f 505/505/505 501/501/501 506/506/506
f 507/507/507 502/502/502 508/508/508
f 502/502/502 503/503/503 508/508/508
f 503/503/503 504/504/504 508/508/508
f 508/508/508 504/504/504 509/509/509
f 509/509/509 504/504/504 510/510/510
f 504/504/504 505/505/505 510/510/510
f 505/505/505 506/506/506 510/510/510
f 510/510/510 506/506/506 511/511/511
f 512/512/512 507/507/507 513/513/513
f 507/507/507 508/508/508 513/513/513
f 508/508/508 509/509/509 513/513/513
f 513/513/513 509/509/509 514/514/514
f 514/514/514 509/509/509 515/515/515
f 509/509/509 510/510/510 515/515/515
f 510/510/510 511/511/511 515/515/515
f 515/515/515 511/511/511 516/516/516
f 517/517/517 512/512/512 518/518/518
f 512/512/512 513/513/513 518/518/518
f 513/513/513 514/514/514 518/518/518
f 518/518/518 514/514/514 519/519/519
f 519/519/519 514/514/514 520/520/520
f 514/514/514 515/515/515 520/520/520
f 515/515/515 516/516/516 520/520/520
f 520/520/520 516/516/516 521/521/521
f 522/522/522 517/517/517 523/523/523
f 517/517/517 518/518/518 523/523/523
f 518/518/518 519/519/519 523/523/523
f 523/523/523 519/519/519 524/524/524
f 524/524/524 519/519/519 525/525/525
f 519/519/519 520/520/520 525/525/525
f 520/520/520 521/521/521 525/525/525
f 525/525/525 521/521/521 526/526/526
f 527/527/527 522/522/522 528/528/528
f 522/522/522 523/523/523 528/528/528
f 523/523/523 524/524/524 528/528/528
f 528/528/528 524/524/524 529/529/529
f 529/529/529 524/524/524 530/530/530
f 524/524/524 525/525/525 530/530/530
f 525/525/525 526/526/526 530/530/530
f 530/530/530 526/526/526 531/531/531
f 532/532/532 527/527/527 533/533/533
f 527/527/527 528/528/528 533/533/533
f 528/528/528 529/529/529 533/533/533
f 533/533/533 529/529/529 534/534/534
f 534/534/534 529/529/529 535/535/535
f 529/529/529 530/530/530 535/535/535
f 530/530/530 531/531/531 535/535/535
f 535/535/535 531/531/531 536/536/536
f 537/537/537 532/532/532 538/538/538
f 532/532/532 533/533/533 538/538/538
f 533/533/533 534/534/534 538/538/538
f 538/538/538 534/534/534 539/539/539
f 539/539/539 534/534/534 540/540/540
f 534/534/534 535/535/535 540/540/540
f 535/535/535 536/536/536 540/540/540
f 540/540/540 536/536/536 541/541/541
f 542/542/542 537/537/537 543/543/543
f 537/537/537 538/538/538 543/543/543
f 538/538/538 539/539/539 543/543/543
f 543/543/543 539/539/539 544/544/544
f 544/544/544 539/539/539 545/545/545
f 539/539/539 540/540/540 545/545/545
f 540/540/540 541/541/541 545/545/545
f 545/545/545 541/541/541 546/546/546
f 548/548/548 547/547/547 549/549/549
f 547/547/547 550/550/550 549/549/549
f 550/550/550 551/551/551 549/549/549
f 549/549/549 551/551/551 552/552/552
f 552/552/552 551/551/551 553/553/553
f 551/551/551 554/554/554 553/553/553
f 554/554/554 555/555/555 553/553/553
f 553/553/553 555/555/555 556/556/556
f 557/557/557 548/548/548 558/558/558
f 548/548/548 549/549/549 558/558/558
f 549/549/549 552/552/552 558/558/558
f 558/558/558 552/552/552 559/559/559
f 559/559/559 552/552/552 560/560/560
f 552/552/552 553/553/553 560/560/560
f 553/553/553 556/556/556 560/560/560
f 560/560/560 556/556/556 561/561/561
f 562/562/562 557/557/557 563/563/563
f 557/557/557 558/558/558 563/563/563
f 558/558/558 559/559/559 563/563/563
f 563/563/563 559/559/559 564/564/564
f 564/564/564 559/559/559 565/565/565
f 559/559/559 560/560/560 565/565/565
f 560/560/560 561/561/561 565/565/565
f 565/565/565 561/561/561 566/566/566
f 567/567/567 562/562/562 568/568/568
f 562/562/562 563/563/563 568/568/568
f 563/563/563 564/564/564 568/568/568
f 568/568/568 564/564/564 569/569/569
f 569/569/569 564/564/564 570/570/570
f 564/564/564 565/565/565 570/570/570
f 565/565/565 566/566/566 570/570/570
f 570/570/570 566/566/566 571/571/571
f 572/572/572 567/567/567 573/573/573
f 567/567/567 568/568/568 573/573/573
f 568/568/568 569/569/569 573/573/573
f 573/573/573 569/569/569 574/574/574
f 574/574/574 569/569/569 575/575/575
f 569/569/569 570/570/570 575/575/575
f 570/570/570 571/571/571 575/575/575
f 575/575/575 571/571/571 576/576/576
f 577/577/577 572/572/572 578/578/578
f 572/572/572 573/573/573 578/578/578
f 573/573/573 574/574/574 578/578/578
f 578/578/578 574/574/574 579/579/579
f 579/579/579 574/574/574 580/580/580
f 574/574/574 575/575/575 580/580/580
f 575/575/575 576/576/576 580/580/580
f 580/580/580 576/576/576 581/581/581
f 582/582/582 577/577/577 583/583/583
f 577/577/577 578/578/578 583/583/583
f 578/578/578 579/579/579 583/583/583
f 583/583/583 579/579/579 584/584/584
f 584/584/584 579/579/579 585/585/585
f 579/579/579 580/580/580 585/585/585
f 580/580/580 581/581/581 585/585/585
f 585/585/585 581/581/581 586/586/586
f 587/587/587 582/582/582 588/588/588
f 582/582/582 583/583/583 588/588/588
f 583/583/583 584/584/584 588/588/588
f 588/588/588 584/584/584 589/589/589
f 589/589/589 584/584/584 590/590/590
f 584/584/584 585/585/585 590/590/590
f 585/585/585 586/586/586 590/590/590
f 590/590/590 586/586/586 591/591/591
f 592/592/592 587/587/587 593/593/593
f 587/587/587 588/588/588 593/593/593
f 588/588/588 589/589/589 593/593/593
f 593/593/593 589/589/589 594/594/594
f 594/594/594 589/589/589 595/595/595
f 589/589/589 590/590/590 595/595/595
f 590/590/590 591/591/591 595/595/595
f 595/595/595 591/591/591 596/596/596
f 597/597/597 592/592/592 598/598/598
f 592/592/592 593/593/593 598/598/598
f 593/593/593 594/594/594 598/598/598
f 598/598/598 594/594/594 599/599/599
f 599/599/599 594/594/594 600/600/600
f 594/594/594 595/595/595 600/600/600
f 595/595/595 596/596/596 600/600/600
f 600/600/600 596/596/596 601/601/601
f 602/602/602 597/597/597 603/603/603
f 597/597/597 598/598/598 603/603/603
f 598/598/598 599/599/599 603/603/603
f 603/603/603 599/599/599 604/604/604
f 604/604/604 599/599/599 605/605/605
f 599/599/599 600/600/600 605/605/605
f 600/600/600 601/601/601 605/605/605
f 605/605/605 601/601/601 606/606/606
f 608/608/608 607/607/607 609/609/609
f 607/607/607 610/610/610 609/609/609
f 610/610/610 611/611/611 609/609/609
f 609/609/609 611/611/611 612/612/612
f 612/612/612 611/611/611 613/613/613
f 611/611/611 614/614/614 613/613/613
f 614/614/614 615/615/615 613/613/613
f 613/613/613 615/615/615 616/616/616
f 617/617/617 608/608/608 618/618/618
f 608/608/608 609/609/609 618/618/618
f 609/609/609 612/612/612 618/618/618
f 618/618/618 612/612/612 619/619/619
f 619/619/619 612/612/612 620/620/620
f 612/612/612 613/613/613 620/620/620
f 613/613/613 616/616/616 620/620/620
f 620/620/620 616/616/616 621/621/621
f 622/622/622 617/617/617 623/623/623
f 617/617/617 618/618/618 623/623/623
f 618/618/618 619/619/619 623/623/623
f 623/623/623 619/619/619 624/624/624
f 624/624/624 619/619/619 625/625/625
f 619/619/619 620/620/620 625/625/625
f 620/620/620 621/621/621 625/625/625
f 625/625/625 621/621/621 626/626/626
f 627/627/627 622/622/622 628/628/628
f 622/622/622 623/623/623 628/628/628
f 623/623/623 624/624/624 628/628/628
f 628/628/628 624/624/624 629/629/629
f 629/629/629 624/624/624 630/630/630
f 624/624/624 625/625/625 630/630/630
f 625/625/625 626/626/626 630/630/630
f 630/630/630 626/626/626 631/631/631
f 632/632/632 627/627/627 633/633/633
f 627/627/627 628/628/628 633/633/633
f 628/628/628 629/629/629 633/633/633
f 633/633/633 629/629/629 634/634/634
f 634/634/634 629/629/629 635/635/635
f 629/629/629 630/630/630 635/635/635
f 630/630/630 631/631/631 635/635/635
f 635/635/635 631/631/631 636/636/636
f 637/637/637 632/632/632 638/638/638
f 632/632/632 633/633/633 638/638/638
f 633/633/633 634/634/634 638/638/638
f 638/638/638 634/634/634 639/639/639
f 639/639/639 634/634/634 640/640/640
f 634/634/634 635/635/635 640/640/640
f 635/635/635 636/636/636 640/640/640
f 640/640/640 636/636/636 641/641/641
f 642/642/642 637/637/637 643/643/643
f 637/637/637 638/638/638 643/643/643
f 638/638/638 639/639/639 643/643/643
f 643/643/643 639/639/639 644/644/644
f 644/644/644 639/639/639 645/645/645
f 639/639/639 640/640/640 645/645/645
f 640/640/640 641/641/641 645/645/645
f 645/645/645 641/641/641 646/646/646
f 647/647/647 642/642/642 648/648/648
f 642/642/642 643/643/643 648/648/648
f 643/643/643 644/644/644 648/648/648
f 648/648/648 644/644/644 649/649/649
f 649/649/649 644/644/644 650/650/650
f 644/644/644 645/645/645 650/650/650
f 645/645/645 646/646/646 650/650/650
f 650/650/650 646/646/646 651/651/651
f 652/652/652 647/647/647 653/653/653
f 647/647/647 648/648/648 653/653/653
f 648/648/648 649/649/649 653/653/653
f 653/653/653 649/649/649 654/654/654
f 654/654/654 649/649/649 655/655/655
f 649/649/649 650/650/650 655/655/655
f 650/650/650 651/651/651 655/655/655
f 655/655/655 651/651/651 656/656/656
f 657/657/657 652/652/652 658/658/658
f 652/652/652 653/653/653 658/658/658
f 653/653/653 654/654/654 658/658/658
f 658/658/658 654/654/654 659/659/659
f 659/659/659 654/654/654 660/660/660
f 654/654/654 655/655/655 660/660/660
f 655/655/655 656/656/656 660/660/660
f 660/660/660 656/656/656 661/661/661
f 662/662/662 657/657/657 663/663/663
f 657/657/657 658/658/658 663/663/663
f 658/658/658 659/659/659 663/663/663
f 663/663/663 659/659/659 664/664/664
f 664/664/664 659/659/659 665/665/665
f 659/659/659 660/660/660 665/665/665
f 660/660/660 661/661/661 665/665/665
f 665/665/665 661/661/661 666/666/666
f 668/668/668 667/667/667 669/669/669
f 667/667/667 670/670/670 669/669/669
f 670/670/670 671/671/671 669/669/669
f 669/669/669 671/671/671 672/672/672
f 672/672/672 671/671/671 673/673/673
f 671/671/671 674/674/674 673/673/673
f 674/674/674 675/675/675 673/673/673
f 673/673/673 675/675/675 676/676/676
f 677/677/677 668/668/668 678/678/678
f 668/668/668 669/669/669 678/678/678
f 669/669/669 672/672/672 678/678/678
f 678/678/678 672/672/672 679/679/679
f 679/679/679 672/672/672 680/680/680
f 672/672/672 673/673/673 680/680/680
f 673/673/673 676/676/676 680/680/680
f 680/680/680 676/676/676 681/681/681
f 682/682/682 677/677/677 683/683/683
f 677/677/677 678/678/678 683/683/683
f 678/678/678 679/679/679 683/683/683
f 683/683/683 679/679/679 684/684/684
f 684/684/684 679/679/679 685/685/685
f 679/679/679 680/680/680 685/685/685
f 680/680/680 681/681/681 685/685/685
f 685/685/685 681/681/681 686/686/686
f 687/687/687 682/682/682 688/688/688
f 682/682/682 683/683/683 688/688/688
f 683/683/683 684/684/684 688/688/688
f 688/688/688 684/684/684 689/689/689
f 689/689/689 684/684/684 690/690/690
f 684/684/684 685/685/685 690/690/690
f 685/685/685 686/686/686 690/690/690
f 690/690/690 686/686/686 691/691/691
f 692/692/692 687/687/687 693/693/693
f 687/687/687 688/688/688 693/693/693
f 688/688/688 689/689/689 693/693/693
f 693/693/693 689/689/689 694/694/694
f 694/694/694 689/689/689 695/695/695
f 689/689/689 690/690/690 695/695/695
f 690/690/690 691/691/691 695/695/695
f 695/695/695 691/691/691 696/696/696
f 697/697/697 692/692/692 698/698/698
f 692/692/692 693/693/693 698/698/698
f 693/693/693 694/694/694 698/698/698
f 698/698/698 694/694/694 699/699/699
f 699/699/699 694/694/694 700/700/700
f 694/694/694 695/695/695 700/700/700
f 695/695/695 696/696/696 700/700/700
f 700/700/700 696/696/696 701/701/701
f 702/702/702 697/697/697 703/703/703
f 697/697/697 698/698/698 703/703/703
f 698/698/698 699/699/699 703/703/703
f 703/703/703 699/699/699 704/704/704
f 704/704/704 699/699/699 705/705/705
f 699/699/699 700/700/700 705/705/705
f 700/700/700 701/701/701 705/705/705
f 705/705/705 701/701/701 706/706/706
f 707/707/707 702/702/702 708/708/708
f 702/702/702 703/703/703 708/708/708
f 703/703/703 704/704/704 708/708/708
f 708/708/708 704/704/704 709/709/709
f 709/709/709 704/704/704 710/710/710
f 704/704/704 705/705/705 710/710/710
f 705/705/705 706/706/706 710/710/710
f 710/710/710 706/706/706 711/711/711
f 712/712/712 707/707/707 713/713/713
f 707/707/707 708/708/708 713/713/713
f 708/708/708 709/709/709 713/713/713
f 713/713/713 709/709/709 714/714/714
f 714/714/714 709/709/709 715/715/715
f 709/709/709 710/710/710 715/715/715
f 710/710/710 711/711/711 715/715/715
f 715/715/715 711/711/711 716/716/716
f 717/717/717 712/712/712 718/718/718
f 712/712/712 713/713/713 718/718/718
f 713/713/713 714/714/714 718/718/718
f 718/718/718 714/714/714 719/719/719
f 719/719/719 714/714/714 720/720/720
f 714/714/714 715/715/715 720/720/720
f 715/715/715 716/716/716 720/720/720
f 720/720/720 716/716/716 721/721/721
f 722/722/722 717/717/717 723/723/723
f 717/717/717 718/718/718 723/723/723
f 718/718/718 719/719/719 723/723/723
f 723/723/723 719/719/719 724/724/724
f 724/724/724 719/719/719 725/725/725
f 719/719/719 720/720/720 725/725/725
f 720/720/720 721/721/721 725/725/725
f 725/725/725 721/721/721 726/726/726
f 728/728/728 727/727/727 729/729/729
f 727/727/727 730/730/730 729/729/729
f 730/730/730 731/731/731 729/729/729
f 729/729/729 731/731/731 732/732/732
f 732/732/732 731/731/731 733/733/733
f 731/731/731 734/734/734 733/733/733
f 734/734/734 735/735/735 733/733/733
f 733/733/733 735/735/735 736/736/736
f 737/737/737 728/728/728 738/738/738
f 728/728/728 729/729/729 738/738/738
f 729/729/729 732/732/732 738/738/738
f 738/738/738 732/732/732 739/739/739
f 739/739/739 732/732/732 740/740/740
f 732/732/732 733/733/733 740/740/740
f 733/733/733 736/736/736 740/740/740
f 740/740/740 736/736/736 741/741/741
f 742/742/742 737/737/737 743/743/743
f 737/737/737 738/738/738 743/743/743
f 738/738/738 739/739/739 743/743/743
f 743/743/743 739/739/739 744/744/744
f 744/744/744 739/739/739 745/745/745
f 739/739/739 740/740/740 745/745/745
f 740/740/740 741/741/741 745/745/745
f 745/745/745 741/741/741 746/746/746
f 747/747/747 742/742/742 748/748/748
f 742/742/742 743/743/743 748/748/748
f 743/743/743 744/744/744 748/748/748
f 748/748/748 744/744/744 749/749/749
f 749/749/749 744/744/744 750/750/750
f 744/744/744 745/745/745 750/750/750
f 745/745/745 746/746/746 750/750/750
f 750/750/750 746/746/746 751/751/751
f 752/752/752 747/747/747 753/753/753
f 747/747/747 748/748/748 753/753/753
f 748/748/748 749/749/749 753/753/753
f 753/753/753 749/749/749 754/754/754
f 754/754/754 749/749/749 755/755/755
f 749/749/749 750/750/750 755/755/755
f 750/750/750 751/751/751 755/755/755
f 755/755/755 751/751/751 756/756/756
f 757/757/757 752/752/752 758/758/758
f 752/752/752 753/753/753 758/758/758
f 753/753/753 754/754/754 758/758/758
f 758/758/758 754/754/754 759/759/759
f 759/759/759 754/754/754 760/760/760
f 754/754/754 755/755/755 760/760/760
f 755/755/755 756/756/756 760/760/760
f 760/760/760 756/756/756 761/761/761
f 762/762/762 757/757/757 763/763/763
f 757/757/757 758/758/758 763/763/763
f 758/758/758 759/759/759 763/763/763
f 763/763/763 759/759/759 764/764/764
f 764/764/764 759/759/759 765/765/765
f 759/759/759 760/760/760 765/765/765
f 760/760/760 761/761/761 765/765/765
f 765/765/765 761/761/761 766/766/766
f 767/767/767 762/762/762 768/768/768
f 762/762/762 763/763/763 768/768/768
f 763/763/763 764/764/764 768/768/768
f 768/768/768 764/764/764 769/769/769
f 769/769/769 764/764/764 770/770/770
f 764/764/764 765/765/765 770/770/770
f 765/765/765 766/766/766 770/770/770
f 770/770/770 766/766/766 771/771/771
f 772/772/772 767/767/767 773/773/773
f 767/767/767 768/768/768 773/773/773
f 768/768/768 769/769/769 773/773/773
f 773/773/773 769/769/769 774/774/774
f 774/774/774 769/769/769 775/775/775
f 769/769/769 770/770/770 775/775/775
f 770/770/770 771/771/771 775/775/775
f 775/775/775 771/771/771 776/776/776
f 777/777/777 772/772/772 778/778/778
f 772/772/772 773/773/773 778/778/778
f 773/773/773 774/774/774 778/778/778
f 778/778/778 774/774/774 779/779/779
f 779/779/779 774/774/774 780/780/780
f 774/774/774 775/775/775 780/780/780
f 775/775/775 776/776/776 780/780/780
f 780/780/780 776/776/776 781/781/781
f 782/782/782 777/777/777 783/783/783
f 777/777/777 778/778/778 783/783/783
f 778/778/778 779/779/779 783/783/783
f 783/783/783 779/779/779 784/784/784
f 784/784/784 779/779/779 785/785/785
f 779/779/779 780/780/780 785/785/785
f 780/780/780 781/781/781 785/785/785
f 785/785/785 781/781/781 786/786/786
f 788/788/788 787/787/787 789/789/789
f 787/787/787 790/790/790 789/789/789
f 790/790/790 791/791/791 789/789/789
f 789/789/789 791/791/791 792/792/792
f 792/792/792 791/791/791 793/793/793
f 791/791/791 794/794/794 793/793/793
f 794/794/794 795/795/795 793/793/793
f 793/793/793 795/795/795 796/796/796
f 797/797/797 788/788/788 798/798/798
f 788/788/788 789/789/789 798/798/798
f 789/789/789 792/792/792 798/798/798
f 798/798/798 792/792/792 799/799/799
f 799/799/799 792/792/792 800/800/800
f 792/792/792 793/793/793 800/800/800
f 793/793/793 796/796/796 800/800/800
f 800/800/800 796/796/796 801/801/801
f 802/802/802 797/797/797 803/803/803
f 797/797/797 798/798/798 803/803/803
f 798/798/798 799/799/799 803/803/803
f 803/803/803 799/799/799 804/804/804
f 804/804/804 799/799/799 805/805/805
f 799/799/799 800/800/800 805/805/805
f 800/800/800 801/801/801 805/805/805
f 805/805/805 801/801/801 806/806/806
f 807/807/807 802/802/802 808/808/808
f 802/802/802 803/803/803 808/808/808
f 803/803/803 804/804/804 808/808/808
f 808/808/808 804/804/804 809/809/809
f 809/809/809 804/804/804 810/810/810
f 804/804/804 805/805/805 810/810/810
f 805/805/805 806/806/806 810/810/810
f 810/810/810 806/806/806 811/811/811
f 812/812/812 807/807/807 813/813/813
f 807/807/807 808/808/808 813/813/813
f 808/808/808 809/809/809 813/813/813
f 813/813/813 809/809/809 814/814/814
f 814/814/814 809/809/809 815/815/815
f 809/809/809 810/810/810 815/815/815
f 810/810/810 811/811/811 815/815/815
f 815/815/815 811/811/811 816/816/816
f 817/817/817 812/812/812 818/818/818
f 812/812/812 813/813/813 818/818/818
f 813/813/813 814/814/814 818/818/818
f 818/818/818 814/814/814 819/819/819
f 819/819/819 814/814/814 820/820/820
f 814/814/814 815/815/815 820/820/820
f 815/815/815 816/816/816 820/820/820
f 820/820/820 816/816/816 821/821/821
f 822/822/822 817/817/817 823/823/823
f 817/817/817 818/818/818 823/823/823
f 818/818/818 819/819/819 823/823/823
f 823/823/823 819/819/819 824/824/824
f 824/824/824 819/819/819 825/825/825
f 819/819/819 820/820/820 825/825/825
f 820/820/820 821/821/821 825/825/825
f 825/825/825 821/821/821 826/826/826
f 827/827/827 822/822/822 828/828/828
f 822/822/822 823/823/823 828/828/828
f 823/823/823 824/824/824 828/828/828
f 828/828/828 824/824/824 829/829/829
f 829/829/829 824/824/824 830/830/830
f 824/824/824 825/825/825 830/830/830
f 825/825/825 826/826/826 830/830/830
f 830/830/830 826/826/826 831/831/831
f 832/832/832 827/827/827 833/833/833
f 827/827/827 828/828/828 833/833/833
f 828/828/828 829/829/829 833/833/833
f 833/833/833 829/829/829 834/834/834
f 834/834/834 829/829/829 835/835/835
f 829/829/829 830/830/830 835/835/835
f 830/830/830 831/831/831 835/835/835
f 835/835/835 831/831/831 836/836/836
f 837/837/837 832/832/832 838/838/838
f 832/832/832 833/833/833 838/838/838
f 833/833/833 834/834/834 838/838/838
f 838/838/838 834/834/834 839/839/839
f 839/839/839 834/834/834 840/840/840
f 834/834/834 835/835/835 840/840/840
f 835/835/835 836/836/836 840/840/840
f 840/840/840 836/836/836 841/841/841
f 842/842/842 837/837/837 843/843/843
f 837/837/837 838/838/838 843/843/843
f 838/838/838 839/839/839 843/843/843
f 843/843/843 839/839/839 844/844/844
f 844/844/844 839/839/839 845/845/845
f 839/839/839 840/840/840 845/845/845
f 840/840/840 841/841/841 845/845/845
f 845/845/845 841/841/841 846/846/846
f 848/848/848 847/847/847 849/849/849
f 847/847/847 850/850/850 849/849/849
f 850/850/850 851/851/851 849/849/849
f 849/849/849 851/851/851 852/852/852
f 852/852/852 851/851/851 853/853/853
f 851/851/851 854/854/854 853/853/853
f 854/854/854 855/855/855 853/853/853
f 853/853/853 855/855/855 856/856/856
f 857/857/857 848/848/848 858/858/858
f 848/848/848 849/849/849 858/858/858
f 849/849/849 852/852/852 858/858/858
f 858/858/858 852/852/852 859/859/859
f 859/859/859 852/852/852 860/860/860
f 852/852/852 853/853/853 860/860/860
f 853/853/853 856/856/856 860/860/860
f 860/860/860 856/856/856 861/861/861
f 862/862/862 857/857/857 863/863/863
f 857/857/857 858/858/858 863/863/863
f 858/858/858 859/859/859 863/863/863
f 863/863/863 859/859/859 864/864/864
f 864/864/864 859/859/859 865/865/865
f 859/859/859 860/860/860 865/865/865
f 860/860/860 861/861/861 865/865/865
f 865/865/865 861/861/861 866/866/866
f 867/867/867 862/862/862 868/868/868
f 862/862/862 863/863/863 868/868/868
f 863/863/863 864/864/864 868/868/868
f 868/868/868 864/864/864 869/869/869
f 869/869/869 864/864/864 870/870/870
f 864/864/864 865/865/865 870/870/870
f 865/865/865 866/866/866 870/870/870
f 870/870/870 866/866/866 871/871/871
f 872/872/872 867/867/867 873/873/873
f 867/867/867 868/868/868 873/873/873
f 868/868/868 869/869/869 873/873/873
f 873/873/873 869/869/869 874/874/874
f 874/874/874 869/869/869 875/875/875
f 869/869/869 870/870/870 875/875/875
f 870/870/870 871/871/871 875/875/875
f 875/875/875 871/871/871 876/876/876
f 877/877/877 872/872/872 878/878/878
f 872/872/872 873/873/873 878/878/878
f 873/873/873 874/874/874 878/878/878
f 878/878/878 874/874/874 879/879/879
f 879/879/879 874/874/874 880/880/880
f 874/874/874 875/875/875 880/880/880
f 875/875/875 876/876/876 880/880/880
f 880/880/880 876/876/876 881/881/881
f 882/882/882 877/877/877 883/883/883
f 877/877/877 878/878/878 883/883/883
f 878/878/878 879/879/879 883/883/883
f 883/883/883 879/879/879 884/884/884
f 884/884/884 879/879/879 885/885/885
f 879/879/879 880/880/880 885/885/885
f 880/880/880 881/881/881 885/885/885
f 885/885/885 881/881/881 886/886/886
f 887/887/887 882/882/882 888/888/888
f 882/882/882 883/883/883 888/888/888
f 883/883/883 884/884/884 888/888/888
f 888/888/888 884/884/884 889/889/889
f 889/889/889 884/884/884 890/890/890
f 884/884/884 885/885/885 890/890/890
f 885/885/885 886/886/886 890/890/890
f 890/890/890 886/886/886 891/891/891
f 892/892/892 887/887/887 893/893/893
f 887/887/887 888/888/888 893/893/893
f 888/888/888 889/889/889 893/893/893
f 893/893/893 889/889/889 894/894/894
f 894/894/894 889/889/889 895/895/895
f 889/889/889 890/890/890 895/895/895
f 890/890/890 891/891/891 895/895/895
f 895/895/895 891/891/891 896/896/896
f 897/897/897 892/892/892 898/898/898
f 892/892/892 893/893/893 898/898/898
f 893/893/893 894/894/894 898/898/898
f 898/898/898 894/894/894 899/899/899
f 899/899/899 894/894/894 900/900/900
f 894/894/894 895/895/895 900/900/900
f 895/895/895 896/896/896 900/900/900
f 900/900/900 896/896/896 901/901/901
f 902/902/902 897/897/897 903/903/903
f 897/897/897 898/898/898 903/903/903
f 898/898/898 899/899/899 903/903/903
f 903/903/903 899/899/899 904/904/904
f 904/904/904 899/899/899 905/905/905
f 899/899/899 900/900/900 905/905/905
f 900/900/900 901/901/901 905/905/905
f 905/905/905 901/901/901 906/906/906
f 908/908/908 907/907/907 909/909/909
f 907/907/907 910/910/910 909/909/909
f 910/910/910 911/911/911 909/909/909
f 909/909/909 911/911/911 912/912/912
f 912/912/912 911/911/911 913/913/913
f 911/911/911 914/914/914 913/913/913
f 914/914/914 915/915/915 913/913/913
f 913/913/913 915/915/915 916/916/916
f 917/917/917 908/908/908 918/918/918
f 908/908/908 909/909/909 918/918/918
f 909/909/909 912/912/912 918/918/918
f 918/918/918 912/912/912 919/919/919
f 919/919/919 912/912/912 920/920/920
f 912/912/912 913/913/913 920/920/920
f 913/913/913 916/916/916 920/920/920
f 920/920/920 916/916/916 921/921/921
f 922/922/922 917/917/917 923/923/923
f 917/917/917 918/918/918 923/923/923
f 918/918/918 919/919/919 923/923/923
f 923/923/923 919/919/919 924/924/924
f 924/924/924 919/919/919 925/925/925
f 919/919/919 920/920/920 925/925/925
f 920/920/920 921/921/921 925/925/925
f 925/925/925 921/921/921 926/926/926
f 927/927/927 922/922/922 928/928/928
f 922/922/922 923/923/923 928/928/928
f 923/923/923 924/924/924 928/928/928
f 928/928/928 924/924/924 929/929/929
f 929/929/929 924/924/924 930/930/930
f 924/924/924 925/925/925 930/930/930
f 925/925/925 926/926/926 930/930/930
f 930/930/930 926/926/926 931/931/931
f 932/932/932 927/927/927 933/933/933
f 927/927/927 928/928/928 933/933/933
f 928/928/928 929/929/929 933/933/933
f 933/933/933 929/929/929 934/934/934
f 934/934/934 929/929/929 935/935/935
f 929/929/929 930/930/930 935/935/935
f 930/930/930 931/931/931 935/935/935
f 935/935/935 931/931/931 936/936/936
f 937/937/937 932/932/932 938/938/938
f 932/932/932 933/933/933 938/938/938
f 933/933/933 934/934/934 938/938/938
f 938/938/938 934/934/934 939/939/939
f 939/939/939 934/934/934 940/940/940
f 934/934/934 935/935/935 940/940/940
f 935/935/935 936/936/936 940/940/940
f 940/940/940 936/936/936 941/941/941
f 942/942/942 937/937/937 943/943/943
f 937/937/937 938/938/938 943/943/943
f 938/938/938 939/939/939 943/943/943
f 943/943/943 939/939/939 944/944/944
f 944/944/944 939/939/939 945/945/945
f 939/939/939 940/940/940 945/945/945
f 940/940/940 941/941/941 945/945/945
f 945/945/945 941/941/941 946/946/946
f 947/947/947 942/942/942 948/948/948
f 942/942/942 943/943/943 948/948/948
f 943/943/943 944/944/944 948/948/948
f 948/948/948 944/944/944 949/949/949
f 949/949/949 944/944/944 950/950/950
f 944/944/944 945/945/945 950/950/950
f 945/945/945 946/946/946 950/950/950
f 950/950/950 946/946/946 951/951/951
f 952/952/952 947/947/947 953/953/953
f 947/947/947 948/948/948 953/953/953
f 948/948/948 949/949/949 953/953/953
f 953/953/953 949/949/949 954/954/954
f 954/954/954 949/949/949 955/955/955
f 949/949/949 950/950/950 955/955/955
f 950/950/950 951/951/951 955/955/955
f 955/955/955 951/951/951 956/956/956
f 957/957/957 952/952/952 958/958/958
f 952/952/952 953/953/953 958/958/958
f 953/953/953 954/954/954 958/958/958
f 958/958/958 954/954/954 959/959/959
f 959/959/959 954/954/954 960/960/960
f 954/954/954 955/955/955 960/960/960
f 955/955/955 956/956/956 960/960/960
f 960/960/960 956/956/956 961/961/961
f 962/962/962 957/957/957 963/963/963
f 957/957/957 958/958/958 963/963/963
f 958/958/958 959/959/959 963/963/963
f 963/963/963 959/959/959 964/964/964
f 964/964/964 959/959/959 965/965/965
f 959/959/959 960/960/960 965/965/965
f 960/960/960 961/961/961 965/965/965
f 965/965/965 961/961/961 966/966/966
f 968/968/968 967/967/967 969/969/969
f 967/967/967 970/970/970 969/969/969
f 970/970/970 971/971/971 969/969/969
f 969/969/969 971/971/971 972/972/972
f 972/972/972 971/971/971 973/973/973
f 971/971/971 974/974/974 973/973/973
f 974/974/974 975/975/975 973/973/973
f 973/973/973 975/975/975 976/976/976
f 977/977/977 968/968/968 978/978/978
f 968/968/968 969/969/969 978/978/978
f 969/969/969 972/972/972 978/978/978
f 978/978/978 972/972/972 979/979/979
f 979/979/979 972/972/972 980/980/980
f 972/972/972 973/973/973 980/980/980
f 973/973/973 976/976/976 980/980/980
f 980/980/980 976/976/976 981/981/981
f 982/982/982 977/977/977 983/983/983
f 977/977/977 978/978/978 983/983/983
f 978/978/978 979/979/979 983/983/983
f 983/983/983 979/979/979 984/984/984
f 984/984/984 979/979/979 985/985/985
f 979/979/979 980/980/980 985/985/985
f 980/980/980 981/981/981 985/985/985
f 985/985/985 981/981/981 986/986/986
f 987/987/987 982/982/982 988/988/988
f 982/982/982 983/983/983 988/988/988
f 983/983/983 984/984/984 988/988/988
f 988/988/988 984/984/984 989/989/989
f 989/989/989 984/984/984 990/990/990
f 984/984/984 985/985/985 990/990/990
f 985/985/985 986/986/986 990/990/990
f 990/990/990 986/986/986 991/991/991
f 992/992/992 987/987/987 993/993/993
f 987/987/987 988/988/988 993/993/993
f 988/988/988 989/989/989 993/993/993
f 993/993/993 989/989/989 994/994/994
f 994/994/994 989/989/989 995/995/995
f 989/989/989 990/990/990 995/995/995
f 990/990/990 991/991/991 995/995/995
f 995/995/995 991/991/991 996/996/996
f 997/997/997 992/992/992 998/998/998
f 992/992/992 993/993/993 998/998/998
f 993/993/993 994/994/994 998/998/998
f 998/998/998 994/994/994 999/999/999
f 999/999/999 994/994/994 1000/1000/1000
f 994/994/994 995/995/995 1000/1000/1000
f 995/995/995 996/996/996 1000/1000/1000
f 1000/1000/1000 996/996/996 1001/1001/1001
f 1002/1002/1002 997/997/997 1003/1003/1003
f 997/997/997 998/998/998 1003/1003/1003
f 998/998/998 999/999/999 1003/1003/1003
f 1003/1003/1003 999/999/999 1004/1004/1004
f 1004/1004/1004 999/999/999 1005/1005/1005
f 999/999/999 1000/1000/1000 1005/1005/1005
f 1000/1000/1000 1001/1001/1001 1005/1005/1005
f 1005/1005/1005 1001/1001/1001 1006/1006/1006
f 1007/1007/1007 1002/1002/1002 1008/1008/1008
f 1002/1002/1002 1003/1003/1003 1008/1008/1008
f 1003/1003/1003 1004/1004/1004 1008/1008/1008
f 1008/1008/1008 1004/1004/1004 1009/1009/1009
f 1009/1009/1009 1004/1004/1004 1010/1010/1010
f 1004/1004/1004 1005/1005/1005 1010/1010/1010
f 1005/1005/1005 1006/1006/1006 1010/1010/1010
f 1010/1010/1010 1006/1006/1006 1011/1011/1011
f 1012/1012/1012 1007/1007/1007 1013/1013/1013
f 1007/1007/1007 1008/1008/1008 1013/1013/1013
f 1008/1008/1008 1009/1009/1009 1013/1013/1013
f 1013/1013/1013 1009/1009/1009 1014/1014/1014
f 1014/1014/1014 1009/1009/1009 1015/1015/1015
f 1009/1009/1009 1010/1010/1010 1015/1015/1015
f 1010/1010/1010 1011/1011/1011 1015/1015/1015
f 1015/1015/1015 1011/1011/1011 1016/1016/1016
f 1017/1017/1017 1012/1012/1012 1018/1018/1018
f 1012/1012/1012 1013/1013/1013 1018/1018/1018
f 1013/1013/1013 1014/1014/1014 1018/1018/1018
f 1018/1018/1018 1014/1014/1014 1019/1019/1019
f 1019/1019/1019 1014/1014/1014 1020/1020/1020
f 1014/1014/1014 1015/1015/1015 1020/1020/1020
f 1015/1015/1015 1016/1016/1016 1020/1020/1020
f 1020/1020/1020 1016/1016/1016 1021/1021/1021
f 1022/1022/1022 1017/1017/1017 1023/1023/1023
f 1017/1017/1017 1018/1018/1018 1023/1023/1023
f 1018/1018/1018 1019/1019/1019 1023/1023/1023
f 1023/1023/1023 1019/1019/1019 1024/1024/1024
f 1024/1024/1024 1019/1019/1019 1025/1025/1025
f 1019/1019/1019 1020/1020/1020 1025/1025/1025
f 1020/1020/1020 1021/1021/1021 1025/1025/1025
f 1025/1025/1025 1021/1021/1021 1026/1026/1026
f 1028/1028/1028 1027/1027/1027 1029/1029/1029
f 1027/1027/1027 1030/1030/1030 1029/1029/1029
f 1030/1030/1030 1031/1031/1031 1029/1029/1029
f 1029/1029/1029 1031/1031/1031 1032/1032/1032
f 1032/1032/1032 1031/1031/1031 1033/1033/1033
f 1031/1031/1031 1034/1034/1034 1033/1033/1033
f 1034/1034/1034 1035/1035/1035 1033/1033/1033
f 1033/1033/1033 1035/1035/1035 1036/1036/1036
f 1037/1037/1037 1028/1028/1028 1038/1038/1038
f 1028/1028/1028 1029/1029/1029 1038/1038/1038
f 1029/1029/1029 1032/1032/1032 1038/1038/1038
f 1038/1038/1038 1032/1032/1032 1039/1039/1039
f 1039/1039/1039 1032/1032/1032 1040/1040/1040
f 1032/1032/1032 1033/1033/1033 1040/1040/1040
f 1033/1033/1033 1036/1036/1036 1040/1040/1040
f 1040/1040/1040 1036/1036/1036 1041/1041/1041
f 1042/1042/1042 1037/1037/1037 1043/1043/1043
f 1037/1037/1037 1038/1038/1038 1043/1043/1043
f 1038/1038/1038 1039/1039/1039 1043/1043/1043
f 1043/1043/1043 1039/1039/1039 1044/1044/1044
f 1044/1044/1044 1039/1039/1039 1045/1045/1045
f 1039/1039/1039 1040/1040/1040 1045/1045/1045
f 1040/1040/1040 1041/1041/1041 1045/1045/1045
f 1045/1045/1045 1041/1041/1041 1046/1046/1046
f 1047/1047/1047 1042/1042/1042 1048/1048/1048
f 1042/1042/1042 1043/1043/1043 1048/1048/1048
f 1043/1043/1043 1044/1044/1044 1048/1048/1048
f 1048/1048/1048 1044/1044/1044 1049/1049/1049
f 1049/1049/1049 1044/1044/1044 1050/1050/1050
f 1044/1044/1044 1045/1045/1045 1050/1050/1050
f 1045/1045/1045 1046/1046/1046 1050/1050/1050
f 1050/1050/1050 1046/1046/1046 1051/1051/1051
f 1052/1052/1052 1047/1047/1047 1053/1053/1053
f 1047/1047/1047 1048/1048/1048 1053/1053/1053
f 1048/1048/1048 1049/1049/1049 1053/1053/1053
f 1053/1053/1053 1049/1049/1049 1054/1054/1054
f 1054/1054/1054 1049/1049/1049 1055/1055/1055
f 1049/1049/1049 1050/1050/1050 1055/1055/1055
f 1050/1050/1050 1051/1051/1051 1055/1055/1055
f 1055/1055/1055 1051/1051/1051 1056/1056/1056
f 1057/1057/1057 1052/1052/1052 1058/1058/1058
f 1052/1052/1052 1053/1053/1053 1058/1058/1058
f 1053/1053/1053 1054/1054/1054 1058/1058/1058
f 1058/1058/1058 1054/1054/1054 1059/1059/1059
f 1059/1059/1059 1054/1054/1054 1060/1060/1060
f 1054/1054/1054 1055/1055/1055 1060/1060/1060
f 1055/1055/1055 1056/1056/1056 1060/1060/1060
f 1060/1060/1060 1056/1056/1056 1061/1061/1061
f 1062/1062/1062 1057/1057/1057 1063/1063/1063
f 1057/1057/1057 1058/1058/1058 1063/1063/1063
f 1058/1058/1058 1059/1059/1059 1063/1063/1063
f 1063/1063/1063 1059/1059/1059 1064/1064/1064
f 1064/1064/1064 1059/1059/1059 1065/1065/1065
f 1059/1059/1059 1060/1060/1060 1065/1065/1065
f 1060/1060/1060 1061/1061/1061 1065/1065/1065
f 1065/1065/1065 1061/1061/1061 1066/1066/1066
f 1067/1067/1067 1062/1062/1062 1068/1068/1068
f 1062/1062/1062 1063/1063/1063 1068/1068/1068
f 1063/1063/1063 1064/1064/1064 1068/1068/1068
f 1068/1068/1068 1064/1064/1064 1069/1069/1069
f 1069/1069/1069 1064/1064/1064 1070/1070/1070
f 1064/1064/1064 1065/1065/1065 1070/1070/1070
f 1065/1065/1065 1066/1066/1066 1070/1070/1070
f 1070/1070/1070 1066/1066/1066 1071/1071/1071
f 1072/1072/1072 1067/1067/1067 1073/1073/1073
f 1067/1067/1067 1068/1068/1068 1073/1073/1073
f 1068/1068/1068 1069/1069/1069 1073/1073/1073
f 1073/1073/1073 1069/1069/1069 1074/1074/1074
f 1074/1074/1074 1069/1069/1069 1075/1075/1075
f 1069/1069/1069 1070/1070/1070 1075/1075/1075
f 1070/1070/1070 1071/1071/1071 1075/1075/1075
f 1075/1075/1075 1071/1071/1071 1076/1076/1076
f 1077/1077/1077 1072/1072/1072 1078/1078/1078
f 1072/1072/1072 1073/1073/1073 1078/1078/1078
f 1073/1073/1073 1074/1074/1074 1078/1078/1078
f 1078/1078/1078 1074/1074/1074 1079/1079/1079
f 1079/1079/1079 1074/1074/1074 1080/1080/1080
f 1074/1074/1074 1075/1075/1075 1080/1080/1080
f 1075/1075/1075 1076/1076/1076 1080/1080/1080
f 1080/1080/1080 1076/1076/1076 1081/1081/1081
f 1082/1082/1082 1077/1077/1077 1083/1083/1083
f 1077/1077/1077 1078/1078/1078 1083/1083/1083
f 1078/1078/1078 1079/1079/1079 1083/1083/1083
f 1083/1083/1083 1079/1079/1079 1084/1084/1084
f 1084/1084/1084 1079/1079/1079 1085/1085/1085
f 1079/1079/1079 1080/1080/1080 1085/1085/1085
f 1080/1080/1080 1081/1081/1081 1085/1085/1085
f 1085/1085/1085 1081/1081/1081 1086/1086/1086

