// Created by Tree IT
mtllib CoconutPalm01.mtl
o tree
# Position
v 5.54554 16.76560 17.21459 0.00392 0.00000 0.00000 1.00000
v 2.85618 0.01298 14.69778 0.00392 0.00000 0.00000 1.00000
v -1.69988 16.44254 18.65016 0.00392 0.00000 0.00000 1.00000
v -0.06609 0.01322 14.97258 0.00392 0.00000 0.00000 1.00000
v 5.66870 0.01223 13.85815 0.00392 0.00000 0.00000 1.00000
v 11.66687 17.21103 13.11461 0.00392 0.00000 0.00000 1.00000
v 8.26337 0.01101 12.48596 0.00392 0.00000 0.00000 1.00000
v 10.54048 0.00937 10.63395 0.00392 0.00000 0.00000 1.00000
v 15.73219 17.71102 6.97440 0.00392 0.00000 0.00000 1.00000
v 12.41253 0.00737 8.37327 0.00392 0.00000 0.00000 1.00000
v 13.80757 0.00509 5.79082 0.00392 0.00000 0.00000 1.00000
v 17.12260 18.18945 -0.27123 0.00392 0.00000 0.00000 1.00000
v 14.67200 0.00261 2.98583 0.00392 0.00000 0.00000 1.00000
v 14.97258 0.00003 0.06609 0.00392 0.00000 0.00000 1.00000
v 15.62642 18.57348 -7.51922 0.00392 0.00000 0.00000 1.00000
v 14.69779 -0.00255 -2.85618 0.00392 0.00000 0.00000 1.00000
v 13.85816 -0.00503 -5.66869 0.00392 0.00000 0.00000 1.00000
v 11.47141 18.80465 -13.66611 0.00392 0.00000 0.00000 1.00000
v 12.48597 -0.00732 -8.26336 0.00392 0.00000 0.00000 1.00000
v 10.63395 -0.00933 -10.54048 0.00392 0.00000 0.00000 1.00000
v 5.29016 18.84776 -17.77611 0.00392 0.00000 0.00000 1.00000
v 8.37328 -0.01098 -12.41253 0.00392 0.00000 0.00000 1.00000
v 5.79082 -0.01220 -13.80757 0.00392 0.00000 0.00000 1.00000
v -1.97630 18.69625 -19.22350 0.00392 0.00000 0.00000 1.00000
v 2.98583 -0.01296 -14.67199 0.00392 0.00000 0.00000 1.00000
v 0.06609 -0.01322 -14.97258 0.00392 0.00000 0.00000 1.00000
v -9.22172 18.37319 -17.78792 0.00392 0.00000 0.00000 1.00000
v -2.85618 -0.01298 -14.69778 0.00392 0.00000 0.00000 1.00000
v -5.66870 -0.01223 -13.85815 0.00392 0.00000 0.00000 1.00000
v -15.34305 17.92776 -13.68795 0.00392 0.00000 0.00000 1.00000
v -8.26337 -0.01101 -12.48596 0.00392 0.00000 0.00000 1.00000
v -10.54048 -0.00937 -10.63395 0.00392 0.00000 0.00000 1.00000
v -19.40837 17.42777 -7.54774 0.00392 0.00000 0.00000 1.00000
v -12.41253 -0.00737 -8.37328 0.00392 0.00000 0.00000 1.00000
v -13.80757 -0.00509 -5.79082 0.00392 0.00000 0.00000 1.00000
v -20.79878 16.94934 -0.30210 0.00392 0.00000 0.00000 1.00000
v -14.67200 -0.00261 -2.98583 0.00392 0.00000 0.00000 1.00000
v -14.97258 -0.00003 -0.06609 0.00392 0.00000 0.00000 1.00000
v -19.30259 16.56531 6.94589 0.00392 0.00000 0.00000 1.00000
v -14.69779 0.00255 2.85618 0.00392 0.00000 0.00000 1.00000
v -13.85816 0.00503 5.66870 0.00392 0.00000 0.00000 1.00000
v -15.14759 16.33414 13.09278 0.00392 0.00000 0.00000 1.00000
v -12.48597 0.00732 8.26336 0.00392 0.00000 0.00000 1.00000
v -10.63395 0.00933 10.54047 0.00392 0.00000 0.00000 1.00000
v -8.96634 16.29103 17.20277 0.00392 0.00000 0.00000 1.00000
v -8.37328 0.01098 12.41253 0.00392 0.00000 0.00000 1.00000
v -5.79082 0.01220 13.80757 0.00392 0.00000 0.00000 1.00000
v -1.69988 16.44254 18.65016 0.00392 0.00000 0.00000 1.00000
v -2.98583 0.01296 14.67199 0.00392 0.00000 0.00000 1.00000
v -0.06609 0.01322 14.97258 0.00392 0.00000 0.00000 1.00000
v -2.13427 20.30841 14.43984 0.00392 0.00000 0.00000 1.00000
v 3.53728 20.46165 13.32016 0.00392 0.00000 0.00000 1.00000
v 8.32346 20.77482 10.11770 0.00392 0.00000 0.00000 1.00000
v 11.49560 21.20026 5.32001 0.00392 0.00000 0.00000 1.00000
v 12.57079 21.67319 -0.34250 0.00392 0.00000 0.00000 1.00000
v 11.38532 22.12160 -6.00777 0.00392 0.00000 0.00000 1.00000
v 8.11968 22.47724 -10.81332 0.00392 0.00000 0.00000 1.00000
v 3.27103 22.68596 -14.02754 0.00392 0.00000 0.00000 1.00000
v -2.42246 22.71599 -15.16109 0.00392 0.00000 0.00000 1.00000
v -8.09402 22.56275 -14.04141 0.00392 0.00000 0.00000 1.00000
v -12.88019 22.24957 -10.83895 0.00392 0.00000 0.00000 1.00000
v -16.05234 21.82414 -6.04127 0.00392 0.00000 0.00000 1.00000
v -17.12752 21.35121 -0.37875 0.00392 0.00000 0.00000 1.00000
v -15.94206 20.90280 5.28652 0.00392 0.00000 0.00000 1.00000
v -12.67642 20.54716 10.09206 0.00392 0.00000 0.00000 1.00000
v -7.82777 20.33843 13.30629 0.00392 0.00000 0.00000 1.00000
v -2.13427 20.30841 14.43984 0.00392 0.00000 0.00000 1.00000
v -5.27008 37.48717 17.12827 0.00392 0.00000 0.00000 1.00000
v 1.56612 38.51166 15.74489 0.00392 0.00000 0.00000 1.00000
v 7.39060 39.19721 11.83065 0.00392 0.00000 0.00000 1.00000
v 11.31664 39.43946 5.98145 0.00392 0.00000 0.00000 1.00000
v 12.74652 39.20153 -0.91222 0.00392 0.00000 0.00000 1.00000
v 11.46256 38.51965 -7.80086 0.00392 0.00000 0.00000 1.00000
v 7.66024 37.49762 -13.63575 0.00392 0.00000 0.00000 1.00000
v 1.91842 36.29103 -17.52856 0.00392 0.00000 0.00000 1.00000
v -4.88876 35.08359 -18.88666 0.00392 0.00000 0.00000 1.00000
v -11.72497 34.05910 -17.50328 0.00392 0.00000 0.00000 1.00000
v -17.54945 33.37355 -13.58905 0.00392 0.00000 0.00000 1.00000
v -21.47548 33.13130 -7.73985 0.00392 0.00000 0.00000 1.00000
v -22.90536 33.36923 -0.84617 0.00392 0.00000 0.00000 1.00000
v -21.62140 34.05111 6.04247 0.00392 0.00000 0.00000 1.00000
v -17.81908 35.07315 11.87735 0.00392 0.00000 0.00000 1.00000
v -12.07726 36.27973 15.77017 0.00392 0.00000 0.00000 1.00000
v -5.27008 37.48717 17.12827 0.00392 0.00000 0.00000 1.00000
v -6.19287 41.70091 13.01806 0.00392 0.00000 0.00000 1.00000
v -0.83430 42.41872 11.94046 0.00392 0.00000 0.00000 1.00000
v 3.73496 42.86667 8.88581 0.00392 0.00000 0.00000 1.00000
v 6.81926 42.97659 4.31915 0.00392 0.00000 0.00000 1.00000
v 7.94907 42.73172 -1.06428 0.00392 0.00000 0.00000 1.00000
v 6.95236 42.16935 -6.44489 0.00392 0.00000 0.00000 1.00000
v 3.98089 41.37510 -11.00356 0.00392 0.00000 0.00000 1.00000
v -0.51297 40.46988 -14.04625 0.00392 0.00000 0.00000 1.00000
v -5.84507 39.59150 -15.10975 0.00392 0.00000 0.00000 1.00000
v -11.20364 38.87369 -14.03214 0.00392 0.00000 0.00000 1.00000
v -15.77290 38.42573 -10.97749 0.00392 0.00000 0.00000 1.00000
v -18.85721 38.31582 -6.41084 0.00392 0.00000 0.00000 1.00000
v -19.98701 38.56069 -1.02741 0.00392 0.00000 0.00000 1.00000
v -18.99030 39.12305 4.35322 0.00392 0.00000 0.00000 1.00000
v -16.01884 39.91731 8.91187 0.00392 0.00000 0.00000 1.00000
v -11.52497 40.82253 11.95457 0.00392 0.00000 0.00000 1.00000
v -6.19287 41.70091 13.01806 0.00392 0.00000 0.00000 1.00000
v -11.51027 63.50140 14.10217 0.00392 0.00000 0.00000 1.00000
v -5.28009 63.61554 12.90815 0.00392 0.00000 0.00000 1.00000
v 0.03391 63.53096 9.48351 0.00392 0.00000 0.00000 1.00000
v 3.62272 63.26054 4.34963 0.00392 0.00000 0.00000 1.00000
v 4.93997 62.84544 -1.71192 0.00392 0.00000 0.00000 1.00000
v 3.78512 62.34887 -7.77830 0.00392 0.00000 0.00000 1.00000
v 0.33400 61.84642 -12.92598 0.00392 0.00000 0.00000 1.00000
v -4.88800 61.41457 -16.37126 0.00392 0.00000 0.00000 1.00000
v -11.08589 61.11909 -17.58963 0.00392 0.00000 0.00000 1.00000
v -17.31607 61.00495 -16.39561 0.00392 0.00000 0.00000 1.00000
v -22.63007 61.08953 -12.97097 0.00392 0.00000 0.00000 1.00000
v -26.21887 61.35995 -7.83709 0.00392 0.00000 0.00000 1.00000
v -27.53613 61.77505 -1.77554 0.00392 0.00000 0.00000 1.00000
v -26.38128 62.27162 4.29084 0.00392 0.00000 0.00000 1.00000
v -22.93016 62.77408 9.43852 0.00392 0.00000 0.00000 1.00000
v -17.70815 63.20592 12.88380 0.00392 0.00000 0.00000 1.00000
v -11.51027 63.50140 14.10217 0.00392 0.00000 0.00000 1.00000
v -12.34638 66.74780 10.51326 0.00392 0.00000 0.00000 1.00000
v -7.40604 66.54684 9.59057 0.00392 0.00000 0.00000 1.00000
v -3.18714 66.21321 6.92443 0.00392 0.00000 0.00000 1.00000
v -0.33199 65.79768 2.92072 0.00392 0.00000 0.00000 1.00000
v 0.72476 65.36353 -1.81102 0.00392 0.00000 0.00000 1.00000
v -0.17778 64.97684 -6.55043 0.00392 0.00000 0.00000 1.00000
v -2.90221 64.69650 -10.57597 0.00392 0.00000 0.00000 1.00000
v -7.03375 64.56517 -13.27480 0.00392 0.00000 0.00000 1.00000
v -11.94342 64.60285 -14.23605 0.00392 0.00000 0.00000 1.00000
v -16.88376 64.80382 -13.31336 0.00392 0.00000 0.00000 1.00000
v -21.10265 65.13745 -10.64722 0.00392 0.00000 0.00000 1.00000
v -23.95781 65.55298 -6.64351 0.00392 0.00000 0.00000 1.00000
v -25.01456 65.98713 -1.91177 0.00392 0.00000 0.00000 1.00000
v -24.11202 66.37382 2.82764 0.00392 0.00000 0.00000 1.00000
v -21.38759 66.65416 6.85318 0.00392 0.00000 0.00000 1.00000
v -17.25605 66.78548 9.55201 0.00392 0.00000 0.00000 1.00000
v -12.34638 66.74780 10.51326 0.00392 0.00000 0.00000 1.00000
v -15.78589 79.18435 13.56847 0.00392 0.00000 0.00000 1.00000
v -10.04375 80.75922 12.33920 0.00392 0.00000 0.00000 1.00000
v -5.14427 81.91717 8.92642 0.00392 0.00000 0.00000 1.00000
v -1.83334 82.48191 3.84971 0.00392 0.00000 0.00000 1.00000
v -0.61504 82.36747 -2.11806 0.00392 0.00000 0.00000 1.00000
v -1.67483 81.59126 -8.06835 0.00392 0.00000 0.00000 1.00000
v -4.85138 80.27146 -13.09527 0.00392 0.00000 0.00000 1.00000
v -9.66107 78.60899 -16.43353 0.00392 0.00000 0.00000 1.00000
v -15.37169 76.85696 -17.57491 0.00392 0.00000 0.00000 1.00000
v -21.11383 75.28209 -16.34564 0.00392 0.00000 0.00000 1.00000
v -26.01332 74.12414 -12.93287 0.00392 0.00000 0.00000 1.00000
v -29.32424 73.55940 -7.85615 0.00392 0.00000 0.00000 1.00000
v -30.54254 73.67384 -1.88838 0.00392 0.00000 0.00000 1.00000
v -29.48274 74.45005 4.06191 0.00392 0.00000 0.00000 1.00000
v -26.30620 75.76984 9.08883 0.00392 0.00000 0.00000 1.00000
v -21.49651 77.43231 12.42709 0.00392 0.00000 0.00000 1.00000
v -15.78589 79.18435 13.56847 0.00392 0.00000 0.00000 1.00000
v -17.06853 83.68706 10.11862 0.00392 0.00000 0.00000 1.00000
v -12.58153 84.91403 9.15829 0.00392 0.00000 0.00000 1.00000
v -8.74370 85.78247 6.49238 0.00392 0.00000 0.00000 1.00000
v -6.13932 86.16016 2.52678 0.00392 0.00000 0.00000 1.00000
v -5.16487 85.98960 -2.13479 0.00392 0.00000 0.00000 1.00000
v -5.96870 85.29676 -6.78266 0.00392 0.00000 0.00000 1.00000
v -8.42845 84.18712 -10.70923 0.00392 0.00000 0.00000 1.00000
v -12.16964 82.82961 -13.31671 0.00392 0.00000 0.00000 1.00000
v -16.62270 81.43089 -14.20814 0.00392 0.00000 0.00000 1.00000
v -21.10970 80.20393 -13.24780 0.00392 0.00000 0.00000 1.00000
v -24.94752 79.33548 -10.58190 0.00392 0.00000 0.00000 1.00000
v -27.55191 78.95779 -6.61630 0.00392 0.00000 0.00000 1.00000
v -28.52636 79.12835 -1.95472 0.00392 0.00000 0.00000 1.00000
v -27.72252 79.82120 2.69315 0.00392 0.00000 0.00000 1.00000
v -25.26278 80.93083 6.61972 0.00392 0.00000 0.00000 1.00000
v -21.52159 82.28835 9.22720 0.00392 0.00000 0.00000 1.00000
v -17.06853 83.68706 10.11862 0.00392 0.00000 0.00000 1.00000
v -21.50110 98.26655 11.54661 0.00392 0.00000 0.00000 1.00000
v -16.62475 99.75151 10.49312 0.00392 0.00000 0.00000 1.00000
v -12.51519 101.03883 7.56941 0.00392 0.00000 0.00000 1.00000
v -9.79806 101.93252 3.22059 0.00392 0.00000 0.00000 1.00000
v -8.88703 102.29654 -1.89129 0.00392 0.00000 0.00000 1.00000
v -9.92079 102.07545 -6.98798 0.00392 0.00000 0.00000 1.00000
v -12.74196 101.30292 -11.29355 0.00392 0.00000 0.00000 1.00000
v -16.92104 100.09656 -14.15253 0.00392 0.00000 0.00000 1.00000
v -21.82181 98.64004 -15.12965 0.00392 0.00000 0.00000 1.00000
v -26.69816 97.15508 -14.07617 0.00392 0.00000 0.00000 1.00000
v -30.80772 95.86775 -11.15246 0.00392 0.00000 0.00000 1.00000
v -33.52485 94.97405 -6.80363 0.00392 0.00000 0.00000 1.00000
v -34.43587 94.61005 -1.69175 0.00392 0.00000 0.00000 1.00000
v -33.40211 94.83113 3.40494 0.00392 0.00000 0.00000 1.00000
v -30.58095 95.60366 7.71051 0.00392 0.00000 0.00000 1.00000
v -26.40187 96.81001 10.56948 0.00392 0.00000 0.00000 1.00000
v -21.50110 98.26655 11.54661 0.00392 0.00000 0.00000 1.00000
v -22.17885 100.44453 8.66654 0.00392 0.00000 0.00000 1.00000
v -18.36920 101.60466 7.84351 0.00392 0.00000 0.00000 1.00000
v -15.15861 102.61037 5.55936 0.00392 0.00000 0.00000 1.00000
v -13.03585 103.30858 2.16184 0.00392 0.00000 0.00000 1.00000
v -12.32411 103.59296 -1.83182 0.00392 0.00000 0.00000 1.00000
v -13.13174 103.42023 -5.81360 0.00392 0.00000 0.00000 1.00000
v -15.33578 102.81670 -9.17733 0.00392 0.00000 0.00000 1.00000
v -18.60068 101.87424 -11.41091 0.00392 0.00000 0.00000 1.00000
v -22.42941 100.73632 -12.17429 0.00392 0.00000 0.00000 1.00000
v -26.23906 99.57619 -11.35125 0.00392 0.00000 0.00000 1.00000
v -29.44965 98.57048 -9.06711 0.00392 0.00000 0.00000 1.00000
v -31.57240 97.87228 -5.66958 0.00392 0.00000 0.00000 1.00000
v -32.28415 97.58789 -1.67593 0.00392 0.00000 0.00000 1.00000
v -31.47652 97.76062 2.30586 0.00392 0.00000 0.00000 1.00000
v -29.27248 98.36415 5.66959 0.00392 0.00000 0.00000 1.00000
v -26.00758 99.30662 7.90316 0.00392 0.00000 0.00000 1.00000
v -22.17885 100.44453 8.66654 0.00392 0.00000 0.00000 1.00000
v -26.78078 114.33207 11.91863 0.00392 0.00000 0.00000 1.00000
v -22.28351 116.74012 10.90835 0.00392 0.00000 0.00000 1.00000
v -18.57665 119.03901 8.05184 0.00392 0.00000 0.00000 1.00000
v -16.22454 120.87872 3.78398 0.00392 0.00000 0.00000 1.00000
v -15.58526 121.97921 -1.24549 0.00392 0.00000 0.00000 1.00000
v -16.75613 122.17293 -6.27087 0.00392 0.00000 0.00000 1.00000
v -19.55891 121.43037 -10.52710 0.00392 0.00000 0.00000 1.00000
v -23.56688 119.86459 -13.36620 0.00392 0.00000 0.00000 1.00000
v -28.16989 117.71397 -14.35595 0.00392 0.00000 0.00000 1.00000
v -32.66715 115.30591 -13.34566 0.00392 0.00000 0.00000 1.00000
v -36.37401 113.00703 -10.48915 0.00392 0.00000 0.00000 1.00000
v -38.72612 111.16731 -6.22129 0.00392 0.00000 0.00000 1.00000
v -39.36541 110.06683 -1.19182 0.00392 0.00000 0.00000 1.00000
v -38.19453 109.87312 3.83356 0.00392 0.00000 0.00000 1.00000
v -35.39176 110.61568 8.08978 0.00392 0.00000 0.00000 1.00000
v -31.38378 112.18145 10.92889 0.00392 0.00000 0.00000 1.00000
v -26.78078 114.33207 11.91863 0.00392 0.00000 0.00000 1.00000
v -28.16176 118.16604 9.18491 0.00392 0.00000 0.00000 1.00000
v -24.70138 120.19702 8.40168 0.00392 0.00000 0.00000 1.00000
v -21.86516 122.16145 6.17684 0.00392 0.00000 0.00000 1.00000
v -20.08489 123.76028 2.84910 0.00392 0.00000 0.00000 1.00000
v -19.63159 124.75010 -1.07491 0.00392 0.00000 0.00000 1.00000
v -20.57428 124.98019 -4.99780 0.00392 0.00000 0.00000 1.00000
v -22.76944 124.41553 -8.32236 0.00392 0.00000 0.00000 1.00000
v -25.88287 123.14211 -10.54243 0.00392 0.00000 0.00000 1.00000
v -29.44059 121.35378 -11.32005 0.00392 0.00000 0.00000 1.00000
v -32.90097 119.32279 -10.53681 0.00392 0.00000 0.00000 1.00000
v -35.73719 117.35835 -8.31197 0.00392 0.00000 0.00000 1.00000
v -37.51746 115.75954 -4.98424 0.00392 0.00000 0.00000 1.00000
v -37.97076 114.76972 -1.06023 0.00392 0.00000 0.00000 1.00000
v -37.02807 114.53963 2.86267 0.00392 0.00000 0.00000 1.00000
v -34.83291 115.10428 6.18722 0.00392 0.00000 0.00000 1.00000
v -31.71948 116.37771 8.40730 0.00392 0.00000 0.00000 1.00000
v -28.16176 118.16604 9.18491 0.00392 0.00000 0.00000 1.00000
v -35.39791 136.89354 12.64091 0.00392 0.00000 0.00000 1.00000
v -30.75613 138.78380 11.61530 0.00392 0.00000 0.00000 1.00000
v -26.85804 140.44885 8.75109 0.00392 0.00000 0.00000 1.00000
v -24.29711 141.63516 4.48430 0.00392 0.00000 0.00000 1.00000
v -23.46320 142.16216 -0.53546 0.00392 0.00000 0.00000 1.00000
v -24.48327 141.94962 -5.54400 0.00392 0.00000 0.00000 1.00000
v -27.20203 141.02985 -9.77881 0.00392 0.00000 0.00000 1.00000
v -31.20558 139.54294 -12.59517 0.00392 0.00000 0.00000 1.00000
v -35.88440 137.71519 -13.56432 0.00392 0.00000 0.00000 1.00000
v -40.52618 135.82492 -12.53871 0.00392 0.00000 0.00000 1.00000
v -44.42427 134.15988 -9.67450 0.00392 0.00000 0.00000 1.00000
v -46.98521 132.97356 -5.40772 0.00392 0.00000 0.00000 1.00000
v -47.81911 132.44655 -0.38795 0.00392 0.00000 0.00000 1.00000
v -46.79904 132.65912 4.62059 0.00392 0.00000 0.00000 1.00000
v -44.08028 133.57887 8.85539 0.00392 0.00000 0.00000 1.00000
v -40.07673 135.06580 11.67176 0.00392 0.00000 0.00000 1.00000
v -35.39791 136.89354 12.64091 0.00392 0.00000 0.00000 1.00000
v -36.27715 139.05537 9.85501 0.00392 0.00000 0.00000 1.00000
v -32.65075 140.53215 9.05376 0.00392 0.00000 0.00000 1.00000
v -29.60537 141.83296 6.81609 0.00392 0.00000 0.00000 1.00000
v -27.60464 142.75978 3.48267 0.00392 0.00000 0.00000 1.00000
v -26.95315 143.17149 -0.43903 0.00392 0.00000 0.00000 1.00000
v -27.75008 143.00543 -4.35195 0.00392 0.00000 0.00000 1.00000
v -29.87412 142.28688 -7.66039 0.00392 0.00000 0.00000 1.00000
v -33.00188 141.12521 -9.86067 0.00392 0.00000 0.00000 1.00000
v -36.65721 139.69730 -10.61782 0.00392 0.00000 0.00000 1.00000
v -40.28361 138.22052 -9.81657 0.00392 0.00000 0.00000 1.00000
v -43.32899 136.91971 -7.57890 0.00392 0.00000 0.00000 1.00000
v -45.32972 135.99289 -4.24548 0.00392 0.00000 0.00000 1.00000
v -45.98121 135.58116 -0.32378 0.00392 0.00000 0.00000 1.00000
v -45.18428 135.74724 3.58914 0.00392 0.00000 0.00000 1.00000
v -43.06024 136.46579 6.89758 0.00392 0.00000 0.00000 1.00000
v -39.93248 137.62746 9.09786 0.00392 0.00000 0.00000 1.00000
v -36.27715 139.05537 9.85501 0.00392 0.00000 0.00000 1.00000
v -44.02886 157.23665 12.92102 0.00392 0.00000 0.00000 1.00000
v -35.76933 161.19566 9.07418 0.00392 0.00000 0.00000 1.00000
v -32.23828 162.47911 -0.12236 0.00392 0.00000 0.00000 1.00000
v -35.50417 160.33514 -9.28140 0.00392 0.00000 0.00000 1.00000
v -43.65387 156.01968 -13.03769 0.00392 0.00000 0.00000 1.00000
v -51.91340 152.06067 -9.19085 0.00392 0.00000 0.00000 1.00000
v -55.44445 150.77722 0.00570 0.00392 0.00000 0.00000 1.00000
v -52.17857 152.92119 9.16473 0.00392 0.00000 0.00000 1.00000
v -44.02886 157.23665 12.92102 0.00392 0.00000 0.00000 1.00000
v -45.53449 160.66479 10.11506 0.00392 0.00000 0.00000 1.00000
v -39.10858 163.81961 7.11029 0.00392 0.00000 0.00000 1.00000
v -36.32309 164.76047 -0.07509 0.00392 0.00000 0.00000 1.00000
v -38.80974 162.93622 -7.23198 0.00392 0.00000 0.00000 1.00000
v -45.11186 159.41550 -10.16797 0.00392 0.00000 0.00000 1.00000
v -51.53777 156.26070 -7.16321 0.00392 0.00000 0.00000 1.00000
v -54.32325 155.31982 0.02217 0.00392 0.00000 0.00000 1.00000
v -51.83661 157.14407 7.17906 0.00392 0.00000 0.00000 1.00000
v -45.53449 160.66479 10.11506 0.00392 0.00000 0.00000 1.00000
v -50.24826 171.75797 12.74410 0.00392 0.00000 0.00000 1.00000
v -41.85956 175.24600 8.92797 0.00392 0.00000 0.00000 1.00000
v -38.36717 176.55199 -0.19329 0.00392 0.00000 0.00000 1.00000
v -41.81689 174.91089 -9.27656 0.00392 0.00000 0.00000 1.00000
v -50.18793 171.28404 -13.00099 0.00392 0.00000 0.00000 1.00000
v -58.57663 167.79601 -9.18486 0.00392 0.00000 0.00000 1.00000
v -62.06902 166.49002 -0.06361 0.00392 0.00000 0.00000 1.00000
v -58.61930 168.13113 9.01966 0.00392 0.00000 0.00000 1.00000
v -50.24826 171.75797 12.74410 0.00392 0.00000 0.00000 1.00000
v -51.11390 173.76027 9.88837 0.00392 0.00000 0.00000 1.00000
v -44.56023 176.48529 6.90702 0.00392 0.00000 0.00000 1.00000
v -41.83180 177.50558 -0.21896 0.00392 0.00000 0.00000 1.00000
v -44.52690 176.22348 -7.31527 0.00392 0.00000 0.00000 1.00000
v -51.06676 173.39000 -10.22498 0.00392 0.00000 0.00000 1.00000
v -57.62045 170.66498 -7.24363 0.00392 0.00000 0.00000 1.00000
v -60.34887 169.64468 -0.11765 0.00392 0.00000 0.00000 1.00000
v -57.65377 170.92679 6.97866 0.00392 0.00000 0.00000 1.00000
v -51.11390 173.76027 9.88837 0.00392 0.00000 0.00000 1.00000
v -58.07065 191.20441 11.93403 0.00392 0.00000 0.00000 1.00000
v -49.61074 194.26563 8.16824 0.00392 0.00000 0.00000 1.00000
v -46.02246 195.22800 -0.84954 0.00392 0.00000 0.00000 1.00000
v -49.40778 193.52777 -9.83681 0.00392 0.00000 0.00000 1.00000
v -57.78362 190.16093 -13.52896 0.00392 0.00000 0.00000 1.00000
v -66.24353 187.09972 -9.76318 0.00392 0.00000 0.00000 1.00000
v -69.83180 186.13736 -0.74539 0.00392 0.00000 0.00000 1.00000
v -66.44649 187.83757 8.24188 0.00392 0.00000 0.00000 1.00000
v -58.07065 191.20441 11.93403 0.00392 0.00000 0.00000 1.00000
v -58.83505 193.17346 9.05468 0.00392 0.00000 0.00000 1.00000
v -52.22574 195.56503 6.11266 0.00392 0.00000 0.00000 1.00000
v -49.42240 196.31688 -0.93249 0.00392 0.00000 0.00000 1.00000
v -52.06717 194.98859 -7.95380 0.00392 0.00000 0.00000 1.00000
v -58.61080 192.35825 -10.83829 0.00392 0.00000 0.00000 1.00000
v -65.22010 189.96667 -7.89627 0.00392 0.00000 0.00000 1.00000
v -68.02345 189.21483 -0.85112 0.00392 0.00000 0.00000 1.00000
v -65.37867 190.54312 6.17019 0.00392 0.00000 0.00000 1.00000
v -58.83505 193.17346 9.05468 0.00392 0.00000 0.00000 1.00000
v -66.58643 214.49054 10.81645 0.00392 0.00000 0.00000 1.00000
v -58.11853 217.31752 7.08793 0.00392 0.00000 0.00000 1.00000
v -54.52486 218.17145 -1.85385 0.00392 0.00000 0.00000 1.00000
v -57.91056 216.55212 -10.77091 0.00392 0.00000 0.00000 1.00000
v -66.29231 213.40813 -14.43976 0.00392 0.00000 0.00000 1.00000
v -74.76022 210.58116 -10.71123 0.00392 0.00000 0.00000 1.00000
v -78.35389 209.72723 -1.76945 0.00392 0.00000 0.00000 1.00000
v -74.96819 211.34656 7.14761 0.00392 0.00000 0.00000 1.00000
v -66.58643 214.49054 10.81645 0.00392 0.00000 0.00000 1.00000
v -67.29937 216.47379 7.95531 0.00392 0.00000 0.00000 1.00000
v -60.68382 218.68236 5.04240 0.00392 0.00000 0.00000 1.00000
v -57.87626 219.34950 -1.94337 0.00392 0.00000 0.00000 1.00000
v -60.52134 218.08441 -8.90982 0.00392 0.00000 0.00000 1.00000
v -67.06959 215.62816 -11.77611 0.00392 0.00000 0.00000 1.00000
v -73.68514 213.41960 -8.86320 0.00392 0.00000 0.00000 1.00000
v -76.49269 212.75246 -1.87743 0.00392 0.00000 0.00000 1.00000
v -73.84762 214.01755 5.08902 0.00392 0.00000 0.00000 1.00000
v -67.29937 216.47379 7.95531 0.00392 0.00000 0.00000 1.00000
v -71.90193 229.86243 10.09809 0.00392 0.00000 0.00000 1.00000
v -63.52547 232.65524 6.40336 0.00392 0.00000 0.00000 1.00000
v -60.02393 233.63586 -2.45066 0.00392 0.00000 0.00000 1.00000
v -63.44849 232.22983 -11.27742 0.00392 0.00000 0.00000 1.00000
v -71.79308 229.26082 -14.90631 0.00392 0.00000 0.00000 1.00000
v -80.16955 226.46800 -11.21159 0.00392 0.00000 0.00000 1.00000
v -83.67108 225.48740 -2.35756 0.00392 0.00000 0.00000 1.00000
v -80.24652 226.89340 6.46919 0.00392 0.00000 0.00000 1.00000
v -71.90193 229.86243 10.09809 0.00392 0.00000 0.00000 1.00000
v -72.61716 231.90617 7.30931 0.00392 0.00000 0.00000 1.00000
v -66.07304 234.08806 4.42281 0.00392 0.00000 0.00000 1.00000
v -63.33747 234.85416 -2.49440 0.00392 0.00000 0.00000 1.00000
v -66.01291 233.75571 -9.39030 0.00392 0.00000 0.00000 1.00000
v -72.53211 231.43617 -12.22538 0.00392 0.00000 0.00000 1.00000
v -79.07623 229.25429 -9.33887 0.00392 0.00000 0.00000 1.00000
v -81.81181 228.48817 -2.42167 0.00392 0.00000 0.00000 1.00000
v -79.13638 229.58664 4.47424 0.00392 0.00000 0.00000 1.00000
v -72.61716 231.90617 7.30931 0.00392 0.00000 0.00000 1.00000
v -80.02328 252.99107 9.81413 0.00392 0.00000 0.00000 1.00000
v -71.76573 255.90498 6.12272 0.00392 0.00000 0.00000 1.00000
v -68.38428 257.08569 -2.67935 0.00392 0.00000 0.00000 1.00000
v -71.85974 255.84155 -11.43593 0.00392 0.00000 0.00000 1.00000
v -80.15624 252.90134 -15.01755 0.00392 0.00000 0.00000 1.00000
v -88.41379 249.98743 -11.32614 0.00392 0.00000 0.00000 1.00000
v -91.79523 248.80672 -2.52408 0.00392 0.00000 0.00000 1.00000
v -88.31978 250.05089 6.23250 0.00392 0.00000 0.00000 1.00000
v -80.02328 252.99107 9.81413 0.00392 0.00000 0.00000 1.00000
v -80.78200 255.08554 7.09454 0.00392 0.00000 0.00000 1.00000
v -74.33079 257.36203 4.21063 0.00392 0.00000 0.00000 1.00000
v -71.68903 258.28445 -2.66598 0.00392 0.00000 0.00000 1.00000
v -74.40424 257.31244 -9.50706 0.00392 0.00000 0.00000 1.00000
v -80.88587 255.01544 -12.30521 0.00392 0.00000 0.00000 1.00000
v -87.33708 252.73895 -9.42129 0.00392 0.00000 0.00000 1.00000
v -89.97884 251.81653 -2.54468 0.00392 0.00000 0.00000 1.00000
v -87.26363 252.78853 4.29640 0.00392 0.00000 0.00000 1.00000
v -80.78200 255.08554 7.09454 0.00392 0.00000 0.00000 1.00000
v -85.57823 268.15128 9.94763 0.00392 0.00000 0.00000 1.00000
v -77.50159 271.26712 6.31001 0.00392 0.00000 0.00000 1.00000
v -74.26628 272.74515 -2.38029 0.00392 0.00000 0.00000 1.00000
v -77.76751 271.71954 -11.03261 0.00392 0.00000 0.00000 1.00000
v -85.95430 268.79102 -14.57854 0.00392 0.00000 0.00000 1.00000
v -94.03094 265.67514 -10.94091 0.00392 0.00000 0.00000 1.00000
v -97.26624 264.19711 -2.25061 0.00392 0.00000 0.00000 1.00000
v -93.76502 265.22275 6.40170 0.00392 0.00000 0.00000 1.00000
v -85.57823 268.15128 9.94763 0.00392 0.00000 0.00000 1.00000
v -86.39626 270.31259 7.33155 0.00392 0.00000 0.00000 1.00000
v -80.08638 272.74689 4.48966 0.00392 0.00000 0.00000 1.00000
v -77.55879 273.90158 -2.29964 0.00392 0.00000 0.00000 1.00000
v -80.29413 273.10031 -9.05927 0.00392 0.00000 0.00000 1.00000
v -86.69006 270.81244 -11.82952 0.00392 0.00000 0.00000 1.00000
v -92.99993 268.37814 -8.98763 0.00392 0.00000 0.00000 1.00000
v -95.52752 267.22345 -2.19833 0.00392 0.00000 0.00000 1.00000
v -92.79218 268.02472 4.56129 0.00392 0.00000 0.00000 1.00000
v -86.39626 270.31259 7.33155 0.00392 0.00000 0.00000 1.00000
v -93.94159 291.46335 10.54500 0.00392 0.00000 0.00000 1.00000
v -85.89372 294.47217 6.92731 0.00392 0.00000 0.00000 1.00000
v -82.67663 295.91547 -1.70263 0.00392 0.00000 0.00000 1.00000
v -86.17484 294.94778 -10.28954 0.00392 0.00000 0.00000 1.00000
v -94.33915 292.13602 -13.80331 0.00392 0.00000 0.00000 1.00000
v -102.38702 289.12720 -10.18563 0.00392 0.00000 0.00000 1.00000
v -105.60411 287.68387 -1.55568 0.00392 0.00000 0.00000 1.00000
v -102.10590 288.65152 7.03122 0.00392 0.00000 0.00000 1.00000
v -93.94159 291.46335 10.54500 0.00392 0.00000 0.00000 1.00000
v -94.73851 293.63672 7.95221 0.00392 0.00000 0.00000 1.00000
v -88.45112 295.98737 5.12590 0.00392 0.00000 0.00000 1.00000
v -85.93777 297.11496 -1.61625 0.00392 0.00000 0.00000 1.00000
v -88.67074 296.35895 -8.32477 0.00392 0.00000 0.00000 1.00000
v -95.04911 294.16223 -11.06990 0.00392 0.00000 0.00000 1.00000
v -101.33650 291.81158 -8.24359 0.00392 0.00000 0.00000 1.00000
v -103.84986 290.68402 -1.50144 0.00392 0.00000 0.00000 1.00000
v -101.11687 291.44000 5.20708 0.00392 0.00000 0.00000 1.00000
v -94.73851 293.63672 7.95221 0.00392 0.00000 0.00000 1.00000
v -99.24731 307.38574 10.77546 0.00392 0.00000 0.00000 1.00000
v -87.86658 311.00171 -1.35741 0.00392 0.00000 0.00000 1.00000
v -99.50489 307.56836 -13.29747 0.00392 0.00000 0.00000 1.00000
v -110.88560 303.95239 -1.16460 0.00392 0.00000 0.00000 1.00000
v -99.24731 307.38574 10.77546 0.00392 0.00000 0.00000 1.00000
v -99.92883 309.53979 8.16566 0.00392 0.00000 0.00000 1.00000
v -91.03764 312.36478 -1.31314 0.00392 0.00000 0.00000 1.00000
v -100.13006 309.68253 -10.64131 0.00392 0.00000 0.00000 1.00000
v -109.02126 306.85754 -1.16251 0.00392 0.00000 0.00000 1.00000
v -99.92883 309.53979 8.16566 0.00392 0.00000 0.00000 1.00000
v -106.03239 331.48422 10.61339 0.00392 0.00000 0.00000 1.00000
v -94.54842 334.42221 -1.43822 0.00392 0.00000 0.00000 1.00000
v -106.15901 331.18677 -13.29069 0.00392 0.00000 0.00000 1.00000
v -117.64298 328.24881 -1.23907 0.00392 0.00000 0.00000 1.00000
v -106.03239 331.48422 10.61339 0.00392 0.00000 0.00000 1.00000
v -106.62279 333.60782 7.97511 0.00392 0.00000 0.00000 1.00000
v -97.65094 335.90311 -1.44022 0.00392 0.00000 0.00000 1.00000
v -106.72172 333.37543 -10.69996 0.00392 0.00000 0.00000 1.00000
v -115.69357 331.08014 -1.28463 0.00392 0.00000 0.00000 1.00000
v -106.62279 333.60782 7.97511 0.00392 0.00000 0.00000 1.00000
v -109.98247 347.91867 12.04271 0.00392 0.00000 0.00000 1.00000
v -96.47720 350.42014 -1.87712 0.00392 0.00000 0.00000 1.00000
v -109.95932 346.88327 -15.59332 0.00392 0.00000 0.00000 1.00000
v -123.46460 344.38181 -1.67349 0.00392 0.00000 0.00000 1.00000
v -109.98247 347.91867 12.04271 0.00392 0.00000 0.00000 1.00000
v -110.46754 349.98196 8.93806 0.00392 0.00000 0.00000 1.00000
v -99.91655 351.93622 -1.93680 0.00392 0.00000 0.00000 1.00000
v -110.44947 349.17307 -12.65259 0.00392 0.00000 0.00000 1.00000
v -121.00046 347.21881 -1.77772 0.00392 0.00000 0.00000 1.00000
v -110.46754 349.98196 8.93806 0.00392 0.00000 0.00000 1.00000
v -115.32820 372.08344 9.02859 0.00392 0.00000 0.00000 1.00000
v -103.85446 374.06192 -2.76681 0.00392 0.00000 0.00000 1.00000
v -115.29610 371.11700 -14.39043 0.00392 0.00000 0.00000 1.00000
v -126.76985 369.13846 -2.59503 0.00392 0.00000 0.00000 1.00000
v -115.32820 372.08344 9.02859 0.00392 0.00000 0.00000 1.00000
v -115.79381 374.15799 6.37652 0.00392 0.00000 0.00000 1.00000
v -106.82995 375.70370 -2.83863 0.00392 0.00000 0.00000 1.00000
v -115.76874 373.40295 -11.91959 0.00392 0.00000 0.00000 1.00000
v -124.73260 371.85724 -2.70444 0.00392 0.00000 0.00000 1.00000
v -115.79381 374.15799 6.37652 0.00392 0.00000 0.00000 1.00000
v -118.79906 388.05377 8.33358 0.00392 0.00000 0.00000 1.00000
v -107.52505 390.23962 -3.33384 0.00392 0.00000 0.00000 1.00000
v -118.85859 387.43719 -14.81023 0.00392 0.00000 0.00000 1.00000
v -130.13258 385.25134 -3.14280 0.00392 0.00000 0.00000 1.00000
v -118.79906 388.05377 8.33358 0.00392 0.00000 0.00000 1.00000
v -119.28680 390.16507 5.74542 0.00392 0.00000 0.00000 1.00000
v -110.47897 391.87280 -3.36976 0.00392 0.00000 0.00000 1.00000
v -119.33329 389.68341 -12.33568 0.00392 0.00000 0.00000 1.00000
v -128.14110 387.97571 -3.22050 0.00392 0.00000 0.00000 1.00000
v -119.28680 390.16507 5.74542 0.00392 0.00000 0.00000 1.00000
v -126.28420 422.48776 11.83068 0.00392 0.00000 0.00000 1.00000
v -111.38188 425.69791 -3.71099 0.00392 0.00000 0.00000 1.00000
v -126.00903 419.85706 -18.94284 0.00392 0.00000 0.00000 1.00000
v -140.91135 416.64688 -3.40116 0.00392 0.00000 0.00000 1.00000
v -126.28420 422.48776 11.83068 0.00392 0.00000 0.00000 1.00000
v -127.32738 427.06628 8.44083 0.00392 0.00000 0.00000 1.00000
v -115.68494 429.57422 -3.70111 0.00392 0.00000 0.00000 1.00000
v -126.99556 424.48123 -15.59838 0.00392 0.00000 0.00000 1.00000
v -138.63800 421.97336 -3.45644 0.00392 0.00000 0.00000 1.00000
v -127.32738 427.06628 8.44083 0.00392 0.00000 0.00000 1.00000
v -127.31111 427.90521 8.00364 0.00392 0.00000 0.00000 1.00000
v -116.31835 430.25424 -3.45662 0.00392 0.00000 0.00000 1.00000
v -127.62050 428.32779 -14.69257 0.00392 0.00000 0.00000 1.00000
v -138.61324 425.97873 -3.23230 0.00392 0.00000 0.00000 1.00000
v -127.31111 427.90521 8.00364 0.00392 0.00000 0.00000 1.00000
v -127.76477 430.14307 5.56777 0.00392 0.00000 0.00000 1.00000
v -119.17668 431.97827 -3.38556 0.00392 0.00000 0.00000 1.00000
v -128.00648 430.47324 -12.16364 0.00392 0.00000 0.00000 1.00000
v -136.59457 428.63806 -3.21031 0.00392 0.00000 0.00000 1.00000
v -127.76477 430.14307 5.56777 0.00392 0.00000 0.00000 1.00000
v -132.64206 461.10858 17.37736 0.00392 0.00000 0.00000 1.00000
v -113.20712 464.28253 -2.75824 0.00392 0.00000 0.00000 1.00000
v -133.32448 462.63531 -22.41708 0.00392 0.00000 0.00000 1.00000
v -152.75945 459.46140 -2.28149 0.00392 0.00000 0.00000 1.00000
v -132.64206 461.10858 17.37736 0.00392 0.00000 0.00000 1.00000
v -133.43008 465.87579 13.15473 0.00392 0.00000 0.00000 1.00000
v -118.23300 468.26825 -2.57867 0.00392 0.00000 0.00000 1.00000
v -133.98007 467.17719 -17.93161 0.00392 0.00000 0.00000 1.00000
v -149.17714 464.78473 -2.19821 0.00392 0.00000 0.00000 1.00000
v -133.43008 465.87579 13.15473 0.00392 0.00000 0.00000 1.00000
v -134.08000 475.04474 12.62954 0.00392 0.00000 0.00000 1.00000
v -119.44679 476.77637 -2.49285 0.00392 0.00000 0.00000 1.00000
v -134.51378 475.44565 -17.22483 0.00392 0.00000 0.00000 1.00000
v -149.14699 473.71402 -2.10243 0.00392 0.00000 0.00000 1.00000
v -134.08000 475.04474 12.62954 0.00392 0.00000 0.00000 1.00000
v -134.73402 478.95123 -2.22112 0.00392 0.00000 0.00000 1.00000
v -134.73402 478.95123 -2.22112 0.00392 0.00000 0.00000 1.00000
v -134.73402 478.95123 -2.22112 0.00392 0.00000 0.00000 1.00000
v -134.73402 478.95123 -2.22112 0.00392 0.00000 0.00000 1.00000
v -128.72726 457.42691 -13.28069 0.00392 0.85882 0.00000 1.00000
v -138.05176 466.09250 -8.25162 0.00392 0.85882 0.01569 1.00000
v -145.97638 456.10828 -1.15174 0.00392 0.85882 0.01569 1.00000
v -142.47173 445.00018 -2.42158 0.00392 0.85882 0.00000 1.00000
v -126.94473 455.52521 8.03738 0.00392 0.85882 0.00000 1.00000
v -136.71379 464.65002 6.20596 0.00392 0.85882 0.01569 1.00000
v -138.05176 466.09250 -8.25162 0.00392 0.85882 0.01569 1.00000
v -128.72726 457.42691 -13.28070 0.00392 0.85882 0.00000 1.00000
v -154.14699 475.78146 -2.24957 0.00392 0.85882 0.03137 1.00000
v -157.35437 469.83728 1.28749 0.00392 0.85882 0.03137 1.00000
v -153.44534 475.00717 5.30288 0.00392 0.85882 0.03137 1.00000
v -154.14699 475.78146 -2.24957 0.00392 0.85882 0.03137 1.00000
v -171.65393 484.40088 0.56508 0.00392 0.85882 0.06667 1.00000
v -172.46901 477.96875 3.54917 0.00392 0.85882 0.06667 1.00000
v -170.90269 483.61859 7.61952 0.00392 0.85882 0.06667 1.00000
v -171.65393 484.40088 0.56508 0.00392 0.85882 0.06667 1.00000
v -191.23395 486.17892 3.33285 0.00392 0.85882 0.08235 1.00000
v -190.98203 480.08539 5.98284 0.00392 0.85882 0.08235 1.00000
v -190.38574 485.43570 9.88610 0.00392 0.85882 0.08235 1.00000
v -191.23395 486.17892 3.33285 0.00392 0.85882 0.08235 1.00000
v -211.26912 484.62302 6.25875 0.00392 0.85882 0.11765 1.00000
v -209.26448 479.22659 8.47593 0.00392 0.85882 0.11765 1.00000
v -210.15962 483.98874 12.29388 0.00392 0.85882 0.11765 1.00000
v -211.26912 484.62302 6.25875 0.00392 0.85882 0.11765 1.00000
v -228.74364 475.49765 12.04428 0.00392 0.85882 0.13725 1.00000
v -228.74364 475.49765 12.04428 0.00392 0.85882 0.13725 1.00000
v -142.46527 458.17471 -5.11575 0.00392 0.81176 0.00000 1.00000
v -136.74065 469.15082 4.55911 0.00392 0.81176 0.01961 1.00000
v -128.90683 460.01984 12.81433 0.00392 0.81176 0.01961 1.00000
v -130.54160 446.69644 8.57111 0.00392 0.81176 0.00000 1.00000
v -121.26505 456.51682 -8.12498 0.00392 0.81176 0.00000 1.00000
v -122.36065 467.90204 2.42633 0.00392 0.81176 0.01961 1.00000
v -136.74065 469.15082 4.55911 0.00392 0.81176 0.01961 1.00000
v -142.46527 458.17465 -5.11575 0.00392 0.81176 0.00000 1.00000
v -129.47446 483.08572 21.38138 0.00392 0.81176 0.03922 1.00000
v -125.51382 477.77502 25.15511 0.00392 0.81176 0.03922 1.00000
v -121.96026 482.42719 20.27036 0.00392 0.81176 0.03922 1.00000
v -129.47446 483.08572 21.38139 0.00392 0.81176 0.03922 1.00000
v -125.30387 496.69070 39.33942 0.00392 0.81176 0.07843 1.00000
v -121.88079 490.84497 41.58685 0.00392 0.81176 0.07843 1.00000
v -118.27529 496.04239 38.28103 0.00392 0.81176 0.07843 1.00000
v -125.30387 496.69070 39.33942 0.00392 0.81176 0.07843 1.00000
v -121.23886 505.36368 60.56442 0.00392 0.81176 0.09804 1.00000
v -118.17729 499.64337 62.02095 0.00392 0.81176 0.09804 1.00000
v -114.67804 504.77826 59.65347 0.00392 0.81176 0.09804 1.00000
v -121.23886 505.36368 60.56442 0.00392 0.81176 0.09804 1.00000
v -117.58857 511.19647 83.18456 0.00392 0.81176 0.14118 1.00000
v -114.97675 505.60916 83.05602 0.00392 0.81176 0.14118 1.00000
v -111.48329 510.66101 82.48090 0.00392 0.81176 0.14118 1.00000
v -117.58857 511.19647 83.18456 0.00392 0.81176 0.14118 1.00000
v -112.24950 507.74023 106.33422 0.00392 0.81176 0.16078 1.00000
v -112.24950 507.74023 106.33422 0.00392 0.81176 0.16078 1.00000
v -134.47749 458.83060 8.11149 0.00392 0.86275 0.00000 1.00000
v -123.95638 472.79410 2.30738 0.00392 0.86275 0.02353 1.00000
v -115.42505 464.06555 -5.68770 0.00392 0.86275 0.02353 1.00000
v -120.19957 448.39340 -4.07292 0.00392 0.86275 0.00000 1.00000
v -137.40587 457.51865 -13.12427 0.00392 0.86275 0.00000 1.00000
v -126.17468 471.59436 -12.06385 0.00392 0.86275 0.02353 1.00000
v -123.95638 472.79410 2.30739 0.00392 0.86275 0.02353 1.00000
v -134.47749 458.83060 8.11149 0.00392 0.86275 0.00000 1.00000
v -104.72861 489.99698 -6.09446 0.00392 0.86275 0.04706 1.00000
v -101.04589 484.63644 -10.07364 0.00392 0.86275 0.04706 1.00000
v -106.05568 489.20526 -13.56062 0.00392 0.86275 0.04706 1.00000
v -104.72859 489.99692 -6.09445 0.00392 0.86275 0.04706 1.00000
v -83.29910 505.75354 -12.36953 0.00392 0.86275 0.09412 1.00000
v -81.82834 499.52945 -15.53801 0.00392 0.86275 0.09412 1.00000
v -85.02999 504.73914 -19.21909 0.00392 0.86275 0.09412 1.00000
v -83.29910 505.75354 -12.36953 0.00392 0.86275 0.09412 1.00000
v -58.05354 513.06836 -20.49102 0.00392 0.86275 0.11765 1.00000
v -57.61270 506.99200 -23.15564 0.00392 0.86275 0.11765 1.00000
v -59.82387 512.07855 -26.82371 0.00392 0.86275 0.11765 1.00000
v -58.05354 513.06836 -20.49101 0.00392 0.86275 0.11765 1.00000
v -31.48448 515.91174 -29.09494 0.00392 0.86275 0.16471 1.00000
v -32.93594 510.22144 -30.98420 0.00392 0.86275 0.16471 1.00000
v -33.45865 514.98743 -34.86594 0.00392 0.86275 0.16471 1.00000
v -31.48448 515.91174 -29.09494 0.00392 0.86275 0.16471 1.00000
v -6.56198 507.76208 -39.78853 0.00392 0.86275 0.18824 1.00000
v -6.56198 507.76208 -39.78853 0.00392 0.86275 0.18824 1.00000
v -121.11830 459.27988 0.18030 0.00392 0.26275 0.00000 1.00000
v -125.94257 469.29489 -7.12852 0.00392 0.26275 0.01569 1.00000
v -134.08264 461.25238 -16.18115 0.00392 0.26275 0.01569 1.00000
v -133.43729 449.96097 -14.74130 0.00392 0.26275 0.00000 1.00000
v -142.40814 458.38196 2.86168 0.00392 0.26275 0.00000 1.00000
v -140.36725 468.40152 -5.12282 0.00392 0.26275 0.01569 1.00000
v -125.94257 469.29489 -7.12852 0.00392 0.26275 0.01569 1.00000
v -121.11830 459.27988 0.18030 0.00392 0.26275 0.00000 1.00000
v -132.31396 481.69650 -20.37069 0.00392 0.26275 0.03137 1.00000
v -136.38902 476.59998 -24.31409 0.00392 0.26275 0.03137 1.00000
v -139.81528 481.05826 -19.16473 0.00392 0.26275 0.03137 1.00000
v -132.31396 481.69650 -20.37069 0.00392 0.26275 0.03137 1.00000
v -136.02853 493.41858 -34.90206 0.00392 0.26275 0.06275 1.00000
v -139.42957 487.46323 -36.87906 0.00392 0.26275 0.06275 1.00000
v -143.00612 492.69046 -33.58880 0.00392 0.26275 0.06275 1.00000
v -136.02853 493.41858 -34.90206 0.00392 0.26275 0.06275 1.00000
v -140.31393 499.79492 -52.45146 0.00392 0.26275 0.08235 1.00000
v -143.27301 493.91867 -53.41582 0.00392 0.26275 0.08235 1.00000
v -146.79913 499.08701 -51.16385 0.00392 0.26275 0.08235 1.00000
v -140.31393 499.79492 -52.45146 0.00392 0.26275 0.08235 1.00000
v -144.61601 503.36142 -70.98050 0.00392 0.26275 0.11373 1.00000
v -147.06406 497.71585 -70.54392 0.00392 0.26275 0.11373 1.00000
v -150.64952 502.69214 -69.88275 0.00392 0.26275 0.11373 1.00000
v -144.61601 503.36142 -70.98051 0.00392 0.26275 0.11373 1.00000
v -150.54366 500.25220 -89.59714 0.00392 0.26275 0.12941 1.00000
v -150.54366 500.25220 -89.59714 0.00392 0.26275 0.12941 1.00000
v -130.43564 461.04236 -13.82069 0.00392 0.93725 0.00000 1.00000
v -138.39442 475.84280 -7.40612 0.00392 0.93725 0.01961 1.00000
v -146.94812 468.32355 1.71459 0.00392 0.93725 0.01961 1.00000
v -144.39928 452.58218 0.13267 0.00392 0.93725 0.00000 1.00000
v -125.35990 459.75739 7.00813 0.00392 0.93725 0.00000 1.00000
v -134.64546 474.44110 6.62502 0.00392 0.93725 0.01961 1.00000
v -138.39442 475.84280 -7.40613 0.00392 0.93725 0.01961 1.00000
v -130.43565 461.04236 -13.82069 0.00392 0.93725 0.00000 1.00000
v -153.67155 494.80798 2.95436 0.00392 0.93725 0.04314 1.00000
v -157.43645 489.90585 7.41823 0.00392 0.93725 0.04314 1.00000
v -151.45506 493.74908 10.17221 0.00392 0.93725 0.04314 1.00000
v -153.67155 494.80798 2.95436 0.00392 0.93725 0.04314 1.00000
v -171.24840 512.52985 11.98639 0.00392 0.93725 0.09020 1.00000
v -173.12343 506.52417 15.35645 0.00392 0.93725 0.09020 1.00000
v -168.66624 511.13321 18.49203 0.00392 0.93725 0.09020 1.00000
v -171.24840 512.52985 11.98639 0.00392 0.93725 0.09020 1.00000
v -192.85359 523.23010 23.60339 0.00392 0.93725 0.11373 1.00000
v -193.80510 517.24097 26.33138 0.00392 0.93725 0.11373 1.00000
v -190.25035 521.83917 29.56202 0.00392 0.93725 0.11373 1.00000
v -192.85359 523.23010 23.60338 0.00392 0.93725 0.11373 1.00000
v -215.85732 530.31293 35.93562 0.00392 0.93725 0.16078 1.00000
v -215.50877 524.45154 37.82726 0.00392 0.93725 0.16078 1.00000
v -213.25156 528.97357 41.36447 0.00392 0.93725 0.16078 1.00000
v -215.85732 530.31293 35.93562 0.00392 0.93725 0.16078 1.00000
v -239.28000 529.18707 50.31345 0.00392 0.93725 0.18431 1.00000
v -239.28000 529.18707 50.31345 0.00392 0.93725 0.18431 1.00000
v -143.64580 461.33707 -4.51482 0.00392 0.86275 0.00000 1.00000
v -137.88185 476.72336 2.56947 0.00392 0.86275 0.02353 1.00000
v -128.32663 470.40524 11.60671 0.00392 0.86275 0.02353 1.00000
v -129.25175 454.19424 9.73460 0.00392 0.86275 0.00000 1.00000
v -122.80873 460.73065 -9.68231 0.00392 0.86275 0.00000 1.00000
v -123.65384 476.76865 -0.66377 0.00392 0.86275 0.02353 1.00000
v -137.88185 476.72336 2.56947 0.00392 0.86275 0.02353 1.00000
v -143.64580 461.33707 -4.51481 0.00392 0.86275 0.00000 1.00000
v -131.21237 497.27225 18.19803 0.00392 0.86275 0.04706 1.00000
v -126.34329 493.19400 22.41599 0.00392 0.86275 0.04706 1.00000
v -123.74773 497.46390 16.65731 0.00392 0.86275 0.04706 1.00000
v -131.21237 497.27225 18.19803 0.00392 0.86275 0.04706 1.00000
v -128.01120 516.35016 36.61201 0.00392 0.86275 0.09412 1.00000
v -123.69621 511.29666 39.21663 0.00392 0.86275 0.09412 1.00000
v -120.98130 516.70331 35.43000 0.00392 0.86275 0.09412 1.00000
v -128.01122 516.35016 36.61201 0.00392 0.86275 0.09412 1.00000
v -124.51990 529.00635 60.53328 0.00392 0.86275 0.11765 1.00000
v -120.60683 523.91400 62.25735 0.00392 0.86275 0.11765 1.00000
v -117.95910 529.35974 59.50960 0.00392 0.86275 0.11765 1.00000
v -124.51990 529.00635 60.53328 0.00392 0.86275 0.11765 1.00000
v -120.83942 538.21649 86.28550 0.00392 0.86275 0.16471 1.00000
v -117.38278 533.12262 86.68584 0.00392 0.86275 0.16471 1.00000
v -114.74800 538.54236 85.36643 0.00392 0.86275 0.16471 1.00000
v -120.83942 538.21649 86.28550 0.00392 0.86275 0.16471 1.00000
v -113.53631 540.19458 113.49424 0.00392 0.86275 0.18824 1.00000
v -113.53631 540.19458 113.49424 0.00392 0.86275 0.18824 1.00000
v -134.17143 461.83185 8.78427 0.00392 0.73725 0.00000 1.00000
v -128.51868 476.45319 3.37359 0.00392 0.73725 0.01961 1.00000
v -119.28484 471.19864 -6.62733 0.00392 0.73725 0.01961 1.00000
v -119.94542 455.87189 -6.16074 0.00392 0.73725 0.00000 1.00000
v -139.87329 461.43848 -11.91810 0.00392 0.73725 0.00000 1.00000
v -132.29370 476.38608 -10.72028 0.00392 0.73725 0.01961 1.00000
v -128.51868 476.45319 3.37359 0.00392 0.73725 0.01961 1.00000
v -134.17143 461.83185 8.78428 0.00392 0.73725 0.00000 1.00000
v -116.83487 497.14780 -3.16892 0.00392 0.73725 0.04314 1.00000
v -112.27220 493.85953 -8.31681 0.00392 0.73725 0.04314 1.00000
v -118.72655 497.24576 -10.55426 0.00392 0.73725 0.04314 1.00000
v -116.83487 497.14780 -3.16892 0.00392 0.73725 0.04314 1.00000
v -103.76289 517.44269 -6.15840 0.00392 0.73725 0.08627 1.00000
v -99.99256 513.62042 -10.86121 0.00392 0.73725 0.08627 1.00000
v -105.24433 517.89026 -13.12593 0.00392 0.73725 0.08627 1.00000
v -103.76289 517.44269 -6.15840 0.00392 0.73725 0.08627 1.00000
v -86.49480 535.41138 -8.34072 0.00392 0.73725 0.10980 1.00000
v -83.21786 531.58826 -12.68381 0.00392 0.73725 0.10980 1.00000
v -87.66451 536.02893 -14.85741 0.00392 0.73725 0.10980 1.00000
v -86.49480 535.41138 -8.34072 0.00392 0.73725 0.10980 1.00000
v -67.49974 551.75134 -9.85425 0.00392 0.73725 0.15294 1.00000
v -65.02567 547.73773 -13.83246 0.00392 0.73725 0.15294 1.00000
v -68.08351 552.66931 -15.92653 0.00392 0.73725 0.15294 1.00000
v -67.49974 551.75134 -9.85425 0.00392 0.73725 0.15294 1.00000
v -44.24787 562.79681 -12.97511 0.00392 0.73725 0.17255 1.00000
v -44.24787 562.79681 -12.97511 0.00392 0.73725 0.17255 1.00000
v -121.08242 462.39682 -1.16326 0.00392 0.59608 0.00000 1.00000
v -126.47395 478.44052 -5.97774 0.00392 0.59608 0.01961 1.00000
v -136.88567 473.95981 -15.16534 0.00392 0.59608 0.01961 1.00000
v -136.61258 457.59109 -15.19798 0.00392 0.59608 0.00000 1.00000
v -141.58643 462.03430 5.21704 0.00392 0.59608 0.00000 1.00000
v -140.42078 478.30579 -1.69287 0.00392 0.59608 0.01961 1.00000
v -126.47395 478.44052 -5.97775 0.00392 0.59608 0.01961 1.00000
v -121.08242 462.39682 -1.16327 0.00392 0.59608 0.00000 1.00000
v -133.26732 501.45557 -16.43978 0.00392 0.59608 0.04314 1.00000
v -138.63861 498.61322 -21.04430 0.00392 0.59608 0.04314 1.00000
v -140.57365 501.50751 -14.26124 0.00392 0.59608 0.04314 1.00000
v -133.26732 501.45557 -16.43978 0.00392 0.59608 0.04314 1.00000
v -136.54666 524.19653 -28.32447 0.00392 0.59608 0.09020 1.00000
v -141.46750 520.82971 -32.24764 0.00392 0.59608 0.09020 1.00000
v -143.43898 524.59503 -26.51378 0.00392 0.59608 0.09020 1.00000
v -136.54666 524.19653 -28.32448 0.00392 0.59608 0.09020 1.00000
v -139.31636 545.10101 -44.59790 0.00392 0.59608 0.11373 1.00000
v -143.86011 541.69183 -48.05457 0.00392 0.59608 0.11373 1.00000
v -145.76559 545.67590 -43.08332 0.00392 0.59608 0.11373 1.00000
v -139.31636 545.10101 -44.59790 0.00392 0.59608 0.11373 1.00000
v -141.62000 564.57391 -62.89394 0.00392 0.59608 0.16078 1.00000
v -145.75435 560.80316 -65.49100 0.00392 0.59608 0.16078 1.00000
v -147.63980 565.38715 -61.81839 0.00392 0.59608 0.16078 1.00000
v -141.62000 564.57391 -62.89394 0.00392 0.59608 0.16078 1.00000
v -146.42088 578.75714 -86.04277 0.00392 0.59608 0.18431 1.00000
v -146.42088 578.75714 -86.04277 0.00392 0.59608 0.18431 1.00000
v -132.54068 463.79062 -14.19777 0.00392 0.85490 0.00000 1.00000
v -135.63356 478.58234 -9.03762 0.00392 0.85490 0.01961 1.00000
v -143.72418 474.48880 2.39380 0.00392 0.85490 0.01961 1.00000
v -145.03197 460.27667 2.91579 0.00392 0.85490 0.00000 1.00000
v -123.99071 463.71503 5.50365 0.00392 0.85490 0.00000 1.00000
v -129.72057 478.11966 4.29337 0.00392 0.85490 0.01961 1.00000
v -135.63356 478.58234 -9.03762 0.00392 0.85490 0.01961 1.00000
v -132.54068 463.79062 -14.19777 0.00392 0.85490 0.00000 1.00000
v -143.36160 499.07104 -0.72894 0.00392 0.85490 0.03922 1.00000
v -147.26614 496.00711 5.05883 0.00392 0.85490 0.03922 1.00000
v -140.19881 498.63275 6.19465 0.00392 0.85490 0.03922 1.00000
v -143.36160 499.07104 -0.72894 0.00392 0.85490 0.03922 1.00000
v -153.32805 519.17902 5.73399 0.00392 0.85490 0.07843 1.00000
v -156.06992 514.71942 10.58538 0.00392 0.85490 0.07843 1.00000
v -150.21385 518.50000 12.12009 0.00392 0.85490 0.07843 1.00000
v -153.32805 519.17902 5.73399 0.00392 0.85490 0.07843 1.00000
v -167.82507 535.42542 14.90247 0.00392 0.85490 0.10196 1.00000
v -169.89709 530.72150 19.12115 0.00392 0.85490 0.10196 1.00000
v -164.89034 534.74963 20.83101 0.00392 0.85490 0.10196 1.00000
v -167.82507 535.42542 14.90247 0.00392 0.85490 0.10196 1.00000
v -184.28209 549.44983 24.97908 0.00392 0.85490 0.14118 1.00000
v -185.30911 544.39093 28.35676 0.00392 0.85490 0.14118 1.00000
v -181.58154 548.81952 30.48961 0.00392 0.85490 0.14118 1.00000
v -184.28209 549.44983 24.97908 0.00392 0.85490 0.14118 1.00000
v -203.10422 557.39978 38.26319 0.00392 0.85490 0.16078 1.00000
v -203.10422 557.39978 38.26319 0.00392 0.85490 0.16078 1.00000
v -144.58383 464.36212 -2.16294 0.00392 0.83922 0.00000 1.00000
v -139.70268 479.35260 -0.32747 0.00392 0.83922 0.01961 1.00000
v -127.61671 476.74194 7.41890 0.00392 0.83922 0.01961 1.00000
v -126.66695 462.04953 9.45132 0.00392 0.83922 0.00000 1.00000
v -125.42952 464.25064 -11.87655 0.00392 0.83922 0.00000 1.00000
v -126.67458 479.39905 -6.89699 0.00392 0.83922 0.01961 1.00000
v -139.70268 479.35260 -0.32747 0.00392 0.83922 0.01961 1.00000
v -144.58383 464.36212 -2.16294 0.00392 0.83922 0.00000 1.00000
v -133.36115 501.41653 5.12365 0.00392 0.83922 0.03922 1.00000
v -127.09765 499.59662 9.07180 0.00392 0.83922 0.03922 1.00000
v -126.53772 501.55579 1.72472 0.00392 0.83922 0.03922 1.00000
v -133.36115 501.41653 5.12365 0.00392 0.83922 0.03922 1.00000
v -130.29750 523.35577 12.15191 0.00392 0.83922 0.08235 1.00000
v -124.53622 520.95532 15.61415 0.00392 0.83922 0.08235 1.00000
v -123.85180 523.85278 9.12743 0.00392 0.83922 0.08235 1.00000
v -130.29750 523.35577 12.15191 0.00392 0.83922 0.08235 1.00000
v -126.85902 544.35236 23.23185 0.00392 0.83922 0.10196 1.00000
v -121.55697 541.72131 26.26212 0.00392 0.83922 0.10196 1.00000
v -120.82595 544.96490 20.50351 0.00392 0.83922 0.10196 1.00000
v -126.85902 544.35236 23.23185 0.00392 0.83922 0.10196 1.00000
v -123.13334 564.22791 36.47053 0.00392 0.83922 0.14510 1.00000
v -118.38853 560.96741 38.68688 0.00392 0.83922 0.14510 1.00000
v -117.46393 565.09888 34.20002 0.00392 0.83922 0.14510 1.00000
v -123.13334 564.22784 36.47053 0.00392 0.83922 0.14510 1.00000
v -115.27270 579.47144 54.43994 0.00392 0.83922 0.16471 1.00000
v -115.27270 579.47144 54.43994 0.00392 0.83922 0.16471 1.00000
v -132.62692 464.80328 9.16801 0.00392 0.65882 0.00000 1.00000
v -131.53702 481.69135 4.83505 0.00392 0.65882 0.01961 1.00000
v -123.75063 479.86978 -7.36931 0.00392 0.65882 0.01961 1.00000
v -121.01682 463.82245 -8.87355 0.00392 0.65882 0.00000 1.00000
v -142.43945 464.91647 -9.93581 0.00392 0.65882 0.00000 1.00000
v -138.20491 481.70480 -8.14307 0.00392 0.65882 0.01961 1.00000
v -131.53702 481.69135 4.83505 0.00392 0.65882 0.01961 1.00000
v -132.62692 464.80328 9.16801 0.00392 0.65882 0.00000 1.00000
v -127.28201 506.64285 -1.41208 0.00392 0.65882 0.04314 1.00000
v -123.29519 505.18344 -7.74507 0.00392 0.65882 0.04314 1.00000
v -130.78035 506.56516 -8.18606 0.00392 0.65882 0.04314 1.00000
v -127.28201 506.64285 -1.41208 0.00392 0.65882 0.04314 1.00000
v -121.67763 531.66394 -5.04649 0.00392 0.65882 0.09020 1.00000
v -118.16946 529.40729 -10.83802 0.00392 0.65882 0.09020 1.00000
v -125.01624 531.35754 -11.34738 0.00392 0.65882 0.09020 1.00000
v -121.67763 531.66394 -5.04649 0.00392 0.65882 0.09020 1.00000
v -113.60034 556.26031 -11.21140 0.00392 0.65882 0.11373 1.00000
v -110.47351 553.73499 -16.50880 0.00392 0.65882 0.11373 1.00000
v -116.75917 555.83667 -17.04743 0.00392 0.65882 0.11373 1.00000
v -113.60034 556.26031 -11.21141 0.00392 0.65882 0.11373 1.00000
v -104.35292 580.34894 -18.78582 0.00392 0.65882 0.16078 1.00000
v -101.81579 577.15424 -23.41325 0.00392 0.65882 0.16078 1.00000
v -107.42585 579.63013 -24.08645 0.00392 0.65882 0.16078 1.00000
v -104.35292 580.34894 -18.78582 0.00392 0.65882 0.16078 1.00000
v -92.53244 601.02551 -32.46046 0.00392 0.65882 0.18431 1.00000
v -92.53244 601.02551 -32.46046 0.00392 0.65882 0.18431 1.00000
v -121.45196 465.16626 -2.70648 0.00392 0.96078 0.00000 1.00000
v -124.99382 482.42096 -2.97471 0.00392 0.96078 0.02353 1.00000
v -137.12320 481.53790 -11.03640 0.00392 0.96078 0.02353 1.00000
v -139.30969 465.60022 -14.62984 0.00392 0.96078 0.00000 1.00000
v -140.70317 465.65585 6.80165 0.00392 0.96078 0.00000 1.00000
v -138.08174 483.20663 3.42696 0.00392 0.96078 0.02353 1.00000
v -124.99382 482.42096 -2.97471 0.00392 0.96078 0.02353 1.00000
v -121.45196 465.16626 -2.70649 0.00392 0.96078 0.00000 1.00000
v -129.27934 507.97409 -7.91824 0.00392 0.96078 0.04706 1.00000
v -135.59703 506.79675 -12.02093 0.00392 0.96078 0.04706 1.00000
v -136.13193 508.65118 -4.64486 0.00392 0.96078 0.04706 1.00000
v -129.27934 507.97409 -7.91825 0.00392 0.96078 0.04706 1.00000
v -130.55917 532.99902 -15.99891 0.00392 0.96078 0.09412 1.00000
v -136.37279 530.55511 -19.34115 0.00392 0.96078 0.09412 1.00000
v -137.01003 533.95563 -13.09840 0.00392 0.96078 0.09412 1.00000
v -130.55917 532.99902 -15.99891 0.00392 0.96078 0.09412 1.00000
v -133.67828 555.74213 -30.26203 0.00392 0.96078 0.11765 1.00000
v -139.02654 552.96234 -33.07020 0.00392 0.96078 0.11765 1.00000
v -139.70239 556.70721 -27.61711 0.00392 0.96078 0.11765 1.00000
v -133.67828 555.74213 -30.26203 0.00392 0.96078 0.11765 1.00000
v -137.68065 576.96069 -46.83973 0.00392 0.96078 0.16471 1.00000
v -142.49324 573.66498 -48.84811 0.00392 0.96078 0.16471 1.00000
v -143.28748 577.91968 -44.45231 0.00392 0.96078 0.16471 1.00000
v -137.68065 576.96069 -46.83973 0.00392 0.96078 0.16471 1.00000
v -146.54375 594.75305 -66.53378 0.00392 0.96078 0.18824 1.00000
v -146.54375 594.75305 -66.53378 0.00392 0.96078 0.18824 1.00000
v -121.94534 466.55917 -4.86192 0.00392 0.89804 0.00000 1.00000
v -124.65862 483.80481 -3.66260 0.00392 0.89804 0.01961 1.00000
v -138.09975 483.62115 -9.33669 0.00392 0.89804 0.01961 1.00000
v -141.65437 468.36087 -13.20229 0.00392 0.89804 0.00000 1.00000
v -139.06360 467.25803 8.08916 0.00392 0.89804 0.00000 1.00000
v -136.29558 484.01532 5.13681 0.00392 0.89804 0.01961 1.00000
v -124.65862 483.80481 -3.66261 0.00392 0.89804 0.01961 1.00000
v -121.94534 466.55917 -4.86192 0.00392 0.89804 0.00000 1.00000
v -129.84290 509.29031 -4.90550 0.00392 0.89804 0.04314 1.00000
v -136.82567 508.31580 -7.80765 0.00392 0.89804 0.04314 1.00000
v -135.91118 509.20200 -0.29036 0.00392 0.89804 0.04314 1.00000
v -129.84290 509.29031 -4.90550 0.00392 0.89804 0.04314 1.00000
v -133.54202 534.56818 -8.67128 0.00392 0.89804 0.09020 1.00000
v -139.83658 532.26569 -11.12458 0.00392 0.89804 0.09020 1.00000
v -139.20840 534.37714 -4.33571 0.00392 0.89804 0.09020 1.00000
v -133.54202 534.56818 -8.67129 0.00392 0.89804 0.09020 1.00000
v -140.71561 558.61926 -16.71551 0.00392 0.89804 0.11373 1.00000
v -146.43147 555.96387 -18.83552 0.00392 0.89804 0.11373 1.00000
v -146.00533 558.46521 -12.68911 0.00392 0.89804 0.11373 1.00000
v -140.71561 558.61926 -16.71552 0.00392 0.89804 0.11373 1.00000
v -149.13702 581.60944 -26.69929 0.00392 0.89804 0.16078 1.00000
v -154.18094 578.46759 -28.35574 0.00392 0.89804 0.16078 1.00000
v -154.11356 581.62042 -23.05373 0.00392 0.89804 0.16078 1.00000
v -149.13702 581.60944 -26.69929 0.00392 0.89804 0.16078 1.00000
v -161.84039 601.84723 -39.67674 0.00392 0.89804 0.18039 1.00000
v -161.84039 601.84723 -39.67674 0.00392 0.89804 0.18039 1.00000
v -88.99507 411.94931 39.07778 0.00392 0.54902 0.00000 1.00000
v -93.14990 406.91714 34.77233 0.00392 0.54902 0.00000 1.00000
v -96.10395 408.71558 39.43700 0.00392 0.54902 0.00000 1.00000
v -88.99507 411.94931 39.07778 0.00392 0.54902 0.00000 1.00000
v -95.51475 413.05740 43.24770 0.00392 0.54902 0.00000 1.00000
v -88.99507 411.94931 39.07778 0.00392 0.54902 0.00000 1.00000
v -91.72743 417.39923 43.97218 0.00392 0.54902 0.00000 1.00000
v -88.99507 411.94931 39.07778 0.00392 0.54902 0.00000 1.00000
v -86.96057 419.19766 41.18605 0.00392 0.54902 0.00000 1.00000
v -88.99507 411.94931 39.07778 0.00392 0.54902 0.00000 1.00000
v -84.00652 417.39923 36.52138 0.00392 0.54902 0.00000 1.00000
v -88.99507 411.94931 39.07778 0.00392 0.54902 0.00000 1.00000
v -84.59572 413.05740 32.71067 0.00392 0.54902 0.00000 1.00000
v -88.99507 411.94931 39.07778 0.00392 0.54902 0.00000 1.00000
v -88.38303 408.71558 31.98620 0.00392 0.54902 0.00000 1.00000
v -88.99507 411.94931 39.07778 0.00392 0.54902 0.00000 1.00000
v -93.14990 406.91714 34.77233 0.00392 0.54902 0.00000 1.00000
v -98.79252 404.86725 28.92514 0.00392 0.54902 0.00000 1.00000
v -104.25089 408.19034 37.54432 0.00392 0.54902 0.00000 1.00000
v -103.16218 416.21295 44.58559 0.00392 0.54902 0.00000 1.00000
v -96.16415 424.23553 45.92425 0.00392 0.54902 0.00000 1.00000
v -87.35612 427.55862 40.77615 0.00392 0.54902 0.00000 1.00000
v -81.89775 424.23553 32.15697 0.00392 0.54902 0.00000 1.00000
v -82.98645 416.21295 25.11571 0.00392 0.54902 0.00000 1.00000
v -89.98450 408.19034 23.77705 0.00392 0.54902 0.00000 1.00000
v -98.79252 404.86725 28.92514 0.00392 0.54902 0.00000 1.00000
v -105.06386 406.11169 22.42644 0.00392 0.54902 0.00000 1.00000
v -112.19557 410.45352 33.68793 0.00392 0.54902 0.00000 1.00000
v -110.77310 420.93555 42.88778 0.00392 0.54902 0.00000 1.00000
v -101.62973 431.41757 44.63684 0.00392 0.54902 0.00000 1.00000
v -90.12151 435.75940 37.91051 0.00392 0.54902 0.00000 1.00000
v -82.98978 431.41757 26.64902 0.00392 0.54902 0.00000 1.00000
v -84.41226 420.93555 17.44917 0.00392 0.54902 0.00000 1.00000
v -93.55564 410.45352 15.70012 0.00392 0.54902 0.00000 1.00000
v -105.06386 406.11169 22.42644 0.00392 0.54902 0.00000 1.00000
v -111.00923 410.46103 16.26553 0.00392 0.54902 0.00000 1.00000
v -118.72855 415.16055 28.45489 0.00392 0.54902 0.00000 1.00000
v -117.18887 426.50623 38.41274 0.00392 0.54902 0.00000 1.00000
v -107.29215 437.85193 40.30590 0.00392 0.54902 0.00000 1.00000
v -94.83574 442.55148 33.02539 0.00392 0.54902 0.00000 1.00000
v -87.11642 437.85193 20.83603 0.00392 0.54902 0.00000 1.00000
v -88.65610 426.50623 10.87818 0.00392 0.54902 0.00000 1.00000
v -98.55282 415.16055 8.98502 0.00392 0.54902 0.00000 1.00000
v -111.00923 410.46103 16.26553 0.00392 0.54902 0.00000 1.00000
v -115.72344 417.25308 11.38041 0.00392 0.54902 0.00000 1.00000
v -122.85516 421.59491 22.64191 0.00392 0.54902 0.00000 1.00000
v -121.43269 432.07693 31.84175 0.00392 0.54902 0.00000 1.00000
v -112.28930 442.55896 33.59081 0.00392 0.54902 0.00000 1.00000
v -100.78107 446.90079 26.86449 0.00392 0.54902 0.00000 1.00000
v -93.64937 442.55896 15.60299 0.00392 0.54902 0.00000 1.00000
v -95.07184 432.07693 6.40315 0.00392 0.54902 0.00000 1.00000
v -104.21521 421.59491 4.65409 0.00392 0.54902 0.00000 1.00000
v -115.72344 417.25308 11.38041 0.00392 0.54902 0.00000 1.00000
v -118.48884 425.45386 8.51476 0.00392 0.54902 0.00000 1.00000
v -123.94721 428.77695 17.13394 0.00392 0.54902 0.00000 1.00000
v -122.85851 436.79953 24.17521 0.00392 0.54902 0.00000 1.00000
v -115.86046 444.82214 25.51387 0.00392 0.54902 0.00000 1.00000
v -107.05244 448.14523 20.36578 0.00392 0.54902 0.00000 1.00000
v -101.59406 444.82214 11.74660 0.00392 0.54902 0.00000 1.00000
v -102.68277 436.79953 4.70533 0.00392 0.54902 0.00000 1.00000
v -109.68082 428.77695 3.36667 0.00392 0.54902 0.00000 1.00000
v -118.48884 425.45386 8.51477 0.00392 0.54902 0.00000 1.00000
v -118.88438 433.81482 8.10487 0.00392 0.54902 0.00000 1.00000
v -121.83843 435.61325 12.76954 0.00392 0.54902 0.00000 1.00000
v -121.24923 439.95508 16.58024 0.00392 0.54902 0.00000 1.00000
v -117.46192 444.29691 17.30472 0.00392 0.54902 0.00000 1.00000
v -112.69505 446.09534 14.51859 0.00392 0.54902 0.00000 1.00000
v -109.74100 444.29691 9.85393 0.00392 0.54902 0.00000 1.00000
v -110.33019 439.95508 6.04323 0.00392 0.54902 0.00000 1.00000
v -114.11752 435.61325 5.31875 0.00392 0.54902 0.00000 1.00000
v -118.88438 433.81482 8.10488 0.00392 0.54902 0.00000 1.00000
v -116.84988 441.06317 10.21314 0.00392 0.54902 0.00000 1.00000
v -116.84988 441.06317 10.21314 0.00392 0.54902 0.00000 1.00000
v -116.84988 441.06317 10.21314 0.00392 0.54902 0.00000 1.00000
v -116.84988 441.06317 10.21314 0.00392 0.54902 0.00000 1.00000
v -116.84988 441.06317 10.21314 0.00392 0.54902 0.00000 1.00000
v -116.84988 441.06317 10.21314 0.00392 0.54902 0.00000 1.00000
v -116.84988 441.06317 10.21314 0.00392 0.54902 0.00000 1.00000
v -116.84988 441.06317 10.21314 0.00392 0.54902 0.00000 1.00000
v -116.84988 441.06317 10.21314 0.00392 0.54902 0.00000 1.00000
v -91.25475 419.18396 -47.78111 0.00392 0.85882 0.00000 1.00000
v -94.94554 414.23920 -43.55922 0.00392 0.85882 0.00000 1.00000
v -90.28812 415.98773 -41.09180 0.00392 0.85882 0.00000 1.00000
v -91.25475 419.18396 -47.78111 0.00392 0.85882 0.00000 1.00000
v -86.76923 420.20917 -41.88823 0.00392 0.85882 0.00000 1.00000
v -91.25475 419.18396 -47.78111 0.00392 0.85882 0.00000 1.00000
v -86.45020 424.43060 -45.48199 0.00392 0.85882 0.00000 1.00000
v -91.25475 419.18396 -47.78111 0.00392 0.85882 0.00000 1.00000
v -89.51791 426.17920 -49.76788 0.00392 0.85882 0.00000 1.00000
v -91.25475 419.18396 -47.78111 0.00392 0.85882 0.00000 1.00000
v -94.17533 424.43060 -52.23530 0.00392 0.85882 0.00000 1.00000
v -91.25475 419.18396 -47.78111 0.00392 0.85882 0.00000 1.00000
v -97.69421 420.20917 -51.43887 0.00392 0.85882 0.00000 1.00000
v -91.25475 419.18396 -47.78111 0.00392 0.85882 0.00000 1.00000
v -98.01324 415.98773 -47.84512 0.00392 0.85882 0.00000 1.00000
v -91.25475 419.18396 -47.78111 0.00392 0.85882 0.00000 1.00000
v -94.94553 414.23920 -43.55922 0.00392 0.85882 0.00000 1.00000
v -100.02836 412.09766 -37.74497 0.00392 0.85882 0.00000 1.00000
v -91.42258 415.32858 -33.18577 0.00392 0.85882 0.00000 1.00000
v -84.92053 423.12875 -34.65738 0.00392 0.85882 0.00000 1.00000
v -84.33104 430.92896 -41.29778 0.00392 0.85882 0.00000 1.00000
v -89.99941 434.15988 -49.21709 0.00392 0.85882 0.00000 1.00000
v -98.60521 430.92896 -53.77629 0.00392 0.85882 0.00000 1.00000
v -105.10725 423.12875 -52.30467 0.00392 0.85882 0.00000 1.00000
v -105.69674 415.32858 -45.66428 0.00392 0.85882 0.00000 1.00000
v -100.02836 412.09766 -37.74497 0.00392 0.85882 0.00000 1.00000
v -105.72942 413.08536 -31.22355 0.00392 0.85882 0.00000 1.00000
v -94.48541 417.30679 -25.26665 0.00392 0.85882 0.00000 1.00000
v -85.99008 427.49823 -27.18942 0.00392 0.85882 0.00000 1.00000
v -85.21986 437.68964 -35.86551 0.00392 0.85882 0.00000 1.00000
v -92.62596 441.91107 -46.21258 0.00392 0.85882 0.00000 1.00000
v -103.86996 437.68964 -52.16947 0.00392 0.85882 0.00000 1.00000
v -112.36530 427.49823 -50.24670 0.00392 0.85882 0.00000 1.00000
v -113.13551 417.30679 -41.57062 0.00392 0.85882 0.00000 1.00000
v -105.72940 413.08536 -31.22355 0.00392 0.85882 0.00000 1.00000
v -111.18077 417.05203 -24.98774 0.00392 0.85882 0.00000 1.00000
v -99.01035 421.62125 -18.54004 0.00392 0.85882 0.00000 1.00000
v -89.81508 432.65237 -20.62123 0.00392 0.85882 0.00000 1.00000
v -88.98140 443.68347 -30.01216 0.00392 0.85882 0.00000 1.00000
v -96.99770 448.25269 -41.21175 0.00392 0.85882 0.00000 1.00000
v -109.16812 443.68347 -47.65944 0.00392 0.85882 0.00000 1.00000
v -118.36340 432.65237 -45.57826 0.00392 0.85882 0.00000 1.00000
v -119.19707 421.62125 -36.18732 0.00392 0.85882 0.00000 1.00000
v -111.18077 417.05203 -24.98773 0.00392 0.85882 0.00000 1.00000
v -115.55251 423.39365 -19.98691 0.00392 0.85882 0.00000 1.00000
v -104.30850 427.61511 -14.03002 0.00392 0.85882 0.00000 1.00000
v -95.81318 437.80652 -15.95279 0.00392 0.85882 0.00000 1.00000
v -95.04296 447.99792 -24.62887 0.00392 0.85882 0.00000 1.00000
v -102.44905 452.21936 -34.97594 0.00392 0.85882 0.00000 1.00000
v -113.69305 447.99792 -40.93284 0.00392 0.85882 0.00000 1.00000
v -122.18839 437.80652 -39.01007 0.00392 0.85882 0.00000 1.00000
v -122.95860 427.61511 -30.33398 0.00392 0.85882 0.00000 1.00000
v -115.55251 423.39365 -19.98691 0.00392 0.85882 0.00000 1.00000
v -118.17905 431.14484 -16.98239 0.00392 0.85882 0.00000 1.00000
v -109.57327 434.37576 -12.42319 0.00392 0.85882 0.00000 1.00000
v -103.07122 442.17596 -13.89481 0.00392 0.85882 0.00000 1.00000
v -102.48173 449.97614 -20.53520 0.00392 0.85882 0.00000 1.00000
v -108.15011 453.20709 -28.45450 0.00392 0.85882 0.00000 1.00000
v -116.75590 449.97614 -33.01371 0.00392 0.85882 0.00000 1.00000
v -123.25795 442.17596 -31.54209 0.00392 0.85882 0.00000 1.00000
v -123.84744 434.37576 -24.90170 0.00392 0.85882 0.00000 1.00000
v -118.17905 431.14484 -16.98239 0.00392 0.85882 0.00000 1.00000
v -118.66056 439.12558 -16.43160 0.00392 0.85882 0.00000 1.00000
v -114.00314 440.87411 -13.96418 0.00392 0.85882 0.00000 1.00000
v -110.48426 445.09555 -14.76061 0.00392 0.85882 0.00000 1.00000
v -110.16523 449.31699 -18.35436 0.00392 0.85882 0.00000 1.00000
v -113.23293 451.06552 -22.64026 0.00392 0.85882 0.00000 1.00000
v -117.89035 449.31699 -25.10768 0.00392 0.85882 0.00000 1.00000
v -121.40923 445.09555 -24.31125 0.00392 0.85882 0.00000 1.00000
v -121.72826 440.87411 -20.71749 0.00392 0.85882 0.00000 1.00000
v -118.66056 439.12558 -16.43160 0.00392 0.85882 0.00000 1.00000
v -116.92371 446.12079 -18.41838 0.00392 0.85882 0.00000 1.00000
v -116.92371 446.12079 -18.41838 0.00392 0.85882 0.00000 1.00000
v -116.92371 446.12079 -18.41838 0.00392 0.85882 0.00000 1.00000
v -116.92371 446.12079 -18.41838 0.00392 0.85882 0.00000 1.00000
v -116.92371 446.12079 -18.41838 0.00392 0.85882 0.00000 1.00000
v -116.92371 446.12079 -18.41838 0.00392 0.85882 0.00000 1.00000
v -116.92371 446.12079 -18.41838 0.00392 0.85882 0.00000 1.00000
v -116.92371 446.12079 -18.41838 0.00392 0.85882 0.00000 1.00000
v -162.41640 414.67120 -53.20314 0.00392 0.06275 0.00000 1.00000
v -159.29987 409.40353 -48.41507 0.00392 0.06275 0.00000 1.00000
v -155.49330 411.24841 -52.34197 0.00392 0.06275 0.00000 1.00000
v -162.41640 414.67120 -53.20314 0.00392 0.06275 0.00000 1.00000
v -155.24174 415.70227 -56.00446 0.00392 0.06275 0.00000 1.00000
v -162.41640 414.67120 -53.20314 0.00392 0.06275 0.00000 1.00000
v -158.69254 420.15610 -57.25709 0.00392 0.06275 0.00000 1.00000
v -162.41640 414.67120 -53.20314 0.00392 0.06275 0.00000 1.00000
v -163.82426 422.00098 -55.36609 0.00392 0.06275 0.00000 1.00000
v -162.41640 414.67120 -53.20314 0.00392 0.06275 0.00000 1.00000
v -167.63081 420.15610 -51.43918 0.00392 0.06275 0.00000 1.00000
v -162.41640 414.67120 -53.20314 0.00392 0.06275 0.00000 1.00000
v -167.88239 415.70227 -47.77671 0.00392 0.06275 0.00000 1.00000
v -162.41640 414.67120 -53.20314 0.00392 0.06275 0.00000 1.00000
v -164.43158 411.24841 -46.52408 0.00392 0.06275 0.00000 1.00000
v -162.41640 414.67120 -53.20314 0.00392 0.06275 0.00000 1.00000
v -159.29987 409.40353 -48.41507 0.00392 0.06275 0.00000 1.00000
v -154.94911 407.00006 -41.73082 0.00392 0.06275 0.00000 1.00000
v -147.91551 410.40891 -48.98680 0.00392 0.06275 0.00000 1.00000
v -147.45067 418.63855 -55.75418 0.00392 0.06275 0.00000 1.00000
v -153.82690 426.86819 -58.06873 0.00392 0.06275 0.00000 1.00000
v -163.30910 430.27704 -54.57463 0.00392 0.06275 0.00000 1.00000
v -170.34270 426.86819 -47.31866 0.00392 0.06275 0.00000 1.00000
v -170.80753 418.63855 -40.55128 0.00392 0.06275 0.00000 1.00000
v -164.43127 410.40891 -38.23672 0.00392 0.06275 0.00000 1.00000
v -154.94910 407.00006 -41.73083 0.00392 0.06275 0.00000 1.00000
v -150.02650 407.82663 -34.16803 0.00392 0.06275 0.00000 1.00000
v -140.83665 412.28046 -43.64841 0.00392 0.06275 0.00000 1.00000
v -140.22934 423.03302 -52.49042 0.00392 0.06275 0.00000 1.00000
v -148.56029 433.78558 -55.51454 0.00392 0.06275 0.00000 1.00000
v -160.94936 438.23941 -50.94927 0.00392 0.06275 0.00000 1.00000
v -170.13921 433.78558 -41.46889 0.00392 0.06275 0.00000 1.00000
v -170.74652 423.03302 -32.62688 0.00392 0.06275 0.00000 1.00000
v -162.41556 412.28046 -29.60276 0.00392 0.06275 0.00000 1.00000
v -150.02649 407.82663 -34.16804 0.00392 0.06275 0.00000 1.00000
v -145.28145 411.75735 -26.87803 0.00392 0.06275 0.00000 1.00000
v -135.33444 416.57816 -37.13952 0.00392 0.06275 0.00000 1.00000
v -134.67708 428.21664 -46.71004 0.00392 0.06275 0.00000 1.00000
v -143.69444 439.85513 -49.98333 0.00392 0.06275 0.00000 1.00000
v -157.10426 444.67593 -45.04190 0.00392 0.06275 0.00000 1.00000
v -167.05128 439.85513 -34.78042 0.00392 0.06275 0.00000 1.00000
v -167.70863 428.21664 -25.20989 0.00392 0.06275 0.00000 1.00000
v -158.69128 416.57816 -21.93661 0.00392 0.06275 0.00000 1.00000
v -145.28145 411.75735 -26.87803 0.00392 0.06275 0.00000 1.00000
v -141.43639 418.19388 -20.97068 0.00392 0.06275 0.00000 1.00000
v -132.24654 422.64771 -30.45106 0.00392 0.06275 0.00000 1.00000
v -131.63921 433.40027 -39.29307 0.00392 0.06275 0.00000 1.00000
v -139.97017 444.15280 -42.31718 0.00392 0.06275 0.00000 1.00000
v -152.35924 448.60666 -37.75191 0.00392 0.06275 0.00000 1.00000
v -161.54907 444.15280 -28.27153 0.00392 0.06275 0.00000 1.00000
v -162.15640 433.40027 -19.42952 0.00392 0.06275 0.00000 1.00000
v -153.82544 422.64771 -16.40540 0.00392 0.06275 0.00000 1.00000
v -141.43637 418.19388 -20.97068 0.00392 0.06275 0.00000 1.00000
v -139.07663 426.15619 -17.34530 0.00392 0.06275 0.00000 1.00000
v -132.04305 429.56503 -24.60127 0.00392 0.06275 0.00000 1.00000
v -131.57819 437.79468 -31.36866 0.00392 0.06275 0.00000 1.00000
v -137.95442 446.02432 -33.68321 0.00392 0.06275 0.00000 1.00000
v -147.43663 449.43317 -30.18911 0.00392 0.06275 0.00000 1.00000
v -154.47021 446.02432 -22.93314 0.00392 0.06275 0.00000 1.00000
v -154.93504 437.79468 -16.16575 0.00392 0.06275 0.00000 1.00000
v -148.55881 429.56503 -13.85120 0.00392 0.06275 0.00000 1.00000
v -139.07663 426.15619 -17.34530 0.00392 0.06275 0.00000 1.00000
v -138.56146 434.43225 -16.55385 0.00392 0.06275 0.00000 1.00000
v -134.75491 436.27713 -20.48075 0.00392 0.06275 0.00000 1.00000
v -134.50336 440.73096 -24.14323 0.00392 0.06275 0.00000 1.00000
v -137.95415 445.18481 -25.39585 0.00392 0.06275 0.00000 1.00000
v -143.08586 447.02969 -23.50486 0.00392 0.06275 0.00000 1.00000
v -146.89241 445.18481 -19.57796 0.00392 0.06275 0.00000 1.00000
v -147.14398 440.73096 -15.91548 0.00392 0.06275 0.00000 1.00000
v -143.69318 436.27713 -14.66285 0.00392 0.06275 0.00000 1.00000
v -138.56146 434.43225 -16.55385 0.00392 0.06275 0.00000 1.00000
v -139.96933 441.76205 -18.71680 0.00392 0.06275 0.00000 1.00000
v -139.96933 441.76205 -18.71680 0.00392 0.06275 0.00000 1.00000
v -139.96933 441.76205 -18.71679 0.00392 0.06275 0.00000 1.00000
v -139.96933 441.76205 -18.71679 0.00392 0.06275 0.00000 1.00000
v -139.96933 441.76205 -18.71679 0.00392 0.06275 0.00000 1.00000
v -139.96933 441.76205 -18.71680 0.00392 0.06275 0.00000 1.00000
v -139.96933 441.76205 -18.71680 0.00392 0.06275 0.00000 1.00000
v -139.96933 441.76205 -18.71680 0.00392 0.06275 0.00000 1.00000
v -191.02982 432.11520 12.56124 0.00392 0.81176 0.00000 1.00000
v -186.24667 427.36426 11.32513 0.00392 0.81176 0.00000 1.00000
v -188.42740 429.01358 7.03086 0.00392 0.81176 0.00000 1.00000
v -191.02982 432.11520 12.56124 0.00392 0.81176 0.00000 1.00000
v -191.33850 432.99539 5.77100 0.00392 0.81176 0.00000 1.00000
v -191.02982 432.11520 12.56124 0.00392 0.81176 0.00000 1.00000
v -193.27467 436.97720 8.28355 0.00392 0.81176 0.00000 1.00000
v -191.02982 432.11520 12.56124 0.00392 0.81176 0.00000 1.00000
v -193.10176 438.62656 13.09669 0.00392 0.81176 0.00000 1.00000
v -191.02982 432.11520 12.56124 0.00392 0.81176 0.00000 1.00000
v -190.92104 436.97720 17.39096 0.00392 0.81176 0.00000 1.00000
v -191.02982 432.11520 12.56124 0.00392 0.81176 0.00000 1.00000
v -188.00995 432.99539 18.65083 0.00392 0.81176 0.00000 1.00000
v -191.02982 432.11520 12.56124 0.00392 0.81176 0.00000 1.00000
v -186.07376 429.01358 16.13827 0.00392 0.81176 0.00000 1.00000
v -191.02982 432.11520 12.56124 0.00392 0.81176 0.00000 1.00000
v -186.24667 427.36426 11.32513 0.00392 0.81176 0.00000 1.00000
v -179.48055 425.09711 9.57655 0.00392 0.81176 0.00000 1.00000
v -183.51001 428.14465 1.64178 0.00392 0.81176 0.00000 1.00000
v -188.88899 435.50208 -0.68615 0.00392 0.81176 0.00000 1.00000
v -192.46660 442.85953 3.95644 0.00392 0.81176 0.00000 1.00000
v -192.14709 445.90707 12.84997 0.00392 0.81176 0.00000 1.00000
v -188.11763 442.85953 20.78474 0.00392 0.81176 0.00000 1.00000
v -182.73865 435.50208 23.11267 0.00392 0.81176 0.00000 1.00000
v -179.16104 428.14465 18.47008 0.00392 0.81176 0.00000 1.00000
v -179.48056 425.09711 9.57655 0.00392 0.81176 0.00000 1.00000
v -171.76154 425.65881 7.58171 0.00392 0.81176 0.00000 1.00000
v -177.02626 429.64063 -2.78556 0.00392 0.81176 0.00000 1.00000
v -184.05424 439.25357 -5.82714 0.00392 0.81176 0.00000 1.00000
v -188.72861 448.86652 0.23869 0.00392 0.81176 0.00000 1.00000
v -188.31114 452.84833 11.85865 0.00392 0.81176 0.00000 1.00000
v -183.04642 448.86652 22.22593 0.00392 0.81176 0.00000 1.00000
v -176.01842 439.25357 25.26749 0.00392 0.81176 0.00000 1.00000
v -171.34407 429.64063 19.20167 0.00392 0.81176 0.00000 1.00000
v -171.76154 425.65881 7.58171 0.00392 0.81176 0.00000 1.00000
v -164.26472 428.96387 5.64430 0.00392 0.81176 0.00000 1.00000
v -169.96323 433.27377 -5.57716 0.00392 0.81176 0.00000 1.00000
v -177.57027 443.67874 -8.86933 0.00392 0.81176 0.00000 1.00000
v -182.62976 454.08374 -2.30373 0.00392 0.81176 0.00000 1.00000
v -182.17790 458.39362 10.27363 0.00392 0.81176 0.00000 1.00000
v -176.47940 454.08374 21.49509 0.00392 0.81176 0.00000 1.00000
v -168.87236 443.67874 24.78726 0.00392 0.81176 0.00000 1.00000
v -163.81287 433.27377 18.22165 0.00392 0.81176 0.00000 1.00000
v -164.26472 428.96387 5.64430 0.00392 0.81176 0.00000 1.00000
v -158.13150 434.50916 4.05928 0.00392 0.81176 0.00000 1.00000
v -163.39622 438.49097 -6.30799 0.00392 0.81176 0.00000 1.00000
v -170.42421 448.10391 -9.34956 0.00392 0.81176 0.00000 1.00000
v -175.09857 457.71689 -3.28374 0.00392 0.81176 0.00000 1.00000
v -174.68111 461.69867 8.33622 0.00392 0.81176 0.00000 1.00000
v -169.41638 457.71689 18.70350 0.00392 0.81176 0.00000 1.00000
v -162.38838 448.10391 21.74507 0.00392 0.81176 0.00000 1.00000
v -157.71404 438.49097 15.67924 0.00392 0.81176 0.00000 1.00000
v -158.13150 434.50916 4.05928 0.00392 0.81176 0.00000 1.00000
v -154.29553 441.45044 3.06795 0.00392 0.81176 0.00000 1.00000
v -158.32498 444.49799 -4.86681 0.00392 0.81176 0.00000 1.00000
v -163.70398 451.85541 -7.19474 0.00392 0.81176 0.00000 1.00000
v -167.28159 459.21286 -2.55215 0.00392 0.81176 0.00000 1.00000
v -166.96208 462.26041 6.34138 0.00392 0.81176 0.00000 1.00000
v -162.93262 459.21286 14.27614 0.00392 0.81176 0.00000 1.00000
v -157.55363 451.85541 16.60407 0.00392 0.81176 0.00000 1.00000
v -153.97603 444.49799 11.96148 0.00392 0.81176 0.00000 1.00000
v -154.29553 441.45044 3.06795 0.00392 0.81176 0.00000 1.00000
v -153.34087 448.73096 2.82123 0.00392 0.81176 0.00000 1.00000
v -155.52159 450.38031 -1.47303 0.00392 0.81176 0.00000 1.00000
v -158.43268 454.36209 -2.73289 0.00392 0.81176 0.00000 1.00000
v -160.36887 458.34390 -0.22034 0.00392 0.81176 0.00000 1.00000
v -160.19595 459.99326 4.59280 0.00392 0.81176 0.00000 1.00000
v -158.01523 458.34390 8.88706 0.00392 0.81176 0.00000 1.00000
v -155.10414 454.36209 10.14693 0.00392 0.81176 0.00000 1.00000
v -153.16795 450.38031 7.63438 0.00392 0.81176 0.00000 1.00000
v -153.34088 448.73096 2.82123 0.00392 0.81176 0.00000 1.00000
v -155.41283 455.24231 3.35669 0.00392 0.81176 0.00000 1.00000
v -155.41283 455.24231 3.35669 0.00392 0.81176 0.00000 1.00000
v -155.41283 455.24231 3.35669 0.00392 0.81176 0.00000 1.00000
v -155.41283 455.24231 3.35669 0.00392 0.81176 0.00000 1.00000
v -155.41283 455.24231 3.35669 0.00392 0.81176 0.00000 1.00000
v -155.41283 455.24231 3.35669 0.00392 0.81176 0.00000 1.00000
v -155.41283 455.24231 3.35669 0.00392 0.81176 0.00000 1.00000
v -155.41283 455.24231 3.35669 0.00392 0.81176 0.00000 1.00000
v -155.41283 455.24231 3.35669 0.00392 0.81176 0.00000 1.00000
v -159.98001 439.67233 49.49065 0.00392 0.88235 0.00000 1.00000
v -157.86740 435.13281 45.47526 0.00392 0.88235 0.00000 1.00000
v -162.20291 436.69620 44.25663 0.00392 0.88235 0.00000 1.00000
v -159.98001 439.67233 49.49065 0.00392 0.88235 0.00000 1.00000
v -164.87428 440.47049 45.41599 0.00392 0.88235 0.00000 1.00000
v -159.98001 439.67233 49.49065 0.00392 0.88235 0.00000 1.00000
v -164.31667 444.24481 48.27421 0.00392 0.88235 0.00000 1.00000
v -159.98001 439.67233 49.49065 0.00392 0.88235 0.00000 1.00000
v -160.85670 445.80817 51.15697 0.00392 0.88235 0.00000 1.00000
v -159.98001 439.67233 49.49065 0.00392 0.88235 0.00000 1.00000
v -156.52119 444.24481 52.37560 0.00392 0.88235 0.00000 1.00000
v -159.98001 439.67233 49.49065 0.00392 0.88235 0.00000 1.00000
v -153.84981 440.47049 51.21624 0.00392 0.88235 0.00000 1.00000
v -159.98001 439.67233 49.49065 0.00392 0.88235 0.00000 1.00000
v -154.40744 436.69620 48.35802 0.00392 0.88235 0.00000 1.00000
v -159.98001 439.67233 49.49065 0.00392 0.88235 0.00000 1.00000
v -157.86740 435.13281 45.47526 0.00392 0.88235 0.00000 1.00000
v -154.84053 432.88068 39.72212 0.00392 0.88235 0.00000 1.00000
v -162.85152 435.76944 37.47039 0.00392 0.88235 0.00000 1.00000
v -167.78757 442.74344 39.61261 0.00392 0.88235 0.00000 1.00000
v -166.75722 449.71744 44.89391 0.00392 0.88235 0.00000 1.00000
v -160.36404 452.60620 50.22057 0.00392 0.88235 0.00000 1.00000
v -152.35306 449.71744 52.47230 0.00392 0.88235 0.00000 1.00000
v -147.41702 442.74344 50.33007 0.00392 0.88235 0.00000 1.00000
v -148.44737 435.76944 45.04878 0.00392 0.88235 0.00000 1.00000
v -154.84053 432.88068 39.72212 0.00392 0.88235 0.00000 1.00000
v -151.36021 433.25879 33.10713 0.00392 0.88235 0.00000 1.00000
v -161.82706 437.03308 30.16509 0.00392 0.88235 0.00000 1.00000
v -168.27631 446.14508 32.96405 0.00392 0.88235 0.00000 1.00000
v -166.93011 455.25711 39.86440 0.00392 0.88235 0.00000 1.00000
v -158.57703 459.03140 46.82402 0.00392 0.88235 0.00000 1.00000
v -148.11018 455.25711 49.76604 0.00392 0.88235 0.00000 1.00000
v -141.66092 446.14508 46.96709 0.00392 0.88235 0.00000 1.00000
v -143.00713 437.03308 40.06673 0.00392 0.88235 0.00000 1.00000
v -151.36021 433.25879 33.10712 0.00392 0.88235 0.00000 1.00000
v -147.95627 436.20963 26.63730 0.00392 0.88235 0.00000 1.00000
v -159.28551 440.29495 23.45287 0.00392 0.88235 0.00000 1.00000
v -166.26613 450.15768 26.48244 0.00392 0.88235 0.00000 1.00000
v -164.80901 460.02045 33.95132 0.00392 0.88235 0.00000 1.00000
v -155.76770 464.10574 41.48436 0.00392 0.88235 0.00000 1.00000
v -144.43846 460.02045 44.66879 0.00392 0.88235 0.00000 1.00000
v -137.45784 450.15768 41.63922 0.00392 0.88235 0.00000 1.00000
v -138.91496 440.29495 34.17033 0.00392 0.88235 0.00000 1.00000
v -147.95627 436.20963 26.63730 0.00392 0.88235 0.00000 1.00000
v -145.14694 441.28394 21.29765 0.00392 0.88235 0.00000 1.00000
v -155.61378 445.05823 18.35562 0.00392 0.88235 0.00000 1.00000
v -162.06305 454.17026 21.15458 0.00392 0.88235 0.00000 1.00000
v -160.71684 463.28226 28.05492 0.00392 0.88235 0.00000 1.00000
v -152.36375 467.05655 35.01454 0.00392 0.88235 0.00000 1.00000
v -141.89691 463.28226 37.95657 0.00392 0.88235 0.00000 1.00000
v -135.44766 454.17026 35.15762 0.00392 0.88235 0.00000 1.00000
v -136.79385 445.05823 28.25726 0.00392 0.88235 0.00000 1.00000
v -145.14694 441.28394 21.29765 0.00392 0.88235 0.00000 1.00000
v -143.35992 447.70920 17.90108 0.00392 0.88235 0.00000 1.00000
v -151.37090 450.59793 15.64935 0.00392 0.88235 0.00000 1.00000
v -156.30695 457.57193 17.79157 0.00392 0.88235 0.00000 1.00000
v -155.27660 464.54596 23.07287 0.00392 0.88235 0.00000 1.00000
v -148.88344 467.43469 28.39953 0.00392 0.88235 0.00000 1.00000
v -140.87245 464.54596 30.65126 0.00392 0.88235 0.00000 1.00000
v -135.93640 457.57193 28.50904 0.00392 0.88235 0.00000 1.00000
v -136.96675 450.59793 23.22774 0.00392 0.88235 0.00000 1.00000
v -143.35992 447.70920 17.90108 0.00392 0.88235 0.00000 1.00000
v -142.86725 454.50723 16.96468 0.00392 0.88235 0.00000 1.00000
v -147.20276 456.07062 15.74605 0.00392 0.88235 0.00000 1.00000
v -149.87413 459.84491 16.90541 0.00392 0.88235 0.00000 1.00000
v -149.31651 463.61920 19.76363 0.00392 0.88235 0.00000 1.00000
v -145.85655 465.18259 22.64640 0.00392 0.88235 0.00000 1.00000
v -141.52106 463.61920 23.86503 0.00392 0.88235 0.00000 1.00000
v -138.84969 459.84491 22.70567 0.00392 0.88235 0.00000 1.00000
v -139.40729 456.07062 19.84744 0.00392 0.88235 0.00000 1.00000
v -142.86726 454.50723 16.96468 0.00392 0.88235 0.00000 1.00000
v -143.74396 460.64304 18.63102 0.00392 0.88235 0.00000 1.00000
v -143.74396 460.64304 18.63102 0.00392 0.88235 0.00000 1.00000
v -143.74396 460.64304 18.63102 0.00392 0.88235 0.00000 1.00000
v -143.74396 460.64304 18.63102 0.00392 0.88235 0.00000 1.00000
v -143.74396 460.64304 18.63102 0.00392 0.88235 0.00000 1.00000
v -143.74396 460.64304 18.63101 0.00392 0.88235 0.00000 1.00000
v -143.74396 460.64304 18.63102 0.00392 0.88235 0.00000 1.00000
v -143.74396 460.64304 18.63102 0.00392 0.88235 0.00000 1.00000
v -174.39082 414.92529 80.53726 0.12157 0.85882 0.06667 1.00000
v -182.25438 419.38577 79.76805 0.15294 0.85882 0.08235 1.00000
v -185.52557 451.79553 50.95552 0.08235 0.85882 0.08235 1.00000
v -171.96024 449.39911 49.29461 0.06667 0.85882 0.06667 1.00000
v -171.67520 481.99606 3.91125 0.00392 0.85882 0.06667 1.00000
v -190.86723 483.89999 6.40060 0.00392 0.85882 0.08235 1.00000
v -196.90543 450.05206 -35.56130 0.08235 0.85882 0.08235 1.00000
v -183.27127 447.82843 -37.41489 0.06667 0.85882 0.06667 1.00000
v -193.64964 410.97827 -65.23975 0.12157 0.85882 0.06667 1.00000
v -201.58188 416.55533 -67.18742 0.15294 0.85882 0.08235 1.00000
v -179.89934 420.43527 82.35935 0.20784 0.85882 0.11765 1.00000
v -194.51015 452.93073 52.22734 0.10588 0.85882 0.11765 1.00000
v -210.23108 482.61279 9.00952 0.00392 0.85882 0.11765 1.00000
v -207.45764 451.98697 -35.25840 0.10588 0.85882 0.11765 1.00000
v -201.55995 418.16473 -65.41428 0.20784 0.85882 0.11765 1.00000
v -191.50124 421.38733 81.30020 0.23922 0.85882 0.13725 1.00000
v -209.38338 449.47583 53.57286 0.12157 0.85882 0.13725 1.00000
v -228.74364 475.49765 12.04428 0.00392 0.85882 0.13725 1.00000
v -222.68839 445.79984 -31.50859 0.12157 0.85882 0.13725 1.00000
v -214.96751 416.50854 -64.55138 0.23922 0.85882 0.13725 1.00000
v -193.18561 422.12955 83.31178 0.29412 0.85882 0.16863 1.00000
v -218.53706 444.95804 56.47316 0.15294 0.85882 0.16863 1.00000
v -246.18169 465.96188 15.37858 0.00392 0.85882 0.16863 1.00000
v -236.63878 439.46625 -28.96112 0.15294 0.85882 0.16863 1.00000
v -222.72314 411.76184 -60.37299 0.29412 0.85882 0.16863 1.00000
v -199.35466 422.41568 83.16758 0.31765 0.85882 0.18824 1.00000
v -226.20757 440.69839 58.18828 0.16078 0.85882 0.18824 1.00000
v -256.77118 457.48080 18.16745 0.00392 0.85882 0.18824 1.00000
v -247.25713 432.43018 -26.43944 0.16078 0.85882 0.18824 1.00000
v -232.52809 406.65826 -58.05200 0.31765 0.85882 0.18824 1.00000
v -205.33160 414.65250 88.53220 0.34902 0.85882 0.20392 1.00000
v -237.21909 430.18750 62.24859 0.17647 0.85882 0.20392 1.00000
v -270.26880 442.18286 23.60290 0.00392 0.85882 0.20392 1.00000
v -260.88641 418.65179 -21.32567 0.17647 0.85882 0.20392 1.00000
v -246.08324 395.36517 -53.77204 0.34902 0.85882 0.20392 1.00000
v -207.61325 419.11984 88.05576 0.40392 0.85882 0.23922 1.00000
v -244.11531 424.29984 64.88462 0.20784 0.85882 0.23922 1.00000
v -281.64301 425.39441 29.79026 0.00392 0.85882 0.23922 1.00000
v -270.96756 404.39328 -15.34870 0.20784 0.85882 0.23922 1.00000
v -254.02167 385.46744 -48.60750 0.40392 0.85882 0.23922 1.00000
v -212.74773 412.27289 91.12485 0.43529 0.85882 0.25490 1.00000
v -248.23921 411.09979 70.62017 0.22353 0.85882 0.25490 1.00000
v -287.00269 405.71042 37.11216 0.00392 0.85882 0.25490 1.00000
v -276.49323 386.95578 -8.48924 0.22353 0.85882 0.25490 1.00000
v -259.27002 371.31616 -42.38562 0.43529 0.85882 0.25490 1.00000
v -216.51889 419.56979 90.77402 0.49020 0.85882 0.29020 1.00000
v -251.52586 404.76138 73.77711 0.24706 0.85882 0.29020 1.00000
v -288.50961 385.23236 44.60217 0.00392 0.85882 0.29020 1.00000
v -278.98376 371.34647 -2.51313 0.24706 0.85882 0.29020 1.00000
v -264.21930 362.42758 -39.13992 0.49020 0.85882 0.29020 1.00000
v -215.49425 411.63229 94.53952 0.52157 0.85882 0.30980 1.00000
v -247.78908 390.57965 78.77466 0.26275 0.85882 0.30980 1.00000
v -281.09500 365.26047 51.24039 0.00392 0.85882 0.30980 1.00000
v -272.60193 354.31607 3.87152 0.26275 0.85882 0.30980 1.00000
v -260.73035 348.16574 -33.74743 0.52157 0.85882 0.30980 1.00000
v -224.93730 412.37653 94.73230 0.57647 0.85882 0.34118 1.00000
v -245.86917 383.37408 82.03349 0.29412 0.85882 0.34118 1.00000
v -269.50241 346.74475 56.83159 0.00392 0.85882 0.34118 1.00000
v -262.57120 337.82733 9.23001 0.29412 0.85882 0.34118 1.00000
v -252.92674 335.54581 -28.67949 0.57647 0.85882 0.34118 1.00000
v -27.70678 427.73810 54.59508 0.12941 0.81176 0.07843 1.00000
v -25.62544 435.78235 68.37717 0.16078 0.81176 0.09804 1.00000
v -65.05872 470.70428 63.00471 0.07451 0.81176 0.09804 1.00000
v -69.73026 463.56900 44.95803 0.05882 0.81176 0.07843 1.00000
v -121.81998 494.52603 39.73577 0.00392 0.81176 0.07843 1.00000
v -118.03140 503.26175 60.74628 0.00392 0.81176 0.09804 1.00000
v -164.55499 468.45099 80.66485 0.07451 0.81176 0.09804 1.00000
v -165.61040 459.66068 65.76727 0.05882 0.81176 0.07843 1.00000
v -195.81200 423.15533 89.94561 0.12941 0.81176 0.07843 1.00000
v -196.67793 431.40131 98.91338 0.16078 0.81176 0.09804 1.00000
v -24.67956 440.47995 74.49071 0.23137 0.81176 0.14118 1.00000
v -64.39676 477.53723 77.98743 0.11373 0.81176 0.14118 1.00000
v -114.68288 509.15555 82.90717 0.00392 0.81176 0.14118 1.00000
v -162.30075 472.31061 89.71568 0.11373 0.81176 0.14118 1.00000
v -194.90468 432.69128 94.84075 0.23137 0.81176 0.14118 1.00000
v -25.69517 443.52417 89.11671 0.26275 0.81176 0.16078 1.00000
v -61.61533 476.40768 97.18941 0.12941 0.81176 0.16078 1.00000
v -112.24950 507.74023 106.33422 0.00392 0.81176 0.16078 1.00000
v -161.50299 473.18954 105.55524 0.12941 0.81176 0.16078 1.00000
v -194.68163 434.88239 102.79408 0.26275 0.81176 0.16078 1.00000
v -23.17730 444.09103 92.42956 0.32549 0.81176 0.20000 1.00000
v -61.29590 475.13220 111.87373 0.16078 0.81176 0.20000 1.00000
v -110.52544 501.99191 129.36667 0.00392 0.81176 0.20000 1.00000
v -159.59540 472.42386 114.35608 0.16078 0.81176 0.20000 1.00000
v -195.63510 441.87918 98.24725 0.32549 0.81176 0.20000 1.00000
v -23.22107 443.84967 99.35831 0.36471 0.81176 0.22353 1.00000
v -59.62173 469.54968 121.88197 0.17647 0.81176 0.22353 1.00000
v -109.94193 493.81970 143.55687 0.00392 0.81176 0.22353 1.00000
v -159.30974 468.96661 123.92081 0.17647 0.81176 0.22353 1.00000
v -195.98396 443.45358 103.40806 0.36471 0.81176 0.22353 1.00000
v -23.34915 435.06384 112.12980 0.39608 0.81176 0.24314 1.00000
v -59.30558 456.21539 137.16258 0.19216 0.81176 0.24314 1.00000
v -109.46816 476.38727 161.39664 0.00392 0.81176 0.24314 1.00000
v -159.33144 456.07120 139.27136 0.19216 0.81176 0.24314 1.00000
v -194.77176 434.07050 114.88956 0.39608 0.81176 0.24314 1.00000
v -23.67741 431.09561 119.98022 0.46667 0.81176 0.28235 1.00000
v -59.41428 444.34473 148.81223 0.23137 0.81176 0.28235 1.00000
v -109.02022 456.43604 176.59456 0.00392 0.81176 0.28235 1.00000
v -158.50661 441.32077 151.50992 0.23137 0.81176 0.28235 1.00000
v -194.54715 425.84903 124.56947 0.46667 0.81176 0.28235 1.00000
v -21.63134 415.88971 128.45241 0.49020 0.81176 0.30196 1.00000
v -57.66213 425.13083 158.32390 0.23922 0.81176 0.30196 1.00000
v -107.53838 432.95352 187.31099 0.00392 0.81176 0.30196 1.00000
v -156.93912 419.22253 162.58575 0.23922 0.81176 0.30196 1.00000
v -193.72160 405.96582 136.63055 0.49020 0.81176 0.30196 1.00000
v -21.22444 410.71964 134.09125 0.49020 0.81176 0.34510 1.00000
v -56.22835 410.85062 165.13197 0.23922 0.81176 0.34510 1.00000
v -105.16985 408.58630 195.82037 0.00392 0.81176 0.34510 1.00000
v -155.24985 395.74155 172.54034 0.23922 0.81176 0.34510 1.00000
v -190.30774 384.57809 144.96388 0.49020 0.81176 0.34510 1.00000
v -18.72504 396.03726 138.97684 0.49020 0.81176 0.36471 1.00000
v -53.03947 390.74448 169.63155 0.23922 0.81176 0.36471 1.00000
v -100.28973 382.65121 198.98940 0.00392 0.81176 0.36471 1.00000
v -150.48535 370.69785 176.61610 0.23922 0.81176 0.36471 1.00000
v -185.87906 361.58609 149.93481 0.49020 0.81176 0.36471 1.00000
v -20.07745 402.81808 145.21416 0.49020 0.81176 0.40392 1.00000
v -51.51786 381.57391 173.41246 0.23922 0.81176 0.40392 1.00000
v -94.32219 356.61719 198.62053 0.00392 0.81176 0.40392 1.00000
v -143.36147 343.59854 175.73753 0.23922 0.81176 0.40392 1.00000
v -178.84613 337.04861 149.63913 0.49020 0.81176 0.40392 1.00000
v -84.03655 425.54535 -116.48371 0.16863 0.86275 0.09412 1.00000
v -72.43732 428.64523 -123.18255 0.20784 0.86275 0.11765 1.00000
v -67.70094 470.33981 -80.04630 0.10588 0.86275 0.11765 1.00000
v -85.97455 463.79944 -74.18679 0.09020 0.86275 0.09412 1.00000
v -83.38581 503.34073 -15.70887 0.00392 0.86275 0.09412 1.00000
v -58.49670 510.71298 -23.49012 0.00392 0.86275 0.11765 1.00000
v -34.11516 473.80362 29.82100 0.10588 0.86275 0.11765 1.00000
v -52.97292 466.00696 34.67504 0.09020 0.86275 0.09412 1.00000
v -26.25702 429.54074 74.27789 0.16863 0.86275 0.09412 1.00000
v -13.70543 433.93567 68.42950 0.20784 0.86275 0.11765 1.00000
v -72.43317 436.17429 -120.34910 0.28627 0.86275 0.16471 1.00000
v -54.74737 475.21021 -83.09573 0.14510 0.86275 0.16471 1.00000
v -32.62635 513.70685 -31.64836 0.00392 0.86275 0.16471 1.00000
v -20.42644 476.37918 24.23235 0.14510 0.86275 0.16471 1.00000
v -11.63770 439.84842 69.01678 0.28627 0.86275 0.16471 1.00000
v -56.93733 433.09464 -127.02879 0.32549 0.86275 0.18824 1.00000
v -34.05078 470.36047 -90.78323 0.16863 0.86275 0.18824 1.00000
v -6.56198 507.76208 -39.78853 0.00392 0.86275 0.18824 1.00000
v 0.36856 473.01111 17.86380 0.16863 0.86275 0.18824 1.00000
v 2.50482 436.31110 61.98457 0.32549 0.86275 0.18824 1.00000
v -43.94403 432.86395 -129.64000 0.40392 0.86275 0.23922 1.00000
v -15.15234 464.69278 -96.34396 0.20784 0.86275 0.23922 1.00000
v 18.62909 497.88510 -47.34925 0.00392 0.86275 0.23922 1.00000
v 16.43646 469.07428 13.20174 0.20784 0.86275 0.23922 1.00000
v 9.24295 438.06943 59.99770 0.40392 0.86275 0.23922 1.00000
v -33.02083 425.46753 -135.10576 0.44314 0.86275 0.26275 1.00000
v -0.35628 457.11429 -100.05312 0.22353 0.86275 0.26275 1.00000
v 34.58234 487.84641 -51.54804 0.00392 0.86275 0.26275 1.00000
v 28.99946 463.30063 10.05243 0.22353 0.86275 0.26275 1.00000
v 18.84771 436.77130 58.12132 0.44314 0.86275 0.26275 1.00000
v -11.56434 410.23257 -139.11971 0.48235 0.86275 0.28627 1.00000
v 21.84104 439.88531 -104.09342 0.24706 0.86275 0.28627 1.00000
v 56.75676 468.84454 -55.78212 0.00392 0.86275 0.28627 1.00000
v 47.60228 448.30325 6.03446 0.24706 0.86275 0.28627 1.00000
v 34.17915 425.55655 54.26530 0.48235 0.86275 0.28627 1.00000
v 9.63732 393.17734 -141.05093 0.56078 0.86275 0.33333 1.00000
v 42.51523 419.58582 -107.03077 0.28627 0.86275 0.33333 1.00000
v 77.49841 447.90720 -58.34174 0.00392 0.86275 0.33333 1.00000
v 61.78096 436.67697 3.91990 0.28627 0.86275 0.33333 1.00000
v 42.30511 422.25177 52.37443 0.56078 0.86275 0.33333 1.00000
v 27.98372 369.28415 -140.39293 0.60000 0.86275 0.35686 1.00000
v 61.23556 395.23724 -105.47810 0.30196 0.86275 0.35686 1.00000
v 95.18600 423.20743 -56.68945 0.00392 0.86275 0.35686 1.00000
v 77.10732 418.16171 5.25810 0.30196 0.86275 0.35686 1.00000
v 56.61946 410.05841 54.16575 0.60000 0.86275 0.35686 1.00000
v 42.66554 348.24506 -137.32942 0.68627 0.86275 0.40784 1.00000
v 77.06605 371.11856 -101.45081 0.34902 0.86275 0.40784 1.00000
v 110.61636 397.17432 -52.65240 0.00392 0.86275 0.40784 1.00000
v 87.23721 404.28870 6.44405 0.34902 0.86275 0.40784 1.00000
v 63.30717 407.97955 53.70283 0.68627 0.86275 0.40784 1.00000
v 54.19173 322.99854 -127.67044 0.72549 0.86275 0.43137 1.00000
v 85.83340 342.88687 -92.96097 0.36471 0.86275 0.43137 1.00000
v 119.22712 368.52652 -43.59757 0.00392 0.86275 0.43137 1.00000
v 95.05866 383.71100 13.05894 0.36471 0.86275 0.43137 1.00000
v 69.89127 394.25623 57.63663 0.72549 0.86275 0.43137 1.00000
v 60.69987 309.79492 -122.59229 0.80392 0.86275 0.47843 1.00000
v 91.20719 321.70612 -84.55596 0.40392 0.86275 0.47843 1.00000
v 123.40691 339.58527 -31.96726 0.00392 0.86275 0.47843 1.00000
v 99.56026 365.22562 20.24071 0.40392 0.86275 0.47843 1.00000
v 75.97784 386.14270 61.46284 0.80392 0.86275 0.47843 1.00000
v -224.07513 435.81143 -40.95729 0.10588 0.26275 0.06275 1.00000
v -226.10616 440.57568 -49.34959 0.12941 0.26275 0.08235 1.00000
v -188.14445 470.72583 -49.61924 0.05882 0.26275 0.08235 1.00000
v -186.73695 463.67923 -36.78276 0.05098 0.26275 0.06275 1.00000
v -139.48807 491.19073 -35.12331 0.00392 0.26275 0.06275 1.00000
v -143.46202 497.60019 -52.34371 0.00392 0.26275 0.08235 1.00000
v -102.79421 468.14352 -69.89052 0.05882 0.26275 0.08235 1.00000
v -99.09077 463.46088 -57.65473 0.05098 0.26275 0.06275 1.00000
v -69.16757 434.87506 -78.10406 0.10588 0.26275 0.06275 1.00000
v -73.20808 437.24924 -85.30080 0.12941 0.26275 0.08235 1.00000
v -225.30377 446.16217 -56.37920 0.18431 0.26275 0.11373 1.00000
v -191.82803 473.49597 -62.43106 0.09020 0.26275 0.11373 1.00000
v -147.44319 501.25647 -70.46906 0.00392 0.26275 0.11373 1.00000
v -103.97450 472.17032 -78.43359 0.09020 0.26275 0.11373 1.00000
v -72.66656 440.59662 -84.18742 0.18431 0.26275 0.11373 1.00000
v -230.12320 444.61731 -71.91936 0.21569 0.26275 0.12941 1.00000
v -193.98412 473.99527 -80.39653 0.10588 0.26275 0.12941 1.00000
v -150.54366 500.25220 -89.59714 0.00392 0.26275 0.12941 1.00000
v -107.51141 471.14505 -92.69067 0.10588 0.26275 0.12941 1.00000
v -73.69813 442.44373 -94.48464 0.21569 0.26275 0.12941 1.00000
v -231.70291 443.52838 -89.29691 0.27059 0.26275 0.16471 1.00000
v -197.37961 470.41269 -98.80773 0.12941 0.26275 0.16471 1.00000
v -152.87746 497.19839 -108.67990 0.00392 0.26275 0.16471 1.00000
v -108.72883 471.23880 -102.46849 0.12941 0.26275 0.16471 1.00000
v -73.56322 445.76602 -96.05994 0.27059 0.26275 0.16471 1.00000
v -231.61610 441.48022 -102.78384 0.29412 0.26275 0.18039 1.00000
v -197.72148 467.16531 -112.21233 0.14510 0.26275 0.18039 1.00000
v -153.36905 493.30368 -121.46329 0.00392 0.26275 0.18039 1.00000
v -108.73522 470.58139 -110.51943 0.14510 0.26275 0.18039 1.00000
v -74.79488 446.43326 -99.35957 0.29412 0.26275 0.18039 1.00000
v -229.56052 434.59598 -121.35844 0.32549 0.26275 0.19608 1.00000
v -195.79018 459.24738 -130.99973 0.16078 0.26275 0.19608 1.00000
v -151.94101 484.39590 -139.70743 0.00392 0.26275 0.19608 1.00000
v -108.08604 464.83597 -123.57744 0.16078 0.26275 0.19608 1.00000
v -73.92958 444.47150 -108.16457 0.32549 0.26275 0.19608 1.00000
v -227.77202 425.95483 -135.42227 0.38039 0.26275 0.23137 1.00000
v -193.30327 448.91885 -147.05984 0.18431 0.26275 0.23137 1.00000
v -149.01622 473.34619 -156.67587 0.00392 0.26275 0.23137 1.00000
v -107.40983 462.91888 -130.63397 0.18431 0.26275 0.23137 1.00000
v -74.45922 451.53418 -106.72390 0.38039 0.26275 0.23137 1.00000
v -222.80186 413.90317 -146.73346 0.40392 0.26275 0.24706 1.00000
v -188.04948 434.64316 -159.04369 0.20000 0.26275 0.24706 1.00000
v -143.40089 457.52402 -169.15553 0.00392 0.26275 0.24706 1.00000
v -102.57374 453.40164 -140.46094 0.20000 0.26275 0.24706 1.00000
v -72.97900 445.76425 -112.61779 0.40392 0.26275 0.24706 1.00000
v -217.70973 404.34344 -154.34412 0.45882 0.26275 0.28235 1.00000
v -181.50879 420.76459 -167.98401 0.22353 0.26275 0.28235 1.00000
v -136.80818 439.76071 -178.44208 0.00392 0.26275 0.28235 1.00000
v -99.66052 447.35516 -146.29190 0.22353 0.26275 0.28235 1.00000
v -73.55177 450.97144 -115.11315 0.45882 0.26275 0.28235 1.00000
v -212.39503 387.91138 -156.88040 0.49020 0.26275 0.29804 1.00000
v -174.26189 402.49857 -170.86911 0.23922 0.26275 0.29804 1.00000
v -129.23950 419.57968 -180.74344 0.00392 0.26275 0.29804 1.00000
v -93.90478 432.14136 -148.86397 0.23922 0.26275 0.29804 1.00000
v -69.27203 440.71716 -118.13141 0.49020 0.26275 0.29804 1.00000
v -208.66350 381.40778 -159.78142 0.49020 0.26275 0.32941 1.00000
v -168.99777 388.93747 -171.59128 0.23922 0.26275 0.32941 1.00000
v -121.69270 399.14453 -179.69470 0.00392 0.26275 0.32941 1.00000
v -86.65162 414.26157 -148.87187 0.23922 0.26275 0.32941 1.00000
v -61.15732 426.54095 -120.20399 0.49020 0.26275 0.32941 1.00000
v -161.91130 434.79752 119.31525 0.16078 0.93725 0.09020 1.00000
v -171.91817 445.21689 121.98079 0.20000 0.93725 0.11373 1.00000
v -179.61847 481.90936 79.75734 0.10588 0.93725 0.11373 1.00000
v -164.11626 471.76688 72.50840 0.08235 0.93725 0.09020 1.00000
v -171.01270 510.06238 15.27829 0.00392 0.93725 0.09020 1.00000
v -192.30301 520.77008 26.49893 0.00392 0.93725 0.11373 1.00000
v -229.55316 490.64969 -20.99422 0.10588 0.93725 0.11373 1.00000
v -212.57779 482.12357 -31.30691 0.08235 0.93725 0.09020 1.00000
v -249.02817 452.62048 -66.39198 0.16078 0.93725 0.09020 1.00000
v -261.82407 462.63196 -60.68652 0.20000 0.93725 0.11373 1.00000
v -178.08644 448.70901 127.38336 0.27843 0.93725 0.16078 1.00000
v -193.74809 486.87607 88.57652 0.14510 0.93725 0.16078 1.00000
v -214.87254 527.91266 38.37579 0.00392 0.93725 0.16078 1.00000
v -244.17514 497.09073 -13.26190 0.14510 0.93725 0.16078 1.00000
v -268.23926 465.48831 -54.37795 0.27843 0.93725 0.16078 1.00000
v -198.22899 453.26767 136.05190 0.31765 0.93725 0.18431 1.00000
v -215.82407 489.22357 99.31512 0.16078 0.93725 0.18431 1.00000
v -239.28000 529.18707 50.31345 0.00392 0.93725 0.18431 1.00000
v -264.82553 499.54404 -3.31073 0.16078 0.93725 0.18431 1.00000
v -285.19586 468.79785 -46.09631 0.31765 0.93725 0.18431 1.00000
v -216.86139 451.71124 147.21103 0.39608 0.93725 0.23137 1.00000
v -238.41080 489.44321 109.46542 0.20000 0.93725 0.23137 1.00000
v -264.04880 528.01471 61.63918 0.00392 0.93725 0.23137 1.00000
v -281.51065 500.64456 4.28645 0.20000 0.93725 0.23137 1.00000
v -294.58508 472.42987 -42.22276 0.39608 0.93725 0.23137 1.00000
v -232.61339 451.13666 153.32788 0.42745 0.93725 0.25490 1.00000
v -255.19510 487.73077 115.83426 0.21569 0.93725 0.25490 1.00000
v -281.24585 524.91211 68.35571 0.00392 0.93725 0.25490 1.00000
v -293.59235 499.39828 9.65305 0.21569 0.93725 0.25490 1.00000
v -302.02075 472.89786 -38.04358 0.42745 0.93725 0.25490 1.00000
v -256.13565 446.07333 159.75749 0.46667 0.93725 0.27843 1.00000
v -279.58640 479.72800 123.65902 0.23922 0.93725 0.27843 1.00000
v -307.17480 515.94788 76.18088 0.00392 0.93725 0.27843 1.00000
v -314.46912 493.46545 16.00134 0.23922 0.93725 0.27843 1.00000
v -318.11520 469.57043 -32.88286 0.46667 0.93725 0.27843 1.00000
v -272.31366 439.63147 164.66132 0.54510 0.93725 0.32549 1.00000
v -300.91498 470.69476 128.87485 0.27843 0.93725 0.32549 1.00000
v -332.37897 503.76340 82.28890 0.00392 0.93725 0.32549 1.00000
v -328.85538 489.68964 19.69191 0.27843 0.93725 0.32549 1.00000
v -323.22736 474.57507 -32.13244 0.54510 0.93725 0.32549 1.00000
v -289.71393 425.90582 166.45029 0.58431 0.93725 0.34510 1.00000
v -320.86813 454.17819 130.33220 0.29412 0.93725 0.34510 1.00000
v -353.94943 483.94965 83.94720 0.00392 0.93725 0.34510 1.00000
v -346.05063 474.55963 21.62290 0.29412 0.93725 0.34510 1.00000
v -337.51749 464.88004 -30.76256 0.58431 0.93725 0.34510 1.00000
v -302.89771 417.29843 165.93988 0.66275 0.93725 0.39216 1.00000
v -335.40674 437.24527 130.71156 0.33333 0.93725 0.39216 1.00000
v -372.39487 460.86215 83.42615 0.00392 0.93725 0.39216 1.00000
v -358.72791 462.24792 21.87540 0.33333 0.93725 0.39216 1.00000
v -344.33432 461.96722 -29.34910 0.66275 0.93725 0.39216 1.00000
v -313.49316 396.81070 163.28325 0.70196 0.93725 0.41569 1.00000
v -346.21564 413.10446 127.35806 0.35686 0.93725 0.41569 1.00000
v -383.46719 432.84366 79.35689 0.00392 0.93725 0.41569 1.00000
v -369.15475 438.50491 18.74394 0.35686 0.93725 0.41569 1.00000
v -355.41687 442.74878 -32.33242 0.70196 0.93725 0.41569 1.00000
v -319.23401 390.16394 162.79639 0.78039 0.93725 0.46275 1.00000
v -352.78854 396.14450 124.59266 0.39608 0.93725 0.46275 1.00000
v -390.75830 403.63626 74.19431 0.00392 0.93725 0.46275 1.00000
v -378.11026 409.00650 13.14791 0.39608 0.93725 0.46275 1.00000
v -364.89655 413.29779 -37.57642 0.78039 0.93725 0.46275 1.00000
v -1.40896 470.12534 48.55167 0.15294 0.86275 0.09412 1.00000
v -2.23424 482.55310 64.80286 0.19216 0.86275 0.11765 1.00000
v -55.59594 504.77362 62.08141 0.09020 0.86275 0.11765 1.00000
v -59.15422 493.55136 41.62589 0.07451 0.86275 0.09412 1.00000
v -124.22958 514.78339 37.08621 0.00392 0.86275 0.09412 1.00000
v -121.02862 527.42670 60.76674 0.00392 0.86275 0.11765 1.00000
v -169.63451 485.02863 85.86340 0.09020 0.86275 0.11765 1.00000
v -170.82066 474.21042 69.07803 0.07451 0.86275 0.09412 1.00000
v -205.98735 435.90067 98.08151 0.15294 0.86275 0.09412 1.00000
v -205.47713 444.26086 108.55352 0.19216 0.86275 0.11765 1.00000
v 1.74880 488.05966 77.69384 0.27059 0.86275 0.16471 1.00000
v -54.10480 513.56226 81.14555 0.12941 0.86275 0.16471 1.00000
v -117.65673 536.62714 86.11259 0.00392 0.86275 0.16471 1.00000
v -166.45898 491.31821 100.93265 0.12941 0.86275 0.16471 1.00000
v -205.94968 450.01071 113.73595 0.27059 0.86275 0.16471 1.00000
v 4.26329 493.12936 98.98747 0.30980 0.86275 0.18824 1.00000
v -49.15909 516.79340 105.37579 0.15294 0.86275 0.18824 1.00000
v -113.53631 540.19458 113.49424 0.00392 0.86275 0.18824 1.00000
v -163.14714 495.58856 124.89590 0.15294 0.86275 0.18824 1.00000
v -203.79359 455.23300 134.55029 0.30980 0.86275 0.18824 1.00000
v 5.70573 496.84152 113.79757 0.38824 0.86275 0.23529 1.00000
v -46.01203 519.16364 126.27065 0.19216 0.86275 0.23529 1.00000
v -108.90665 541.39331 141.05464 0.00392 0.86275 0.23529 1.00000
v -159.93222 498.12982 148.25238 0.19216 0.86275 0.23529 1.00000
v -199.97493 457.67987 153.39240 0.38824 0.86275 0.23529 1.00000
v 7.07779 498.86093 125.60862 0.42745 0.86275 0.25882 1.00000
v -43.60770 519.62012 141.46133 0.20784 0.86275 0.25882 1.00000
v -105.01739 539.92609 159.80670 0.00392 0.86275 0.25882 1.00000
v -156.21735 497.63840 164.57356 0.20784 0.86275 0.25882 1.00000
v -197.51953 458.89502 167.59558 0.42745 0.86275 0.25882 1.00000
v 12.67079 495.98926 143.83354 0.46667 0.86275 0.28627 1.00000
v -37.21228 514.96613 164.13885 0.23137 0.86275 0.28627 1.00000
v -97.68385 533.31213 187.38892 0.00392 0.86275 0.28627 1.00000
v -149.32654 492.31818 190.63902 0.23137 0.86275 0.28627 1.00000
v -191.97751 455.47986 192.44933 0.46667 0.86275 0.28627 1.00000
v 14.31687 497.40033 152.31638 0.49020 0.86275 0.33333 1.00000
v -32.19167 510.95514 181.12938 0.23922 0.86275 0.33333 1.00000
v -89.23673 523.57996 213.81912 0.00392 0.86275 0.33333 1.00000
v -143.62543 486.48752 212.43472 0.23922 0.86275 0.33333 1.00000
v -186.32858 451.77301 207.64302 0.49020 0.86275 0.33333 1.00000
v 20.37791 488.17828 168.36264 0.49020 0.86275 0.35686 1.00000
v -24.51171 497.90109 200.51530 0.23922 0.86275 0.35686 1.00000
v -78.90502 505.90012 235.89638 0.00392 0.86275 0.35686 1.00000
v -134.71339 471.97125 232.32863 0.23922 0.86275 0.35686 1.00000
v -178.93019 440.53189 225.18939 0.49020 0.86275 0.35686 1.00000
v 25.46150 482.14157 176.71480 0.49020 0.86275 0.40392 1.00000
v -17.19688 484.49121 214.67801 0.23922 0.86275 0.40392 1.00000
v -68.23364 484.51654 254.56757 0.00392 0.86275 0.40392 1.00000
v -126.72728 457.62891 246.85532 0.23922 0.86275 0.40392 1.00000
v -173.92165 433.44293 235.68555 0.49020 0.86275 0.40392 1.00000
v 33.49134 460.92978 188.12706 0.49020 0.86275 0.42745 1.00000
v -7.99878 460.10721 225.80681 0.23922 0.86275 0.42745 1.00000
v -58.43893 457.22205 266.08261 0.00392 0.86275 0.42745 1.00000
v -118.51709 434.78049 258.28265 0.23922 0.86275 0.42745 1.00000
v -168.15167 415.07248 248.41234 0.49020 0.86275 0.42745 1.00000
v 39.14174 445.19525 195.50778 0.49020 0.86275 0.47451 1.00000
v -1.24884 437.81995 234.19363 0.23922 0.86275 0.47451 1.00000
v -49.78957 428.19601 274.12180 0.00392 0.86275 0.47451 1.00000
v -111.03436 409.38733 266.95663 0.23922 0.86275 0.47451 1.00000
v -159.83858 393.57523 254.13382 0.49020 0.86275 0.47451 1.00000
v -88.73032 490.10925 -126.03170 0.15294 0.73725 0.08627 1.00000
v -71.61960 508.65628 -129.56116 0.19216 0.73725 0.10980 1.00000
v -78.80926 521.09015 -76.34494 0.09804 0.73725 0.10980 1.00000
v -96.15483 502.84070 -73.25212 0.08235 0.73725 0.08627 1.00000
v -102.99993 516.31781 -10.04851 0.00392 0.73725 0.08627 1.00000
v -85.79240 534.34283 -11.96065 0.00392 0.73725 0.10980 1.00000
v -49.57764 500.39401 29.68274 0.09804 0.73725 0.10980 1.00000
v -62.03209 485.75354 30.55814 0.08235 0.73725 0.08627 1.00000
v -26.78053 459.59238 66.65680 0.15294 0.73725 0.08627 1.00000
v -17.41363 469.91995 63.18515 0.19216 0.73725 0.10980 1.00000
v -52.78552 527.48773 -128.45020 0.26275 0.73725 0.15294 1.00000
v -59.52370 538.58679 -77.07029 0.13725 0.73725 0.15294 1.00000
v -66.86964 550.71948 -13.20441 0.00392 0.73725 0.15294 1.00000
v -41.55731 510.00241 29.72791 0.13725 0.73725 0.15294 1.00000
v -18.86426 473.48138 64.05417 0.26275 0.73725 0.15294 1.00000
v -30.49709 539.13623 -130.74924 0.30196 0.73725 0.17255 1.00000
v -37.45248 551.36963 -76.21732 0.15294 0.73725 0.17255 1.00000
v -44.24787 562.79681 -12.97511 0.00392 0.73725 0.17255 1.00000
v -25.56986 519.93707 30.65812 0.15294 0.73725 0.17255 1.00000
v -8.84875 481.75970 66.07537 0.30196 0.73725 0.17255 1.00000
v -9.34724 548.36102 -129.06593 0.37255 0.73725 0.21961 1.00000
v -14.59056 560.74878 -74.74555 0.19216 0.73725 0.21961 1.00000
v -20.18962 571.94824 -12.18011 0.00392 0.73725 0.21961 1.00000
v -16.31920 525.77844 30.93312 0.19216 0.73725 0.21961 1.00000
v -12.64958 484.65878 65.84325 0.37255 0.73725 0.21961 1.00000
v 5.18559 552.57404 -126.40783 0.41176 0.73725 0.23922 1.00000
v 1.60894 563.57880 -73.94125 0.20784 0.73725 0.23922 1.00000
v -2.70302 574.45630 -11.06414 0.00392 0.73725 0.23922 1.00000
v -6.24925 528.93201 32.07945 0.20784 0.73725 0.23922 1.00000
v -9.14361 488.25549 66.73844 0.41176 0.73725 0.23922 1.00000
v 29.33293 550.81763 -125.07726 0.44314 0.73725 0.26275 1.00000
v 27.08997 561.69531 -71.65934 0.22353 0.73725 0.26275 1.00000
v 23.96832 571.81653 -9.09163 0.00392 0.73725 0.26275 1.00000
v 12.29035 528.47375 34.38425 0.22353 0.73725 0.26275 1.00000
v 2.18688 490.38803 70.62138 0.44314 0.73725 0.26275 1.00000
v 49.09216 546.70776 -122.94523 0.51373 0.73725 0.30588 1.00000
v 50.19917 556.22510 -69.00130 0.26275 0.73725 0.30588 1.00000
v 49.98487 564.61798 -6.98551 0.00392 0.73725 0.30588 1.00000
v 24.75474 527.35956 35.38235 0.26275 0.73725 0.30588 1.00000
v 3.03146 495.32764 72.19934 0.51373 0.73725 0.30588 1.00000
v 70.24914 535.18109 -118.65764 0.55294 0.73725 0.32941 1.00000
v 71.87556 541.89948 -67.67064 0.27843 0.73725 0.32941 1.00000
v 72.88818 548.90594 -5.20598 0.00392 0.73725 0.32941 1.00000
v 43.37098 515.93921 37.37389 0.27843 0.73725 0.32941 1.00000
v 17.79478 487.30988 73.56970 0.55294 0.73725 0.32941 1.00000
v 87.17757 522.22626 -116.60085 0.62353 0.73725 0.37255 1.00000
v 90.52139 526.10138 -65.93407 0.31765 0.73725 0.37255 1.00000
v 93.45238 529.98505 -3.82958 0.00392 0.73725 0.37255 1.00000
v 57.87526 504.76581 38.73108 0.31765 0.73725 0.37255 1.00000
v 27.54498 483.30090 76.29039 0.62353 0.73725 0.37255 1.00000
v 102.58918 501.78427 -116.21317 0.66275 0.73725 0.39216 1.00000
v 106.27559 504.04214 -65.40439 0.33333 0.73725 0.39216 1.00000
v 109.47639 506.02643 -3.51350 0.00392 0.73725 0.39216 1.00000
v 73.27764 484.58426 40.71594 0.33333 0.73725 0.39216 1.00000
v 42.07486 466.10117 78.67193 0.66275 0.73725 0.39216 1.00000
v 112.09783 491.41647 -113.77451 0.73333 0.73725 0.43922 1.00000
v 118.00536 486.83258 -63.53281 0.37255 0.73725 0.43922 1.00000
v 123.19556 480.59763 -3.82381 0.00392 0.73725 0.43922 1.00000
v 87.18618 458.99622 39.28102 0.37255 0.73725 0.43922 1.00000
v 55.49287 440.32224 74.83351 0.73333 0.73725 0.43922 1.00000
v -264.63922 500.88519 -38.55206 0.14510 0.59608 0.09020 1.00000
v -269.53174 522.25482 -54.87911 0.18431 0.59608 0.11373 1.00000
v -209.39952 533.27167 -49.57782 0.09020 0.59608 0.11373 1.00000
v -208.09534 511.20114 -34.00073 0.06667 0.59608 0.09020 1.00000
v -140.48438 523.20709 -29.02863 0.00392 0.59608 0.09020 1.00000
v -142.98070 544.15625 -45.24526 0.00392 0.59608 0.11373 1.00000
v -100.82478 512.64294 -88.06453 0.09020 0.59608 0.11373 1.00000
v -97.68056 496.03070 -75.56033 0.06667 0.59608 0.09020 1.00000
v -64.49590 471.34750 -116.79776 0.14510 0.59608 0.09020 1.00000
v -64.56937 485.45041 -124.99731 0.18431 0.59608 0.11373 1.00000
v -270.36230 541.63702 -70.96642 0.26275 0.59608 0.16078 1.00000
v -212.60471 552.08820 -67.22082 0.12941 0.59608 0.16078 1.00000
v -145.00471 563.58807 -63.40111 0.00392 0.59608 0.16078 1.00000
v -101.30982 524.59619 -96.70301 0.12941 0.59608 0.16078 1.00000
v -63.27729 491.14954 -125.31001 0.26275 0.59608 0.16078 1.00000
v -270.48969 558.01971 -92.50209 0.30196 0.59608 0.18431 1.00000
v -213.53783 567.84137 -89.36078 0.14510 0.59608 0.18431 1.00000
v -146.42088 578.75714 -86.04277 0.00392 0.59608 0.18431 1.00000
v -101.31954 536.82391 -112.52426 0.14510 0.59608 0.18431 1.00000
v -64.22163 499.92236 -135.71075 0.30196 0.59608 0.18431 1.00000
v -269.96115 569.55029 -112.40054 0.38039 0.59608 0.23137 1.00000
v -213.54457 579.76361 -111.47923 0.18431 0.59608 0.23137 1.00000
v -147.44035 590.89026 -110.60047 0.00392 0.59608 0.23137 1.00000
v -101.73493 544.37494 -122.93768 0.18431 0.59608 0.23137 1.00000
v -62.95029 504.01703 -133.61833 0.38039 0.59608 0.23137 1.00000
v -270.85809 574.17542 -127.23103 0.41961 0.59608 0.25490 1.00000
v -214.21518 584.29388 -127.97745 0.20784 0.59608 0.25490 1.00000
v -147.93314 595.26477 -128.91956 0.00392 0.59608 0.25490 1.00000
v -101.66407 548.66040 -133.86330 0.20784 0.59608 0.25490 1.00000
v -61.37620 508.75690 -138.11456 0.41961 0.59608 0.25490 1.00000
v -270.86877 575.43518 -152.33380 0.45882 0.59608 0.27843 1.00000
v -214.76312 584.83295 -154.76180 0.22353 0.59608 0.27843 1.00000
v -148.77119 595.15863 -157.55051 0.00392 0.59608 0.27843 1.00000
v -100.78203 550.28949 -154.74947 0.22353 0.59608 0.27843 1.00000
v -62.22891 510.21545 -152.12788 0.45882 0.59608 0.27843 1.00000
v -270.06705 574.27991 -173.27864 0.49020 0.59608 0.32549 1.00000
v -214.20262 582.28021 -179.37210 0.23922 0.59608 0.32549 1.00000
v -149.71422 590.43158 -185.97964 0.00392 0.59608 0.32549 1.00000
v -100.68887 549.37677 -172.40884 0.23922 0.59608 0.32549 1.00000
v -61.17069 512.72400 -160.06906 0.49020 0.59608 0.32549 1.00000
v -272.29797 564.40540 -196.83617 0.49020 0.59608 0.34902 1.00000
v -215.35355 571.54889 -204.80080 0.23922 0.59608 0.34902 1.00000
v -151.39894 577.95612 -212.87239 0.00392 0.59608 0.34902 1.00000
v -102.06434 539.56232 -195.66756 0.23922 0.59608 0.34902 1.00000
v -61.98155 505.43326 -180.10205 0.49020 0.59608 0.34902 1.00000
v -272.98410 554.87598 -216.68448 0.49020 0.59608 0.39608 1.00000
v -217.13789 558.94043 -227.19250 0.23922 0.59608 0.39608 1.00000
v -153.52022 562.41498 -238.20715 0.00392 0.59608 0.39608 1.00000
v -102.84648 528.52313 -216.66312 0.23922 0.59608 0.39608 1.00000
v -60.07268 499.05289 -197.76479 0.49020 0.59608 0.39608 1.00000
v -275.69061 538.55383 -237.67860 0.49020 0.59608 0.41961 1.00000
v -219.52315 540.95892 -249.41464 0.23922 0.59608 0.41961 1.00000
v -156.92865 542.14148 -261.04102 0.00392 0.59608 0.41961 1.00000
v -105.12133 510.50494 -239.03088 0.23922 0.59608 0.41961 1.00000
v -64.78213 481.85049 -217.99301 0.49020 0.59608 0.41961 1.00000
v -273.23553 533.02533 -249.13664 0.49020 0.59608 0.46667 1.00000
v -220.83430 527.58301 -265.19962 0.23922 0.59608 0.46667 1.00000
v -161.09183 520.39191 -282.39935 0.00392 0.59608 0.46667 1.00000
v -111.95439 485.10687 -263.38882 0.23922 0.59608 0.46667 1.00000
v -68.69189 454.97845 -247.71004 0.49020 0.59608 0.46667 1.00000
v -135.90840 478.47891 117.88042 0.14510 0.85490 0.07843 1.00000
v -145.26619 492.26321 122.06413 0.17647 0.85490 0.10196 1.00000
v -155.89984 510.18542 75.48203 0.09020 0.85490 0.10196 1.00000
v -144.30687 495.82376 68.52898 0.07451 0.85490 0.07843 1.00000
v -153.20393 517.46613 9.47982 0.00392 0.85490 0.07843 1.00000
v -167.53751 533.63214 18.28487 0.00392 0.85490 0.10196 1.00000
v -212.16292 510.55096 -17.75374 0.09020 0.85490 0.10196 1.00000
v -201.17017 496.70609 -24.22837 0.07451 0.85490 0.07843 1.00000
v -242.17563 479.12573 -53.39080 0.14510 0.85490 0.07843 1.00000
v -250.34799 490.80124 -48.59186 0.17647 0.85490 0.10196 1.00000
v -154.09528 500.13217 130.24113 0.24706 0.85490 0.14118 1.00000
v -168.06076 522.07343 82.44688 0.12941 0.85490 0.14118 1.00000
v -183.72426 547.55347 27.94181 0.00392 0.85490 0.14118 1.00000
v -221.56633 520.70581 -12.41908 0.12941 0.85490 0.14118 1.00000
v -253.99380 498.04593 -47.36256 0.24706 0.85490 0.14118 1.00000
v -171.79770 510.87234 139.35660 0.27843 0.85490 0.16078 1.00000
v -186.54742 532.55182 91.93608 0.14510 0.85490 0.16078 1.00000
v -203.10422 557.39978 38.26319 0.00392 0.85490 0.16078 1.00000
v -237.13931 529.28864 -3.67147 0.14510 0.85490 0.16078 1.00000
v -266.32034 505.48376 -39.88204 0.27843 0.85490 0.16078 1.00000
v -193.75119 521.28021 148.83696 0.34902 0.85490 0.20392 1.00000
v -207.59361 540.98065 102.60870 0.17647 0.85490 0.20392 1.00000
v -223.55154 565.33069 48.29053 0.00392 0.85490 0.20392 1.00000
v -249.78944 535.67999 2.56867 0.17647 0.85490 0.20392 1.00000
v -272.26642 510.33533 -36.63436 0.34902 0.85490 0.20392 1.00000
v -208.94946 525.80975 155.88449 0.38039 0.85490 0.22353 1.00000
v -222.73706 545.66400 108.65414 0.19216 0.85490 0.22353 1.00000
v -238.47263 569.14087 54.38219 0.00392 0.85490 0.22353 1.00000
v -260.45395 539.88409 6.55511 0.19216 0.85490 0.22353 1.00000
v -279.51736 515.80804 -35.50803 0.38039 0.85490 0.22353 1.00000
v -233.83710 529.85608 164.21982 0.41961 0.85490 0.24314 1.00000
v -247.22316 549.46893 116.39466 0.21569 0.85490 0.24314 1.00000
v -262.32941 571.80731 62.37728 0.00392 0.85490 0.24314 1.00000
v -279.47424 542.50989 13.41116 0.21569 0.85490 0.24314 1.00000
v -294.72803 519.50885 -30.84614 0.41961 0.85490 0.24314 1.00000
v -260.83929 532.56622 169.74170 0.48235 0.85490 0.28627 1.00000
v -272.50217 549.80945 124.00673 0.24706 0.85490 0.28627 1.00000
v -286.70178 572.21075 69.39663 0.00392 0.85490 0.28627 1.00000
v -292.88342 544.74341 17.26735 0.24706 0.85490 0.28627 1.00000
v -298.71991 522.69592 -28.99035 0.48235 0.85490 0.28627 1.00000
v -287.48734 528.06445 173.72054 0.52157 0.85490 0.30588 1.00000
v -298.32962 544.84485 128.05600 0.26275 0.85490 0.30588 1.00000
v -311.77884 566.63885 73.57974 0.00392 0.85490 0.30588 1.00000
v -311.50784 541.65881 20.32133 0.26275 0.85490 0.30588 1.00000
v -312.32669 522.70032 -27.92655 0.52157 0.85490 0.30588 1.00000
v -311.41797 519.66321 176.26698 0.58431 0.85490 0.34902 1.00000
v -322.35812 536.42145 130.42972 0.29412 0.85490 0.34902 1.00000
v -336.23697 557.67865 76.11120 0.00392 0.85490 0.34902 1.00000
v -324.93896 540.44061 20.82129 0.29412 0.85490 0.34902 1.00000
v -316.26889 527.21661 -28.32196 0.58431 0.85490 0.34902 1.00000
v -333.12543 505.68021 174.56114 0.62353 0.85490 0.36863 1.00000
v -344.12543 521.87280 128.63274 0.31765 0.85490 0.36863 1.00000
v -357.49496 541.33105 75.36172 0.00392 0.85490 0.36863 1.00000
v -341.29019 528.10724 21.07659 0.31765 0.85490 0.36863 1.00000
v -327.80795 517.28033 -26.09855 0.62353 0.85490 0.36863 1.00000
v -346.80496 497.46207 172.25536 0.68627 0.85490 0.40784 1.00000
v -358.81036 507.68848 127.86250 0.34902 0.85490 0.40784 1.00000
v -376.14215 521.92621 73.17060 0.00392 0.85490 0.40784 1.00000
v -357.88593 513.21356 18.47024 0.34902 0.85490 0.40784 1.00000
v -341.05551 504.90753 -27.06227 0.68627 0.85490 0.40784 1.00000
v -7.48036 512.80585 -2.08348 0.12941 0.83922 0.08235 1.00000
v -5.58882 533.78162 7.57949 0.16863 0.83922 0.10196 1.00000
v -59.73650 537.70044 15.94035 0.08235 0.83922 0.10196 1.00000
v -64.09867 517.23633 5.41747 0.05882 0.83922 0.08235 1.00000
v -126.22850 522.72131 12.29783 0.00392 0.83922 0.08235 1.00000
v -123.08064 543.67957 23.33249 0.00392 0.83922 0.10196 1.00000
v -154.32901 520.12817 72.36604 0.08235 0.83922 0.10196 1.00000
v -156.18204 502.93625 64.22809 0.05882 0.83922 0.08235 1.00000
v -184.68475 486.84064 107.72360 0.12941 0.83922 0.08235 1.00000
v -184.36066 501.03699 113.42233 0.16863 0.83922 0.10196 1.00000
v -3.75757 553.07764 19.09298 0.23922 0.83922 0.14510 1.00000
v -57.02647 556.92004 28.01656 0.11373 0.83922 0.14510 1.00000
v -119.66193 563.43134 36.45248 0.00392 0.83922 0.14510 1.00000
v -153.93767 531.43512 77.76119 0.11373 0.83922 0.14510 1.00000
v -184.19940 504.67712 112.69358 0.23922 0.83922 0.14510 1.00000
v -1.06918 568.94867 35.11257 0.27059 0.83922 0.16471 1.00000
v -53.80437 572.83881 44.77505 0.12941 0.83922 0.16471 1.00000
v -115.27270 579.47144 54.43994 0.00392 0.83922 0.16471 1.00000
v -150.72954 543.56323 90.26858 0.12941 0.83922 0.16471 1.00000
v -183.14790 513.95325 120.57435 0.27059 0.83922 0.16471 1.00000
v 2.97297 579.37793 49.12361 0.34118 0.83922 0.20784 1.00000
v -49.45998 584.47693 61.34482 0.16863 0.83922 0.20784 1.00000
v -110.28865 592.73779 74.58103 0.00392 0.83922 0.20784 1.00000
v -148.46971 552.55432 101.10983 0.16863 0.83922 0.20784 1.00000
v -184.12410 519.92981 123.91528 0.34118 0.83922 0.20784 1.00000
v 5.48231 585.69769 60.64914 0.37255 0.83922 0.23137 1.00000
v -46.09272 590.61920 74.43760 0.18431 0.83922 0.23137 1.00000
v -106.14400 598.85437 89.81102 0.00392 0.83922 0.23137 1.00000
v -146.75107 558.77771 112.61921 0.18431 0.83922 0.23137 1.00000
v -181.17603 524.65002 131.99649 0.37255 0.83922 0.23137 1.00000
v 10.51614 592.06830 81.50626 0.41176 0.83922 0.25098 1.00000
v -40.57808 596.79669 96.86220 0.20000 0.83922 0.25098 1.00000
v -98.74616 604.14178 114.03406 0.00392 0.83922 0.25098 1.00000
v -140.78093 564.29584 133.57884 0.20000 0.83922 0.25098 1.00000
v -176.44852 530.33533 150.18684 0.41176 0.83922 0.25098 1.00000
v 16.93148 595.18036 98.53134 0.48235 0.83922 0.29412 1.00000
v -34.24142 600.25854 117.54888 0.23922 0.83922 0.29412 1.00000
v -90.70032 606.98395 138.52824 0.00392 0.83922 0.29412 1.00000
v -133.86795 567.54285 154.67226 0.23922 0.83922 0.29412 1.00000
v -170.75157 534.02301 168.46573 0.48235 0.83922 0.29412 1.00000
v 24.35099 596.49414 119.23841 0.49020 0.83922 0.31373 1.00000
v -25.30342 600.54315 140.06174 0.23922 0.83922 0.31373 1.00000
v -80.84934 606.49066 163.41191 0.00392 0.83922 0.31373 1.00000
v -124.64500 568.15466 180.11992 0.23922 0.83922 0.31373 1.00000
v -163.46509 536.34418 195.01566 0.49020 0.83922 0.31373 1.00000
v 29.76484 597.61066 132.79851 0.49020 0.83922 0.35686 1.00000
v -17.93921 600.79486 159.07513 0.23922 0.83922 0.35686 1.00000
v -70.00208 604.92737 187.85724 0.00392 0.83922 0.35686 1.00000
v -114.18288 567.62256 205.78920 0.23922 0.83922 0.35686 1.00000
v -150.21136 534.79767 220.02997 0.49020 0.83922 0.35686 1.00000
v 37.61285 596.68823 152.53679 0.49020 0.83922 0.37647 1.00000
v -6.85947 597.63123 180.16905 0.23922 0.83922 0.37647 1.00000
v -56.45907 599.87964 211.30377 0.00392 0.83922 0.37647 1.00000
v -99.57269 562.54565 227.96890 0.23922 0.83922 0.37647 1.00000
v -139.12201 532.36371 244.33228 0.49020 0.83922 0.37647 1.00000
v 41.08427 597.81873 157.36990 0.49020 0.83922 0.41961 1.00000
v 2.17381 594.57501 192.67697 0.23922 0.83922 0.41961 1.00000
v -41.86110 592.46088 233.54573 0.00392 0.83922 0.41961 1.00000
v -83.54610 554.72021 251.29813 0.23922 0.83922 0.41961 1.00000
v -120.58006 523.33960 268.32870 0.49020 0.83922 0.41961 1.00000
v -145.10945 512.58435 -130.76314 0.16078 0.65882 0.09020 1.00000
v -139.51004 531.79456 -138.02238 0.20000 0.65882 0.11373 1.00000
v -125.54175 542.00281 -80.86988 0.10588 0.65882 0.11373 1.00000
v -131.86893 519.88605 -76.47442 0.08235 0.65882 0.09020 1.00000
v -121.62111 530.80957 -9.07730 0.00392 0.65882 0.09020 1.00000
v -113.61101 555.27734 -14.92255 0.00392 0.65882 0.11373 1.00000
v -55.78048 543.40253 18.09480 0.10588 0.65882 0.11373 1.00000
v -62.65886 519.73663 22.85447 0.08235 0.65882 0.09020 1.00000
v -13.80318 511.34637 53.09008 0.16078 0.65882 0.09020 1.00000
v -7.80179 534.65765 49.65067 0.20000 0.65882 0.11373 1.00000
v -136.50177 545.03784 -140.29688 0.27843 0.65882 0.16078 1.00000
v -119.85645 560.06763 -85.11503 0.14510 0.65882 0.16078 1.00000
v -104.53152 579.04443 -22.09517 0.00392 0.65882 0.16078 1.00000
v -48.10597 565.38647 11.40291 0.14510 0.65882 0.16078 1.00000
v -1.02264 555.54846 43.05943 0.27843 0.65882 0.16078 1.00000
v -128.78456 562.87299 -146.20360 0.31765 0.65882 0.18431 1.00000
v -110.20471 579.15155 -94.13932 0.16078 0.65882 0.18431 1.00000
v -92.53244 601.02551 -32.46046 0.00392 0.65882 0.18431 1.00000
v -37.51694 586.39050 2.16076 0.16078 0.65882 0.18431 1.00000
v 8.59518 575.77319 34.31681 0.31765 0.65882 0.18431 1.00000
v -124.96911 572.62732 -150.92900 0.38824 0.65882 0.23137 1.00000
v -102.13834 593.94464 -101.34542 0.20000 0.65882 0.23137 1.00000
v -78.98994 621.36426 -44.34550 0.00392 0.65882 0.23137 1.00000
v -26.74777 604.38715 -7.07177 0.20000 0.65882 0.23137 1.00000
v 17.54692 593.07904 28.10743 0.38824 0.65882 0.23137 1.00000
v -120.98345 580.00140 -155.09880 0.42745 0.65882 0.25490 1.00000
v -95.05537 603.56494 -107.63065 0.21569 0.65882 0.25490 1.00000
v -68.16211 632.87372 -54.27939 0.00392 0.65882 0.25490 1.00000
v -17.81121 614.78534 -16.08365 0.21569 0.65882 0.25490 1.00000
v 25.51836 603.90698 20.74923 0.42745 0.65882 0.25490 1.00000
v -107.62592 592.24890 -166.02357 0.46667 0.65882 0.27451 1.00000
v -79.80065 614.49615 -122.80902 0.23922 0.65882 0.27451 1.00000
v -49.56485 645.38635 -71.76923 0.00392 0.65882 0.27451 1.00000
v -1.38088 626.93024 -31.56708 0.23922 0.65882 0.27451 1.00000
v 40.39845 615.28540 5.94003 0.46667 0.65882 0.27451 1.00000
v -99.07964 599.26147 -174.20924 0.54510 0.65882 0.32157 1.00000
v -66.57492 622.30896 -135.32678 0.27843 0.65882 0.32157 1.00000
v -29.79842 654.37689 -90.32844 0.00392 0.65882 0.32157 1.00000
v 14.02891 635.17596 -46.34285 0.27843 0.65882 0.32157 1.00000
v 53.52224 624.25555 -5.63546 0.54510 0.65882 0.32157 1.00000
v -81.40477 601.76508 -191.08824 0.58431 0.65882 0.34510 1.00000
v -47.17170 624.63727 -153.27449 0.29412 0.65882 0.34510 1.00000
v -8.09903 656.06110 -110.13947 0.00392 0.65882 0.34510 1.00000
v 33.98325 638.74146 -63.44577 0.29412 0.65882 0.34510 1.00000
v 71.94126 628.45337 -21.35288 0.58431 0.65882 0.34510 1.00000
v -62.22186 603.03058 -207.18190 0.66275 0.65882 0.39216 1.00000
v -26.56805 625.30219 -170.37878 0.33333 0.65882 0.39216 1.00000
v 13.99200 654.50769 -129.66554 0.00392 0.65882 0.39216 1.00000
v 50.91545 637.77826 -79.68044 0.33333 0.65882 0.39216 1.00000
v 84.15054 626.57910 -35.83973 0.66275 0.65882 0.39216 1.00000
v -38.32457 599.14990 -225.02177 0.70196 0.65882 0.41569 1.00000
v -4.18159 618.63208 -189.18098 0.35686 0.65882 0.41569 1.00000
v 37.29908 647.87384 -148.08270 0.00392 0.65882 0.41569 1.00000
v 72.60075 633.69952 -95.96800 0.35686 0.65882 0.41569 1.00000
v 103.02070 622.35016 -51.43948 0.70196 0.65882 0.41569 1.00000
v -19.30401 590.35114 -242.26489 0.77255 0.65882 0.46275 1.00000
v 18.72926 612.59766 -205.20291 0.38824 0.65882 0.46275 1.00000
v 60.91123 639.36450 -165.37407 0.00392 0.65882 0.46275 1.00000
v 94.29169 625.83923 -112.70429 0.38824 0.65882 0.46275 1.00000
v 124.96894 617.28284 -66.66040 0.77255 0.65882 0.46275 1.00000
v -262.88019 531.55975 5.55299 0.14510 0.96078 0.09412 1.00000
v -264.08615 553.04395 -6.45373 0.18431 0.96078 0.11765 1.00000
v -206.27309 552.09210 -20.05420 0.09020 0.96078 0.11765 1.00000
v -204.19112 530.38739 -7.26840 0.06667 0.96078 0.09412 1.00000
v -134.64732 532.50323 -16.14615 0.00392 0.96078 0.09412 1.00000
v -137.46907 555.13721 -30.31645 0.00392 0.96078 0.11765 1.00000
v -101.21437 525.29852 -80.30772 0.09020 0.96078 0.11765 1.00000
v -100.06207 506.35272 -69.57084 0.06667 0.96078 0.09412 1.00000
v -64.13992 486.14032 -112.54107 0.14510 0.96078 0.09412 1.00000
v -66.31998 501.79153 -121.03293 0.18431 0.96078 0.11765 1.00000
v -265.67639 571.64545 -19.14211 0.26275 0.96078 0.16471 1.00000
v -208.49054 571.48877 -34.01064 0.12941 0.96078 0.16471 1.00000
v -141.15378 576.18182 -46.71338 0.00392 0.96078 0.16471 1.00000
v -103.77631 540.83496 -91.15224 0.12941 0.96078 0.16471 1.00000
v -66.89809 513.46301 -127.60624 0.26275 0.96078 0.16471 1.00000
v -271.04367 589.07098 -36.32585 0.30196 0.96078 0.18824 1.00000
v -213.74464 589.40790 -52.24450 0.14510 0.96078 0.18824 1.00000
v -146.54375 594.75305 -66.53378 0.00392 0.96078 0.18824 1.00000
v -108.48017 558.74774 -109.16782 0.14510 0.96078 0.18824 1.00000
v -70.07914 531.28168 -144.34097 0.30196 0.96078 0.18824 1.00000
v -274.79044 603.58295 -51.05701 0.38039 0.96078 0.23529 1.00000
v -218.65546 605.11011 -69.42884 0.18431 0.96078 0.23529 1.00000
v -152.71048 612.22052 -87.14674 0.00392 0.96078 0.23529 1.00000
v -112.59570 575.81305 -127.53440 0.18431 0.96078 0.23529 1.00000
v -76.02718 546.89655 -161.24596 0.38039 0.96078 0.23529 1.00000
v -276.76413 612.93683 -60.86164 0.41961 0.96078 0.25882 1.00000
v -221.42735 615.38879 -81.46549 0.20784 0.96078 0.25882 1.00000
v -157.85216 622.99005 -101.96194 0.00392 0.96078 0.25882 1.00000
v -117.22672 587.29944 -141.96750 0.20784 0.96078 0.25882 1.00000
v -80.30466 559.00079 -175.57993 0.41961 0.96078 0.25882 1.00000
v -285.30167 624.67365 -78.17710 0.45882 0.96078 0.28235 1.00000
v -229.75685 628.72186 -101.52914 0.22353 0.96078 0.28235 1.00000
v -167.93777 637.22797 -125.22444 0.00392 0.96078 0.28235 1.00000
v -127.05227 601.82178 -164.43005 0.22353 0.96078 0.28235 1.00000
v -89.78260 573.90656 -197.66788 0.45882 0.96078 0.28235 1.00000
v -290.44623 633.58282 -90.53141 0.49020 0.96078 0.32941 1.00000
v -238.18961 638.90137 -118.78776 0.23922 0.96078 0.32941 1.00000
v -179.64482 649.44525 -148.94853 0.00392 0.96078 0.32941 1.00000
v -136.50595 613.85370 -185.31682 0.23922 0.96078 0.32941 1.00000
v -96.25323 586.80103 -217.24330 0.49020 0.96078 0.32941 1.00000
v -302.45810 640.18994 -111.00272 0.49020 0.96078 0.35294 1.00000
v -250.84251 645.88593 -141.54825 0.23922 0.96078 0.35294 1.00000
v -194.56847 655.88696 -174.13243 0.00392 0.96078 0.35294 1.00000
v -149.27200 620.98859 -208.49712 0.23922 0.96078 0.35294 1.00000
v -110.50274 592.33350 -237.67984 0.49020 0.96078 0.35294 1.00000
v -310.64706 645.93860 -129.45988 0.49020 0.96078 0.40000 1.00000
v -262.97809 650.02484 -162.56671 0.23922 0.96078 0.40000 1.00000
v -210.49448 658.93048 -199.47025 0.00392 0.96078 0.40000 1.00000
v -163.31808 623.59070 -228.18750 0.23922 0.96078 0.40000 1.00000
v -119.04184 597.75531 -255.89290 0.49020 0.96078 0.40000 1.00000
v -327.93655 642.13129 -151.29953 0.49020 0.96078 0.42353 1.00000
v -280.61005 645.80365 -185.49614 0.23922 0.96078 0.42353 1.00000
v -227.93022 654.70953 -224.71722 0.00392 0.96078 0.42353 1.00000
v -179.07231 620.53961 -250.90952 0.23922 0.96078 0.42353 1.00000
v -134.49614 594.77875 -276.10593 0.49020 0.96078 0.42353 1.00000
v -338.51694 640.36713 -170.94830 0.49020 0.96078 0.47059 1.00000
v -295.06387 640.80054 -206.24399 0.23922 0.96078 0.47059 1.00000
v -245.24315 647.38422 -249.43459 0.00392 0.96078 0.47059 1.00000
v -195.21957 614.58160 -275.17163 0.23922 0.96078 0.47059 1.00000
v -149.61594 590.03796 -301.03241 0.49020 0.96078 0.47059 1.00000
v -253.95148 518.63275 42.15669 0.16078 0.89804 0.09020 1.00000
v -259.03305 540.70581 35.73051 0.20000 0.89804 0.11373 1.00000
v -206.55042 547.07605 8.37023 0.10588 0.89804 0.11373 1.00000
v -201.03773 524.35571 15.36934 0.08235 0.89804 0.09020 1.00000
v -137.52901 533.73700 -8.04386 0.00392 0.89804 0.09020 1.00000
v -144.38412 557.68280 -16.08005 0.00392 0.89804 0.11373 1.00000
v -119.29356 542.55212 -76.41411 0.10588 0.89804 0.11373 1.00000
v -113.43962 521.98730 -70.16404 0.08235 0.89804 0.09020 1.00000
v -86.33698 514.29565 -120.82966 0.16078 0.89804 0.09020 1.00000
v -91.71034 532.41290 -125.85775 0.20000 0.89804 0.11373 1.00000
v -264.87573 563.41974 26.77956 0.27059 0.89804 0.16078 1.00000
v -214.35890 568.95599 -0.64112 0.13725 0.89804 0.16078 1.00000
v -152.47717 580.56586 -26.03626 0.00392 0.89804 0.16078 1.00000
v -124.20996 559.35846 -82.63181 0.13725 0.89804 0.16078 1.00000
v -94.62028 544.55627 -129.32018 0.27059 0.89804 0.16078 1.00000
v -275.20346 586.12720 13.15715 0.30980 0.89804 0.18039 1.00000
v -223.39342 591.12225 -14.12868 0.16078 0.89804 0.18039 1.00000
v -161.84039 601.84723 -39.67674 0.00392 0.89804 0.18039 1.00000
v -131.22675 578.27124 -93.83477 0.16078 0.89804 0.18039 1.00000
v -98.51453 562.07886 -138.80147 0.30980 0.89804 0.18039 1.00000
v -287.20798 613.66461 -6.96342 0.38824 0.89804 0.22745 1.00000
v -233.40192 615.22632 -31.68069 0.20000 0.89804 0.22745 1.00000
v -171.20070 622.08722 -54.88010 0.00392 0.89804 0.22745 1.00000
v -137.61696 592.22223 -103.09306 0.20000 0.89804 0.22745 1.00000
v -100.97958 571.29089 -143.30580 0.38824 0.89804 0.22745 1.00000
v -291.70001 631.02185 -21.67025 0.42745 0.89804 0.25098 1.00000
v -240.23315 629.63318 -44.76062 0.21569 0.89804 0.25098 1.00000
v -177.10069 634.88159 -66.91523 0.00392 0.89804 0.25098 1.00000
v -141.19205 602.26031 -111.11549 0.21569 0.89804 0.25098 1.00000
v -103.58493 578.63696 -148.05182 0.42745 0.89804 0.25098 1.00000
v -300.31140 650.54437 -44.66866 0.46667 0.89804 0.27451 1.00000
v -248.65190 647.75073 -66.57624 0.23922 0.89804 0.27451 1.00000
v -185.67906 651.65631 -88.04018 0.00392 0.89804 0.27451 1.00000
v -147.73756 616.52863 -127.84313 0.23922 0.89804 0.27451 1.00000
v -107.22243 591.39288 -161.47435 0.46667 0.89804 0.27451 1.00000
v -309.87714 666.91669 -69.93745 0.53725 0.89804 0.32157 1.00000
v -257.23566 663.03070 -90.01603 0.27059 0.89804 0.32157 1.00000
v -194.23053 666.14178 -110.89915 0.00392 0.89804 0.32157 1.00000
v -151.10432 627.60535 -141.68777 0.27059 0.89804 0.32157 1.00000
v -107.63800 599.43341 -168.39200 0.53725 0.89804 0.32157 1.00000
v -317.96506 677.16730 -98.18038 0.57647 0.89804 0.34510 1.00000
v -264.87555 672.70093 -117.04401 0.29412 0.89804 0.34510 1.00000
v -203.32341 674.52118 -137.27495 0.00392 0.89804 0.34510 1.00000
v -158.73578 634.46667 -161.62286 0.29412 0.89804 0.34510 1.00000
v -115.74429 604.31604 -183.11485 0.57647 0.89804 0.34510 1.00000
v -325.78351 683.02356 -127.40853 0.65490 0.89804 0.38824 1.00000
v -274.76935 676.92096 -144.05931 0.33333 0.89804 0.38824 1.00000
v -212.46123 678.83600 -164.76271 0.00392 0.89804 0.38824 1.00000
v -163.06973 639.40790 -179.57326 0.33333 0.89804 0.38824 1.00000
v -118.80518 608.41815 -193.01634 0.65490 0.89804 0.38824 1.00000
v -338.22598 679.93903 -154.69983 0.69412 0.89804 0.41176 1.00000
v -282.93451 675.76575 -172.71611 0.34902 0.89804 0.41176 1.00000
v -222.00856 676.36902 -193.30222 0.00392 0.89804 0.41176 1.00000
v -172.03070 637.67627 -204.66031 0.34902 0.89804 0.41176 1.00000
v -124.77219 608.53284 -216.45065 0.69412 0.89804 0.41176 1.00000
v -343.52762 678.67407 -171.74089 0.77255 0.89804 0.45882 1.00000
v -290.67682 672.58899 -194.61154 0.38824 0.89804 0.45882 1.00000
v -231.64354 671.29156 -221.52798 0.00392 0.89804 0.45882 1.00000
v -181.47528 633.26178 -235.20030 0.38824 0.89804 0.45882 1.00000
v -134.04385 604.51007 -249.92181 0.77255 0.89804 0.45882 1.00000
# Normals
vn 0.36502 0.15930 0.91727
vn 0.19108 -0.19132 0.96275
vn -0.01003 0.30307 0.95292
vn -0.00411 -0.21882 0.97576
vn 0.37251 -0.17967 0.91047
vn 0.63785 0.37003 0.67544
vn 0.54917 -0.15479 0.82125
vn 0.69633 -0.14691 0.70253
vn 0.89687 0.21138 0.38852
vn 0.82530 -0.12731 0.55016
vn 0.91491 -0.12510 0.38379
vn 0.91910 0.39319 0.02556
vn 0.97482 -0.11268 0.19243
vn 0.99309 -0.11730 0.00451
vn 0.90694 0.20742 -0.36665
vn 0.97428 -0.11298 -0.19498
vn 0.91839 -0.12481 -0.37549
vn 0.66761 0.35960 -0.65191
vn 0.82460 -0.12840 -0.55095
vn 0.70266 -0.14694 -0.69619
vn 0.37785 0.14750 -0.91404
vn 0.55035 -0.15699 -0.82004
vn 0.38061 -0.18073 -0.90690
vn -0.00624 0.28374 -0.95888
vn 0.19564 -0.19471 -0.96115
vn 0.00453 -0.22109 -0.97524
vn -0.38840 0.06359 -0.91930
vn -0.18320 -0.23577 -0.95439
vn -0.36529 -0.26155 -0.89339
vn -0.70532 0.20955 -0.67721
vn -0.52784 -0.27363 -0.80406
vn -0.67252 -0.29558 -0.67849
vn -0.92783 0.00714 -0.37292
vn -0.78809 -0.30228 -0.53623
vn -0.87442 -0.31787 -0.36654
vn -0.98234 0.18559 0.02395
vn -0.92870 -0.31726 -0.19199
vn -0.94567 -0.32512 -0.00386
vn -0.92065 0.01399 0.39013
vn -0.93150 -0.31629 0.17964
vn -0.87788 -0.31634 0.35953
vn -0.68006 0.22635 0.69734
vn -0.79539 -0.29957 0.52689
vn -0.67878 -0.29295 0.67337
vn -0.38379 0.07831 0.92009
vn -0.53691 -0.26978 0.79934
vn -0.37330 -0.25864 0.89093
vn -0.01003 0.30307 0.95292
vn -0.19101 -0.23169 0.95385
vn -0.00411 -0.21882 0.97576
vn 0.00540 0.16191 0.98679
vn 0.29899 0.53289 0.79160
vn 0.67033 0.26706 0.69234
vn 0.73768 0.58037 0.34497
vn 0.95794 0.28617 0.02162
vn 0.77084 0.56462 -0.29497
vn 0.70495 0.20604 -0.67867
vn 0.33353 0.48663 -0.80743
vn 0.01655 0.05690 -0.99824
vn -0.37073 0.38433 -0.84549
vn -0.70278 -0.07132 -0.70782
vn -0.88337 0.32742 -0.33533
vn -0.99616 -0.08495 0.02099
vn -0.85410 0.35550 0.37964
vn -0.68766 0.01817 0.72580
vn -0.34219 0.44310 0.82859
vn 0.00540 0.16191 0.98679
vn -0.06878 0.44690 0.89194
vn 0.34862 0.21309 0.91272
vn 0.55776 0.56629 0.60681
vn 0.88269 0.29433 0.36638
vn 0.80607 0.59093 -0.03249
vn 0.88077 0.25626 -0.39821
vn 0.55338 0.50974 -0.65874
vn 0.35047 0.11309 -0.92972
vn -0.05845 0.36273 -0.93006
vn -0.38716 -0.05827 -0.92017
vn -0.69722 0.23160 -0.67842
vn -0.90855 -0.14640 -0.39129
vn -0.97877 0.20336 -0.02546
vn -0.92711 -0.09560 0.36240
vn -0.71442 0.29597 0.63404
vn -0.40800 0.05475 0.91134
vn -0.06878 0.44690 0.89194
vn -0.03391 0.21160 0.97677
vn 0.26187 0.54557 0.79610
vn 0.64364 0.35655 0.67720
vn 0.71820 0.62781 0.30006
vn 0.91847 0.39510 -0.01783
vn 0.71044 0.60173 -0.36496
vn 0.64096 0.30866 -0.70278
vn 0.25795 0.48479 -0.83573
vn -0.02669 0.14621 -0.98889
vn -0.39972 0.33863 -0.85179
vn -0.70673 -0.00134 -0.70748
vn -0.89274 0.24671 -0.37704
vn -0.99892 -0.04550 -0.00917
vn -0.90615 0.26973 0.32579
vn -0.71884 0.04356 0.69381
vn -0.41703 0.39634 0.81792
vn -0.03391 0.21160 0.97677
vn -0.00816 0.52324 0.85214
vn 0.35411 0.31906 0.87909
vn 0.54728 0.64909 0.52836
vn 0.84159 0.41889 0.34095
vn 0.73393 0.67783 -0.04347
vn 0.83779 0.39444 -0.37754
vn 0.52988 0.60792 -0.59132
vn 0.35388 0.26044 -0.89830
vn -0.00254 0.46452 -0.88556
vn -0.36864 0.08464 -0.92571
vn -0.64480 0.31470 -0.69656
vn -0.91621 -0.03048 -0.39953
vn -0.96440 0.26218 -0.03464
vn -0.92451 -0.00644 0.38110
vn -0.67264 0.35625 0.64857
vn -0.38045 0.14284 0.91370
vn -0.00816 0.52324 0.85214
vn 0.02739 0.10771 0.99380
vn 0.31213 0.56115 0.76661
vn 0.68116 0.31183 0.66241
vn 0.70525 0.65791 0.26414
vn 0.92624 0.37648 -0.01841
vn 0.69145 0.63790 -0.33908
vn 0.67249 0.28330 -0.68374
vn 0.30176 0.51392 -0.80301
vn 0.03057 0.07156 -0.99697
vn -0.34621 0.32950 -0.87839
vn -0.66670 -0.15663 -0.72868
vn -0.89417 0.18896 -0.40591
vn -0.96802 -0.25086 0.00377
vn -0.91108 0.20739 0.35626
vn -0.66931 -0.13243 0.73109
vn -0.36723 0.37500 0.85118
vn 0.02739 0.10771 0.99380
vn -0.09097 0.33624 0.93737
vn 0.33684 0.16164 0.92758
vn 0.55655 0.52649 0.64270
vn 0.86816 0.32135 0.37821
vn 0.80561 0.59133 -0.03638
vn 0.86351 0.30849 -0.39897
vn 0.52678 0.50250 -0.68556
vn 0.33182 0.13631 -0.93344
vn -0.09909 0.31442 -0.94410
vn -0.40004 -0.10354 -0.91063
vn -0.72443 0.12430 -0.67805
vn -0.89062 -0.27792 -0.35994
vn -0.99896 0.04125 -0.01957
vn -0.88480 -0.27216 0.37823
vn -0.74167 0.13074 0.65790
vn -0.39551 -0.08565 0.91446
vn -0.09097 0.33624 0.93737
vn -0.03359 0.14120 0.98941
vn 0.24710 0.47495 0.84461
vn 0.64144 0.34537 0.68504
vn 0.72368 0.61170 0.31955
vn 0.90199 0.43104 -0.02511
vn 0.69697 0.60381 -0.38684
vn 0.60846 0.35185 -0.71132
vn 0.21341 0.46511 -0.85914
vn -0.05426 0.15934 -0.98573
vn -0.44259 0.27721 -0.85280
vn -0.71204 -0.03782 -0.70112
vn -0.91725 0.14113 -0.37247
vn -0.99161 -0.12891 -0.00935
vn -0.93339 0.13628 0.33197
vn -0.71518 -0.05669 0.69664
vn -0.45170 0.27432 0.84895
vn -0.03359 0.14120 0.98941
vn -0.15327 0.53101 0.83338
vn 0.29464 0.32732 0.89780
vn 0.40087 0.70322 0.58718
vn 0.78971 0.48901 0.37044
vn 0.62386 0.78153 0.00344
vn 0.78155 0.50103 -0.37167
vn 0.38612 0.72034 -0.57622
vn 0.27326 0.35700 -0.89324
vn -0.17362 0.55600 -0.81285
vn -0.43788 0.14245 -0.88768
vn -0.72775 0.38476 -0.56775
vn -0.93380 -0.01748 -0.35738
vn -0.95181 0.30629 0.01573
vn -0.92237 -0.03003 0.38513
vn -0.71407 0.36651 0.59647
vn -0.41318 0.11225 0.90371
vn -0.15327 0.53101 0.83338
vn -0.02171 0.13833 0.99015
vn 0.16092 0.60140 0.78257
vn 0.62775 0.37409 0.68263
vn 0.58125 0.74722 0.32219
vn 0.87364 0.48644 -0.01106
vn 0.56886 0.76031 -0.31358
vn 0.59102 0.41739 -0.69028
vn 0.13524 0.63486 -0.76070
vn -0.05978 0.20718 -0.97647
vn -0.47348 0.44209 -0.76182
vn -0.71549 -0.02818 -0.69805
vn -0.90507 0.29298 -0.30823
vn -0.98846 -0.15149 0.00175
vn -0.89896 0.27704 0.33929
vn -0.69911 -0.08272 0.71021
vn -0.45405 0.40578 0.79321
vn -0.02171 0.13833 0.99015
vn -0.14850 0.28868 0.94584
vn 0.32615 0.16842 0.93020
vn 0.47098 0.52010 0.71251
vn 0.83625 0.37620 0.39895
vn 0.75657 0.65213 0.04817
vn 0.83030 0.41055 -0.37690
vn 0.48092 0.58507 -0.65300
vn 0.29751 0.24600 -0.92248
vn -0.18708 0.35767 -0.91492
vn -0.43043 -0.01458 -0.90251
vn -0.79518 0.12613 -0.59311
vn -0.91231 -0.21307 -0.34969
vn -0.99785 0.02519 0.06058
vn -0.88612 -0.24007 0.39642
vn -0.73372 0.09232 0.67315
vn -0.38162 -0.08483 0.92042
vn -0.14850 0.28868 0.94584
vn -0.04186 0.06838 0.99678
vn 0.17219 0.42159 0.89029
vn 0.61240 0.31904 0.72331
vn 0.66713 0.61880 0.41475
vn 0.89510 0.44547 0.01862
vn 0.68272 0.65221 -0.32940
vn 0.61155 0.36075 -0.70418
vn 0.17020 0.48464 -0.85800
vn -0.07037 0.11436 -0.99094
vn -0.52349 0.23042 -0.82029
vn -0.72457 -0.13748 -0.67535
vn -0.95651 0.05432 -0.28660
vn -0.96859 -0.24687 0.02972
vn -0.91884 0.04453 0.39210
vn -0.68538 -0.16106 0.71015
vn -0.46853 0.19086 0.86258
vn -0.04186 0.06838 0.99678
vn -0.18717 0.48237 0.85574
vn 0.29948 0.29350 0.90784
vn 0.36053 0.70645 0.60906
vn 0.78467 0.49673 0.37089
vn 0.58079 0.81392 0.01475
vn 0.77078 0.51256 -0.37840
vn 0.34216 0.74019 -0.57884
vn 0.27068 0.33313 -0.90319
vn -0.21587 0.52866 -0.82092
vn -0.42607 0.06475 -0.90237
vn -0.76335 0.30513 -0.56939
vn -0.91783 -0.13786 -0.37226
vn -0.97945 0.20019 0.02447
vn -0.91058 -0.15602 0.38274
vn -0.74110 0.27336 0.61322
vn -0.40399 0.02274 0.91448
vn -0.18717 0.48237 0.85574
vn -0.12689 0.33182 0.93477
vn 0.15611 0.53544 0.83002
vn 0.46896 0.58736 0.65961
vn 0.58939 0.72790 0.35040
vn 0.71005 0.70410 0.00894
vn 0.58331 0.74425 -0.32534
vn 0.45594 0.61415 -0.64416
vn 0.13582 0.57276 -0.80840
vn -0.15185 0.36697 -0.91776
vn -0.49746 0.31098 -0.80983
vn -0.75781 0.10698 -0.64365
vn -0.93994 0.11440 -0.32159
vn -0.99978 -0.01032 0.01831
vn -0.92580 0.10113 0.36423
vn -0.73534 0.08418 0.67245
vn -0.46911 0.27674 0.83866
vn -0.12689 0.33182 0.93477
vn -0.11227 0.22562 0.96772
vn 0.59881 0.39118 0.69885
vn 0.78091 0.62430 -0.02081
vn 0.57545 0.39793 -0.71450
vn -0.12894 0.23762 -0.96276
vn -0.70061 -0.15627 -0.69623
vn -0.98914 -0.14658 -0.01107
vn -0.69808 -0.17159 0.69515
vn -0.11227 0.22562 0.96772
vn -0.03085 0.05955 0.99775
vn 0.46277 0.59443 0.65764
vn 0.89394 0.44803 -0.01211
vn 0.43740 0.58986 -0.67878
vn -0.04352 0.05961 -0.99727
vn -0.75512 0.07871 -0.65084
vn -0.94704 -0.32110 -0.00275
vn -0.76311 0.06908 0.64256
vn -0.03085 0.05955 0.99775
vn -0.20780 0.50025 0.84058
vn 0.59216 0.41076 0.69327
vn 0.57613 0.81724 -0.01380
vn 0.59037 0.40081 -0.70058
vn -0.20691 0.47643 -0.85452
vn -0.70276 -0.13633 -0.69824
vn -0.98711 0.15994 -0.00537
vn -0.69885 -0.12526 0.70421
vn -0.20780 0.50025 0.84058
vn -0.08553 0.21140 0.97365
vn 0.33038 0.74484 0.57970
vn 0.83418 0.55144 -0.00676
vn 0.33820 0.71853 -0.60773
vn -0.07244 0.15216 -0.98570
vn -0.75733 0.26241 -0.59799
vn -0.98294 -0.18391 0.00244
vn -0.75975 0.29077 0.58158
vn -0.08553 0.21140 0.97365
vn -0.20321 0.54061 0.81636
vn 0.56964 0.46248 0.67943
vn 0.58726 0.80896 -0.02659
vn 0.58124 0.41070 -0.70249
vn -0.18489 0.47470 -0.86051
vn -0.70782 -0.09452 -0.70004
vn -0.97856 0.20503 -0.01950
vn -0.72329 -0.04417 0.68913
vn -0.20321 0.54061 0.81636
vn -0.08765 0.23942 0.96695
vn 0.35123 0.74592 0.56590
vn 0.84218 0.53904 -0.01265
vn 0.36418 0.69782 -0.61679
vn -0.06708 0.16103 -0.98467
vn -0.74095 0.28200 -0.60949
vn -0.99065 -0.13633 -0.00542
vn -0.75426 0.32973 0.56777
vn -0.08765 0.23942 0.96695
vn -0.19249 0.55072 0.81219
vn 0.57131 0.46330 0.67747
vn 0.60421 0.79637 -0.02711
vn 0.58583 0.40711 -0.70076
vn -0.17330 0.48062 -0.85963
vn -0.71341 -0.06099 -0.69808
vn -0.97195 0.23420 -0.02138
vn -0.72914 -0.00502 0.68435
vn -0.19249 0.55072 0.81219
vn -0.06535 0.19391 0.97884
vn 0.38199 0.72426 0.57404
vn 0.87551 0.48304 -0.01223
vn 0.39270 0.67625 -0.62327
vn -0.04883 0.12512 -0.99094
vn -0.73461 0.28014 -0.61795
vn -0.98658 -0.16315 -0.00561
vn -0.74898 0.32675 0.57643
vn -0.06535 0.19391 0.97884
vn -0.17673 0.52241 0.83418
vn 0.59915 0.40559 0.69030
vn 0.62978 0.77661 -0.01584
vn 0.61023 0.36563 -0.70281
vn -0.16817 0.47822 -0.86199
vn -0.71015 -0.08879 -0.69843
vn -0.97451 0.22415 -0.00954
vn -0.71697 -0.04725 0.69550
vn -0.17673 0.52241 0.83418
vn -0.06852 0.21317 0.97461
vn 0.38198 0.72096 0.57820
vn 0.85135 0.52448 -0.01082
vn 0.38222 0.69747 -0.60618
vn -0.06983 0.18987 -0.97932
vn -0.73523 0.30952 -0.60302
vn -0.99247 -0.12246 -0.00159
vn -0.74120 0.33107 0.58397
vn -0.06852 0.21317 0.97461
vn -0.17667 0.51539 0.83855
vn 0.58250 0.43394 0.68731
vn 0.61099 0.79162 -0.00610
vn 0.57881 0.42646 -0.69506
vn -0.18513 0.50772 -0.84140
vn -0.72549 -0.03474 -0.68736
vn -0.97282 0.23152 0.00439
vn -0.71911 -0.02639 0.69440
vn -0.17667 0.51539 0.83855
vn -0.04500 0.14710 0.98810
vn 0.39480 0.69881 0.59649
vn 0.86760 0.49719 -0.00833
vn 0.38173 0.70125 -0.60211
vn -0.06635 0.17328 -0.98264
vn -0.74508 0.29770 -0.59685
vn -0.98396 -0.17835 0.00326
vn -0.73951 0.29250 0.60628
vn -0.04500 0.14710 0.98810
vn -0.16988 0.47040 0.86595
vn 0.60354 0.38337 0.69912
vn 0.61593 0.78772 0.01119
vn 0.58630 0.41494 -0.69576
vn -0.19516 0.51231 -0.83633
vn -0.72351 -0.06993 -0.68676
vn -0.98056 0.19516 0.02022
vn -0.70135 -0.09987 0.70579
vn -0.16988 0.47040 0.86595
vn -0.05918 0.17425 0.98292
vn 0.38076 0.69597 0.60882
vn 0.84713 0.53139 0.00068
vn 0.36304 0.72651 -0.58342
vn -0.08883 0.22223 -0.97094
vn -0.75486 0.31554 -0.57499
vn -0.99098 -0.13345 0.01183
vn -0.73658 0.28533 0.61322
vn -0.05918 0.17425 0.98292
vn -0.16791 0.48309 0.85932
vn 0.59024 0.41365 0.69319
vn 0.61275 0.79019 0.01185
vn 0.56981 0.44857 -0.68855
vn -0.19483 0.52790 -0.82666
vn -0.73249 -0.01747 -0.68055
vn -0.97505 0.22089 0.02205
vn -0.71076 -0.05195 0.70151
vn -0.16791 0.48309 0.85932
vn -0.10567 0.31318 0.94380
vn 0.45227 0.62028 0.64086
vn 0.77088 0.63696 0.00520
vn 0.43518 0.65031 -0.62267
vn -0.13309 0.35304 -0.92609
vn -0.75636 0.23729 -0.60960
vn -0.99932 0.03253 0.01733
vn -0.73573 0.20885 0.64427
vn -0.10567 0.31318 0.94380
vn -0.10717 0.37448 0.92102
vn 0.84747 0.53082 -0.00585
vn -0.12664 0.39689 -0.90909
vn -0.99808 -0.06126 0.00859
vn -0.10717 0.37448 0.92102
vn -0.06095 0.23116 0.97100
vn 0.63636 0.77139 -0.00062
vn -0.07951 0.22623 -0.97082
vn -0.95503 0.29624 0.01267
vn -0.06095 0.23116 0.97100
vn -0.13951 0.54496 0.82678
vn 0.87373 0.48629 -0.01118
vn -0.14780 0.52668 -0.83711
vn -0.99961 -0.02767 0.00487
vn -0.13951 0.54496 0.82678
vn -0.02635 0.12732 0.99151
vn 0.70534 0.70877 -0.01154
vn -0.03516 0.07439 -0.99661
vn -0.95946 0.28183 0.00236
vn -0.02635 0.12732 0.99151
vn -0.12463 0.57964 0.80529
vn 0.93576 0.35233 -0.01454
vn -0.12189 0.51906 -0.84600
vn -0.99602 -0.08913 0.00045
vn -0.12463 0.57964 0.80529
vn -0.06876 0.34089 0.93759
vn 0.63377 0.77300 -0.02843
vn -0.06785 0.26991 -0.96049
vn -0.90230 0.43077 -0.01690
vn -0.06876 0.34089 0.93759
vn -0.11989 0.58396 0.80288
vn 0.87802 0.47826 -0.01851
vn -0.11754 0.51765 -0.84748
vn -0.99761 0.06892 -0.00440
vn -0.11989 0.58396 0.80288
vn -0.04138 0.22750 0.97290
vn 0.71221 0.70140 -0.02817
vn -0.04122 0.15784 -0.98660
vn -0.93844 0.34507 -0.01577
vn -0.04138 0.22750 0.97290
vn -0.11244 0.54260 0.83243
vn 0.91642 0.40003 -0.01192
vn -0.11656 0.49503 -0.86102
vn -0.99980 -0.01984 0.00366
vn -0.11244 0.54260 0.83243
vn -0.03004 0.18791 0.98173
vn 0.71684 0.69693 -0.02094
vn -0.03999 0.15546 -0.98703
vn -0.94477 0.32766 -0.00689
vn -0.03004 0.18791 0.98173
vn -0.08837 0.36335 0.92745
vn 0.95548 0.29465 -0.01562
vn -0.10239 0.33742 -0.93577
vn -0.99162 -0.12915 0.00101
vn -0.08837 0.36335 0.92745
vn -0.08474 0.42571 0.90088
vn 0.68143 0.73162 -0.01953
vn -0.14484 0.41503 -0.89821
vn -0.96409 0.26527 -0.01260
vn -0.08474 0.42571 0.90088
vn -0.12083 0.55881 0.82044
vn 0.72885 0.68467 0.00422
vn -0.12424 0.61122 -0.78165
vn -0.94817 0.31777 -0.00112
vn -0.12083 0.55881 0.82044
vn -0.00283 0.05033 0.99873
vn 0.77410 0.63306 0.00102
vn -0.03674 0.09327 -0.99496
vn -0.94637 0.32253 0.01871
vn -0.00283 0.05033 0.99873
vn -0.04685 0.30887 0.94995
vn 0.98140 0.19183 -0.00747
vn -0.06924 0.43694 -0.89682
vn -0.97324 -0.16454 0.16038
vn -0.04685 0.30887 0.94995
vn -0.01751 0.29139 0.95644
vn 0.78397 0.62075 0.00754
vn -0.05103 0.32060 -0.94584
vn -0.91241 0.40833 0.02793
vn -0.01751 0.29139 0.95644
vn -0.05867 0.71295 0.69875
vn 0.79818 0.60241 -0.00311
vn -0.08417 0.73108 -0.67708
vn -0.88542 0.46437 0.01968
vn -0.05867 0.71295 0.69875
vn -0.09657 0.96152 0.25718
vn 0.13338 0.96550 -0.22363
vn -0.33482 0.91647 -0.21904
vn -0.09657 0.96152 0.25718
vn 0.11390 0.60491 -0.78811
vn 0.13123 0.56262 -0.81624
vn -0.89406 -0.44659 0.03475
vn -0.95066 -0.30587 0.05188
vn 0.24912 0.46019 0.85215
vn 0.22675 0.43287 0.87247
vn 0.13123 0.56262 -0.81624
vn 0.11390 0.60491 -0.78811
vn 0.12895 0.54238 -0.83018
vn -0.67835 -0.73465 -0.01178
vn 0.26454 0.38030 0.88622
vn 0.12895 0.54238 -0.83018
vn 0.12094 0.54947 -0.82672
vn -0.36325 -0.92940 -0.06529
vn 0.19221 0.38464 0.90283
vn 0.12094 0.54947 -0.82672
vn -0.07394 0.59156 -0.80286
vn -0.07351 -0.99188 -0.10376
vn 0.10073 0.39729 0.91215
vn -0.07394 0.59156 -0.80286
vn -0.27528 0.56894 -0.77493
vn 0.07739 -0.98943 -0.12260
vn -0.03918 0.35758 0.93306
vn -0.27528 0.56894 -0.77493
vn 0.16316 -0.97784 -0.13117
vn -0.41143 0.89549 0.16975
vn -0.82292 0.55388 -0.12656
vn -0.84352 0.51837 -0.14058
vn 0.09526 -0.41978 0.90261
vn 0.10919 -0.31379 0.94319
vn 0.83020 0.42558 -0.36006
vn 0.84434 0.40593 -0.34972
vn -0.84352 0.51837 -0.14058
vn -0.82292 0.55388 -0.12656
vn -0.85614 0.49491 -0.14861
vn 0.05427 -0.65551 0.75323
vn 0.84935 0.35135 -0.39389
vn -0.85614 0.49491 -0.14861
vn -0.85930 0.48243 -0.16992
vn 0.00620 -0.83588 0.54887
vn 0.86434 0.36756 -0.34325
vn -0.85930 0.48243 -0.16992
vn -0.83974 0.53869 -0.06819
vn -0.03226 -0.93250 0.35974
vn 0.88048 0.40073 -0.25331
vn -0.83974 0.53869 -0.06819
vn -0.81838 0.57107 0.06435
vn -0.05773 -0.97414 0.21845
vn 0.90855 0.41128 -0.07340
vn -0.81838 0.57107 0.06435
vn -0.07579 -0.99213 0.09971
vn 0.10088 0.98713 0.12411
vn -0.17729 0.49760 0.84910
vn -0.17566 0.47903 0.86004
vn 0.90633 -0.41049 -0.10033
vn 0.94730 -0.30013 -0.11195
vn -0.40695 0.39620 -0.82305
vn -0.39448 0.37771 -0.83768
vn -0.17566 0.47903 0.86004
vn -0.17729 0.49760 0.84910
vn -0.13869 0.49706 0.85656
vn 0.74757 -0.66147 -0.05997
vn -0.42881 0.32978 -0.84105
vn -0.13869 0.49706 0.85656
vn -0.08938 0.53120 0.84252
vn 0.51479 -0.85730 0.00597
vn -0.39235 0.33666 -0.85599
vn -0.08938 0.53120 0.84252
vn 0.09533 0.60748 0.78859
vn 0.26277 -0.96171 0.07789
vn -0.32529 0.35655 -0.87582
vn 0.09533 0.60748 0.78859
vn 0.27067 0.62308 0.73383
vn 0.09583 -0.98682 0.13043
vn -0.19644 0.34339 -0.91842
vn 0.27067 0.62308 0.73383
vn -0.03524 -0.98489 0.16954
vn 0.21406 0.95045 -0.22546
vn 0.82855 0.53672 0.15947
vn 0.85117 0.49919 0.16224
vn -0.10985 -0.27469 -0.95524
vn -0.11808 -0.13225 -0.98416
vn -0.80390 0.47100 0.36318
vn -0.82824 0.43523 0.35297
vn 0.85117 0.49919 0.16224
vn 0.82855 0.53672 0.15947
vn 0.86308 0.48132 0.15307
vn -0.07614 -0.58583 -0.80685
vn -0.84062 0.35527 0.40883
vn 0.86308 0.48132 0.15307
vn 0.86122 0.48569 0.14972
vn -0.01591 -0.82867 -0.55951
vn -0.85852 0.36093 0.36424
vn 0.86122 0.48569 0.14972
vn 0.82647 0.56297 -0.00184
vn 0.03909 -0.94560 -0.32296
vn -0.87717 0.39043 0.27953
vn 0.82647 0.56297 -0.00184
vn 0.79226 0.59082 -0.15249
vn 0.06985 -0.97735 -0.19975
vn -0.91348 0.39403 0.10147
vn 0.79226 0.59082 -0.15249
vn 0.08399 -0.98563 -0.14655
vn -0.13140 0.98374 -0.12246
vn 0.13644 0.46346 -0.87555
vn 0.12445 0.45708 -0.88068
vn -0.93350 -0.28951 0.21157
vn -0.95862 -0.17758 0.22252
vn 0.53485 0.36573 0.76169
vn 0.53359 0.33323 0.77733
vn 0.12445 0.45708 -0.88068
vn 0.13644 0.46346 -0.87555
vn 0.08252 0.48887 -0.86844
vn -0.81410 -0.55756 0.16236
vn 0.57807 0.26215 0.77273
vn 0.08252 0.48887 -0.86844
vn 0.03193 0.53484 -0.84435
vn -0.62437 -0.77795 0.07034
vn 0.56291 0.26006 0.78454
vn 0.03193 0.53484 -0.84435
vn -0.12209 0.63105 -0.76607
vn -0.42497 -0.90480 -0.02712
vn 0.51805 0.28280 0.80725
vn -0.12209 0.63105 -0.76607
vn -0.25739 0.67099 -0.69536
vn -0.31475 -0.94540 -0.08454
vn 0.41050 0.29643 0.86233
vn -0.25739 0.67099 -0.69536
vn -0.25235 -0.96065 -0.11609
vn 0.07793 0.97599 0.20338
vn -0.89673 0.41463 -0.15477
vn -0.92131 0.34871 -0.17201
vn 0.22403 -0.24352 0.94367
vn 0.23528 -0.12474 0.96389
vn 0.74401 0.36457 -0.55995
vn 0.75941 0.39735 -0.51517
vn -0.92131 0.34871 -0.17201
vn -0.89673 0.41463 -0.15477
vn -0.92946 0.32411 -0.17622
vn 0.18849 -0.52545 0.82968
vn 0.77119 0.39362 -0.50034
vn -0.92946 0.32411 -0.17622
vn -0.92773 0.31780 -0.19576
vn 0.15061 -0.75794 0.63469
vn 0.79240 0.45452 -0.40685
vn -0.92773 0.31780 -0.19576
vn -0.91283 0.39950 -0.08451
vn 0.11554 -0.89862 0.42325
vn 0.80389 0.50873 -0.30814
vn -0.91283 0.39950 -0.08451
vn -0.89474 0.44454 0.04268
vn 0.09780 -0.94695 0.30614
vn 0.82450 0.53771 -0.17626
vn -0.89474 0.44454 0.04268
vn 0.08862 -0.96618 0.24216
vn -0.06173 0.99653 -0.05588
vn -0.14751 0.39852 0.90522
vn -0.15684 0.34253 0.92632
vn 0.95492 -0.14606 -0.25844
vn 0.96318 -0.04956 -0.26425
vn -0.59351 0.36661 -0.71648
vn -0.57571 0.37049 -0.72891
vn -0.15684 0.34253 0.92632
vn -0.14751 0.39852 0.90522
vn -0.17348 0.28976 0.94125
vn 0.89206 -0.38558 -0.23569
vn -0.59220 0.32709 -0.73642
vn -0.17348 0.28976 0.94125
vn -0.21819 0.23002 0.94841
vn 0.78272 -0.58620 -0.20910
vn -0.54076 0.38178 -0.74955
vn -0.21819 0.23002 0.94841
vn -0.19472 0.26644 0.94398
vn 0.68725 -0.70077 -0.19135
vn -0.46558 0.45592 -0.75853
vn -0.19472 0.26644 0.94398
vn -0.15046 0.30601 0.94006
vn 0.62469 -0.75944 -0.18170
vn -0.31167 0.55866 -0.76861
vn -0.15046 0.30601 0.94006
vn 0.58254 -0.79381 -0.17469
vn -0.40328 0.89827 0.17457
vn 0.92227 0.35870 0.14405
vn 0.93944 0.30881 0.14862
vn -0.29318 -0.09243 -0.95158
vn -0.29701 -0.00305 -0.95487
vn -0.68943 0.32976 0.64493
vn -0.70113 0.33128 0.63140
vn 0.93944 0.30881 0.14862
vn 0.92227 0.35870 0.14405
vn 0.95239 0.25932 0.16036
vn -0.27447 -0.31837 -0.90736
vn -0.70733 0.28550 0.64667
vn 0.95239 0.25932 0.16036
vn 0.96008 0.19876 0.19682
vn -0.24978 -0.51079 -0.82262
vn -0.71958 0.33818 0.60650
vn 0.96008 0.19876 0.19682
vn 0.95564 0.23577 0.17651
vn -0.23201 -0.62608 -0.74444
vn -0.72967 0.41312 0.54490
vn 0.95564 0.23577 0.17651
vn 0.94947 0.28553 0.13029
vn -0.22123 -0.69360 -0.68555
vn -0.74642 0.52134 0.41360
vn 0.94947 0.28553 0.13029
vn -0.21295 -0.73924 -0.63889
vn 0.20123 0.85328 0.48107
vn 0.05421 0.34778 -0.93601
vn 0.04421 0.32539 -0.94455
vn -0.91669 -0.01348 0.39936
vn -0.91279 0.09855 0.39637
vn 0.72095 0.34485 0.60109
vn 0.71564 0.31725 0.62226
vn 0.04421 0.32539 -0.94455
vn 0.05421 0.34778 -0.93601
vn 0.02946 0.32317 -0.94588
vn -0.87636 -0.29768 0.37866
vn 0.74331 0.23506 0.62628
vn 0.02946 0.32317 -0.94588
vn 0.02299 0.33709 -0.94119
vn -0.76661 -0.56210 0.31039
vn 0.71993 0.25279 0.64637
vn 0.02299 0.33709 -0.94119
vn -0.06201 0.45295 -0.88938
vn -0.63730 -0.73496 0.23168
vn 0.67319 0.30346 0.67433
vn -0.06201 0.45295 -0.88938
vn -0.15536 0.53109 -0.83295
vn -0.56186 -0.80648 0.18409
vn 0.55963 0.37264 0.74023
vn -0.15536 0.53109 -0.83295
vn -0.52313 -0.83717 0.15964
vn 0.34942 0.93476 -0.06432
vn -0.94837 0.31652 -0.02027
vn -0.96462 0.26315 -0.01606
vn 0.45055 0.06698 0.89024
vn 0.44776 0.15086 0.88134
vn 0.54749 0.30720 -0.77838
vn 0.56050 0.29862 -0.77244
vn -0.96462 0.26315 -0.01606
vn -0.94837 0.31652 -0.02027
vn -0.98106 0.19235 -0.02267
vn 0.44421 -0.15634 0.88217
vn 0.56691 0.23069 -0.79082
vn -0.98106 0.19235 -0.02267
vn -0.99182 0.11726 -0.05037
vn 0.42194 -0.36322 0.83069
vn 0.57992 0.27860 -0.76556
vn -0.99182 0.11726 -0.05037
vn -0.98652 0.16001 -0.03417
vn 0.40101 -0.49011 0.77394
vn 0.59464 0.35956 -0.71911
vn -0.98652 0.16001 -0.03417
vn -0.97221 0.23360 0.01535
vn 0.38320 -0.57705 0.72123
vn 0.63042 0.49007 -0.60200
vn -0.97221 0.23360 0.01535
vn 0.36812 -0.63788 0.67646
vn -0.33005 0.78615 -0.52252
vn -0.03261 0.25484 0.96643
vn -0.02574 0.22046 0.97506
vn 0.88411 0.11236 -0.45357
vn 0.87366 0.19079 -0.44756
vn -0.80304 0.26426 -0.53413
vn -0.80018 0.24543 -0.54725
vn -0.02574 0.22046 0.97506
vn -0.03261 0.25484 0.96643
vn -0.02316 0.18243 0.98295
vn 0.88512 -0.09687 -0.45517
vn -0.81840 0.16141 -0.55152
vn -0.02316 0.18243 0.98295
vn -0.02321 0.17300 0.98465
vn 0.85438 -0.28093 -0.43717
vn -0.82184 0.13899 -0.55251
vn -0.02321 0.17300 0.98465
vn 0.00385 0.25767 0.96623
vn 0.82457 -0.38118 -0.41807
vn -0.81719 0.15330 -0.55562
vn 0.00385 0.25767 0.96623
vn 0.05128 0.37000 0.92761
vn 0.80492 -0.43377 -0.40491
vn -0.78191 0.21868 -0.58378
vn 0.05128 0.37000 0.92761
vn 0.79355 -0.45971 -0.39869
vn -0.71055 0.62279 0.32748
vn 0.97666 0.20599 0.06092
vn 0.98910 0.13818 0.05093
vn -0.43182 0.15848 -0.88793
vn -0.42303 0.25414 -0.86975
vn -0.53784 0.24272 0.80735
vn -0.54973 0.27346 0.78932
vn 0.98910 0.13818 0.05093
vn 0.97666 0.20599 0.06092
vn 0.99520 0.08429 0.04975
vn -0.44047 -0.10189 -0.89197
vn -0.56249 0.25946 0.78504
vn 0.99520 0.08429 0.04975
vn 0.99648 0.04757 0.06906
vn -0.43129 -0.35938 -0.82754
vn -0.57733 0.34133 0.74175
vn 0.99648 0.04757 0.06906
vn 0.98953 0.14231 0.02391
vn -0.41010 -0.54015 -0.73489
vn -0.58579 0.42275 0.69147
vn 0.98953 0.14231 0.02391
vn 0.97296 0.22687 -0.04343
vn -0.39767 -0.61004 -0.68536
vn -0.60852 0.51063 0.60742
vn 0.97296 0.22687 -0.04343
vn -0.39248 -0.63412 -0.66622
vn 0.35784 0.76730 0.53217
vn 0.97927 0.16786 -0.11339
vn 0.98154 0.14389 -0.12602
vn -0.58089 0.23551 -0.77916
vn -0.56236 0.32373 -0.76089
vn -0.36480 0.22433 0.90366
vn -0.38436 0.20690 0.89970
vn 0.98154 0.14389 -0.12602
vn 0.97927 0.16786 -0.11339
vn 0.98175 0.13244 -0.13650
vn -0.60342 -0.01014 -0.79736
vn -0.39614 0.13075 0.90883
vn 0.98175 0.13244 -0.13650
vn 0.98260 0.12827 -0.13432
vn -0.58165 -0.25543 -0.77229
vn -0.41175 0.15865 0.89738
vn 0.98260 0.12827 -0.13432
vn 0.96011 0.22912 -0.16030
vn -0.54163 -0.42190 -0.72707
vn -0.43002 0.22099 0.87536
vn 0.96011 0.22912 -0.16030
vn 0.93141 0.30762 -0.19452
vn -0.51811 -0.48768 -0.70266
vn -0.47761 0.33080 0.81391
vn 0.93141 0.30762 -0.19452
vn -0.50991 -0.50446 -0.69679
vn 0.44273 0.66418 0.60237
vn 0.56199 -0.58739 0.58236
vn 0.40516 -0.81214 0.41985
vn 0.28269 -0.73758 0.61324
vn 0.56199 -0.58739 0.58236
vn 0.30712 -0.55757 0.77123
vn 0.56199 -0.58739 0.58236
vn 0.46413 -0.37757 0.80126
vn 0.56199 -0.58739 0.58236
vn 0.66176 -0.30301 0.68575
vn 0.56199 -0.58739 0.58236
vn 0.78423 -0.37757 0.49236
vn 0.56199 -0.58739 0.58236
vn 0.75981 -0.55757 0.33437
vn 0.56199 -0.58739 0.58236
vn 0.60279 -0.73758 0.30434
vn 0.56199 -0.58739 0.58236
vn 0.40516 -0.81214 0.41985
vn 0.18403 -0.96424 0.19070
vn -0.05919 -0.81616 0.57478
vn -0.01068 -0.45867 0.88854
vn 0.30115 -0.10118 0.94819
vn 0.69364 0.04689 0.71879
vn 0.93687 -0.10118 0.33472
vn 0.88836 -0.45867 0.02095
vn 0.57652 -0.81616 -0.03870
vn 0.18403 -0.96424 0.19070
vn -0.10382 -0.98876 -0.10758
vn -0.44958 -0.77826 0.43839
vn -0.38061 -0.27008 0.88442
vn 0.06267 0.23811 0.96921
vn 0.62061 0.44861 0.64311
vn 0.96637 0.23811 0.09714
vn 0.89741 -0.27008 -0.34889
vn 0.45412 -0.77826 -0.43368
vn -0.10382 -0.98876 -0.10758
vn -0.40789 -0.80930 -0.42267
vn -0.79724 -0.57226 0.19214
vn -0.71958 -0.00000 0.69441
vn -0.22040 0.57226 0.78990
vn 0.40789 0.80930 0.42267
vn 0.79724 0.57226 -0.19214
vn 0.71958 0.00000 -0.69441
vn 0.22040 -0.57226 -0.78990
vn -0.40789 -0.80930 -0.42267
vn -0.62061 -0.44861 -0.64311
vn -0.96637 -0.23811 -0.09714
vn -0.89741 0.27008 0.34889
vn -0.45412 0.77826 0.43368
vn 0.10382 0.98876 0.10758
vn 0.44958 0.77826 -0.43839
vn 0.38061 0.27008 -0.88442
vn -0.06267 -0.23811 -0.96921
vn -0.62061 -0.44861 -0.64311
vn -0.69364 -0.04689 -0.71879
vn -0.93687 0.10118 -0.33472
vn -0.88836 0.45867 -0.02095
vn -0.57652 0.81616 0.03870
vn -0.18403 0.96424 -0.19070
vn 0.05919 0.81616 -0.57478
vn 0.01068 0.45867 -0.88854
vn -0.30115 0.10118 -0.94819
vn -0.69364 -0.04689 -0.71879
vn -0.66176 0.30301 -0.68575
vn -0.78423 0.37757 -0.49236
vn -0.75981 0.55757 -0.33437
vn -0.60279 0.73758 -0.30434
vn -0.40516 0.81214 -0.41985
vn -0.28269 0.73758 -0.61324
vn -0.30712 0.55757 -0.77123
vn -0.46413 0.37757 -0.80126
vn -0.66176 0.30301 -0.68575
vn -0.56199 0.58739 -0.58236
vn -0.56199 0.58739 -0.58236
vn -0.56199 0.58739 -0.58236
vn -0.56199 0.58739 -0.58236
vn -0.56199 0.58739 -0.58236
vn -0.56199 0.58739 -0.58236
vn -0.56199 0.58739 -0.58236
vn -0.56199 0.58739 -0.58236
vn -0.56199 0.58739 -0.58236
vn 0.54155 -0.56830 -0.61948
vn 0.39641 -0.79827 -0.45345
vn 0.59832 -0.72247 -0.34648
vn 0.54155 -0.56830 -0.61948
vn 0.75088 -0.53945 -0.38101
vn 0.54155 -0.56830 -0.61948
vn 0.76471 -0.35644 -0.53681
vn 0.54155 -0.56830 -0.61948
vn 0.63172 -0.28063 -0.72262
vn 0.54155 -0.56830 -0.61948
vn 0.42980 -0.35644 -0.82959
vn 0.54155 -0.56830 -0.61948
vn 0.27725 -0.53945 -0.79506
vn 0.54155 -0.56830 -0.61948
vn 0.26341 -0.72247 -0.63926
vn 0.54155 -0.56830 -0.61948
vn 0.39641 -0.79827 -0.45345
vn 0.18922 -0.95778 -0.21645
vn 0.59022 -0.80723 -0.00401
vn 0.89320 -0.44377 -0.07258
vn 0.92067 -0.08031 -0.38200
vn 0.65654 0.07024 -0.75101
vn 0.25554 -0.08031 -0.96346
vn -0.04744 -0.44377 -0.89489
vn -0.07490 -0.80723 -0.58547
vn 0.18922 -0.95778 -0.21645
vn -0.08315 -0.99199 0.09512
vn 0.48689 -0.77797 0.39711
vn 0.91757 -0.26130 0.29964
vn 0.95662 0.25537 -0.14022
vn 0.58115 0.46939 -0.66478
vn 0.01112 0.25537 -0.96678
vn -0.41957 -0.26130 -0.86930
vn -0.45862 -0.77797 -0.42945
vn -0.08315 -0.99199 0.09512
vn -0.37404 -0.82282 0.42786
vn 0.26788 -0.58182 0.76793
vn 0.75287 -0.00000 0.65816
vn 0.79685 0.58182 0.16285
vn 0.37403 0.82282 -0.42786
vn -0.26788 0.58182 -0.76793
vn -0.75287 0.00000 -0.65816
vn -0.79685 -0.58182 -0.16285
vn -0.37403 -0.82282 0.42786
vn -0.58115 -0.46939 0.66478
vn -0.01112 -0.25537 0.96678
vn 0.41957 0.26130 0.86930
vn 0.45862 0.77797 0.42945
vn 0.08315 0.99199 -0.09512
vn -0.48689 0.77797 -0.39711
vn -0.91757 0.26130 -0.29964
vn -0.95662 -0.25537 0.14022
vn -0.58115 -0.46939 0.66478
vn -0.65654 -0.07024 0.75101
vn -0.25554 0.08031 0.96346
vn 0.04744 0.44377 0.89489
vn 0.07490 0.80723 0.58547
vn -0.18922 0.95778 0.21645
vn -0.59022 0.80723 0.00401
vn -0.89320 0.44377 0.07258
vn -0.92067 0.08031 0.38200
vn -0.65654 -0.07024 0.75101
vn -0.63172 0.28063 0.72262
vn -0.42980 0.35644 0.82959
vn -0.27725 0.53945 0.79506
vn -0.26341 0.72247 0.63926
vn -0.39641 0.79827 0.45345
vn -0.59832 0.72247 0.34648
vn -0.75088 0.53945 0.38101
vn -0.76471 0.35644 0.53681
vn -0.63172 0.28063 0.72262
vn -0.54155 0.56830 0.61948
vn -0.54155 0.56830 0.61948
vn -0.54155 0.56830 0.61948
vn -0.54155 0.56830 0.61948
vn -0.54155 0.56830 0.61948
vn -0.54155 0.56830 0.61948
vn -0.54155 0.56830 0.61948
vn -0.54155 0.56830 0.61948
vn -0.45563 -0.54989 -0.70001
vn -0.33815 -0.78471 -0.51951
vn -0.17937 -0.70776 -0.68331
vn -0.45563 -0.54989 -0.70001
vn -0.16888 -0.52198 -0.83607
vn -0.45563 -0.54989 -0.70001
vn -0.31282 -0.33621 -0.88832
vn -0.45563 -0.54989 -0.70001
vn -0.52686 -0.25926 -0.80944
vn -0.45563 -0.54989 -0.70001
vn -0.68564 -0.33621 -0.64565
vn -0.45563 -0.54989 -0.70001
vn -0.69613 -0.52198 -0.49288
vn -0.45563 -0.54989 -0.70001
vn -0.55220 -0.70776 -0.44064
vn -0.45563 -0.54989 -0.70001
vn -0.33815 -0.78471 -0.51951
vn -0.16840 -0.95116 -0.25871
vn 0.14693 -0.79834 -0.58401
vn 0.16777 -0.42940 -0.88740
vn -0.11809 -0.06045 -0.99116
vn -0.54318 0.09237 -0.83452
vn -0.85851 -0.06045 -0.50922
vn -0.87935 -0.42940 -0.20583
vn -0.59349 -0.79834 -0.10207
vn -0.16840 -0.95116 -0.25871
vn 0.05689 -0.99455 0.08740
vn 0.50514 -0.77731 -0.37501
vn 0.53476 -0.25284 -0.80629
vn 0.12841 0.27163 -0.95380
vn -0.47588 0.48887 -0.73112
vn -0.92413 0.27163 -0.26870
vn -0.95375 -0.25284 0.16258
vn -0.54740 -0.77731 0.31008
vn 0.05689 -0.99455 0.08740
vn 0.29998 -0.83523 0.46087
vn 0.80474 -0.59060 -0.05986
vn 0.83810 -0.00000 -0.54552
vn 0.38051 0.59060 -0.71162
vn -0.29998 0.83523 -0.46087
vn -0.80474 0.59060 0.05986
vn -0.83810 0.00000 0.54552
vn -0.38051 -0.59060 0.71162
vn 0.29998 -0.83523 0.46087
vn 0.47588 -0.48887 0.73112
vn 0.92413 -0.27163 0.26870
vn 0.95375 0.25284 -0.16258
vn 0.54740 0.77731 -0.31008
vn -0.05689 0.99455 -0.08740
vn -0.50514 0.77731 0.37501
vn -0.53476 0.25284 0.80629
vn -0.12841 -0.27163 0.95380
vn 0.47588 -0.48887 0.73112
vn 0.54318 -0.09237 0.83452
vn 0.85851 0.06045 0.50922
vn 0.87935 0.42940 0.20583
vn 0.59349 0.79834 0.10207
vn 0.16840 0.95116 0.25871
vn -0.14693 0.79834 0.58401
vn -0.16777 0.42940 0.88740
vn 0.11809 0.06045 0.99116
vn 0.54318 -0.09237 0.83452
vn 0.52686 0.25926 0.80944
vn 0.68564 0.33621 0.64565
vn 0.69613 0.52198 0.49288
vn 0.55220 0.70776 0.44064
vn 0.33815 0.78471 0.51951
vn 0.17937 0.70776 0.68331
vn 0.16888 0.52198 0.83607
vn 0.31282 0.33621 0.88832
vn 0.52686 0.25926 0.80944
vn 0.45563 0.54989 0.70001
vn 0.45563 0.54989 0.70001
vn 0.45563 0.54989 0.70001
vn 0.45563 0.54989 0.70001
vn 0.45563 0.54989 0.70001
vn 0.45563 0.54989 0.70001
vn 0.45563 0.54989 0.70001
vn 0.45563 0.54989 0.70001
vn -0.81967 -0.53223 0.21183
vn -0.61597 -0.77152 0.15919
vn -0.71910 -0.69352 -0.04389
vn -0.81967 -0.53223 0.21183
vn -0.85677 -0.50522 -0.10347
vn -0.81967 -0.53223 0.21183
vn -0.94833 -0.31692 0.01535
vn -0.81967 -0.53223 0.21183
vn -0.94015 -0.23892 0.24296
vn -0.81967 -0.53223 0.21183
vn -0.83702 -0.31692 0.44604
vn -0.81967 -0.53223 0.21183
vn -0.69936 -0.50522 0.50562
vn -0.81967 -0.53223 0.21183
vn -0.60780 -0.69352 0.38680
vn -0.81967 -0.53223 0.21183
vn -0.61597 -0.77152 0.15919
vn -0.31815 -0.94447 0.08222
vn -0.52295 -0.78957 -0.32109
vn -0.79636 -0.41560 -0.43941
vn -0.97820 -0.04164 -0.20344
vn -0.96196 0.11326 0.24860
vn -0.75715 -0.04164 0.65191
vn -0.48375 -0.41560 0.77023
vn -0.30191 -0.78957 0.53426
vn -0.31815 -0.94447 0.08222
vn 0.08073 -0.99652 -0.02086
vn -0.21042 -0.77632 -0.59418
vn -0.59907 -0.24472 -0.76238
vn -0.85757 0.28689 -0.42694
vn -0.83448 0.50709 0.21566
vn -0.54334 0.28689 0.78897
vn -0.15468 -0.24472 0.95718
vn 0.10381 -0.77632 0.62173
vn 0.08073 -0.99652 -0.02086
vn 0.51530 -0.84660 -0.13317
vn 0.18745 -0.59863 -0.77878
vn -0.25021 -0.00000 -0.96819
vn -0.54130 0.59863 -0.59045
vn -0.51530 0.84660 0.13317
vn -0.18745 0.59863 0.77878
vn 0.25021 0.00000 0.96819
vn 0.54130 -0.59863 0.59045
vn 0.51530 -0.84660 -0.13317
vn 0.83448 -0.50709 -0.21566
vn 0.54334 -0.28689 -0.78897
vn 0.15468 0.24472 -0.95718
vn -0.10381 0.77632 -0.62173
vn -0.08073 0.99652 0.02086
vn 0.21042 0.77632 0.59418
vn 0.59907 0.24472 0.76238
vn 0.85757 -0.28689 0.42694
vn 0.83448 -0.50709 -0.21566
vn 0.96196 -0.11326 -0.24860
vn 0.75715 0.04164 -0.65191
vn 0.48375 0.41560 -0.77023
vn 0.30191 0.78957 -0.53426
vn 0.31815 0.94447 -0.08222
vn 0.52295 0.78957 0.32109
vn 0.79636 0.41560 0.43941
vn 0.97820 0.04164 0.20344
vn 0.96196 -0.11326 -0.24860
vn 0.94015 0.23892 -0.24296
vn 0.83702 0.31692 -0.44604
vn 0.69936 0.50522 -0.50562
vn 0.60780 0.69352 -0.38680
vn 0.61597 0.77152 -0.15919
vn 0.71910 0.69352 0.04389
vn 0.85677 0.50522 0.10347
vn 0.94833 0.31692 -0.01535
vn 0.94015 0.23892 -0.24296
vn 0.81967 0.53223 -0.21183
vn 0.81967 0.53223 -0.21183
vn 0.81967 0.53223 -0.21183
vn 0.81967 0.53223 -0.21183
vn 0.81967 0.53223 -0.21183
vn 0.81967 0.53223 -0.21183
vn 0.81967 0.53223 -0.21183
vn 0.81967 0.53223 -0.21183
vn 0.81967 0.53223 -0.21183
vn -0.39902 -0.51537 0.75840
vn -0.30328 -0.75877 0.57644
vn -0.52223 -0.67982 0.51490
vn -0.39902 -0.51537 0.75840
vn -0.65714 -0.48921 0.57345
vn -0.39902 -0.51537 0.75840
vn -0.62897 -0.29861 0.71779
vn -0.39902 -0.51537 0.75840
vn -0.45424 -0.21966 0.86337
vn -0.39902 -0.51537 0.75840
vn -0.23530 -0.29861 0.92492
vn -0.39902 -0.51537 0.75840
vn -0.10039 -0.48921 0.86637
vn -0.39902 -0.51537 0.75840
vn -0.12855 -0.67982 0.72202
vn -0.39902 -0.51537 0.75840
vn -0.30328 -0.75877 0.57644
vn -0.16167 -0.93778 0.30729
vn -0.59650 -0.78098 0.18507
vn -0.86443 -0.40244 0.30135
vn -0.80850 -0.02390 0.58801
vn -0.46148 0.13290 0.87714
vn -0.02666 -0.02390 0.99936
vn 0.24127 -0.40244 0.88308
vn 0.18534 -0.78098 0.59642
vn -0.16167 -0.93778 0.30729
vn 0.02963 -0.99797 -0.05632
vn -0.58849 -0.77508 -0.23006
vn -0.96936 -0.23696 -0.06477
vn -0.88986 0.30115 0.34273
vn -0.39656 0.52404 0.75374
vn 0.22156 0.30115 0.92748
vn 0.60243 -0.23696 0.76219
vn 0.52293 -0.77508 0.35468
vn 0.02963 -0.99797 -0.05632
vn 0.23997 -0.85697 -0.45610
vn -0.45610 -0.60597 -0.65175
vn -0.88499 -0.00000 -0.46561
vn -0.79546 0.60597 -0.00673
vn -0.23997 0.85697 0.45610
vn 0.45610 0.60597 0.65175
vn 0.88499 0.00000 0.46561
vn 0.79546 -0.60597 0.00673
vn 0.23997 -0.85697 -0.45610
vn 0.39656 -0.52404 -0.75374
vn -0.22156 -0.30115 -0.92748
vn -0.60243 0.23696 -0.76219
vn -0.52293 0.77508 -0.35468
vn -0.02963 0.99797 0.05632
vn 0.58849 0.77508 0.23006
vn 0.96936 0.23696 0.06477
vn 0.88986 -0.30115 -0.34273
vn 0.39656 -0.52404 -0.75374
vn 0.46148 -0.13290 -0.87714
vn 0.02666 0.02390 -0.99936
vn -0.24127 0.40244 -0.88308
vn -0.18534 0.78098 -0.59642
vn 0.16167 0.93778 -0.30729
vn 0.59650 0.78098 -0.18507
vn 0.86443 0.40244 -0.30135
vn 0.80850 0.02390 -0.58801
vn 0.46148 -0.13290 -0.87714
vn 0.45424 0.21966 -0.86337
vn 0.23530 0.29861 -0.92492
vn 0.10039 0.48921 -0.86637
vn 0.12855 0.67982 -0.72202
vn 0.30328 0.75877 -0.57644
vn 0.52223 0.67982 -0.51490
vn 0.65714 0.48921 -0.57345
vn 0.62897 0.29861 -0.71779
vn 0.45424 0.21966 -0.86337
vn 0.39902 0.51537 -0.75840
vn 0.39902 0.51537 -0.75840
vn 0.39902 0.51537 -0.75840
vn 0.39902 0.51537 -0.75840
vn 0.39902 0.51537 -0.75840
vn 0.39902 0.51537 -0.75840
vn 0.39902 0.51537 -0.75840
vn 0.39902 0.51537 -0.75840
vn -16.27793 36.53415 31.64308
vn -18.51666 36.74385 30.13341
vn -17.95993 44.26098 17.87194
vn -14.08779 45.53372 18.14426
vn -12.16713 49.48595 2.02518
vn -17.21888 47.93148 2.66140
vn -22.18090 44.55564 -11.12663
vn -18.41008 45.93559 -12.32843
vn -24.83638 36.88112 -24.97873
vn -26.17713 36.55429 -24.07366
vn -17.47272 36.73980 30.75533
vn -20.31367 43.28547 17.74044
vn -22.03153 45.87740 3.29775
vn -24.70012 43.34957 -10.56969
vn -26.10658 37.06722 -23.35523
vn -21.00417 35.95388 29.44728
vn -24.46927 41.09279 17.70978
vn -26.79145 43.20356 4.08291
vn -29.23905 40.75655 -9.21854
vn -29.83777 34.96453 -22.09498
vn -21.24622 35.63036 29.66606
vn -26.99833 39.16766 18.38434
vn -31.18782 40.04928 4.93702
vn -33.04826 37.96035 -8.23550
vn -32.65171 33.30808 -20.62611
vn -22.93996 35.06815 29.06859
vn -29.08795 37.47132 18.72939
vn -33.96052 37.62243 5.67763
vn -35.99935 35.36704 -7.36330
vn -35.55533 30.95198 -19.46261
vn -24.82672 32.26682 30.71622
vn -32.31652 34.07870 19.88175
vn -37.72255 33.56466 7.17094
vn -40.10430 30.97654 -5.75311
vn -39.75517 26.59327 -17.70096
vn -24.98628 32.96749 29.83002
vn -34.07355 31.94853 20.47643
vn -40.93938 29.08792 8.88025
vn -43.32792 26.61601 -3.90884
vn -42.54707 23.17815 -15.92230
vn -26.64674 30.68895 30.80810
vn -35.86777 28.38555 22.55577
vn -43.43388 24.29714 11.14211
vn -46.11649 21.70159 -1.81956
vn -45.33380 18.65916 -14.05992
vn -26.80766 31.80599 29.50810
vn -36.79738 26.37977 23.47466
vn -45.24640 19.16546 13.65458
vn -48.03444 17.13726 0.08363
vn -46.87897 15.43494 -12.85006
vn -27.00182 29.87455 31.29557
vn -37.25634 23.02240 26.13301
vn -46.03831 14.31981 16.62578
vn -49.40030 12.45799 2.32575
vn -48.42095 11.02799 -11.61012
vn -28.99065 29.06316 30.26342
vn -37.29776 21.08443 27.66447
vn -46.02594 9.34198 19.88315
vn -50.26151 7.32084 4.60280
vn -49.42566 6.84211 -10.54939
vn 32.90715 34.48286 18.13976
vn 31.23331 34.45492 20.93653
vn 19.04769 43.41980 18.78579
vn 19.20778 44.87341 14.77963
vn 2.78853 49.49895 11.96148
vn 3.56953 48.10691 16.55244
vn -9.59604 43.75646 24.37802
vn -10.78057 44.83033 21.79495
vn -21.27605 34.66291 30.77031
vn -20.06951 34.80911 31.40923
vn 30.40242 34.57617 21.93585
vn 18.03026 42.52632 21.61995
vn 4.14845 46.35719 20.85187
vn -8.57591 43.07015 25.93098
vn -19.79462 35.70004 30.57253
vn 28.80083 33.89538 24.95226
vn 17.93124 40.32598 25.55944
vn 4.53316 43.99665 25.39182
vn -7.95302 41.24655 28.92181
vn -18.98957 35.03033 31.83192
vn 28.95502 33.43760 25.38766
vn 17.41139 38.66395 28.33624
vn 4.76454 41.18921 29.69424
vn -7.28187 40.15043 30.59276
vn -18.99487 36.59682 30.01446
vn 28.44315 32.79646 26.76526
vn 17.63607 36.88802 30.48347
vn 4.84664 38.95803 32.55428
vn -7.09052 38.61157 32.55566
vn -18.62875 36.15300 30.77222
vn 28.17893 30.24574 29.86876
vn 17.66394 33.53252 34.12557
vn 4.96347 35.15981 36.60807
vn -7.05877 35.11151 36.30917
vn -18.22949 33.34538 34.01133
vn 27.77530 28.88297 31.54848
vn 17.58585 30.54746 36.85905
vn 5.09524 30.90340 40.24945
vn -6.86974 31.44024 39.56409
vn -18.01634 30.71561 36.50976
vn 28.51513 25.16269 33.98126
vn 18.26877 26.24339 39.73079
vn 5.52982 26.11482 43.45615
vn -6.59149 26.26558 43.21656
vn -17.99437 25.31579 40.45136
vn 28.39318 23.63433 35.16027
vn 18.70593 22.82272 41.59581
vn 6.16793 20.86987 46.12379
vn -6.22051 20.35875 46.34464
vn -17.37113 19.52138 43.79680
vn 29.24622 20.00581 36.68005
vn 19.79672 18.11597 43.36935
vn 7.49332 15.23544 48.09086
vn -5.09871 14.11914 48.74067
vn -16.48267 13.03996 46.46806
vn 27.97567 21.06762 37.07448
vn 20.10070 15.74688 44.14745
vn 9.15802 9.27437 49.30635
vn -3.28705 7.02031 50.40744
vn -14.96918 5.81547 48.40561
vn 14.95513 33.37214 -35.54778
vn 17.47155 32.29301 -35.39640
vn 18.00059 42.50700 -21.68257
vn 13.93271 44.00833 -21.68286
vn 12.93280 49.21125 -3.46347
vn 18.12194 47.39506 -5.12863
vn 26.78509 42.47493 8.91283
vn 23.50974 43.86613 11.13795
vn 31.44068 32.97564 22.91485
vn 33.53930 32.68826 20.18893
vn 17.17947 33.92605 -33.98364
vn 20.48457 41.54422 -21.34150
vn 22.94132 45.05545 -6.68592
vn 29.16313 41.24080 7.05038
vn 33.12870 33.36172 19.76068
vn 20.68794 31.55931 -34.30771
vn 24.85257 38.50996 -22.36811
vn 27.81511 41.94800 -8.22706
vn 33.02665 38.52054 5.13890
vn 36.09014 31.56988 17.37365
vn 23.36125 30.31154 -33.71144
vn 28.48297 35.60816 -22.84248
vn 32.22778 38.35437 -9.55573
vn 35.71912 36.20014 3.83319
vn 36.88090 31.18088 16.38755
vn 25.63581 27.67058 -34.32410
vn 31.30492 32.93042 -23.16440
vn 35.04511 35.59743 -10.27921
vn 37.87127 34.02547 3.00555
vn 38.27003 29.96426 15.44498
vn 30.14134 22.91668 -34.16614
vn 35.57031 28.02868 -23.45518
vn 38.97592 31.01105 -10.96319
vn 41.32087 29.82494 2.01454
vn 41.21249 26.50633 14.14019
vn 34.13796 17.95366 -33.36563
vn 39.20750 22.66938 -23.44931
vn 42.33765 26.11580 -11.24670
vn 43.54112 26.51309 1.49200
vn 42.30836 25.13924 13.37984
vn 37.58298 11.88090 -32.36300
vn 42.50036 16.83336 -22.61321
vn 45.28874 20.83422 -10.76405
vn 46.02767 21.89450 1.75625
vn 44.29458 21.45601 13.36523
vn 40.02970 6.76555 -30.86828
vn 44.97149 11.27213 -21.24862
vn 47.62000 15.40100 -9.80529
vn 47.47221 18.53241 1.98455
vn 44.85917 20.50732 12.96548
vn 42.33289 0.96845 -28.42512
vn 46.86824 5.19747 -19.42561
vn 49.40054 9.79354 -8.04190
vn 48.92149 14.00443 3.40053
vn 45.99451 17.21228 13.75651
vn 43.26460 -2.00969 -26.92834
vn 47.87663 0.63621 -17.56197
vn 50.50267 4.12318 -5.78610
vn 49.76684 9.99474 4.93618
vn 46.54769 15.09249 14.37109
vn -30.53424 38.82824 -12.68966
vn -29.83339 38.62869 -14.79164
vn -16.97182 45.95305 -14.18710
vn -17.59414 46.59779 -10.95864
vn -2.17089 50.07619 -9.41601
vn -3.13993 49.04876 -13.61470
vn 8.95488 45.78974 -20.59391
vn 10.60869 46.63496 -17.70978
vn 21.07746 38.95015 -25.29082
vn 19.22857 38.75138 -27.01096
vn -28.52498 38.96034 -16.41394
vn -17.29981 44.75770 -17.27613
vn -4.02959 47.66086 -17.69757
vn 8.24703 45.12990 -22.27731
vn 19.13772 39.29583 -26.27899
vn -28.76322 36.90303 -20.29391
vn -17.14528 42.95277 -21.49647
vn -4.67663 45.80610 -21.93013
vn 6.99321 43.50039 -25.68678
vn 18.05659 38.30373 -28.42152
vn -27.98370 35.02833 -24.30902
vn -17.44617 40.48012 -25.65134
vn -5.10127 43.63008 -25.91125
vn 6.46346 42.33342 -27.69665
vn 17.72954 38.53091 -28.32017
vn -27.15147 33.45789 -27.28308
vn -17.11457 38.65826 -28.52419
vn -5.13265 41.95198 -28.54271
vn 6.32532 41.26141 -29.29995
vn 17.15843 38.29254 -28.98740
vn -25.85716 30.70958 -31.45359
vn -16.20857 35.70819 -32.60685
vn -4.70774 39.13198 -32.36548
vn 6.38451 38.98435 -32.25613
vn 17.01602 36.83426 -30.89809
vn -24.96112 27.94664 -34.59663
vn -15.33617 32.57278 -36.12222
vn -3.96234 36.02629 -35.88043
vn 6.45695 37.83990 -33.57751
vn 16.46808 37.99712 -29.76609
vn -23.73875 24.88191 -37.66114
vn -14.11115 29.18601 -39.37070
vn -2.67635 32.61372 -39.11753
vn 7.70393 35.24020 -36.05242
vn 16.90909 36.38369 -31.48506
vn -22.51899 22.49388 -39.84871
vn -12.59359 25.95808 -42.05448
vn -1.14601 28.91723 -41.99380
vn 8.44093 33.55696 -37.46572
vn 16.27988 36.82309 -31.30536
vn -21.90714 18.85122 -42.02033
vn -11.18954 22.18246 -44.53911
vn 0.69099 25.13101 -44.37290
vn 10.28934 30.61907 -39.46646
vn 17.84824 34.69957 -32.83868
vn -21.05325 17.21209 -43.14515
vn -10.10846 19.18511 -46.16005
vn 2.70339 21.06335 -46.36838
vn 12.82272 27.00213 -41.32145
vn 20.70868 31.50652 -34.34370
vn -8.85192 34.62162 36.38662
vn -11.12218 35.45100 34.93599
vn -12.79584 44.06658 22.25764
vn -9.37341 44.99603 22.10195
vn -10.08751 49.77418 4.66615
vn -14.39681 48.42410 6.98845
vn -25.01654 44.19222 -4.71383
vn -22.23090 45.20993 -7.92769
vn -31.55686 36.17448 -17.22125
vn -32.69299 36.30199 -14.64011
vn -12.34006 34.98104 35.00071
vn -15.61168 42.67407 23.15596
vn -18.43421 46.66249 9.15378
vn -27.07714 43.14219 -2.56521
vn -33.56352 36.21557 -12.76409
vn -16.48251 33.60077 34.64555
vn -19.77938 40.34228 24.13039
vn -22.56079 44.35498 11.16449
vn -30.15918 41.12665 -0.14862
vn -35.68020 35.00351 -10.13295
vn -19.84338 31.18036 35.14293
vn -23.52406 37.82155 24.84248
vn -26.30582 41.76537 12.83188
vn -32.33843 39.40765 1.50432
vn -36.46974 34.52478 -8.88802
vn -22.46286 29.62869 34.90788
vn -26.10200 35.87413 25.15415
vn -28.77386 39.81233 13.71289
vn -33.92921 37.98824 2.58861
vn -37.31643 33.88205 -7.77754
vn -26.25021 26.97795 34.41100
vn -29.80166 32.56014 25.54795
vn -32.42481 36.55265 14.61284
vn -36.71254 35.20026 3.75901
vn -39.29023 31.88194 -6.38900
vn -28.63702 24.71482 34.20670
vn -32.78664 29.53608 25.56669
vn -35.75298 33.05223 15.17476
vn -38.34628 33.34013 4.35879
vn -39.23587 32.01376 -6.05522
vn -31.53023 21.45680 33.85927
vn -35.94941 25.81181 25.34542
vn -39.02539 29.07983 15.24407
vn -41.04383 29.91120 4.66089
vn -41.29114 29.39528 -5.65326
vn -33.55919 19.38070 33.15372
vn -38.32165 22.35224 25.15608
vn -41.94025 24.81959 15.03339
vn -42.90113 27.18269 4.64694
vn -42.03761 28.38751 -5.29033
vn -35.85086 15.44155 32.82185
vn -40.78470 17.98590 24.78135
vn -44.51055 20.21566 14.53058
vn -45.36784 22.93390 4.09820
vn -44.28226 24.60512 -5.88802
vn -36.72243 14.02606 32.49203
vn -42.26497 14.83310 24.38547
vn -46.63007 15.31277 13.86199
vn -47.78869 17.54432 3.07198
vn -46.79683 19.01908 -7.02362
vn 32.32376 37.36975 12.63627
vn 30.19073 38.00869 15.64797
vn 18.51765 44.88103 15.61372
vn 19.18167 45.80957 11.59939
vn 2.06918 49.94303 10.11990
vn 2.64416 48.73180 14.80605
vn -9.90191 44.16413 23.50491
vn -11.18021 45.18391 20.84267
vn -21.94206 34.91132 30.01243
vn -20.38623 34.99290 30.99836
vn 29.67795 37.47203 17.77824
vn 17.65381 43.95481 18.90285
vn 3.17931 47.14022 19.20134
vn -8.52098 43.11477 25.87488
vn -19.73035 35.19109 31.19776
vn 28.58685 36.49088 21.26515
vn 17.64592 42.00863 22.91060
vn 3.82667 45.03897 23.61878
vn -7.13245 40.95914 29.53771
vn -17.66244 33.74457 33.91669
vn 27.75881 35.81007 23.41126
vn 17.37299 40.32832 25.93849
vn 4.49464 42.68438 27.54708
vn -5.95950 38.76173 32.60386
vn -15.70516 32.26781 36.23722
vn 27.20301 35.14172 25.02110
vn 17.23095 39.00354 27.97889
vn 5.05483 40.90278 30.04015
vn -4.94704 37.08311 34.66077
vn -14.45445 31.08660 37.75833
vn 27.20679 33.25237 27.47853
vn 17.67387 36.45226 30.98171
vn 6.12405 37.90368 33.56795
vn -3.32542 34.00430 37.86355
vn -12.38237 28.39623 40.51334
vn 26.87947 32.74223 28.39789
vn 17.97619 34.49749 32.98149
vn 7.30237 34.69342 36.66117
vn -2.10617 31.33867 40.18023
vn -10.81168 26.64655 42.11969
vn 27.32195 30.31072 30.59038
vn 18.86444 31.34038 35.53749
vn 8.85371 31.00374 39.51429
vn -0.42936 27.85752 42.71737
vn -9.04944 23.66192 44.26308
vn 27.80766 28.79211 31.60298
vn 19.80207 28.50240 37.36965
vn 10.45921 27.04194 41.95638
vn 1.00436 24.80124 44.55210
vn -7.91849 21.84908 45.39730
vn 29.16332 25.00367 33.54574
vn 21.42338 24.35434 39.35612
vn 12.11264 22.69386 44.03717
vn 2.46793 20.69990 46.54485
vn -6.73055 18.11069 47.19854
vn 30.05890 22.16448 34.73036
vn 22.60924 20.53559 40.84251
vn 13.63308 18.07370 45.69989
vn 3.81171 16.20817 48.20545
vn -5.21392 14.19507 48.70641
vn 10.34236 40.52502 -29.18489
vn 13.12660 40.97166 -27.38640
vn 12.32936 46.49701 -16.94151
vn 9.23601 46.82828 -17.96687
vn 7.51736 50.40729 -1.89581
vn 10.78068 49.80079 -2.15808
vn 20.89954 45.80260 8.14435
vn 19.49383 46.22422 9.18214
vn 28.48370 37.96165 18.67062
vn 29.18462 38.34887 16.69196
vn 15.84686 41.51603 -25.02590
vn 15.28970 46.08321 -15.60648
vn 13.86357 49.02851 -2.23750
vn 21.64242 45.53358 7.70054
vn 28.51044 38.83519 16.73268
vn 18.93998 40.93714 -23.79973
vn 18.50610 45.31027 -14.33539
vn 17.32302 47.92469 -2.03386
vn 23.67743 44.56515 7.37066
vn 29.21264 38.52402 16.23335
vn 21.68111 40.43616 -22.26761
vn 21.57142 44.28818 -13.19964
vn 20.66061 46.59444 -1.75965
vn 24.70676 44.04133 7.13700
vn 28.31549 39.21058 16.17910
vn 23.53839 39.98562 -21.16823
vn 23.73307 43.33985 -12.62532
vn 23.06846 45.45977 -1.50156
vn 25.99575 43.29146 7.14632
vn 28.48432 39.15373 16.01963
vn 26.76720 38.39376 -20.25921
vn 27.23790 41.47507 -11.78621
vn 26.80895 43.37106 -1.10947
vn 28.66898 41.53776 7.32829
vn 29.84133 38.04005 16.23113
vn 29.36754 36.87441 -19.46342
vn 30.35734 39.46793 -11.03243
vn 30.38782 40.95181 -0.72748
vn 30.37469 40.30483 7.34157
vn 29.42838 38.35264 16.24946
vn 32.46576 34.66400 -18.58442
vn 33.67228 36.77314 -10.71975
vn 33.95172 38.05387 -0.42792
vn 33.55944 37.63650 7.63267
vn 32.15488 36.07286 16.30375
vn 34.96439 32.39229 -18.14471
vn 36.56518 34.00278 -10.38258
vn 37.25164 34.83210 -0.19983
vn 36.04121 35.22400 7.82945
vn 33.62207 34.57804 16.58055
vn 37.59802 29.27857 -18.17013
vn 39.44623 30.61657 -10.37401
vn 40.32871 31.21815 -0.14932
vn 39.18316 31.58435 8.25278
vn 36.71333 30.99618 17.09875
vn 39.05671 27.57623 -17.75175
vn 41.50972 27.85727 -10.09528
vn 43.09016 27.27997 -0.20328
vn 42.43944 27.09904 8.09538
vn 40.46833 26.17701 16.67566
vn -29.56124 40.77204 -8.04817
vn -27.84792 41.38212 -10.63078
vn -16.83934 47.02537 -10.29807
vn -18.41735 46.93769 -7.65862
vn -1.95433 50.54201 -6.53344
vn -2.31015 50.05959 -9.47102
vn 7.55796 46.15245 -20.34277
vn 9.13334 46.39979 -19.09558
vn 17.15520 38.45327 -28.77577
vn 15.93133 39.05224 -28.67254
vn -25.94748 41.97568 -12.87516
vn -16.00455 46.66717 -12.92397
vn -2.50902 49.43670 -12.27670
vn 6.97913 45.94684 -21.00428
vn 15.87202 39.48669 -28.10480
vn -24.21650 42.01596 -15.78668
vn -14.96414 46.04232 -16.03679
vn -2.58195 48.49833 -15.56421
vn 6.47485 45.17309 -22.76988
vn 14.83575 39.32254 -28.89010
vn -22.87276 41.75696 -18.28094
vn -14.03647 45.25129 -18.87586
vn -2.58540 47.34265 -18.78798
vn 6.10706 44.67605 -23.82759
vn 14.96027 39.80837 -28.15109
vn -22.31226 41.21577 -20.11028
vn -13.65974 44.43306 -20.97889
vn -2.57262 46.32978 -21.16441
vn 5.91491 43.99121 -25.11547
vn 14.88184 39.71489 -28.32416
vn -21.51721 39.94009 -23.29804
vn -13.20747 42.76206 -24.45339
vn -2.60272 44.42892 -24.90575
vn 5.81465 42.34378 -27.82434
vn 14.18534 38.60913 -30.15146
vn -20.82838 38.71189 -25.85667
vn -12.70457 41.01896 -27.51432
vn -2.66253 42.21429 -28.49323
vn 5.64363 40.81675 -30.05233
vn 14.01459 38.07143 -30.90561
vn -20.77890 36.53477 -28.88681
vn -12.63406 38.58619 -30.86237
vn -2.87117 39.54422 -32.07819
vn 5.27699 38.18814 -33.38890
vn 13.47942 35.64612 -33.89186
vn -20.55955 34.57705 -31.34857
vn -12.70107 36.07847 -33.73466
vn -3.14501 36.59425 -35.38317
vn 5.03441 35.52182 -36.24713
vn 13.42569 33.38788 -36.13862
vn -20.72186 31.82759 -34.03834
vn -12.91617 33.01170 -36.66606
vn -3.62610 33.26724 -38.48560
vn 4.58125 31.99620 -39.44939
vn 12.41239 29.86268 -39.43542
vn -20.17045 30.72861 -35.35399
vn -12.97380 30.70009 -38.60291
vn -4.20201 29.71699 -41.23400
vn 3.39269 27.36770 -42.90102
vn 11.32838 24.15767 -43.46349
vn -0.79114 40.71720 30.69989
vn -2.96981 41.35340 29.69977
vn -5.66207 46.93491 19.13256
vn -3.06862 47.24309 18.96507
vn -5.19839 50.64154 3.06769
vn -8.10047 50.11738 4.86109
vn -19.44555 47.00007 -3.72344
vn -18.17169 47.30341 -5.75996
vn -27.79625 40.76113 -12.91892
vn -28.09124 41.11995 -11.00140
vn -4.80849 40.96719 29.99279
vn -8.05627 46.46282 19.42427
vn -10.98587 49.36607 6.58037
vn -20.49930 46.64324 -2.27732
vn -27.96576 41.37655 -10.33910
vn -8.21679 40.48674 29.90497
vn -11.42704 45.46141 20.09184
vn -14.22031 48.27626 8.25744
vn -22.64445 45.69650 -0.24161
vn -29.27757 40.94923 -8.18443
vn -11.94986 39.71204 29.68425
vn -14.84197 44.10370 20.87053
vn -17.29273 46.99010 9.68975
vn -24.20139 44.87948 1.06064
vn -29.70817 40.81339 -7.25890
vn -14.29692 38.87910 29.74916
vn -17.09901 43.14523 21.14503
vn -19.40726 45.98904 10.45783
vn -25.47965 44.14156 1.81909
vn -30.18509 40.54507 -6.77918
vn -17.92925 37.46450 29.59650
vn -20.56987 41.47963 21.38506
vn -22.65283 44.25917 11.35670
vn -27.90802 42.57827 3.03863
vn -31.82622 39.46109 -5.56002
vn -21.55129 35.99185 29.00221
vn -23.89148 39.51795 21.64552
vn -25.72206 42.36438 12.02640
vn -29.40290 41.51155 3.64152
vn -32.02241 39.36419 -5.10152
vn -25.09549 33.96028 28.59922
vn -27.30530 37.29845 21.54637
vn -28.96845 40.12428 12.32357
vn -31.79782 39.66515 4.07111
vn -33.55014 38.11707 -4.74098
vn -28.21268 31.73641 28.24615
vn -30.41859 34.93222 21.34125
vn -32.06934 37.66640 12.40156
vn -33.29539 38.41877 4.05149
vn -33.54857 38.12214 -4.71120
vn -31.31352 29.22169 27.68675
vn -33.55985 32.25930 20.83444
vn -35.17950 34.85062 12.19984
vn -35.87180 36.02327 4.06658
vn -35.60983 36.25549 -4.29873
vn -33.16471 27.69726 27.09176
vn -35.77779 29.91124 20.64623
vn -38.07600 31.79316 11.84960
vn -38.49478 33.25984 3.59642
vn -37.87668 33.85991 -4.45679
vn 27.68497 42.83143 0.10041
vn 25.96321 43.84808 2.06311
vn 16.11485 48.21570 4.06910
vn 16.69440 48.15155 1.92997
vn 1.66722 50.83844 3.69768
vn 2.21371 50.61824 5.82177
vn -5.05702 47.56507 17.69151
vn -6.01358 47.61279 17.25857
vn -12.71771 41.29743 27.08840
vn -11.81302 41.86133 26.62858
vn 24.53809 44.51958 4.10957
vn 15.36889 48.23390 6.18772
vn 2.72458 50.29266 8.01404
vn -4.69526 47.51025 17.93685
vn -11.64045 42.20579 26.15666
vn 23.56783 44.72430 6.73008
vn 14.92699 47.94260 8.92700
vn 3.36456 49.71560 10.86455
vn -3.72482 47.01544 19.40809
vn -10.84588 42.15101 26.58306
vn 23.22217 44.53975 8.82844
vn 14.89459 47.42536 11.40112
vn 4.04178 48.93808 13.77418
vn -3.09543 46.53829 20.63022
vn -10.74330 42.21030 26.53059
vn 22.97159 44.30927 10.48784
vn 14.97981 46.90663 13.28055
vn 4.61064 48.23724 15.90316
vn -2.64636 45.92020 22.03025
vn -9.81901 41.89595 27.37364
vn 22.86601 43.57330 13.39826
vn 15.22136 45.83484 16.38526
vn 5.61858 46.92606 19.16706
vn -1.42777 44.58780 24.71618
vn -8.39152 40.78960 29.44131
vn 23.13853 42.68547 15.60637
vn 15.64958 44.64717 19.04522
vn 6.65203 45.41698 22.22719
vn -0.16463 43.11400 27.24253
vn -6.95259 39.56175 31.42498
vn 23.47791 41.46437 18.17947
vn 16.44898 43.07366 21.79657
vn 7.89787 43.64641 25.17169
vn 1.36430 41.13117 30.12250
vn -5.27235 37.55765 34.09728
vn 23.70038 40.62697 19.71651
vn 17.00627 41.71796 23.90393
vn 9.18231 41.76770 27.78749
vn 2.93901 39.04258 32.68085
vn -2.83891 35.46804 36.53708
vn 24.08582 39.25731 21.90288
vn 18.03644 39.90355 26.14178
vn 10.78958 39.67315 30.17658
vn 5.04371 36.87719 34.86593
vn -0.96902 33.36578 38.55885
vn 24.26654 38.92044 22.30099
vn 18.93147 38.65474 27.35707
vn 12.45817 37.44963 32.30045
vn 7.19252 34.37755 36.97906
vn 1.85243 30.71876 40.66849
vn -2.64671 42.47665 -28.10211
vn -1.30821 43.01948 -27.36079
vn 1.61350 48.09857 -16.87969
vn 0.27657 47.86637 -17.59925
vn 2.73871 50.90207 -1.57426
vn 4.16749 50.75969 -2.66184
vn 16.52149 48.04794 4.40857
vn 16.73462 47.79692 6.03375
vn 26.06944 42.11347 12.15895
vn 25.04609 43.18363 10.43395
vn -0.66803 43.55760 -26.51960
vn 2.63072 48.18783 -16.49278
vn 5.53519 50.55596 -3.80215
vn 16.58011 48.15301 2.71793
vn 24.48867 43.92968 8.45510
vn 0.76445 43.94755 -25.86557
vn 4.20271 47.94559 -16.86881
vn 7.20311 50.20712 -5.32547
vn 17.13893 48.02657 0.83965
vn 24.42076 44.32024 6.35157
vn 1.39761 44.01275 -25.72789
vn 5.35828 47.73328 -17.14125
vn 8.88369 49.74739 -6.87582
vn 17.78292 47.79317 -0.76181
vn 24.42268 44.49560 4.96732
vn 2.02922 44.00474 -25.69950
vn 6.33001 47.47587 -17.52062
vn 10.18227 49.30832 -8.12472
vn 18.48070 47.48399 -2.17577
vn 24.71984 44.46087 3.62774
vn 4.05320 43.63595 -26.08592
vn 8.38693 46.59881 -18.95283
vn 12.36792 48.40182 -10.26147
vn 19.95966 46.72490 -4.40408
vn 25.73896 44.01057 1.25536
vn 5.23692 43.26936 -26.48275
vn 10.02900 45.81185 -20.04228
vn 14.54523 47.29021 -12.37219
vn 21.32644 45.88891 -6.35534
vn 26.57740 43.52521 -0.44404
vn 7.65423 41.96164 -27.95770
vn 12.45155 44.36178 -21.86300
vn 16.96967 45.81852 -14.61826
vn 23.26815 44.58186 -8.48827
vn 28.11061 42.47495 -2.58300
vn 10.10482 40.56941 -29.20642
vn 14.86084 42.79183 -23.43106
vn 19.32667 44.13758 -16.71388
vn 24.93268 43.24322 -10.45875
vn 29.28608 41.51068 -4.49322
vn 13.04434 38.62186 -30.64631
vn 17.47672 40.67616 -25.31825
vn 21.81759 42.15857 -18.64530
vn 27.05843 41.44433 -12.29670
vn 31.05343 39.94078 -6.43571
vn 15.27481 36.48018 -32.20056
vn 19.95321 38.63575 -26.64860
vn 24.20859 40.02134 -20.32821
vn 29.15493 39.38635 -14.13169
vn 32.91505 38.08723 -8.18306
vn -26.53244 43.52376 1.64668
vn -24.87735 44.51464 -0.75140
vn -15.21212 48.54127 -3.65186
vn -16.22628 48.33757 -1.08933
vn -0.35784 50.89512 -3.24934
vn -0.92646 50.64216 -5.95927
vn 7.30159 47.23448 -17.79297
vn 8.35378 47.37470 -16.93671
vn 16.60949 40.29322 -26.48737
vn 14.94193 40.93000 -26.50423
vn -23.63243 45.09657 -2.96776
vn -14.46701 48.52934 -6.05052
vn -1.56306 50.24045 -8.62864
vn 6.21661 47.01262 -18.76610
vn 14.03392 41.25072 -26.50334
vn -23.03215 45.15085 -5.64985
vn -14.33467 48.13776 -8.84721
vn -2.40912 49.62504 -11.51307
vn 4.76831 46.40027 -20.62226
vn 12.22048 41.18504 -27.48550
vn -22.44846 45.14248 -7.69564
vn -14.23947 47.68667 -11.14533
vn -3.26029 48.90219 -14.10482
vn 3.65656 45.74480 -22.24956
vn 10.26576 41.00666 -28.53186
vn -22.02615 45.11909 -8.95078
vn -14.09563 47.36399 -12.60816
vn -3.92498 48.33162 -15.80028
vn 2.67892 45.19809 -23.47246
vn 8.95920 40.73703 -29.34666
vn -22.17388 44.58350 -11.02860
vn -14.51519 46.57188 -14.87846
vn -5.17211 47.34370 -18.24342
vn 0.95254 44.26115 -25.31883
vn 6.82207 40.14491 -30.70578
vn -22.11287 44.25916 -12.37528
vn -15.02941 45.80709 -16.63812
vn -6.50343 46.25138 -20.48207
vn -0.49383 43.35297 -26.85657
vn 5.44645 39.57518 -31.70396
vn -22.77346 43.23628 -14.59427
vn -16.03055 44.55727 -18.93861
vn -8.17336 44.86208 -22.83833
vn -2.24651 42.10183 -28.69475
vn 3.19434 38.59907 -33.17993
vn -23.01717 42.42839 -16.46333
vn -16.97115 43.30357 -20.92320
vn -9.84647 43.30522 -25.07398
vn -4.04432 40.86041 -30.25013
vn 1.90692 37.72770 -34.26344
vn -24.48154 40.64375 -18.70132
vn -18.67370 41.41617 -23.17311
vn -11.68183 41.40623 -27.38720
vn -5.95144 39.10767 -32.18959
vn -0.17737 36.22132 -35.90242
vn -25.10976 39.32339 -20.59539
vn -19.94334 39.66746 -25.09493
vn -13.41756 39.33659 -29.55675
vn -7.77667 37.06236 -34.15999
vn -2.08073 34.27099 -37.71165
vn -25.87465 42.89340 9.57383
vn -24.84888 43.89196 7.55174
vn -15.54944 48.51721 2.30106
vn -15.88899 48.28057 4.18633
vn -0.98589 50.97327 -1.32408
vn -2.34443 50.86351 -2.89948
vn 3.04037 48.33866 -15.97280
vn 4.72451 48.17790 -16.04892
vn 10.27826 42.73442 -25.86747
vn 8.49068 43.54779 -25.14951
vn -24.01158 44.67596 5.33872
vn -15.70485 48.52044 0.35255
vn -3.69695 50.66084 -4.56197
vn 1.84090 48.35331 -16.11113
vn 7.54611 43.97437 -24.70446
vn -23.86679 44.99412 2.62782
vn -15.99099 48.38379 -2.07290
vn -5.05983 50.31546 -6.61456
vn 0.39737 48.10401 -16.93652
vn 6.32395 44.14871 -24.73658
vn -23.58441 45.21392 -0.69054
vn -16.23333 48.11435 -4.74215
vn -6.22049 49.87991 -8.61970
vn -0.74308 47.85735 -17.61027
vn 5.67722 44.26459 -24.68632
vn -23.02799 45.41920 -2.79413
vn -16.44259 47.83593 -6.50879
vn -6.84972 49.51917 -10.09618
vn -1.31331 47.60671 -18.24488
vn 5.07401 44.27332 -24.80177
vn -22.77539 45.26721 -5.75856
vn -16.58636 47.33701 -9.22500
vn -7.67258 48.83189 -12.55301
vn -2.26546 46.95701 -19.77135
vn 4.21060 43.90453 -25.60590
vn -22.72335 44.82391 -8.68712
vn -16.79086 46.67111 -11.86901
vn -8.41186 48.01659 -14.98824
vn -2.66586 46.43091 -20.92996
vn 4.01232 43.76643 -25.87279
vn -22.71930 44.11394 -11.78107
vn -16.99624 45.74722 -14.80943
vn -9.22231 46.90467 -17.77361
vn -3.64930 45.42374 -22.89905
vn 2.65663 43.04146 -27.22820
vn -22.79416 43.15464 -14.80211
vn -17.57624 44.52269 -17.60129
vn -10.01339 45.59037 -20.54871
vn -4.12117 44.49699 -24.57708
vn 2.14050 42.57005 -28.00372
vn -23.62248 41.65079 -17.55533
vn -18.03786 43.05822 -20.53351
vn -10.89441 43.95576 -23.45638
vn -5.19399 42.84904 -27.16581
vn 1.21697 41.01498 -30.28680
vn -23.82521 40.80508 -19.19124
vn -18.55834 41.74551 -22.66936
vn -11.75004 42.15282 -26.19305
vn -6.22334 40.68981 -30.10995
vn -0.09082 38.55367 -33.38572
# Uv
vt 0.06250 0.29768
vt 0.03125 0.00000
vt 0.00000 0.29768
vt 0.00000 0.00000
vt 0.06250 0.00000
vt 0.12500 0.29768
vt 0.09375 0.00000
vt 0.12500 0.00000
vt 0.18750 0.29768
vt 0.15625 0.00000
vt 0.18750 0.00000
vt 0.25000 0.29768
vt 0.21875 0.00000
vt 0.25000 0.00000
vt 0.31250 0.29768
vt 0.28125 0.00000
vt 0.31250 0.00000
vt 0.37500 0.29768
vt 0.34375 0.00000
vt 0.37500 0.00000
vt 0.43750 0.29768
vt 0.40625 0.00000
vt 0.43750 0.00000
vt 0.50000 0.29768
vt 0.46875 0.00000
vt 0.50000 0.00000
vt 0.56250 0.29768
vt 0.53125 0.00000
vt 0.56250 0.00000
vt 0.62500 0.29768
vt 0.59375 0.00000
vt 0.62500 0.00000
vt 0.68750 0.29768
vt 0.65625 0.00000
vt 0.68750 0.00000
vt 0.75000 0.29768
vt 0.71875 0.00000
vt 0.75000 0.00000
vt 0.81250 0.29768
vt 0.78125 0.00000
vt 0.81250 0.00000
vt 0.87500 0.29768
vt 0.84375 0.00000
vt 0.87500 0.00000
vt 0.93750 0.29768
vt 0.90625 0.00000
vt 0.93750 0.00000
vt 1.00000 0.29768
vt 0.96875 0.00000
vt 1.00000 0.00000
vt 0.00000 0.37069
vt 0.06250 0.37069
vt 0.12500 0.37069
vt 0.18750 0.37069
vt 0.25000 0.37069
vt 0.31250 0.37069
vt 0.37500 0.37069
vt 0.43750 0.37069
vt 0.50000 0.37069
vt 0.56250 0.37069
vt 0.62500 0.37069
vt 0.68750 0.37069
vt 0.75000 0.37069
vt 0.81250 0.37069
vt 0.87500 0.37069
vt 0.93750 0.37069
vt 1.00000 0.37069
vt 0.00000 0.68674
vt 0.06250 0.68674
vt 0.12500 0.68674
vt 0.18750 0.68674
vt 0.25000 0.68674
vt 0.31250 0.68674
vt 0.37500 0.68674
vt 0.43750 0.68674
vt 0.50000 0.68674
vt 0.56250 0.68674
vt 0.62500 0.68674
vt 0.68750 0.68674
vt 0.75000 0.68674
vt 0.81250 0.68674
vt 0.87500 0.68674
vt 0.93750 0.68674
vt 1.00000 0.68674
vt 0.00000 0.76937
vt 0.06250 0.76937
vt 0.12500 0.76937
vt 0.18750 0.76937
vt 0.25000 0.76937
vt 0.31250 0.76937
vt 0.37500 0.76937
vt 0.43750 0.76937
vt 0.50000 0.76937
vt 0.56250 0.76937
vt 0.62500 0.76937
vt 0.68750 0.76937
vt 0.75000 0.76937
vt 0.81250 0.76937
vt 0.87500 0.76937
vt 0.93750 0.76937
vt 1.00000 0.76937
vt 0.00000 1.18703
vt 0.06250 1.18703
vt 0.12500 1.18703
vt 0.18750 1.18703
vt 0.25000 1.18703
vt 0.31250 1.18703
vt 0.37500 1.18703
vt 0.43750 1.18703
vt 0.50000 1.18703
vt 0.56250 1.18703
vt 0.62500 1.18703
vt 0.68750 1.18703
vt 0.75000 1.18703
vt 0.81250 1.18703
vt 0.87500 1.18703
vt 0.93750 1.18703
vt 1.00000 1.18703
vt 0.00000 1.25160
vt 0.06250 1.25160
vt 0.12500 1.25160
vt 0.18750 1.25160
vt 0.25000 1.25160
vt 0.31250 1.25160
vt 0.37500 1.25160
vt 0.43750 1.25160
vt 0.50000 1.25160
vt 0.56250 1.25160
vt 0.62500 1.25160
vt 0.68750 1.25160
vt 0.75000 1.25160
vt 0.81250 1.25160
vt 0.87500 1.25160
vt 0.93750 1.25160
vt 1.00000 1.25160
vt 0.00000 1.49905
vt 0.06250 1.49905
vt 0.12500 1.49905
vt 0.18750 1.49905
vt 0.25000 1.49905
vt 0.31250 1.49905
vt 0.37500 1.49905
vt 0.43750 1.49905
vt 0.50000 1.49905
vt 0.56250 1.49905
vt 0.62500 1.49905
vt 0.68750 1.49905
vt 0.75000 1.49905
vt 0.81250 1.49905
vt 0.87500 1.49905
vt 0.93750 1.49905
vt 1.00000 1.49905
vt 0.00000 1.58725
vt 0.06250 1.58725
vt 0.12500 1.58725
vt 0.18750 1.58725
vt 0.25000 1.58725
vt 0.31250 1.58725
vt 0.37500 1.58725
vt 0.43750 1.58725
vt 0.50000 1.58725
vt 0.56250 1.58725
vt 0.62500 1.58725
vt 0.68750 1.58725
vt 0.75000 1.58725
vt 0.81250 1.58725
vt 0.87500 1.58725
vt 0.93750 1.58725
vt 1.00000 1.58725
vt 0.00000 1.88051
vt 0.06250 1.88051
vt 0.12500 1.88051
vt 0.18750 1.88051
vt 0.25000 1.88051
vt 0.31250 1.88051
vt 0.37500 1.88051
vt 0.43750 1.88051
vt 0.50000 1.88051
vt 0.56250 1.88051
vt 0.62500 1.88051
vt 0.68750 1.88051
vt 0.75000 1.88051
vt 0.81250 1.88051
vt 0.87500 1.88051
vt 0.93750 1.88051
vt 1.00000 1.88051
vt 0.00000 1.92247
vt 0.06250 1.92247
vt 0.12500 1.92247
vt 0.18750 1.92247
vt 0.25000 1.92247
vt 0.31250 1.92247
vt 0.37500 1.92247
vt 0.43750 1.92247
vt 0.50000 1.92247
vt 0.56250 1.92247
vt 0.62500 1.92247
vt 0.68750 1.92247
vt 0.75000 1.92247
vt 0.81250 1.92247
vt 0.87500 1.92247
vt 0.93750 1.92247
vt 1.00000 1.92247
vt 0.00000 2.20563
vt 0.06250 2.20563
vt 0.12500 2.20563
vt 0.18750 2.20563
vt 0.25000 2.20563
vt 0.31250 2.20563
vt 0.37500 2.20563
vt 0.43750 2.20563
vt 0.50000 2.20563
vt 0.56250 2.20563
vt 0.62500 2.20563
vt 0.68750 2.20563
vt 0.75000 2.20563
vt 0.81250 2.20563
vt 0.87500 2.20563
vt 0.93750 2.20563
vt 1.00000 2.20563
vt 0.00000 2.28072
vt 0.06250 2.28072
vt 0.12500 2.28072
vt 0.18750 2.28072
vt 0.25000 2.28072
vt 0.31250 2.28072
vt 0.37500 2.28072
vt 0.43750 2.28072
vt 0.50000 2.28072
vt 0.56250 2.28072
vt 0.62500 2.28072
vt 0.68750 2.28072
vt 0.75000 2.28072
vt 0.81250 2.28072
vt 0.87500 2.28072
vt 0.93750 2.28072
vt 1.00000 2.28072
vt 0.00000 2.66411
vt 0.06250 2.66411
vt 0.12500 2.66411
vt 0.18750 2.66411
vt 0.25000 2.66411
vt 0.31250 2.66411
vt 0.37500 2.66411
vt 0.43750 2.66411
vt 0.50000 2.66411
vt 0.56250 2.66411
vt 0.62500 2.66411
vt 0.68750 2.66411
vt 0.75000 2.66411
vt 0.81250 2.66411
vt 0.87500 2.66411
vt 0.93750 2.66411
vt 1.00000 2.66411
vt 0.00000 2.70653
vt 0.06250 2.70653
vt 0.12500 2.70653
vt 0.18750 2.70653
vt 0.25000 2.70653
vt 0.31250 2.70653
vt 0.37500 2.70653
vt 0.43750 2.70653
vt 0.50000 2.70653
vt 0.56250 2.70653
vt 0.62500 2.70653
vt 0.68750 2.70653
vt 0.75000 2.70653
vt 0.81250 2.70653
vt 0.87500 2.70653
vt 0.93750 2.70653
vt 1.00000 2.70653
vt 0.00000 3.07973
vt 0.12500 3.07973
vt 0.25000 3.07973
vt 0.37500 3.07973
vt 0.50000 3.07973
vt 0.62500 3.07973
vt 0.75000 3.07973
vt 0.87500 3.07973
vt 1.00000 3.07973
vt 0.00000 3.15089
vt 0.12500 3.15089
vt 0.25000 3.15089
vt 0.37500 3.15089
vt 0.50000 3.15089
vt 0.62500 3.15089
vt 0.75000 3.15089
vt 0.87500 3.15089
vt 1.00000 3.15089
vt 0.00000 3.37709
vt 0.12500 3.37709
vt 0.25000 3.37709
vt 0.37500 3.37709
vt 0.50000 3.37709
vt 0.62500 3.37709
vt 0.75000 3.37709
vt 0.87500 3.37709
vt 1.00000 3.37709
vt 0.00000 3.41998
vt 0.12500 3.41998
vt 0.25000 3.41998
vt 0.37500 3.41998
vt 0.50000 3.41998
vt 0.62500 3.41998
vt 0.75000 3.41998
vt 0.87500 3.41998
vt 1.00000 3.41998
vt 0.00000 3.77655
vt 0.12500 3.77655
vt 0.25000 3.77655
vt 0.37500 3.77655
vt 0.50000 3.77655
vt 0.62500 3.77655
vt 0.75000 3.77655
vt 0.87500 3.77655
vt 1.00000 3.77655
vt 0.00000 3.81972
vt 0.12500 3.81972
vt 0.25000 3.81972
vt 0.37500 3.81972
vt 0.50000 3.81972
vt 0.62500 3.81972
vt 0.75000 3.81972
vt 0.87500 3.81972
vt 1.00000 3.81972
vt 0.00000 4.25836
vt 0.12500 4.25836
vt 0.25000 4.25836
vt 0.37500 4.25836
vt 0.50000 4.25836
vt 0.62500 4.25836
vt 0.75000 4.25836
vt 0.87500 4.25836
vt 1.00000 4.25836
vt 0.00000 4.30174
vt 0.12500 4.30174
vt 0.25000 4.30174
vt 0.37500 4.30174
vt 0.50000 4.30174
vt 0.62500 4.30174
vt 0.75000 4.30174
vt 0.87500 4.30174
vt 1.00000 4.30174
vt 0.00000 4.58158
vt 0.12500 4.58158
vt 0.25000 4.58158
vt 0.37500 4.58158
vt 0.50000 4.58158
vt 0.62500 4.58158
vt 0.75000 4.58158
vt 0.87500 4.58158
vt 1.00000 4.58158
vt 0.00000 4.62526
vt 0.12500 4.62526
vt 0.25000 4.62526
vt 0.37500 4.62526
vt 0.50000 4.62526
vt 0.62500 4.62526
vt 0.75000 4.62526
vt 0.87500 4.62526
vt 1.00000 4.62526
vt 0.00000 5.06873
vt 0.12500 5.06873
vt 0.25000 5.06873
vt 0.37500 5.06873
vt 0.50000 5.06873
vt 0.62500 5.06873
vt 0.75000 5.06873
vt 0.87500 5.06873
vt 1.00000 5.06873
vt 0.00000 5.11259
vt 0.12500 5.11259
vt 0.25000 5.11259
vt 0.37500 5.11259
vt 0.50000 5.11259
vt 0.62500 5.11259
vt 0.75000 5.11259
vt 0.87500 5.11259
vt 1.00000 5.11259
vt 0.00000 5.39572
vt 0.12500 5.39572
vt 0.25000 5.39572
vt 0.37500 5.39572
vt 0.50000 5.39572
vt 0.62500 5.39572
vt 0.75000 5.39572
vt 0.87500 5.39572
vt 1.00000 5.39572
vt 0.00000 5.43991
vt 0.12500 5.43991
vt 0.25000 5.43991
vt 0.37500 5.43991
vt 0.50000 5.43991
vt 0.62500 5.43991
vt 0.75000 5.43991
vt 0.87500 5.43991
vt 1.00000 5.43991
vt 0.00000 5.88857
vt 0.12500 5.88857
vt 0.25000 5.88857
vt 0.37500 5.88857
vt 0.50000 5.88857
vt 0.62500 5.88857
vt 0.75000 5.88857
vt 0.87500 5.88857
vt 1.00000 5.88857
vt 0.00000 5.93295
vt 0.12500 5.93295
vt 0.25000 5.93295
vt 0.37500 5.93295
vt 0.50000 5.93295
vt 0.62500 5.93295
vt 0.75000 5.93295
vt 0.87500 5.93295
vt 1.00000 5.93295
vt 0.00000 6.21936
vt 0.25000 6.21936
vt 0.50000 6.21936
vt 0.75000 6.21936
vt 1.00000 6.21936
vt 0.00000 6.26404
vt 0.25000 6.26404
vt 0.50000 6.26404
vt 0.75000 6.26404
vt 1.00000 6.26404
vt 0.00000 6.71767
vt 0.25000 6.71767
vt 0.50000 6.71767
vt 0.75000 6.71767
vt 1.00000 6.71767
vt 0.00000 6.76256
vt 0.25000 6.76256
vt 0.50000 6.76256
vt 0.75000 6.76256
vt 1.00000 6.76256
vt 0.00000 7.05213
vt 0.25000 7.05213
vt 0.50000 7.05213
vt 0.75000 7.05213
vt 1.00000 7.05213
vt 0.00000 7.09732
vt 0.25000 7.09732
vt 0.50000 7.09732
vt 0.75000 7.09732
vt 1.00000 7.09732
vt 0.00000 7.55656
vt 0.25000 7.55656
vt 0.50000 7.55656
vt 0.75000 7.55656
vt 1.00000 7.55656
vt 0.00000 7.60198
vt 0.25000 7.60198
vt 0.50000 7.60198
vt 0.75000 7.60198
vt 1.00000 7.60198
vt 0.00000 7.89516
vt 0.25000 7.89516
vt 0.50000 7.89516
vt 0.75000 7.89516
vt 1.00000 7.89516
vt 0.00000 7.94091
vt 0.25000 7.94091
vt 0.50000 7.94091
vt 0.75000 7.94091
vt 1.00000 7.94091
vt 0.00000 8.62520
vt 0.25000 8.62520
vt 0.50000 8.62520
vt 0.75000 8.62520
vt 1.00000 8.62520
vt 0.00000 8.72223
vt 0.25000 8.72223
vt 0.50000 8.72223
vt 0.75000 8.72223
vt 1.00000 8.72223
vt 0.00000 8.74729
vt 0.25000 8.74729
vt 0.50000 8.74729
vt 0.75000 8.74729
vt 1.00000 8.74729
vt 0.00000 8.79358
vt 0.25000 8.79358
vt 0.50000 8.79358
vt 0.75000 8.79358
vt 1.00000 8.79358
vt 0.00000 9.45510
vt 0.25000 9.45510
vt 0.50000 9.45510
vt 0.75000 9.45510
vt 1.00000 9.45510
vt 0.00000 9.55334
vt 0.25000 9.55334
vt 0.50000 9.55334
vt 0.75000 9.55334
vt 1.00000 9.55334
vt 0.00000 9.74353
vt 0.25000 9.74353
vt 0.50000 9.74353
vt 0.75000 9.74353
vt 1.00000 9.74353
vt 0.12500 9.66828
vt 0.37500 9.66828
vt 0.62500 9.66828
vt 0.87500 9.66828
vt 0.00049 0.00000
vt 0.00049 0.15000
vt 0.33317 0.15000
vt 0.33317 0.00000
vt 0.66586 0.00000
vt 0.66586 0.15000
vt 0.99854 0.15000
vt 0.99854 0.00000
vt 0.00049 0.30000
vt 0.33317 0.30000
vt 0.66586 0.30000
vt 0.99854 0.30000
vt 0.00049 0.45000
vt 0.33317 0.45000
vt 0.66586 0.45000
vt 0.99854 0.45000
vt 0.00049 0.60000
vt 0.33317 0.60000
vt 0.66586 0.60000
vt 0.99854 0.60000
vt 0.00049 0.75000
vt 0.33317 0.75000
vt 0.66586 0.75000
vt 0.99854 0.75000
vt 0.33317 0.90000
vt 0.99854 0.90000
vt 0.00049 0.00000
vt 0.00049 0.15000
vt 0.33317 0.15000
vt 0.33317 0.00000
vt 0.66586 0.00000
vt 0.66586 0.15000
vt 0.99854 0.15000
vt 0.99854 0.00000
vt 0.00049 0.30000
vt 0.33317 0.30000
vt 0.66586 0.30000
vt 0.99854 0.30000
vt 0.00049 0.45000
vt 0.33317 0.45000
vt 0.66586 0.45000
vt 0.99854 0.45000
vt 0.00049 0.60000
vt 0.33317 0.60000
vt 0.66586 0.60000
vt 0.99854 0.60000
vt 0.00049 0.75000
vt 0.33317 0.75000
vt 0.66586 0.75000
vt 0.99854 0.75000
vt 0.33317 0.90000
vt 0.99854 0.90000
vt 0.00049 0.00000
vt 0.00049 0.15000
vt 0.33317 0.15000
vt 0.33317 0.00000
vt 0.66586 0.00000
vt 0.66586 0.15000
vt 0.99854 0.15000
vt 0.99854 0.00000
vt 0.00049 0.30000
vt 0.33317 0.30000
vt 0.66586 0.30000
vt 0.99854 0.30000
vt 0.00049 0.45000
vt 0.33317 0.45000
vt 0.66586 0.45000
vt 0.99854 0.45000
vt 0.00049 0.60000
vt 0.33317 0.60000
vt 0.66586 0.60000
vt 0.99854 0.60000
vt 0.00049 0.75000
vt 0.33317 0.75000
vt 0.66586 0.75000
vt 0.99854 0.75000
vt 0.33317 0.90000
vt 0.99854 0.90000
vt 0.00049 0.00000
vt 0.00049 0.15000
vt 0.33317 0.15000
vt 0.33317 0.00000
vt 0.66586 0.00000
vt 0.66586 0.15000
vt 0.99854 0.15000
vt 0.99854 0.00000
vt 0.00049 0.30000
vt 0.33317 0.30000
vt 0.66586 0.30000
vt 0.99854 0.30000
vt 0.00049 0.45000
vt 0.33317 0.45000
vt 0.66586 0.45000
vt 0.99854 0.45000
vt 0.00049 0.60000
vt 0.33317 0.60000
vt 0.66586 0.60000
vt 0.99854 0.60000
vt 0.00049 0.75000
vt 0.33317 0.75000
vt 0.66586 0.75000
vt 0.99854 0.75000
vt 0.33317 0.90000
vt 0.99854 0.90000
vt 0.00049 0.00000
vt 0.00049 0.15000
vt 0.33317 0.15000
vt 0.33317 0.00000
vt 0.66586 0.00000
vt 0.66586 0.15000
vt 0.99854 0.15000
vt 0.99854 0.00000
vt 0.00049 0.30000
vt 0.33317 0.30000
vt 0.66586 0.30000
vt 0.99854 0.30000
vt 0.00049 0.45000
vt 0.33317 0.45000
vt 0.66586 0.45000
vt 0.99854 0.45000
vt 0.00049 0.60000
vt 0.33317 0.60000
vt 0.66586 0.60000
vt 0.99854 0.60000
vt 0.00049 0.75000
vt 0.33317 0.75000
vt 0.66586 0.75000
vt 0.99854 0.75000
vt 0.33317 0.90000
vt 0.99854 0.90000
vt 0.00049 0.00000
vt 0.00049 0.15000
vt 0.33317 0.15000
vt 0.33317 0.00000
vt 0.66586 0.00000
vt 0.66586 0.15000
vt 0.99854 0.15000
vt 0.99854 0.00000
vt 0.00049 0.30000
vt 0.33317 0.30000
vt 0.66586 0.30000
vt 0.99854 0.30000
vt 0.00049 0.45000
vt 0.33317 0.45000
vt 0.66586 0.45000
vt 0.99854 0.45000
vt 0.00049 0.60000
vt 0.33317 0.60000
vt 0.66586 0.60000
vt 0.99854 0.60000
vt 0.00049 0.75000
vt 0.33317 0.75000
vt 0.66586 0.75000
vt 0.99854 0.75000
vt 0.33317 0.90000
vt 0.99854 0.90000
vt 0.00049 0.00000
vt 0.00049 0.15000
vt 0.33317 0.15000
vt 0.33317 0.00000
vt 0.66586 0.00000
vt 0.66586 0.15000
vt 0.99854 0.15000
vt 0.99854 0.00000
vt 0.00049 0.30000
vt 0.33317 0.30000
vt 0.66586 0.30000
vt 0.99854 0.30000
vt 0.00049 0.45000
vt 0.33317 0.45000
vt 0.66586 0.45000
vt 0.99854 0.45000
vt 0.00049 0.60000
vt 0.33317 0.60000
vt 0.66586 0.60000
vt 0.99854 0.60000
vt 0.00049 0.75000
vt 0.33317 0.75000
vt 0.66586 0.75000
vt 0.99854 0.75000
vt 0.33317 0.90000
vt 0.99854 0.90000
vt 0.00049 0.00000
vt 0.00049 0.15000
vt 0.33317 0.15000
vt 0.33317 0.00000
vt 0.66586 0.00000
vt 0.66586 0.15000
vt 0.99854 0.15000
vt 0.99854 0.00000
vt 0.00049 0.30000
vt 0.33317 0.30000
vt 0.66586 0.30000
vt 0.99854 0.30000
vt 0.00049 0.45000
vt 0.33317 0.45000
vt 0.66586 0.45000
vt 0.99854 0.45000
vt 0.00049 0.60000
vt 0.33317 0.60000
vt 0.66586 0.60000
vt 0.99854 0.60000
vt 0.00049 0.75000
vt 0.33317 0.75000
vt 0.66586 0.75000
vt 0.99854 0.75000
vt 0.33317 0.90000
vt 0.99854 0.90000
vt 0.00049 0.00000
vt 0.00049 0.15000
vt 0.33317 0.15000
vt 0.33317 0.00000
vt 0.66586 0.00000
vt 0.66586 0.15000
vt 0.99854 0.15000
vt 0.99854 0.00000
vt 0.00049 0.30000
vt 0.33317 0.30000
vt 0.66586 0.30000
vt 0.99854 0.30000
vt 0.00049 0.45000
vt 0.33317 0.45000
vt 0.66586 0.45000
vt 0.99854 0.45000
vt 0.00049 0.60000
vt 0.33317 0.60000
vt 0.66586 0.60000
vt 0.99854 0.60000
vt 0.00049 0.75000
vt 0.33317 0.75000
vt 0.66586 0.75000
vt 0.99854 0.75000
vt 0.33317 0.90000
vt 0.99854 0.90000
vt 0.00049 0.00000
vt 0.00049 0.15000
vt 0.33317 0.15000
vt 0.33317 0.00000
vt 0.66586 0.00000
vt 0.66586 0.15000
vt 0.99854 0.15000
vt 0.99854 0.00000
vt 0.00049 0.30000
vt 0.33317 0.30000
vt 0.66586 0.30000
vt 0.99854 0.30000
vt 0.00049 0.45000
vt 0.33317 0.45000
vt 0.66586 0.45000
vt 0.99854 0.45000
vt 0.00049 0.60000
vt 0.33317 0.60000
vt 0.66586 0.60000
vt 0.99854 0.60000
vt 0.00049 0.75000
vt 0.33317 0.75000
vt 0.66586 0.75000
vt 0.99854 0.75000
vt 0.33317 0.90000
vt 0.99854 0.90000
vt 0.00049 0.00000
vt 0.00049 0.15000
vt 0.33317 0.15000
vt 0.33317 0.00000
vt 0.66586 0.00000
vt 0.66586 0.15000
vt 0.99854 0.15000
vt 0.99854 0.00000
vt 0.00049 0.30000
vt 0.33317 0.30000
vt 0.66586 0.30000
vt 0.99854 0.30000
vt 0.00049 0.45000
vt 0.33317 0.45000
vt 0.66586 0.45000
vt 0.99854 0.45000
vt 0.00049 0.60000
vt 0.33317 0.60000
vt 0.66586 0.60000
vt 0.99854 0.60000
vt 0.00049 0.75000
vt 0.33317 0.75000
vt 0.66586 0.75000
vt 0.99854 0.75000
vt 0.33317 0.90000
vt 0.99854 0.90000
vt 0.00049 0.00000
vt 0.00049 0.15000
vt 0.33317 0.15000
vt 0.33317 0.00000
vt 0.66586 0.00000
vt 0.66586 0.15000
vt 0.99854 0.15000
vt 0.99854 0.00000
vt 0.00049 0.30000
vt 0.33317 0.30000
vt 0.66586 0.30000
vt 0.99854 0.30000
vt 0.00049 0.45000
vt 0.33317 0.45000
vt 0.66586 0.45000
vt 0.99854 0.45000
vt 0.00049 0.60000
vt 0.33317 0.60000
vt 0.66586 0.60000
vt 0.99854 0.60000
vt 0.00049 0.75000
vt 0.33317 0.75000
vt 0.66586 0.75000
vt 0.99854 0.75000
vt 0.33317 0.90000
vt 0.99854 0.90000
vt 0.00049 0.00000
vt 0.00049 0.15000
vt 0.33317 0.15000
vt 0.33317 0.00000
vt 0.66586 0.00000
vt 0.66586 0.15000
vt 0.99854 0.15000
vt 0.99854 0.00000
vt 0.00049 0.30000
vt 0.33317 0.30000
vt 0.66586 0.30000
vt 0.99854 0.30000
vt 0.00049 0.45000
vt 0.33317 0.45000
vt 0.66586 0.45000
vt 0.99854 0.45000
vt 0.00049 0.60000
vt 0.33317 0.60000
vt 0.66586 0.60000
vt 0.99854 0.60000
vt 0.00049 0.75000
vt 0.33317 0.75000
vt 0.66586 0.75000
vt 0.99854 0.75000
vt 0.33317 0.90000
vt 0.99854 0.90000
vt 0.87500 1.00000
vt 1.00000 0.87500
vt 0.87500 0.87500
vt 0.75000 1.00000
vt 0.75000 0.87500
vt 0.62500 1.00000
vt 0.62500 0.87500
vt 0.50000 1.00000
vt 0.50000 0.87500
vt 0.37500 1.00000
vt 0.37500 0.87500
vt 0.25000 1.00000
vt 0.25000 0.87500
vt 0.12500 1.00000
vt 0.12500 0.87500
vt 0.00000 1.00000
vt 0.00000 0.87500
vt 1.00000 0.75000
vt 0.87500 0.75000
vt 0.75000 0.75000
vt 0.62500 0.75000
vt 0.50000 0.75000
vt 0.37500 0.75000
vt 0.25000 0.75000
vt 0.12500 0.75000
vt 0.00000 0.75000
vt 1.00000 0.62500
vt 0.87500 0.62500
vt 0.75000 0.62500
vt 0.62500 0.62500
vt 0.50000 0.62500
vt 0.37500 0.62500
vt 0.25000 0.62500
vt 0.12500 0.62500
vt 0.00000 0.62500
vt 1.00000 0.50000
vt 0.87500 0.50000
vt 0.75000 0.50000
vt 0.62500 0.50000
vt 0.50000 0.50000
vt 0.37500 0.50000
vt 0.25000 0.50000
vt 0.12500 0.50000
vt 0.00000 0.50000
vt 1.00000 0.37500
vt 0.87500 0.37500
vt 0.75000 0.37500
vt 0.62500 0.37500
vt 0.50000 0.37500
vt 0.37500 0.37500
vt 0.25000 0.37500
vt 0.12500 0.37500
vt 0.00000 0.37500
vt 1.00000 0.25000
vt 0.87500 0.25000
vt 0.75000 0.25000
vt 0.62500 0.25000
vt 0.50000 0.25000
vt 0.37500 0.25000
vt 0.25000 0.25000
vt 0.12500 0.25000
vt 0.00000 0.25000
vt 1.00000 0.12500
vt 0.87500 0.12500
vt 0.75000 0.12500
vt 0.62500 0.12500
vt 0.50000 0.12500
vt 0.37500 0.12500
vt 0.25000 0.12500
vt 0.12500 0.12500
vt 0.00000 0.12500
vt 1.00000 0.00000
vt 0.87500 0.00000
vt 0.75000 0.00000
vt 0.62500 0.00000
vt 0.50000 0.00000
vt 0.37500 0.00000
vt 0.25000 0.00000
vt 0.12500 0.00000
vt 0.00000 0.00000
vt 0.87500 1.00000
vt 1.00000 0.87500
vt 0.87500 0.87500
vt 0.75000 1.00000
vt 0.75000 0.87500
vt 0.62500 1.00000
vt 0.62500 0.87500
vt 0.50000 1.00000
vt 0.50000 0.87500
vt 0.37500 1.00000
vt 0.37500 0.87500
vt 0.25000 1.00000
vt 0.25000 0.87500
vt 0.12500 1.00000
vt 0.12500 0.87500
vt 0.00000 1.00000
vt 0.00000 0.87500
vt 1.00000 0.75000
vt 0.87500 0.75000
vt 0.75000 0.75000
vt 0.62500 0.75000
vt 0.50000 0.75000
vt 0.37500 0.75000
vt 0.25000 0.75000
vt 0.12500 0.75000
vt 0.00000 0.75000
vt 1.00000 0.62500
vt 0.87500 0.62500
vt 0.75000 0.62500
vt 0.62500 0.62500
vt 0.50000 0.62500
vt 0.37500 0.62500
vt 0.25000 0.62500
vt 0.12500 0.62500
vt 0.00000 0.62500
vt 1.00000 0.50000
vt 0.87500 0.50000
vt 0.75000 0.50000
vt 0.62500 0.50000
vt 0.50000 0.50000
vt 0.37500 0.50000
vt 0.25000 0.50000
vt 0.12500 0.50000
vt 0.00000 0.50000
vt 1.00000 0.37500
vt 0.87500 0.37500
vt 0.75000 0.37500
vt 0.62500 0.37500
vt 0.50000 0.37500
vt 0.37500 0.37500
vt 0.25000 0.37500
vt 0.12500 0.37500
vt 0.00000 0.37500
vt 1.00000 0.25000
vt 0.87500 0.25000
vt 0.75000 0.25000
vt 0.62500 0.25000
vt 0.50000 0.25000
vt 0.37500 0.25000
vt 0.25000 0.25000
vt 0.12500 0.25000
vt 0.00000 0.25000
vt 1.00000 0.12500
vt 0.87500 0.12500
vt 0.75000 0.12500
vt 0.62500 0.12500
vt 0.50000 0.12500
vt 0.37500 0.12500
vt 0.25000 0.12500
vt 0.12500 0.12500
vt 0.00000 0.12500
vt 1.00000 0.00000
vt 0.87500 0.00000
vt 0.75000 0.00000
vt 0.62500 0.00000
vt 0.50000 0.00000
vt 0.37500 0.00000
vt 0.25000 0.00000
vt 0.12500 0.00000
vt 0.87500 1.00000
vt 1.00000 0.87500
vt 0.87500 0.87500
vt 0.75000 1.00000
vt 0.75000 0.87500
vt 0.62500 1.00000
vt 0.62500 0.87500
vt 0.50000 1.00000
vt 0.50000 0.87500
vt 0.37500 1.00000
vt 0.37500 0.87500
vt 0.25000 1.00000
vt 0.25000 0.87500
vt 0.12500 1.00000
vt 0.12500 0.87500
vt 0.00000 1.00000
vt 0.00000 0.87500
vt 1.00000 0.75000
vt 0.87500 0.75000
vt 0.75000 0.75000
vt 0.62500 0.75000
vt 0.50000 0.75000
vt 0.37500 0.75000
vt 0.25000 0.75000
vt 0.12500 0.75000
vt 0.00000 0.75000
vt 1.00000 0.62500
vt 0.87500 0.62500
vt 0.75000 0.62500
vt 0.62500 0.62500
vt 0.50000 0.62500
vt 0.37500 0.62500
vt 0.25000 0.62500
vt 0.12500 0.62500
vt 0.00000 0.62500
vt 1.00000 0.50000
vt 0.87500 0.50000
vt 0.75000 0.50000
vt 0.62500 0.50000
vt 0.50000 0.50000
vt 0.37500 0.50000
vt 0.25000 0.50000
vt 0.12500 0.50000
vt 0.00000 0.50000
vt 1.00000 0.37500
vt 0.87500 0.37500
vt 0.75000 0.37500
vt 0.62500 0.37500
vt 0.50000 0.37500
vt 0.37500 0.37500
vt 0.25000 0.37500
vt 0.12500 0.37500
vt 0.00000 0.37500
vt 1.00000 0.25000
vt 0.87500 0.25000
vt 0.75000 0.25000
vt 0.62500 0.25000
vt 0.50000 0.25000
vt 0.37500 0.25000
vt 0.25000 0.25000
vt 0.12500 0.25000
vt 0.00000 0.25000
vt 1.00000 0.12500
vt 0.87500 0.12500
vt 0.75000 0.12500
vt 0.62500 0.12500
vt 0.50000 0.12500
vt 0.37500 0.12500
vt 0.25000 0.12500
vt 0.12500 0.12500
vt 0.00000 0.12500
vt 1.00000 0.00000
vt 0.87500 0.00000
vt 0.75000 0.00000
vt 0.62500 0.00000
vt 0.50000 0.00000
vt 0.37500 0.00000
vt 0.25000 0.00000
vt 0.12500 0.00000
vt 0.87500 1.00000
vt 1.00000 0.87500
vt 0.87500 0.87500
vt 0.75000 1.00000
vt 0.75000 0.87500
vt 0.62500 1.00000
vt 0.62500 0.87500
vt 0.50000 1.00000
vt 0.50000 0.87500
vt 0.37500 1.00000
vt 0.37500 0.87500
vt 0.25000 1.00000
vt 0.25000 0.87500
vt 0.12500 1.00000
vt 0.12500 0.87500
vt 0.00000 1.00000
vt 0.00000 0.87500
vt 1.00000 0.75000
vt 0.87500 0.75000
vt 0.75000 0.75000
vt 0.62500 0.75000
vt 0.50000 0.75000
vt 0.37500 0.75000
vt 0.25000 0.75000
vt 0.12500 0.75000
vt 0.00000 0.75000
vt 1.00000 0.62500
vt 0.87500 0.62500
vt 0.75000 0.62500
vt 0.62500 0.62500
vt 0.50000 0.62500
vt 0.37500 0.62500
vt 0.25000 0.62500
vt 0.12500 0.62500
vt 0.00000 0.62500
vt 1.00000 0.50000
vt 0.87500 0.50000
vt 0.75000 0.50000
vt 0.62500 0.50000
vt 0.50000 0.50000
vt 0.37500 0.50000
vt 0.25000 0.50000
vt 0.12500 0.50000
vt 0.00000 0.50000
vt 1.00000 0.37500
vt 0.87500 0.37500
vt 0.75000 0.37500
vt 0.62500 0.37500
vt 0.50000 0.37500
vt 0.37500 0.37500
vt 0.25000 0.37500
vt 0.12500 0.37500
vt 0.00000 0.37500
vt 1.00000 0.25000
vt 0.87500 0.25000
vt 0.75000 0.25000
vt 0.62500 0.25000
vt 0.50000 0.25000
vt 0.37500 0.25000
vt 0.25000 0.25000
vt 0.12500 0.25000
vt 0.00000 0.25000
vt 1.00000 0.12500
vt 0.87500 0.12500
vt 0.75000 0.12500
vt 0.62500 0.12500
vt 0.50000 0.12500
vt 0.37500 0.12500
vt 0.25000 0.12500
vt 0.12500 0.12500
vt 0.00000 0.12500
vt 1.00000 0.00000
vt 0.87500 0.00000
vt 0.75000 0.00000
vt 0.62500 0.00000
vt 0.50000 0.00000
vt 0.37500 0.00000
vt 0.25000 0.00000
vt 0.12500 0.00000
vt 0.00000 0.00000
vt 0.87500 1.00000
vt 1.00000 0.87500
vt 0.87500 0.87500
vt 0.75000 1.00000
vt 0.75000 0.87500
vt 0.62500 1.00000
vt 0.62500 0.87500
vt 0.50000 1.00000
vt 0.50000 0.87500
vt 0.37500 1.00000
vt 0.37500 0.87500
vt 0.25000 1.00000
vt 0.25000 0.87500
vt 0.12500 1.00000
vt 0.12500 0.87500
vt 0.00000 1.00000
vt 0.00000 0.87500
vt 1.00000 0.75000
vt 0.87500 0.75000
vt 0.75000 0.75000
vt 0.62500 0.75000
vt 0.50000 0.75000
vt 0.37500 0.75000
vt 0.25000 0.75000
vt 0.12500 0.75000
vt 0.00000 0.75000
vt 1.00000 0.62500
vt 0.87500 0.62500
vt 0.75000 0.62500
vt 0.62500 0.62500
vt 0.50000 0.62500
vt 0.37500 0.62500
vt 0.25000 0.62500
vt 0.12500 0.62500
vt 0.00000 0.62500
vt 1.00000 0.50000
vt 0.87500 0.50000
vt 0.75000 0.50000
vt 0.62500 0.50000
vt 0.50000 0.50000
vt 0.37500 0.50000
vt 0.25000 0.50000
vt 0.12500 0.50000
vt 0.00000 0.50000
vt 1.00000 0.37500
vt 0.87500 0.37500
vt 0.75000 0.37500
vt 0.62500 0.37500
vt 0.50000 0.37500
vt 0.37500 0.37500
vt 0.25000 0.37500
vt 0.12500 0.37500
vt 0.00000 0.37500
vt 1.00000 0.25000
vt 0.87500 0.25000
vt 0.75000 0.25000
vt 0.62500 0.25000
vt 0.50000 0.25000
vt 0.37500 0.25000
vt 0.25000 0.25000
vt 0.12500 0.25000
vt 0.00000 0.25000
vt 1.00000 0.12500
vt 0.87500 0.12500
vt 0.75000 0.12500
vt 0.62500 0.12500
vt 0.50000 0.12500
vt 0.37500 0.12500
vt 0.25000 0.12500
vt 0.12500 0.12500
vt 0.00000 0.12500
vt 1.00000 0.00000
vt 0.87500 0.00000
vt 0.75000 0.00000
vt 0.62500 0.00000
vt 0.50000 0.00000
vt 0.37500 0.00000
vt 0.25000 0.00000
vt 0.12500 0.00000
vt 0.00000 0.00000
vt 0.00000 0.10654
vt 0.25000 0.10714
vt 0.25000 0.00000
vt 0.50000 0.00000
vt 0.50000 0.08689
vt 0.75000 0.07563
vt 0.75000 0.00000
vt 1.00000 0.00000
vt 1.00000 0.07203
vt 0.00000 0.14946
vt 0.25000 0.17775
vt 0.50000 0.17438
vt 0.75000 0.13387
vt 1.00000 0.08947
vt 0.00000 0.28672
vt 0.25000 0.29611
vt 0.50000 0.26403
vt 0.75000 0.22536
vt 1.00000 0.18807
vt 0.00000 0.31873
vt 0.25000 0.37805
vt 0.50000 0.35408
vt 0.75000 0.30964
vt 1.00000 0.26095
vt 0.00000 0.39127
vt 0.25000 0.44708
vt 0.50000 0.41596
vt 0.75000 0.38010
vt 1.00000 0.34321
vt 0.00000 0.52243
vt 0.25000 0.56873
vt 0.50000 0.51030
vt 0.75000 0.48886
vt 1.00000 0.47544
vt 0.00000 0.58160
vt 0.25000 0.64164
vt 0.50000 0.60503
vt 0.75000 0.58902
vt 1.00000 0.57521
vt 0.00000 0.68836
vt 0.25000 0.75725
vt 0.50000 0.70188
vt 0.75000 0.69502
vt 1.00000 0.69411
vt 0.00000 0.78489
vt 0.25000 0.81753
vt 0.50000 0.79954
vt 0.75000 0.78672
vt 1.00000 0.77188
vt 0.00000 0.88875
vt 0.25000 0.93716
vt 0.50000 0.89924
vt 0.75000 0.89131
vt 1.00000 0.88580
vt 0.00000 1.00000
vt 0.25000 1.00000
vt 0.50000 1.00000
vt 0.75000 1.00000
vt 1.00000 1.00000
vt 0.00000 0.00000
vt 0.00000 0.12932
vt 0.25000 0.10651
vt 0.25000 0.00000
vt 0.50000 0.00000
vt 0.50000 0.08701
vt 0.75000 0.08415
vt 0.75000 0.00000
vt 1.00000 0.00000
vt 1.00000 0.07520
vt 0.00000 0.19174
vt 0.25000 0.19446
vt 0.50000 0.17442
vt 0.75000 0.13317
vt 1.00000 0.10368
vt 0.00000 0.31206
vt 0.25000 0.29817
vt 0.50000 0.26342
vt 0.75000 0.21030
vt 1.00000 0.15449
vt 0.00000 0.34581
vt 0.25000 0.37684
vt 0.50000 0.35319
vt 0.75000 0.25419
vt 1.00000 0.20620
vt 0.00000 0.40152
vt 0.25000 0.43865
vt 0.50000 0.41500
vt 0.75000 0.30360
vt 1.00000 0.23949
vt 0.00000 0.52609
vt 0.25000 0.54688
vt 0.50000 0.50909
vt 0.75000 0.40095
vt 1.00000 0.33109
vt 0.00000 0.59682
vt 0.25000 0.63564
vt 0.50000 0.60371
vt 0.75000 0.49411
vt 1.00000 0.40930
vt 0.00000 0.73766
vt 0.25000 0.75043
vt 0.50000 0.70123
vt 0.75000 0.61438
vt 1.00000 0.55257
vt 0.00000 0.79922
vt 0.25000 0.83519
vt 0.50000 0.79899
vt 0.75000 0.73850
vt 1.00000 0.69545
vt 0.00000 0.92517
vt 0.25000 0.94645
vt 0.50000 0.89925
vt 0.75000 0.86387
vt 1.00000 0.84283
vt 0.00000 1.00000
vt 0.25000 1.00000
vt 0.50000 1.00000
vt 0.75000 1.00000
vt 1.00000 1.00000
vt 0.00000 0.00000
vt 0.00000 0.06213
vt 0.25000 0.07618
vt 0.25000 0.00000
vt 0.50000 0.00000
vt 0.50000 0.08671
vt 0.75000 0.09681
vt 0.75000 0.00000
vt 1.00000 0.00000
vt 1.00000 0.10766
vt 0.00000 0.09848
vt 0.25000 0.12942
vt 0.50000 0.17404
vt 0.75000 0.16608
vt 1.00000 0.15428
vt 0.00000 0.17598
vt 0.25000 0.21436
vt 0.50000 0.26347
vt 0.75000 0.26766
vt 1.00000 0.27422
vt 0.00000 0.23588
vt 0.25000 0.29138
vt 0.50000 0.35336
vt 0.75000 0.34699
vt 1.00000 0.32789
vt 0.00000 0.30040
vt 0.25000 0.35538
vt 0.50000 0.41516
vt 0.75000 0.41244
vt 1.00000 0.40104
vt 0.00000 0.42069
vt 0.25000 0.46204
vt 0.50000 0.50958
vt 0.75000 0.52427
vt 1.00000 0.54468
vt 0.00000 0.54395
vt 0.25000 0.57147
vt 0.50000 0.60424
vt 0.75000 0.60946
vt 1.00000 0.61118
vt 0.00000 0.68010
vt 0.25000 0.68701
vt 0.50000 0.70160
vt 0.75000 0.72057
vt 1.00000 0.75115
vt 0.00000 0.79685
vt 0.25000 0.79647
vt 0.50000 0.79929
vt 0.75000 0.80005
vt 1.00000 0.80317
vt 0.00000 0.92964
vt 0.25000 0.91203
vt 0.50000 0.89930
vt 0.75000 0.90614
vt 1.00000 0.91967
vt 0.00000 1.00000
vt 0.25000 1.00000
vt 0.50000 1.00000
vt 0.75000 1.00000
vt 1.00000 1.00000
vt 0.00000 0.00000
vt 0.00000 0.06208
vt 0.25000 0.07719
vt 0.25000 0.00000
vt 0.50000 0.00000
vt 0.50000 0.08692
vt 0.75000 0.09968
vt 0.75000 0.00000
vt 1.00000 0.00000
vt 1.00000 0.09717
vt 0.00000 0.11883
vt 0.25000 0.14864
vt 0.50000 0.17438
vt 0.75000 0.16937
vt 1.00000 0.13755
vt 0.00000 0.22171
vt 0.25000 0.24363
vt 0.50000 0.26410
vt 0.75000 0.27719
vt 1.00000 0.25648
vt 0.00000 0.33177
vt 0.25000 0.34365
vt 0.50000 0.35410
vt 0.75000 0.34934
vt 1.00000 0.29811
vt 0.00000 0.41764
vt 0.25000 0.41605
vt 0.50000 0.41594
vt 0.75000 0.40848
vt 1.00000 0.33867
vt 0.00000 0.54301
vt 0.25000 0.52351
vt 0.50000 0.51004
vt 0.75000 0.51304
vt 1.00000 0.44120
vt 0.00000 0.64753
vt 0.25000 0.62455
vt 0.50000 0.60464
vt 0.75000 0.56681
vt 1.00000 0.52298
vt 0.00000 0.75618
vt 0.25000 0.72617
vt 0.50000 0.70137
vt 0.75000 0.67305
vt 1.00000 0.61779
vt 0.00000 0.83951
vt 0.25000 0.81935
vt 0.50000 0.79893
vt 0.75000 0.73815
vt 1.00000 0.68344
vt 0.00000 0.94939
vt 0.25000 0.92357
vt 0.50000 0.89916
vt 0.75000 0.85873
vt 1.00000 0.81371
vt 0.00000 1.00000
vt 0.25000 1.00000
vt 0.50000 1.00000
vt 0.75000 1.00000
vt 1.00000 1.00000
vt 0.00000 0.00000
vt 0.00000 0.07431
vt 0.25000 0.08001
vt 0.25000 0.00000
vt 0.50000 0.00000
vt 0.50000 0.08693
vt 0.75000 0.09393
vt 0.75000 0.00000
vt 1.00000 0.00000
vt 1.00000 0.10238
vt 0.00000 0.11940
vt 0.25000 0.14991
vt 0.50000 0.17433
vt 0.75000 0.17107
vt 1.00000 0.15850
vt 0.00000 0.23270
vt 0.25000 0.24910
vt 0.50000 0.26409
vt 0.75000 0.27126
vt 1.00000 0.27240
vt 0.00000 0.34285
vt 0.25000 0.34870
vt 0.50000 0.35405
vt 0.75000 0.35107
vt 1.00000 0.33653
vt 0.00000 0.42838
vt 0.25000 0.42123
vt 0.50000 0.41583
vt 0.75000 0.40878
vt 1.00000 0.38732
vt 0.00000 0.55437
vt 0.25000 0.52916
vt 0.50000 0.50998
vt 0.75000 0.50704
vt 1.00000 0.48973
vt 0.00000 0.64588
vt 0.25000 0.62465
vt 0.50000 0.60454
vt 0.75000 0.57364
vt 1.00000 0.53250
vt 0.00000 0.75836
vt 0.25000 0.72900
vt 0.50000 0.70135
vt 0.75000 0.67353
vt 1.00000 0.63549
vt 0.00000 0.83805
vt 0.25000 0.81877
vt 0.50000 0.79888
vt 0.75000 0.75033
vt 1.00000 0.68035
vt 0.00000 0.95550
vt 0.25000 0.92600
vt 0.50000 0.89921
vt 0.75000 0.86384
vt 1.00000 0.81344
vt 0.00000 1.00000
vt 0.25000 1.00000
vt 0.50000 1.00000
vt 0.75000 1.00000
vt 1.00000 1.00000
vt 0.00000 0.00000
vt 0.00000 0.10941
vt 0.25000 0.09558
vt 0.25000 0.00000
vt 0.50000 0.00000
vt 0.50000 0.08693
vt 0.75000 0.07838
vt 0.75000 0.00000
vt 1.00000 0.00000
vt 1.00000 0.06656
vt 0.00000 0.18728
vt 0.25000 0.18080
vt 0.50000 0.17431
vt 0.75000 0.14356
vt 1.00000 0.10506
vt 0.00000 0.30501
vt 0.25000 0.28180
vt 0.50000 0.26409
vt 0.75000 0.23981
vt 1.00000 0.21211
vt 0.00000 0.38696
vt 0.25000 0.36790
vt 0.50000 0.35404
vt 0.75000 0.33273
vt 1.00000 0.30831
vt 0.00000 0.45141
vt 0.25000 0.43021
vt 0.50000 0.41580
vt 0.75000 0.39834
vt 1.00000 0.38011
vt 0.00000 0.55442
vt 0.25000 0.52747
vt 0.50000 0.51000
vt 0.75000 0.50602
vt 1.00000 0.50764
vt 0.00000 0.60121
vt 0.25000 0.60103
vt 0.50000 0.60456
vt 0.75000 0.59720
vt 1.00000 0.59018
vt 0.00000 0.70527
vt 0.25000 0.70066
vt 0.50000 0.70138
vt 0.75000 0.69982
vt 1.00000 0.69994
vt 0.00000 0.76667
vt 0.25000 0.78501
vt 0.50000 0.79891
vt 0.75000 0.78571
vt 1.00000 0.76755
vt 0.00000 0.90235
vt 0.25000 0.89977
vt 0.50000 0.89924
vt 0.75000 0.89085
vt 1.00000 0.88212
vt 0.00000 1.00000
vt 0.25000 1.00000
vt 0.50000 1.00000
vt 0.75000 1.00000
vt 1.00000 1.00000
vt 0.00000 0.00000
vt 0.00000 0.10349
vt 0.25000 0.09528
vt 0.25000 0.00000
vt 0.50000 0.00000
vt 0.50000 0.08720
vt 0.75000 0.09702
vt 0.75000 0.00000
vt 1.00000 0.00000
vt 1.00000 0.10377
vt 0.00000 0.21177
vt 0.25000 0.19312
vt 0.50000 0.17461
vt 0.75000 0.16013
vt 1.00000 0.13224
vt 0.00000 0.31434
vt 0.25000 0.28897
vt 0.50000 0.26409
vt 0.75000 0.25516
vt 1.00000 0.22721
vt 0.00000 0.40831
vt 0.25000 0.38195
vt 0.50000 0.35393
vt 0.75000 0.31035
vt 1.00000 0.26177
vt 0.00000 0.47071
vt 0.25000 0.44379
vt 0.50000 0.41569
vt 0.75000 0.36387
vt 1.00000 0.29862
vt 0.00000 0.56920
vt 0.25000 0.54014
vt 0.50000 0.50945
vt 0.75000 0.45810
vt 1.00000 0.38648
vt 0.00000 0.65163
vt 0.25000 0.62989
vt 0.50000 0.60391
vt 0.75000 0.52140
vt 1.00000 0.42442
vt 0.00000 0.75103
vt 0.25000 0.72761
vt 0.50000 0.70101
vt 0.75000 0.63199
vt 1.00000 0.54615
vt 0.00000 0.83801
vt 0.25000 0.81963
vt 0.50000 0.79862
vt 0.75000 0.72456
vt 1.00000 0.62478
vt 0.00000 0.94201
vt 0.25000 0.92146
vt 0.50000 0.89919
vt 0.75000 0.85297
vt 1.00000 0.78829
vt 0.00000 1.00000
vt 0.25000 1.00000
vt 0.50000 1.00000
vt 0.75000 1.00000
vt 1.00000 1.00000
vt 0.00000 0.00000
vt 0.00000 0.10862
vt 0.25000 0.09770
vt 0.25000 0.00000
vt 0.50000 0.00000
vt 0.50000 0.08716
vt 0.75000 0.09036
vt 0.75000 0.00000
vt 1.00000 0.00000
vt 1.00000 0.09204
vt 0.00000 0.20878
vt 0.25000 0.19160
vt 0.50000 0.17453
vt 0.75000 0.15377
vt 1.00000 0.12506
vt 0.00000 0.31631
vt 0.25000 0.28981
vt 0.50000 0.26392
vt 0.75000 0.23970
vt 1.00000 0.20201
vt 0.00000 0.40772
vt 0.25000 0.38058
vt 0.50000 0.35371
vt 0.75000 0.29500
vt 1.00000 0.22893
vt 0.00000 0.46956
vt 0.25000 0.44244
vt 0.50000 0.41543
vt 0.75000 0.34543
vt 1.00000 0.26685
vt 0.00000 0.56944
vt 0.25000 0.53923
vt 0.50000 0.50925
vt 0.75000 0.43553
vt 1.00000 0.34648
vt 0.00000 0.65286
vt 0.25000 0.62864
vt 0.50000 0.60370
vt 0.75000 0.51152
vt 1.00000 0.39385
vt 0.00000 0.75475
vt 0.25000 0.72843
vt 0.50000 0.70097
vt 0.75000 0.62016
vt 1.00000 0.51422
vt 0.00000 0.84229
vt 0.25000 0.82148
vt 0.50000 0.79858
vt 0.75000 0.72215
vt 1.00000 0.62072
vt 0.00000 0.94851
vt 0.25000 0.92511
vt 0.50000 0.89922
vt 0.75000 0.84596
vt 1.00000 0.77288
vt 0.00000 1.00000
vt 0.25000 1.00000
vt 0.50000 1.00000
vt 0.75000 1.00000
vt 1.00000 1.00000
vt 0.00000 0.00000
vt 0.00000 0.06964
vt 0.25000 0.07746
vt 0.25000 0.00000
vt 0.50000 0.00000
vt 0.50000 0.08699
vt 0.75000 0.09848
vt 0.75000 0.00000
vt 1.00000 0.00000
vt 1.00000 0.11399
vt 0.00000 0.12793
vt 0.25000 0.14964
vt 0.50000 0.17436
vt 0.75000 0.17607
vt 1.00000 0.17618
vt 0.00000 0.21964
vt 0.25000 0.24104
vt 0.50000 0.26408
vt 0.75000 0.27973
vt 1.00000 0.29916
vt 0.00000 0.32537
vt 0.25000 0.33945
vt 0.50000 0.35400
vt 0.75000 0.36074
vt 1.00000 0.36233
vt 0.00000 0.39572
vt 0.25000 0.40608
vt 0.50000 0.41575
vt 0.75000 0.42422
vt 1.00000 0.43172
vt 0.00000 0.50338
vt 0.25000 0.50804
vt 0.50000 0.51009
vt 0.75000 0.53087
vt 1.00000 0.55554
vt 0.00000 0.61565
vt 0.25000 0.61174
vt 0.50000 0.60467
vt 0.75000 0.60479
vt 1.00000 0.59674
vt 0.00000 0.72639
vt 0.25000 0.71625
vt 0.50000 0.70171
vt 0.75000 0.70482
vt 1.00000 0.70020
vt 0.00000 0.82973
vt 0.25000 0.81669
vt 0.50000 0.79929
vt 0.75000 0.77542
vt 1.00000 0.74574
vt 0.00000 0.93463
vt 0.25000 0.91976
vt 0.50000 0.89932
vt 0.75000 0.88256
vt 1.00000 0.86240
vt 0.00000 1.00000
vt 0.25000 1.00000
vt 0.50000 1.00000
vt 0.75000 1.00000
vt 1.00000 1.00000
vt 0.00000 0.00000
vt 0.00000 0.11327
vt 0.25000 0.09951
vt 0.25000 0.00000
vt 0.50000 0.00000
vt 0.50000 0.08707
vt 0.75000 0.08204
vt 0.75000 0.00000
vt 1.00000 0.00000
vt 1.00000 0.07592
vt 0.00000 0.22347
vt 0.25000 0.19663
vt 0.50000 0.17436
vt 0.75000 0.13585
vt 1.00000 0.09436
vt 0.00000 0.33448
vt 0.25000 0.29578
vt 0.50000 0.26363
vt 0.75000 0.21190
vt 1.00000 0.15498
vt 0.00000 0.42212
vt 0.25000 0.38377
vt 0.50000 0.35337
vt 0.75000 0.27314
vt 1.00000 0.18929
vt 0.00000 0.48753
vt 0.25000 0.44685
vt 0.50000 0.41505
vt 0.75000 0.32979
vt 1.00000 0.23798
vt 0.00000 0.59694
vt 0.25000 0.54841
vt 0.50000 0.50933
vt 0.75000 0.42630
vt 1.00000 0.33541
vt 0.00000 0.68717
vt 0.25000 0.64150
vt 0.50000 0.60384
vt 0.75000 0.52260
vt 1.00000 0.43215
vt 0.00000 0.79488
vt 0.25000 0.74442
vt 0.50000 0.70138
vt 0.75000 0.63883
vt 1.00000 0.56925
vt 0.00000 0.86646
vt 0.25000 0.83106
vt 0.50000 0.79899
vt 0.75000 0.75785
vt 1.00000 0.70992
vt 0.00000 0.97039
vt 0.25000 0.93318
vt 0.50000 0.89936
vt 0.75000 0.87393
vt 1.00000 0.84301
vt 0.00000 1.00000
vt 0.25000 1.00000
vt 0.50000 1.00000
vt 0.75000 1.00000
vt 1.00000 1.00000
vt 0.00000 0.00000
vt 0.00000 0.09765
vt 0.25000 0.09231
vt 0.25000 0.00000
vt 0.50000 0.00000
vt 0.50000 0.08723
vt 0.75000 0.09353
vt 0.75000 0.00000
vt 1.00000 0.00000
vt 1.00000 0.09874
vt 0.00000 0.16081
vt 0.25000 0.16880
vt 0.50000 0.17458
vt 0.75000 0.18380
vt 1.00000 0.19186
vt 0.00000 0.25399
vt 0.25000 0.26028
vt 0.50000 0.26413
vt 0.75000 0.27798
vt 1.00000 0.28949
vt 0.00000 0.30670
vt 0.25000 0.33251
vt 0.50000 0.35392
vt 0.75000 0.36336
vt 1.00000 0.37253
vt 0.00000 0.34965
vt 0.25000 0.38571
vt 0.50000 0.41559
vt 0.75000 0.42450
vt 1.00000 0.43478
vt 0.00000 0.44672
vt 0.25000 0.48084
vt 0.50000 0.50953
vt 0.75000 0.52002
vt 1.00000 0.53174
vt 0.00000 0.50983
vt 0.25000 0.55894
vt 0.50000 0.60392
vt 0.75000 0.60530
vt 1.00000 0.61160
vt 0.00000 0.62253
vt 0.25000 0.66352
vt 0.50000 0.70117
vt 0.75000 0.70412
vt 1.00000 0.71139
vt 0.00000 0.73754
vt 0.25000 0.76909
vt 0.50000 0.79872
vt 0.75000 0.79160
vt 1.00000 0.78871
vt 0.00000 0.87550
vt 0.25000 0.88727
vt 0.50000 0.89929
vt 0.75000 0.89380
vt 1.00000 0.88960
vt 0.00000 1.00000
vt 0.25000 1.00000
vt 0.50000 1.00000
vt 0.75000 1.00000
vt 1.00000 1.00000
vt 0.00000 0.00000
vt 0.00000 0.10192
vt 0.25000 0.09395
vt 0.25000 0.00000
vt 0.50000 0.00000
vt 0.50000 0.08704
vt 0.75000 0.07933
vt 0.75000 0.00000
vt 1.00000 0.00000
vt 1.00000 0.07087
vt 0.00000 0.19528
vt 0.25000 0.18314
vt 0.50000 0.17433
vt 0.75000 0.14889
vt 1.00000 0.12384
vt 0.00000 0.29890
vt 0.25000 0.28015
vt 0.50000 0.26409
vt 0.75000 0.24289
vt 1.00000 0.22123
vt 0.00000 0.38582
vt 0.25000 0.36857
vt 0.50000 0.35392
vt 0.75000 0.33532
vt 1.00000 0.31514
vt 0.00000 0.44246
vt 0.25000 0.42830
vt 0.50000 0.41558
vt 0.75000 0.40451
vt 1.00000 0.39116
vt 0.00000 0.53591
vt 0.25000 0.52303
vt 0.50000 0.50984
vt 0.75000 0.50817
vt 1.00000 0.50290
vt 0.00000 0.60240
vt 0.25000 0.60383
vt 0.50000 0.60429
vt 0.75000 0.60237
vt 1.00000 0.59897
vt 0.00000 0.70430
vt 0.25000 0.70404
vt 0.50000 0.70145
vt 0.75000 0.70208
vt 1.00000 0.69979
vt 0.00000 0.79113
vt 0.25000 0.79555
vt 0.50000 0.79895
vt 0.75000 0.79058
vt 1.00000 0.78210
vt 0.00000 0.90741
vt 0.25000 0.90420
vt 0.50000 0.89934
vt 0.75000 0.89178
vt 1.00000 0.88331
vt 0.00000 1.00000
vt 0.25000 1.00000
vt 0.50000 1.00000
vt 0.75000 1.00000
vt 1.00000 1.00000
vt 0.00000 0.00000
vt 0.00000 0.07611
vt 0.25000 0.08141
vt 0.25000 0.00000
vt 0.50000 0.00000
vt 0.50000 0.08711
vt 0.75000 0.09412
vt 0.75000 0.00000
vt 1.00000 0.00000
vt 1.00000 0.10305
vt 0.00000 0.15725
vt 0.25000 0.16454
vt 0.50000 0.17444
vt 0.75000 0.17263
vt 1.00000 0.17133
vt 0.00000 0.24913
vt 0.25000 0.25619
vt 0.50000 0.26416
vt 0.75000 0.27012
vt 1.00000 0.27831
vt 0.00000 0.36601
vt 0.25000 0.36112
vt 0.50000 0.35399
vt 0.75000 0.34584
vt 1.00000 0.33389
vt 0.00000 0.44097
vt 0.25000 0.42991
vt 0.50000 0.41567
vt 0.75000 0.40219
vt 1.00000 0.38197
vt 0.00000 0.54238
vt 0.25000 0.52860
vt 0.50000 0.50989
vt 0.75000 0.49912
vt 1.00000 0.48142
vt 0.00000 0.64450
vt 0.25000 0.62623
vt 0.50000 0.60435
vt 0.75000 0.57537
vt 1.00000 0.53735
vt 0.00000 0.74508
vt 0.25000 0.72533
vt 0.50000 0.70131
vt 0.75000 0.67010
vt 1.00000 0.62958
vt 0.00000 0.84470
vt 0.25000 0.82233
vt 0.50000 0.79879
vt 0.75000 0.75086
vt 1.00000 0.68832
vt 0.00000 0.94217
vt 0.25000 0.92180
vt 0.50000 0.89930
vt 0.75000 0.86366
vt 1.00000 0.81575
vt 0.00000 1.00000
vt 0.25000 1.00000
vt 0.50000 1.00000
vt 0.75000 1.00000
vt 1.00000 1.00000

g palm02basecolor
usemtl palm02basecolor
f 2/2/2 1/1/1 3/3/3
f 4/4/4 2/2/2 3/3/3
f 5/5/5 1/1/1 2/2/2
f 7/7/7 6/6/6 1/1/1
f 5/5/5 7/7/7 1/1/1
f 8/8/8 6/6/6 7/7/7
f 10/10/10 9/9/9 6/6/6
f 8/8/8 10/10/10 6/6/6
f 11/11/11 9/9/9 10/10/10
f 13/13/13 12/12/12 9/9/9
f 11/11/11 13/13/13 9/9/9
f 14/14/14 12/12/12 13/13/13
f 16/16/16 15/15/15 12/12/12
f 14/14/14 16/16/16 12/12/12
f 17/17/17 15/15/15 16/16/16
f 19/19/19 18/18/18 15/15/15
f 17/17/17 19/19/19 15/15/15
f 20/20/20 18/18/18 19/19/19
f 22/22/22 21/21/21 18/18/18
f 20/20/20 22/22/22 18/18/18
f 23/23/23 21/21/21 22/22/22
f 25/25/25 24/24/24 21/21/21
f 23/23/23 25/25/25 21/21/21
f 26/26/26 24/24/24 25/25/25
f 28/28/28 27/27/27 24/24/24
f 26/26/26 28/28/28 24/24/24
f 29/29/29 27/27/27 28/28/28
f 31/31/31 30/30/30 27/27/27
f 29/29/29 31/31/31 27/27/27
f 32/32/32 30/30/30 31/31/31
f 34/34/34 33/33/33 30/30/30
f 32/32/32 34/34/34 30/30/30
f 35/35/35 33/33/33 34/34/34
f 37/37/37 36/36/36 33/33/33
f 35/35/35 37/37/37 33/33/33
f 38/38/38 36/36/36 37/37/37
f 40/40/40 39/39/39 36/36/36
f 38/38/38 40/40/40 36/36/36
f 41/41/41 39/39/39 40/40/40
f 43/43/43 42/42/42 39/39/39
f 41/41/41 43/43/43 39/39/39
f 44/44/44 42/42/42 43/43/43
f 46/46/46 45/45/45 42/42/42
f 44/44/44 46/46/46 42/42/42
f 47/47/47 45/45/45 46/46/46
f 49/49/49 48/48/48 45/45/45
f 47/47/47 49/49/49 45/45/45
f 50/50/50 48/48/48 49/49/49
f 51/51/51 3/3/3 52/52/52
f 1/1/1 52/52/52 3/3/3
f 1/1/1 6/6/6 52/52/52
f 53/53/53 52/52/52 6/6/6
f 53/53/53 6/6/6 54/54/54
f 9/9/9 54/54/54 6/6/6
f 9/9/9 12/12/12 54/54/54
f 55/55/55 54/54/54 12/12/12
f 55/55/55 12/12/12 56/56/56
f 15/15/15 56/56/56 12/12/12
f 15/15/15 18/18/18 56/56/56
f 57/57/57 56/56/56 18/18/18
f 57/57/57 18/18/18 58/58/58
f 21/21/21 58/58/58 18/18/18
f 21/21/21 24/24/24 58/58/58
f 59/59/59 58/58/58 24/24/24
f 59/59/59 24/24/24 60/60/60
f 27/27/27 60/60/60 24/24/24
f 27/27/27 30/30/30 60/60/60
f 61/61/61 60/60/60 30/30/30
f 61/61/61 30/30/30 62/62/62
f 33/33/33 62/62/62 30/30/30
f 33/33/33 36/36/36 62/62/62
f 63/63/63 62/62/62 36/36/36
f 63/63/63 36/36/36 64/64/64
f 39/39/39 64/64/64 36/36/36
f 39/39/39 42/42/42 64/64/64
f 65/65/65 64/64/64 42/42/42
f 65/65/65 42/42/42 66/66/66
f 45/45/45 66/66/66 42/42/42
f 45/45/45 48/48/48 66/66/66
f 67/67/67 66/66/66 48/48/48
f 68/68/68 51/51/51 69/69/69
f 52/52/52 69/69/69 51/51/51
f 52/52/52 53/53/53 69/69/69
f 70/70/70 69/69/69 53/53/53
f 70/70/70 53/53/53 71/71/71
f 54/54/54 71/71/71 53/53/53
f 54/54/54 55/55/55 71/71/71
f 72/72/72 71/71/71 55/55/55
f 72/72/72 55/55/55 73/73/73
f 56/56/56 73/73/73 55/55/55
f 56/56/56 57/57/57 73/73/73
f 74/74/74 73/73/73 57/57/57
f 74/74/74 57/57/57 75/75/75
f 58/58/58 75/75/75 57/57/57
f 58/58/58 59/59/59 75/75/75
f 76/76/76 75/75/75 59/59/59
f 76/76/76 59/59/59 77/77/77
f 60/60/60 77/77/77 59/59/59
f 60/60/60 61/61/61 77/77/77
f 78/78/78 77/77/77 61/61/61
f 78/78/78 61/61/61 79/79/79
f 62/62/62 79/79/79 61/61/61
f 62/62/62 63/63/63 79/79/79
f 80/80/80 79/79/79 63/63/63
f 80/80/80 63/63/63 81/81/81
f 64/64/64 81/81/81 63/63/63
f 64/64/64 65/65/65 81/81/81
f 82/82/82 81/81/81 65/65/65
f 82/82/82 65/65/65 83/83/83
f 66/66/66 83/83/83 65/65/65
f 66/66/66 67/67/67 83/83/83
f 84/84/84 83/83/83 67/67/67
f 85/85/85 68/68/68 86/86/86
f 69/69/69 86/86/86 68/68/68
f 69/69/69 70/70/70 86/86/86
f 87/87/87 86/86/86 70/70/70
f 87/87/87 70/70/70 88/88/88
f 71/71/71 88/88/88 70/70/70
f 71/71/71 72/72/72 88/88/88
f 89/89/89 88/88/88 72/72/72
f 89/89/89 72/72/72 90/90/90
f 73/73/73 90/90/90 72/72/72
f 73/73/73 74/74/74 90/90/90
f 91/91/91 90/90/90 74/74/74
f 91/91/91 74/74/74 92/92/92
f 75/75/75 92/92/92 74/74/74
f 75/75/75 76/76/76 92/92/92
f 93/93/93 92/92/92 76/76/76
f 93/93/93 76/76/76 94/94/94
f 77/77/77 94/94/94 76/76/76
f 77/77/77 78/78/78 94/94/94
f 95/95/95 94/94/94 78/78/78
f 95/95/95 78/78/78 96/96/96
f 79/79/79 96/96/96 78/78/78
f 79/79/79 80/80/80 96/96/96
f 97/97/97 96/96/96 80/80/80
f 97/97/97 80/80/80 98/98/98
f 81/81/81 98/98/98 80/80/80
f 81/81/81 82/82/82 98/98/98
f 99/99/99 98/98/98 82/82/82
f 99/99/99 82/82/82 100/100/100
f 83/83/83 100/100/100 82/82/82
f 83/83/83 84/84/84 100/100/100
f 101/101/101 100/100/100 84/84/84
f 102/102/102 85/85/85 103/103/103
f 86/86/86 103/103/103 85/85/85
f 86/86/86 87/87/87 103/103/103
f 104/104/104 103/103/103 87/87/87
f 104/104/104 87/87/87 105/105/105
f 88/88/88 105/105/105 87/87/87
f 88/88/88 89/89/89 105/105/105
f 106/106/106 105/105/105 89/89/89
f 106/106/106 89/89/89 107/107/107
f 90/90/90 107/107/107 89/89/89
f 90/90/90 91/91/91 107/107/107
f 108/108/108 107/107/107 91/91/91
f 108/108/108 91/91/91 109/109/109
f 92/92/92 109/109/109 91/91/91
f 92/92/92 93/93/93 109/109/109
f 110/110/110 109/109/109 93/93/93
f 110/110/110 93/93/93 111/111/111
f 94/94/94 111/111/111 93/93/93
f 94/94/94 95/95/95 111/111/111
f 112/112/112 111/111/111 95/95/95
f 112/112/112 95/95/95 113/113/113
f 96/96/96 113/113/113 95/95/95
f 96/96/96 97/97/97 113/113/113
f 114/114/114 113/113/113 97/97/97
f 114/114/114 97/97/97 115/115/115
f 98/98/98 115/115/115 97/97/97
f 98/98/98 99/99/99 115/115/115
f 116/116/116 115/115/115 99/99/99
f 116/116/116 99/99/99 117/117/117
f 100/100/100 117/117/117 99/99/99
f 100/100/100 101/101/101 117/117/117
f 118/118/118 117/117/117 101/101/101
f 119/119/119 102/102/102 120/120/120
f 103/103/103 120/120/120 102/102/102
f 103/103/103 104/104/104 120/120/120
f 121/121/121 120/120/120 104/104/104
f 121/121/121 104/104/104 122/122/122
f 105/105/105 122/122/122 104/104/104
f 105/105/105 106/106/106 122/122/122
f 123/123/123 122/122/122 106/106/106
f 123/123/123 106/106/106 124/124/124
f 107/107/107 124/124/124 106/106/106
f 107/107/107 108/108/108 124/124/124
f 125/125/125 124/124/124 108/108/108
f 125/125/125 108/108/108 126/126/126
f 109/109/109 126/126/126 108/108/108
f 109/109/109 110/110/110 126/126/126
f 127/127/127 126/126/126 110/110/110
f 127/127/127 110/110/110 128/128/128
f 111/111/111 128/128/128 110/110/110
f 111/111/111 112/112/112 128/128/128
f 129/129/129 128/128/128 112/112/112
f 129/129/129 112/112/112 130/130/130
f 113/113/113 130/130/130 112/112/112
f 113/113/113 114/114/114 130/130/130
f 131/131/131 130/130/130 114/114/114
f 131/131/131 114/114/114 132/132/132
f 115/115/115 132/132/132 114/114/114
f 115/115/115 116/116/116 132/132/132
f 133/133/133 132/132/132 116/116/116
f 133/133/133 116/116/116 134/134/134
f 117/117/117 134/134/134 116/116/116
f 117/117/117 118/118/118 134/134/134
f 135/135/135 134/134/134 118/118/118
f 136/136/136 119/119/119 137/137/137
f 120/120/120 137/137/137 119/119/119
f 120/120/120 121/121/121 137/137/137
f 138/138/138 137/137/137 121/121/121
f 138/138/138 121/121/121 139/139/139
f 122/122/122 139/139/139 121/121/121
f 122/122/122 123/123/123 139/139/139
f 140/140/140 139/139/139 123/123/123
f 140/140/140 123/123/123 141/141/141
f 124/124/124 141/141/141 123/123/123
f 124/124/124 125/125/125 141/141/141
f 142/142/142 141/141/141 125/125/125
f 142/142/142 125/125/125 143/143/143
f 126/126/126 143/143/143 125/125/125
f 126/126/126 127/127/127 143/143/143
f 144/144/144 143/143/143 127/127/127
f 144/144/144 127/127/127 145/145/145
f 128/128/128 145/145/145 127/127/127
f 128/128/128 129/129/129 145/145/145
f 146/146/146 145/145/145 129/129/129
f 146/146/146 129/129/129 147/147/147
f 130/130/130 147/147/147 129/129/129
f 130/130/130 131/131/131 147/147/147
f 148/148/148 147/147/147 131/131/131
f 148/148/148 131/131/131 149/149/149
f 132/132/132 149/149/149 131/131/131
f 132/132/132 133/133/133 149/149/149
f 150/150/150 149/149/149 133/133/133
f 150/150/150 133/133/133 151/151/151
f 134/134/134 151/151/151 133/133/133
f 134/134/134 135/135/135 151/151/151
f 152/152/152 151/151/151 135/135/135
f 153/153/153 136/136/136 154/154/154
f 137/137/137 154/154/154 136/136/136
f 137/137/137 138/138/138 154/154/154
f 155/155/155 154/154/154 138/138/138
f 155/155/155 138/138/138 156/156/156
f 139/139/139 156/156/156 138/138/138
f 139/139/139 140/140/140 156/156/156
f 157/157/157 156/156/156 140/140/140
f 157/157/157 140/140/140 158/158/158
f 141/141/141 158/158/158 140/140/140
f 141/141/141 142/142/142 158/158/158
f 159/159/159 158/158/158 142/142/142
f 159/159/159 142/142/142 160/160/160
f 143/143/143 160/160/160 142/142/142
f 143/143/143 144/144/144 160/160/160
f 161/161/161 160/160/160 144/144/144
f 161/161/161 144/144/144 162/162/162
f 145/145/145 162/162/162 144/144/144
f 145/145/145 146/146/146 162/162/162
f 163/163/163 162/162/162 146/146/146
f 163/163/163 146/146/146 164/164/164
f 147/147/147 164/164/164 146/146/146
f 147/147/147 148/148/148 164/164/164
f 165/165/165 164/164/164 148/148/148
f 165/165/165 148/148/148 166/166/166
f 149/149/149 166/166/166 148/148/148
f 149/149/149 150/150/150 166/166/166
f 167/167/167 166/166/166 150/150/150
f 167/167/167 150/150/150 168/168/168
f 151/151/151 168/168/168 150/150/150
f 151/151/151 152/152/152 168/168/168
f 169/169/169 168/168/168 152/152/152
f 170/170/170 153/153/153 171/171/171
f 154/154/154 171/171/171 153/153/153
f 154/154/154 155/155/155 171/171/171
f 172/172/172 171/171/171 155/155/155
f 172/172/172 155/155/155 173/173/173
f 156/156/156 173/173/173 155/155/155
f 156/156/156 157/157/157 173/173/173
f 174/174/174 173/173/173 157/157/157
f 174/174/174 157/157/157 175/175/175
f 158/158/158 175/175/175 157/157/157
f 158/158/158 159/159/159 175/175/175
f 176/176/176 175/175/175 159/159/159
f 176/176/176 159/159/159 177/177/177
f 160/160/160 177/177/177 159/159/159
f 160/160/160 161/161/161 177/177/177
f 178/178/178 177/177/177 161/161/161
f 178/178/178 161/161/161 179/179/179
f 162/162/162 179/179/179 161/161/161
f 162/162/162 163/163/163 179/179/179
f 180/180/180 179/179/179 163/163/163
f 180/180/180 163/163/163 181/181/181
f 164/164/164 181/181/181 163/163/163
f 164/164/164 165/165/165 181/181/181
f 182/182/182 181/181/181 165/165/165
f 182/182/182 165/165/165 183/183/183
f 166/166/166 183/183/183 165/165/165
f 166/166/166 167/167/167 183/183/183
f 184/184/184 183/183/183 167/167/167
f 184/184/184 167/167/167 185/185/185
f 168/168/168 185/185/185 167/167/167
f 168/168/168 169/169/169 185/185/185
f 186/186/186 185/185/185 169/169/169
f 187/187/187 170/170/170 188/188/188
f 171/171/171 188/188/188 170/170/170
f 171/171/171 172/172/172 188/188/188
f 189/189/189 188/188/188 172/172/172
f 189/189/189 172/172/172 190/190/190
f 173/173/173 190/190/190 172/172/172
f 173/173/173 174/174/174 190/190/190
f 191/191/191 190/190/190 174/174/174
f 191/191/191 174/174/174 192/192/192
f 175/175/175 192/192/192 174/174/174
f 175/175/175 176/176/176 192/192/192
f 193/193/193 192/192/192 176/176/176
f 193/193/193 176/176/176 194/194/194
f 177/177/177 194/194/194 176/176/176
f 177/177/177 178/178/178 194/194/194
f 195/195/195 194/194/194 178/178/178
f 195/195/195 178/178/178 196/196/196
f 179/179/179 196/196/196 178/178/178
f 179/179/179 180/180/180 196/196/196
f 197/197/197 196/196/196 180/180/180
f 197/197/197 180/180/180 198/198/198
f 181/181/181 198/198/198 180/180/180
f 181/181/181 182/182/182 198/198/198
f 199/199/199 198/198/198 182/182/182
f 199/199/199 182/182/182 200/200/200
f 183/183/183 200/200/200 182/182/182
f 183/183/183 184/184/184 200/200/200
f 201/201/201 200/200/200 184/184/184
f 201/201/201 184/184/184 202/202/202
f 185/185/185 202/202/202 184/184/184
f 185/185/185 186/186/186 202/202/202
f 203/203/203 202/202/202 186/186/186
f 204/204/204 187/187/187 205/205/205
f 188/188/188 205/205/205 187/187/187
f 188/188/188 189/189/189 205/205/205
f 206/206/206 205/205/205 189/189/189
f 206/206/206 189/189/189 207/207/207
f 190/190/190 207/207/207 189/189/189
f 190/190/190 191/191/191 207/207/207
f 208/208/208 207/207/207 191/191/191
f 208/208/208 191/191/191 209/209/209
f 192/192/192 209/209/209 191/191/191
f 192/192/192 193/193/193 209/209/209
f 210/210/210 209/209/209 193/193/193
f 210/210/210 193/193/193 211/211/211
f 194/194/194 211/211/211 193/193/193
f 194/194/194 195/195/195 211/211/211
f 212/212/212 211/211/211 195/195/195
f 212/212/212 195/195/195 213/213/213
f 196/196/196 213/213/213 195/195/195
f 196/196/196 197/197/197 213/213/213
f 214/214/214 213/213/213 197/197/197
f 214/214/214 197/197/197 215/215/215
f 198/198/198 215/215/215 197/197/197
f 198/198/198 199/199/199 215/215/215
f 216/216/216 215/215/215 199/199/199
f 216/216/216 199/199/199 217/217/217
f 200/200/200 217/217/217 199/199/199
f 200/200/200 201/201/201 217/217/217
f 218/218/218 217/217/217 201/201/201
f 218/218/218 201/201/201 219/219/219
f 202/202/202 219/219/219 201/201/201
f 202/202/202 203/203/203 219/219/219
f 220/220/220 219/219/219 203/203/203
f 221/221/221 204/204/204 222/222/222
f 205/205/205 222/222/222 204/204/204
f 205/205/205 206/206/206 222/222/222
f 223/223/223 222/222/222 206/206/206
f 223/223/223 206/206/206 224/224/224
f 207/207/207 224/224/224 206/206/206
f 207/207/207 208/208/208 224/224/224
f 225/225/225 224/224/224 208/208/208
f 225/225/225 208/208/208 226/226/226
f 209/209/209 226/226/226 208/208/208
f 209/209/209 210/210/210 226/226/226
f 227/227/227 226/226/226 210/210/210
f 227/227/227 210/210/210 228/228/228
f 211/211/211 228/228/228 210/210/210
f 211/211/211 212/212/212 228/228/228
f 229/229/229 228/228/228 212/212/212
f 229/229/229 212/212/212 230/230/230
f 213/213/213 230/230/230 212/212/212
f 213/213/213 214/214/214 230/230/230
f 231/231/231 230/230/230 214/214/214
f 231/231/231 214/214/214 232/232/232
f 215/215/215 232/232/232 214/214/214
f 215/215/215 216/216/216 232/232/232
f 233/233/233 232/232/232 216/216/216
f 233/233/233 216/216/216 234/234/234
f 217/217/217 234/234/234 216/216/216
f 217/217/217 218/218/218 234/234/234
f 235/235/235 234/234/234 218/218/218
f 235/235/235 218/218/218 236/236/236
f 219/219/219 236/236/236 218/218/218
f 219/219/219 220/220/220 236/236/236
f 237/237/237 236/236/236 220/220/220
f 238/238/238 221/221/221 239/239/239
f 222/222/222 239/239/239 221/221/221
f 222/222/222 223/223/223 239/239/239
f 240/240/240 239/239/239 223/223/223
f 240/240/240 223/223/223 241/241/241
f 224/224/224 241/241/241 223/223/223
f 224/224/224 225/225/225 241/241/241
f 242/242/242 241/241/241 225/225/225
f 242/242/242 225/225/225 243/243/243
f 226/226/226 243/243/243 225/225/225
f 226/226/226 227/227/227 243/243/243
f 244/244/244 243/243/243 227/227/227
f 244/244/244 227/227/227 245/245/245
f 228/228/228 245/245/245 227/227/227
f 228/228/228 229/229/229 245/245/245
f 246/246/246 245/245/245 229/229/229
f 246/246/246 229/229/229 247/247/247
f 230/230/230 247/247/247 229/229/229
f 230/230/230 231/231/231 247/247/247
f 248/248/248 247/247/247 231/231/231
f 248/248/248 231/231/231 249/249/249
f 232/232/232 249/249/249 231/231/231
f 232/232/232 233/233/233 249/249/249
f 250/250/250 249/249/249 233/233/233
f 250/250/250 233/233/233 251/251/251
f 234/234/234 251/251/251 233/233/233
f 234/234/234 235/235/235 251/251/251
f 252/252/252 251/251/251 235/235/235
f 252/252/252 235/235/235 253/253/253
f 236/236/236 253/253/253 235/235/235
f 236/236/236 237/237/237 253/253/253
f 254/254/254 253/253/253 237/237/237
f 255/255/255 238/238/238 256/256/256
f 239/239/239 256/256/256 238/238/238
f 239/239/239 240/240/240 256/256/256
f 257/257/257 256/256/256 240/240/240
f 257/257/257 240/240/240 258/258/258
f 241/241/241 258/258/258 240/240/240
f 241/241/241 242/242/242 258/258/258
f 259/259/259 258/258/258 242/242/242
f 259/259/259 242/242/242 260/260/260
f 243/243/243 260/260/260 242/242/242
f 243/243/243 244/244/244 260/260/260
f 261/261/261 260/260/260 244/244/244
f 261/261/261 244/244/244 262/262/262
f 245/245/245 262/262/262 244/244/244
f 245/245/245 246/246/246 262/262/262
f 263/263/263 262/262/262 246/246/246
f 263/263/263 246/246/246 264/264/264
f 247/247/247 264/264/264 246/246/246
f 247/247/247 248/248/248 264/264/264
f 265/265/265 264/264/264 248/248/248
f 265/265/265 248/248/248 266/266/266
f 249/249/249 266/266/266 248/248/248
f 249/249/249 250/250/250 266/266/266
f 267/267/267 266/266/266 250/250/250
f 267/267/267 250/250/250 268/268/268
f 251/251/251 268/268/268 250/250/250
f 251/251/251 252/252/252 268/268/268
f 269/269/269 268/268/268 252/252/252
f 269/269/269 252/252/252 270/270/270
f 253/253/253 270/270/270 252/252/252
f 253/253/253 254/254/254 270/270/270
f 271/271/271 270/270/270 254/254/254
f 255/255/255 256/256/256 272/272/272
f 257/257/257 273/273/273 256/256/256
f 256/256/256 273/273/273 272/272/272
f 257/257/257 258/258/258 273/273/273
f 259/259/259 274/274/274 258/258/258
f 258/258/258 274/274/274 273/273/273
f 259/259/259 260/260/260 274/274/274
f 261/261/261 275/275/275 260/260/260
f 260/260/260 275/275/275 274/274/274
f 261/261/261 262/262/262 275/275/275
f 263/263/263 276/276/276 262/262/262
f 262/262/262 276/276/276 275/275/275
f 263/263/263 264/264/264 276/276/276
f 265/265/265 277/277/277 264/264/264
f 264/264/264 277/277/277 276/276/276
f 265/265/265 266/266/266 277/277/277
f 267/267/267 278/278/278 266/266/266
f 266/266/266 278/278/278 277/277/277
f 267/267/267 268/268/268 278/278/278
f 269/269/269 279/279/279 268/268/268
f 268/268/268 279/279/279 278/278/278
f 269/269/269 270/270/270 279/279/279
f 271/271/271 280/280/280 270/270/270
f 270/270/270 280/280/280 279/279/279
f 281/281/281 272/272/272 282/282/282
f 273/273/273 282/282/282 272/272/272
f 273/273/273 274/274/274 282/282/282
f 283/283/283 282/282/282 274/274/274
f 283/283/283 274/274/274 284/284/284
f 275/275/275 284/284/284 274/274/274
f 275/275/275 276/276/276 284/284/284
f 285/285/285 284/284/284 276/276/276
f 285/285/285 276/276/276 286/286/286
f 277/277/277 286/286/286 276/276/276
f 277/277/277 278/278/278 286/286/286
f 287/287/287 286/286/286 278/278/278
f 287/287/287 278/278/278 288/288/288
f 279/279/279 288/288/288 278/278/278
f 279/279/279 280/280/280 288/288/288
f 289/289/289 288/288/288 280/280/280
f 290/290/290 281/281/281 291/291/291
f 282/282/282 291/291/291 281/281/281
f 282/282/282 283/283/283 291/291/291
f 292/292/292 291/291/291 283/283/283
f 292/292/292 283/283/283 293/293/293
f 284/284/284 293/293/293 283/283/283
f 284/284/284 285/285/285 293/293/293
f 294/294/294 293/293/293 285/285/285
f 294/294/294 285/285/285 295/295/295
f 286/286/286 295/295/295 285/285/285
f 286/286/286 287/287/287 295/295/295
f 296/296/296 295/295/295 287/287/287
f 296/296/296 287/287/287 297/297/297
f 288/288/288 297/297/297 287/287/287
f 288/288/288 289/289/289 297/297/297
f 298/298/298 297/297/297 289/289/289
f 299/299/299 290/290/290 300/300/300
f 291/291/291 300/300/300 290/290/290
f 291/291/291 292/292/292 300/300/300
f 301/301/301 300/300/300 292/292/292
f 301/301/301 292/292/292 302/302/302
f 293/293/293 302/302/302 292/292/292
f 293/293/293 294/294/294 302/302/302
f 303/303/303 302/302/302 294/294/294
f 303/303/303 294/294/294 304/304/304
f 295/295/295 304/304/304 294/294/294
f 295/295/295 296/296/296 304/304/304
f 305/305/305 304/304/304 296/296/296
f 305/305/305 296/296/296 306/306/306
f 297/297/297 306/306/306 296/296/296
f 297/297/297 298/298/298 306/306/306
f 307/307/307 306/306/306 298/298/298
f 308/308/308 299/299/299 309/309/309
f 300/300/300 309/309/309 299/299/299
f 300/300/300 301/301/301 309/309/309
f 310/310/310 309/309/309 301/301/301
f 310/310/310 301/301/301 311/311/311
f 302/302/302 311/311/311 301/301/301
f 302/302/302 303/303/303 311/311/311
f 312/312/312 311/311/311 303/303/303
f 312/312/312 303/303/303 313/313/313
f 304/304/304 313/313/313 303/303/303
f 304/304/304 305/305/305 313/313/313
f 314/314/314 313/313/313 305/305/305
f 314/314/314 305/305/305 315/315/315
f 306/306/306 315/315/315 305/305/305
f 306/306/306 307/307/307 315/315/315
f 316/316/316 315/315/315 307/307/307
f 317/317/317 308/308/308 318/318/318
f 309/309/309 318/318/318 308/308/308
f 309/309/309 310/310/310 318/318/318
f 319/319/319 318/318/318 310/310/310
f 319/319/319 310/310/310 320/320/320
f 311/311/311 320/320/320 310/310/310
f 311/311/311 312/312/312 320/320/320
f 321/321/321 320/320/320 312/312/312
f 321/321/321 312/312/312 322/322/322
f 313/313/313 322/322/322 312/312/312
f 313/313/313 314/314/314 322/322/322
f 323/323/323 322/322/322 314/314/314
f 323/323/323 314/314/314 324/324/324
f 315/315/315 324/324/324 314/314/314
f 315/315/315 316/316/316 324/324/324
f 325/325/325 324/324/324 316/316/316
f 326/326/326 317/317/317 327/327/327
f 318/318/318 327/327/327 317/317/317
f 318/318/318 319/319/319 327/327/327
f 328/328/328 327/327/327 319/319/319
f 328/328/328 319/319/319 329/329/329
f 320/320/320 329/329/329 319/319/319
f 320/320/320 321/321/321 329/329/329
f 330/330/330 329/329/329 321/321/321
f 330/330/330 321/321/321 331/331/331
f 322/322/322 331/331/331 321/321/321
f 322/322/322 323/323/323 331/331/331
f 332/332/332 331/331/331 323/323/323
f 332/332/332 323/323/323 333/333/333
f 324/324/324 333/333/333 323/323/323
f 324/324/324 325/325/325 333/333/333
f 334/334/334 333/333/333 325/325/325
f 335/335/335 326/326/326 336/336/336
f 327/327/327 336/336/336 326/326/326
f 327/327/327 328/328/328 336/336/336
f 337/337/337 336/336/336 328/328/328
f 337/337/337 328/328/328 338/338/338
f 329/329/329 338/338/338 328/328/328
f 329/329/329 330/330/330 338/338/338
f 339/339/339 338/338/338 330/330/330
f 339/339/339 330/330/330 340/340/340
f 331/331/331 340/340/340 330/330/330
f 331/331/331 332/332/332 340/340/340
f 341/341/341 340/340/340 332/332/332
f 341/341/341 332/332/332 342/342/342
f 333/333/333 342/342/342 332/332/332
f 333/333/333 334/334/334 342/342/342
f 343/343/343 342/342/342 334/334/334
f 344/344/344 335/335/335 345/345/345
f 336/336/336 345/345/345 335/335/335
f 336/336/336 337/337/337 345/345/345
f 346/346/346 345/345/345 337/337/337
f 346/346/346 337/337/337 347/347/347
f 338/338/338 347/347/347 337/337/337
f 338/338/338 339/339/339 347/347/347
f 348/348/348 347/347/347 339/339/339
f 348/348/348 339/339/339 349/349/349
f 340/340/340 349/349/349 339/339/339
f 340/340/340 341/341/341 349/349/349
f 350/350/350 349/349/349 341/341/341
f 350/350/350 341/341/341 351/351/351
f 342/342/342 351/351/351 341/341/341
f 342/342/342 343/343/343 351/351/351
f 352/352/352 351/351/351 343/343/343
f 353/353/353 344/344/344 354/354/354
f 345/345/345 354/354/354 344/344/344
f 345/345/345 346/346/346 354/354/354
f 355/355/355 354/354/354 346/346/346
f 355/355/355 346/346/346 356/356/356
f 347/347/347 356/356/356 346/346/346
f 347/347/347 348/348/348 356/356/356
f 357/357/357 356/356/356 348/348/348
f 357/357/357 348/348/348 358/358/358
f 349/349/349 358/358/358 348/348/348
f 349/349/349 350/350/350 358/358/358
f 359/359/359 358/358/358 350/350/350
f 359/359/359 350/350/350 360/360/360
f 351/351/351 360/360/360 350/350/350
f 351/351/351 352/352/352 360/360/360
f 361/361/361 360/360/360 352/352/352
f 362/362/362 353/353/353 363/363/363
f 354/354/354 363/363/363 353/353/353
f 354/354/354 355/355/355 363/363/363
f 364/364/364 363/363/363 355/355/355
f 364/364/364 355/355/355 365/365/365
f 356/356/356 365/365/365 355/355/355
f 356/356/356 357/357/357 365/365/365
f 366/366/366 365/365/365 357/357/357
f 366/366/366 357/357/357 367/367/367
f 358/358/358 367/367/367 357/357/357
f 358/358/358 359/359/359 367/367/367
f 368/368/368 367/367/367 359/359/359
f 368/368/368 359/359/359 369/369/369
f 360/360/360 369/369/369 359/359/359
f 360/360/360 361/361/361 369/369/369
f 370/370/370 369/369/369 361/361/361
f 371/371/371 362/362/362 372/372/372
f 363/363/363 372/372/372 362/362/362
f 363/363/363 364/364/364 372/372/372
f 373/373/373 372/372/372 364/364/364
f 373/373/373 364/364/364 374/374/374
f 365/365/365 374/374/374 364/364/364
f 365/365/365 366/366/366 374/374/374
f 375/375/375 374/374/374 366/366/366
f 375/375/375 366/366/366 376/376/376
f 367/367/367 376/376/376 366/366/366
f 367/367/367 368/368/368 376/376/376
f 377/377/377 376/376/376 368/368/368
f 377/377/377 368/368/368 378/378/378
f 369/369/369 378/378/378 368/368/368
f 369/369/369 370/370/370 378/378/378
f 379/379/379 378/378/378 370/370/370
f 380/380/380 371/371/371 381/381/381
f 372/372/372 381/381/381 371/371/371
f 372/372/372 373/373/373 381/381/381
f 382/382/382 381/381/381 373/373/373
f 382/382/382 373/373/373 383/383/383
f 374/374/374 383/383/383 373/373/373
f 374/374/374 375/375/375 383/383/383
f 384/384/384 383/383/383 375/375/375
f 384/384/384 375/375/375 385/385/385
f 376/376/376 385/385/385 375/375/375
f 376/376/376 377/377/377 385/385/385
f 386/386/386 385/385/385 377/377/377
f 386/386/386 377/377/377 387/387/387
f 378/378/378 387/387/387 377/377/377
f 378/378/378 379/379/379 387/387/387
f 388/388/388 387/387/387 379/379/379
f 389/389/389 380/380/380 390/390/390
f 381/381/381 390/390/390 380/380/380
f 381/381/381 382/382/382 390/390/390
f 391/391/391 390/390/390 382/382/382
f 391/391/391 382/382/382 392/392/392
f 383/383/383 392/392/392 382/382/382
f 383/383/383 384/384/384 392/392/392
f 393/393/393 392/392/392 384/384/384
f 393/393/393 384/384/384 394/394/394
f 385/385/385 394/394/394 384/384/384
f 385/385/385 386/386/386 394/394/394
f 395/395/395 394/394/394 386/386/386
f 395/395/395 386/386/386 396/396/396
f 387/387/387 396/396/396 386/386/386
f 387/387/387 388/388/388 396/396/396
f 397/397/397 396/396/396 388/388/388
f 398/398/398 389/389/389 399/399/399
f 390/390/390 399/399/399 389/389/389
f 390/390/390 391/391/391 399/399/399
f 400/400/400 399/399/399 391/391/391
f 400/400/400 391/391/391 401/401/401
f 392/392/392 401/401/401 391/391/391
f 392/392/392 393/393/393 401/401/401
f 402/402/402 401/401/401 393/393/393
f 402/402/402 393/393/393 403/403/403
f 394/394/394 403/403/403 393/393/393
f 394/394/394 395/395/395 403/403/403
f 404/404/404 403/403/403 395/395/395
f 404/404/404 395/395/395 405/405/405
f 396/396/396 405/405/405 395/395/395
f 396/396/396 397/397/397 405/405/405
f 406/406/406 405/405/405 397/397/397
f 407/407/407 398/398/398 408/408/408
f 399/399/399 408/408/408 398/398/398
f 399/399/399 400/400/400 408/408/408
f 409/409/409 408/408/408 400/400/400
f 409/409/409 400/400/400 410/410/410
f 401/401/401 410/410/410 400/400/400
f 401/401/401 402/402/402 410/410/410
f 411/411/411 410/410/410 402/402/402
f 411/411/411 402/402/402 412/412/412
f 403/403/403 412/412/412 402/402/402
f 403/403/403 404/404/404 412/412/412
f 413/413/413 412/412/412 404/404/404
f 413/413/413 404/404/404 414/414/414
f 405/405/405 414/414/414 404/404/404
f 405/405/405 406/406/406 414/414/414
f 415/415/415 414/414/414 406/406/406
f 407/407/407 408/408/408 416/416/416
f 409/409/409 417/417/417 408/408/408
f 408/408/408 417/417/417 416/416/416
f 409/409/409 410/410/410 417/417/417
f 411/411/411 418/418/418 410/410/410
f 410/410/410 418/418/418 417/417/417
f 411/411/411 412/412/412 418/418/418
f 413/413/413 419/419/419 412/412/412
f 412/412/412 419/419/419 418/418/418
f 413/413/413 414/414/414 419/419/419
f 415/415/415 420/420/420 414/414/414
f 414/414/414 420/420/420 419/419/419
f 421/421/421 416/416/416 422/422/422
f 417/417/417 422/422/422 416/416/416
f 417/417/417 418/418/418 422/422/422
f 423/423/423 422/422/422 418/418/418
f 423/423/423 418/418/418 424/424/424
f 419/419/419 424/424/424 418/418/418
f 419/419/419 420/420/420 424/424/424
f 425/425/425 424/424/424 420/420/420
f 426/426/426 421/421/421 427/427/427
f 422/422/422 427/427/427 421/421/421
f 422/422/422 423/423/423 427/427/427
f 428/428/428 427/427/427 423/423/423
f 428/428/428 423/423/423 429/429/429
f 424/424/424 429/429/429 423/423/423
f 424/424/424 425/425/425 429/429/429
f 430/430/430 429/429/429 425/425/425
f 431/431/431 426/426/426 432/432/432
f 427/427/427 432/432/432 426/426/426
f 427/427/427 428/428/428 432/432/432
f 433/433/433 432/432/432 428/428/428
f 433/433/433 428/428/428 434/434/434
f 429/429/429 434/434/434 428/428/428
f 429/429/429 430/430/430 434/434/434
f 435/435/435 434/434/434 430/430/430
f 436/436/436 431/431/431 437/437/437
f 432/432/432 437/437/437 431/431/431
f 432/432/432 433/433/433 437/437/437
f 438/438/438 437/437/437 433/433/433
f 438/438/438 433/433/433 439/439/439
f 434/434/434 439/439/439 433/433/433
f 434/434/434 435/435/435 439/439/439
f 440/440/440 439/439/439 435/435/435
f 441/441/441 436/436/436 442/442/442
f 437/437/437 442/442/442 436/436/436
f 437/437/437 438/438/438 442/442/442
f 443/443/443 442/442/442 438/438/438
f 443/443/443 438/438/438 444/444/444
f 439/439/439 444/444/444 438/438/438
f 439/439/439 440/440/440 444/444/444
f 445/445/445 444/444/444 440/440/440
f 446/446/446 441/441/441 447/447/447
f 442/442/442 447/447/447 441/441/441
f 442/442/442 443/443/443 447/447/447
f 448/448/448 447/447/447 443/443/443
f 448/448/448 443/443/443 449/449/449
f 444/444/444 449/449/449 443/443/443
f 444/444/444 445/445/445 449/449/449
f 450/450/450 449/449/449 445/445/445
f 451/451/451 446/446/446 452/452/452
f 447/447/447 452/452/452 446/446/446
f 447/447/447 448/448/448 452/452/452
f 453/453/453 452/452/452 448/448/448
f 453/453/453 448/448/448 454/454/454
f 449/449/449 454/454/454 448/448/448
f 449/449/449 450/450/450 454/454/454
f 455/455/455 454/454/454 450/450/450
f 456/456/456 451/451/451 457/457/457
f 452/452/452 457/457/457 451/451/451
f 452/452/452 453/453/453 457/457/457
f 458/458/458 457/457/457 453/453/453
f 458/458/458 453/453/453 459/459/459
f 454/454/454 459/459/459 453/453/453
f 454/454/454 455/455/455 459/459/459
f 460/460/460 459/459/459 455/455/455
f 461/461/461 456/456/456 462/462/462
f 457/457/457 462/462/462 456/456/456
f 457/457/457 458/458/458 462/462/462
f 463/463/463 462/462/462 458/458/458
f 463/463/463 458/458/458 464/464/464
f 459/459/459 464/464/464 458/458/458
f 459/459/459 460/460/460 464/464/464
f 465/465/465 464/464/464 460/460/460
f 466/466/466 461/461/461 467/467/467
f 462/462/462 467/467/467 461/461/461
f 462/462/462 463/463/463 467/467/467
f 468/468/468 467/467/467 463/463/463
f 468/468/468 463/463/463 469/469/469
f 464/464/464 469/469/469 463/463/463
f 464/464/464 465/465/465 469/469/469
f 470/470/470 469/469/469 465/465/465
f 471/471/471 466/466/466 472/472/472
f 467/467/467 472/472/472 466/466/466
f 467/467/467 468/468/468 472/472/472
f 473/473/473 472/472/472 468/468/468
f 473/473/473 468/468/468 474/474/474
f 469/469/469 474/474/474 468/468/468
f 469/469/469 470/470/470 474/474/474
f 475/475/475 474/474/474 470/470/470
f 476/476/476 471/471/471 477/477/477
f 472/472/472 477/477/477 471/471/471
f 472/472/472 473/473/473 477/477/477
f 478/478/478 477/477/477 473/473/473
f 478/478/478 473/473/473 479/479/479
f 474/474/474 479/479/479 473/473/473
f 474/474/474 475/475/475 479/479/479
f 480/480/480 479/479/479 475/475/475
f 481/481/481 476/476/476 482/482/482
f 477/477/477 482/482/482 476/476/476
f 477/477/477 478/478/478 482/482/482
f 483/483/483 482/482/482 478/478/478
f 483/483/483 478/478/478 484/484/484
f 479/479/479 484/484/484 478/478/478
f 479/479/479 480/480/480 484/484/484
f 485/485/485 484/484/484 480/480/480
f 486/486/486 481/481/481 487/487/487
f 482/482/482 487/487/487 481/481/481
f 482/482/482 483/483/483 487/487/487
f 488/488/488 487/487/487 483/483/483
f 488/488/488 483/483/483 489/489/489
f 484/484/484 489/489/489 483/483/483
f 484/484/484 485/485/485 489/489/489
f 490/490/490 489/489/489 485/485/485
f 491/491/491 486/486/486 492/492/492
f 487/487/487 492/492/492 486/486/486
f 487/487/487 488/488/488 492/492/492
f 493/493/493 492/492/492 488/488/488
f 493/493/493 488/488/488 494/494/494
f 489/489/489 494/494/494 488/488/488
f 489/489/489 490/490/490 494/494/494
f 495/495/495 494/494/494 490/490/490
f 496/496/496 491/491/491 497/497/497
f 492/492/492 497/497/497 491/491/491
f 492/492/492 493/493/493 497/497/497
f 498/498/498 497/497/497 493/493/493
f 498/498/498 493/493/493 499/499/499
f 494/494/494 499/499/499 493/493/493
f 494/494/494 495/495/495 499/499/499
f 500/500/500 499/499/499 495/495/495
f 496/496/496 497/497/497 501/501/501
f 497/497/497 498/498/498 502/502/502
f 498/498/498 499/499/499 503/503/503
f 499/499/499 500/500/500 504/504/504

g 
usemtl 
f 506/506/506 505/505/505 507/507/507
f 505/505/505 508/508/508 507/507/507
f 508/508/508 509/509/509 507/507/507
f 507/507/507 509/509/509 510/510/510
f 510/510/510 509/509/509 511/511/511
f 509/509/509 512/512/512 511/511/511
f 513/513/513 506/506/506 514/514/514
f 506/506/506 507/507/507 514/514/514
f 507/507/507 510/510/510 514/514/514
f 514/514/514 510/510/510 515/515/515
f 515/515/515 510/510/510 516/516/516
f 510/510/510 511/511/511 516/516/516
f 517/517/517 513/513/513 518/518/518
f 513/513/513 514/514/514 518/518/518
f 514/514/514 515/515/515 518/518/518
f 518/518/518 515/515/515 519/519/519
f 519/519/519 515/515/515 520/520/520
f 515/515/515 516/516/516 520/520/520
f 521/521/521 517/517/517 522/522/522
f 517/517/517 518/518/518 522/522/522
f 518/518/518 519/519/519 522/522/522
f 522/522/522 519/519/519 523/523/523
f 523/523/523 519/519/519 524/524/524
f 519/519/519 520/520/520 524/524/524
f 525/525/525 521/521/521 526/526/526
f 521/521/521 522/522/522 526/526/526
f 522/522/522 523/523/523 526/526/526
f 526/526/526 523/523/523 527/527/527
f 527/527/527 523/523/523 528/528/528
f 523/523/523 524/524/524 528/528/528
f 525/525/525 526/526/526 529/529/529
f 526/526/526 527/527/527 529/529/529
f 527/527/527 528/528/528 530/530/530
f 532/532/532 531/531/531 533/533/533
f 531/531/531 534/534/534 533/533/533
f 534/534/534 535/535/535 533/533/533
f 533/533/533 535/535/535 536/536/536
f 536/536/536 535/535/535 537/537/537
f 535/535/535 538/538/538 537/537/537
f 539/539/539 532/532/532 540/540/540
f 532/532/532 533/533/533 540/540/540
f 533/533/533 536/536/536 540/540/540
f 540/540/540 536/536/536 541/541/541
f 541/541/541 536/536/536 542/542/542
f 536/536/536 537/537/537 542/542/542
f 543/543/543 539/539/539 544/544/544
f 539/539/539 540/540/540 544/544/544
f 540/540/540 541/541/541 544/544/544
f 544/544/544 541/541/541 545/545/545
f 545/545/545 541/541/541 546/546/546
f 541/541/541 542/542/542 546/546/546
f 547/547/547 543/543/543 548/548/548
f 543/543/543 544/544/544 548/548/548
f 544/544/544 545/545/545 548/548/548
f 548/548/548 545/545/545 549/549/549
f 549/549/549 545/545/545 550/550/550
f 545/545/545 546/546/546 550/550/550
f 551/551/551 547/547/547 552/552/552
f 547/547/547 548/548/548 552/552/552
f 548/548/548 549/549/549 552/552/552
f 552/552/552 549/549/549 553/553/553
f 553/553/553 549/549/549 554/554/554
f 549/549/549 550/550/550 554/554/554
f 551/551/551 552/552/552 555/555/555
f 552/552/552 553/553/553 555/555/555
f 553/553/553 554/554/554 556/556/556
f 558/558/558 557/557/557 559/559/559
f 557/557/557 560/560/560 559/559/559
f 560/560/560 561/561/561 559/559/559
f 559/559/559 561/561/561 562/562/562
f 562/562/562 561/561/561 563/563/563
f 561/561/561 564/564/564 563/563/563
f 565/565/565 558/558/558 566/566/566
f 558/558/558 559/559/559 566/566/566
f 559/559/559 562/562/562 566/566/566
f 566/566/566 562/562/562 567/567/567
f 567/567/567 562/562/562 568/568/568
f 562/562/562 563/563/563 568/568/568
f 569/569/569 565/565/565 570/570/570
f 565/565/565 566/566/566 570/570/570
f 566/566/566 567/567/567 570/570/570
f 570/570/570 567/567/567 571/571/571
f 571/571/571 567/567/567 572/572/572
f 567/567/567 568/568/568 572/572/572
f 573/573/573 569/569/569 574/574/574
f 569/569/569 570/570/570 574/574/574
f 570/570/570 571/571/571 574/574/574
f 574/574/574 571/571/571 575/575/575
f 575/575/575 571/571/571 576/576/576
f 571/571/571 572/572/572 576/576/576
f 577/577/577 573/573/573 578/578/578
f 573/573/573 574/574/574 578/578/578
f 574/574/574 575/575/575 578/578/578
f 578/578/578 575/575/575 579/579/579
f 579/579/579 575/575/575 580/580/580
f 575/575/575 576/576/576 580/580/580
f 577/577/577 578/578/578 581/581/581
f 578/578/578 579/579/579 581/581/581
f 579/579/579 580/580/580 582/582/582
f 584/584/584 583/583/583 585/585/585
f 583/583/583 586/586/586 585/585/585
f 586/586/586 587/587/587 585/585/585
f 585/585/585 587/587/587 588/588/588
f 588/588/588 587/587/587 589/589/589
f 587/587/587 590/590/590 589/589/589
f 591/591/591 584/584/584 592/592/592
f 584/584/584 585/585/585 592/592/592
f 585/585/585 588/588/588 592/592/592
f 592/592/592 588/588/588 593/593/593
f 593/593/593 588/588/588 594/594/594
f 588/588/588 589/589/589 594/594/594
f 595/595/595 591/591/591 596/596/596
f 591/591/591 592/592/592 596/596/596
f 592/592/592 593/593/593 596/596/596
f 596/596/596 593/593/593 597/597/597
f 597/597/597 593/593/593 598/598/598
f 593/593/593 594/594/594 598/598/598
f 599/599/599 595/595/595 600/600/600
f 595/595/595 596/596/596 600/600/600
f 596/596/596 597/597/597 600/600/600
f 600/600/600 597/597/597 601/601/601
f 601/601/601 597/597/597 602/602/602
f 597/597/597 598/598/598 602/602/602
f 603/603/603 599/599/599 604/604/604
f 599/599/599 600/600/600 604/604/604
f 600/600/600 601/601/601 604/604/604
f 604/604/604 601/601/601 605/605/605
f 605/605/605 601/601/601 606/606/606
f 601/601/601 602/602/602 606/606/606
f 603/603/603 604/604/604 607/607/607
f 604/604/604 605/605/605 607/607/607
f 605/605/605 606/606/606 608/608/608
f 610/610/610 609/609/609 611/611/611
f 609/609/609 612/612/612 611/611/611
f 612/612/612 613/613/613 611/611/611
f 611/611/611 613/613/613 614/614/614
f 614/614/614 613/613/613 615/615/615
f 613/613/613 616/616/616 615/615/615
f 617/617/617 610/610/610 618/618/618
f 610/610/610 611/611/611 618/618/618
f 611/611/611 614/614/614 618/618/618
f 618/618/618 614/614/614 619/619/619
f 619/619/619 614/614/614 620/620/620
f 614/614/614 615/615/615 620/620/620
f 621/621/621 617/617/617 622/622/622
f 617/617/617 618/618/618 622/622/622
f 618/618/618 619/619/619 622/622/622
f 622/622/622 619/619/619 623/623/623
f 623/623/623 619/619/619 624/624/624
f 619/619/619 620/620/620 624/624/624
f 625/625/625 621/621/621 626/626/626
f 621/621/621 622/622/622 626/626/626
f 622/622/622 623/623/623 626/626/626
f 626/626/626 623/623/623 627/627/627
f 627/627/627 623/623/623 628/628/628
f 623/623/623 624/624/624 628/628/628
f 629/629/629 625/625/625 630/630/630
f 625/625/625 626/626/626 630/630/630
f 626/626/626 627/627/627 630/630/630
f 630/630/630 627/627/627 631/631/631
f 631/631/631 627/627/627 632/632/632
f 627/627/627 628/628/628 632/632/632
f 629/629/629 630/630/630 633/633/633
f 630/630/630 631/631/631 633/633/633
f 631/631/631 632/632/632 634/634/634
f 636/636/636 635/635/635 637/637/637
f 635/635/635 638/638/638 637/637/637
f 638/638/638 639/639/639 637/637/637
f 637/637/637 639/639/639 640/640/640
f 640/640/640 639/639/639 641/641/641
f 639/639/639 642/642/642 641/641/641
f 643/643/643 636/636/636 644/644/644
f 636/636/636 637/637/637 644/644/644
f 637/637/637 640/640/640 644/644/644
f 644/644/644 640/640/640 645/645/645
f 645/645/645 640/640/640 646/646/646
f 640/640/640 641/641/641 646/646/646
f 647/647/647 643/643/643 648/648/648
f 643/643/643 644/644/644 648/648/648
f 644/644/644 645/645/645 648/648/648
f 648/648/648 645/645/645 649/649/649
f 649/649/649 645/645/645 650/650/650
f 645/645/645 646/646/646 650/650/650
f 651/651/651 647/647/647 652/652/652
f 647/647/647 648/648/648 652/652/652
f 648/648/648 649/649/649 652/652/652
f 652/652/652 649/649/649 653/653/653
f 653/653/653 649/649/649 654/654/654
f 649/649/649 650/650/650 654/654/654
f 655/655/655 651/651/651 656/656/656
f 651/651/651 652/652/652 656/656/656
f 652/652/652 653/653/653 656/656/656
f 656/656/656 653/653/653 657/657/657
f 657/657/657 653/653/653 658/658/658
f 653/653/653 654/654/654 658/658/658
f 655/655/655 656/656/656 659/659/659
f 656/656/656 657/657/657 659/659/659
f 657/657/657 658/658/658 660/660/660
f 662/662/662 661/661/661 663/663/663
f 661/661/661 664/664/664 663/663/663
f 664/664/664 665/665/665 663/663/663
f 663/663/663 665/665/665 666/666/666
f 666/666/666 665/665/665 667/667/667
f 665/665/665 668/668/668 667/667/667
f 669/669/669 662/662/662 670/670/670
f 662/662/662 663/663/663 670/670/670
f 663/663/663 666/666/666 670/670/670
f 670/670/670 666/666/666 671/671/671
f 671/671/671 666/666/666 672/672/672
f 666/666/666 667/667/667 672/672/672
f 673/673/673 669/669/669 674/674/674
f 669/669/669 670/670/670 674/674/674
f 670/670/670 671/671/671 674/674/674
f 674/674/674 671/671/671 675/675/675
f 675/675/675 671/671/671 676/676/676
f 671/671/671 672/672/672 676/676/676
f 677/677/677 673/673/673 678/678/678
f 673/673/673 674/674/674 678/678/678
f 674/674/674 675/675/675 678/678/678
f 678/678/678 675/675/675 679/679/679
f 679/679/679 675/675/675 680/680/680
f 675/675/675 676/676/676 680/680/680
f 681/681/681 677/677/677 682/682/682
f 677/677/677 678/678/678 682/682/682
f 678/678/678 679/679/679 682/682/682
f 682/682/682 679/679/679 683/683/683
f 683/683/683 679/679/679 684/684/684
f 679/679/679 680/680/680 684/684/684
f 681/681/681 682/682/682 685/685/685
f 682/682/682 683/683/683 685/685/685
f 683/683/683 684/684/684 686/686/686
f 688/688/688 687/687/687 689/689/689
f 687/687/687 690/690/690 689/689/689
f 690/690/690 691/691/691 689/689/689
f 689/689/689 691/691/691 692/692/692
f 692/692/692 691/691/691 693/693/693
f 691/691/691 694/694/694 693/693/693
f 695/695/695 688/688/688 696/696/696
f 688/688/688 689/689/689 696/696/696
f 689/689/689 692/692/692 696/696/696
f 696/696/696 692/692/692 697/697/697
f 697/697/697 692/692/692 698/698/698
f 692/692/692 693/693/693 698/698/698
f 699/699/699 695/695/695 700/700/700
f 695/695/695 696/696/696 700/700/700
f 696/696/696 697/697/697 700/700/700
f 700/700/700 697/697/697 701/701/701
f 701/701/701 697/697/697 702/702/702
f 697/697/697 698/698/698 702/702/702
f 703/703/703 699/699/699 704/704/704
f 699/699/699 700/700/700 704/704/704
f 700/700/700 701/701/701 704/704/704
f 704/704/704 701/701/701 705/705/705
f 705/705/705 701/701/701 706/706/706
f 701/701/701 702/702/702 706/706/706
f 707/707/707 703/703/703 708/708/708
f 703/703/703 704/704/704 708/708/708
f 704/704/704 705/705/705 708/708/708
f 708/708/708 705/705/705 709/709/709
f 709/709/709 705/705/705 710/710/710
f 705/705/705 706/706/706 710/710/710
f 707/707/707 708/708/708 711/711/711
f 708/708/708 709/709/709 711/711/711
f 709/709/709 710/710/710 712/712/712
f 714/714/714 713/713/713 715/715/715
f 713/713/713 716/716/716 715/715/715
f 716/716/716 717/717/717 715/715/715
f 715/715/715 717/717/717 718/718/718
f 718/718/718 717/717/717 719/719/719
f 717/717/717 720/720/720 719/719/719
f 721/721/721 714/714/714 722/722/722
f 714/714/714 715/715/715 722/722/722
f 715/715/715 718/718/718 722/722/722
f 722/722/722 718/718/718 723/723/723
f 723/723/723 718/718/718 724/724/724
f 718/718/718 719/719/719 724/724/724
f 725/725/725 721/721/721 726/726/726
f 721/721/721 722/722/722 726/726/726
f 722/722/722 723/723/723 726/726/726
f 726/726/726 723/723/723 727/727/727
f 727/727/727 723/723/723 728/728/728
f 723/723/723 724/724/724 728/728/728
f 729/729/729 725/725/725 730/730/730
f 725/725/725 726/726/726 730/730/730
f 726/726/726 727/727/727 730/730/730
f 730/730/730 727/727/727 731/731/731
f 731/731/731 727/727/727 732/732/732
f 727/727/727 728/728/728 732/732/732
f 733/733/733 729/729/729 734/734/734
f 729/729/729 730/730/730 734/734/734
f 730/730/730 731/731/731 734/734/734
f 734/734/734 731/731/731 735/735/735
f 735/735/735 731/731/731 736/736/736
f 731/731/731 732/732/732 736/736/736
f 733/733/733 734/734/734 737/737/737
f 734/734/734 735/735/735 737/737/737
f 735/735/735 736/736/736 738/738/738
f 740/740/740 739/739/739 741/741/741
f 739/739/739 742/742/742 741/741/741
f 742/742/742 743/743/743 741/741/741
f 741/741/741 743/743/743 744/744/744
f 744/744/744 743/743/743 745/745/745
f 743/743/743 746/746/746 745/745/745
f 747/747/747 740/740/740 748/748/748
f 740/740/740 741/741/741 748/748/748
f 741/741/741 744/744/744 748/748/748
f 748/748/748 744/744/744 749/749/749
f 749/749/749 744/744/744 750/750/750
f 744/744/744 745/745/745 750/750/750
f 751/751/751 747/747/747 752/752/752
f 747/747/747 748/748/748 752/752/752
f 748/748/748 749/749/749 752/752/752
f 752/752/752 749/749/749 753/753/753
f 753/753/753 749/749/749 754/754/754
f 749/749/749 750/750/750 754/754/754
f 755/755/755 751/751/751 756/756/756
f 751/751/751 752/752/752 756/756/756
f 752/752/752 753/753/753 756/756/756
f 756/756/756 753/753/753 757/757/757
f 757/757/757 753/753/753 758/758/758
f 753/753/753 754/754/754 758/758/758
f 759/759/759 755/755/755 760/760/760
f 755/755/755 756/756/756 760/760/760
f 756/756/756 757/757/757 760/760/760
f 760/760/760 757/757/757 761/761/761
f 761/761/761 757/757/757 762/762/762
f 757/757/757 758/758/758 762/762/762
f 759/759/759 760/760/760 763/763/763
f 760/760/760 761/761/761 763/763/763
f 761/761/761 762/762/762 764/764/764
f 766/766/766 765/765/765 767/767/767
f 765/765/765 768/768/768 767/767/767
f 768/768/768 769/769/769 767/767/767
f 767/767/767 769/769/769 770/770/770
f 770/770/770 769/769/769 771/771/771
f 769/769/769 772/772/772 771/771/771
f 773/773/773 766/766/766 774/774/774
f 766/766/766 767/767/767 774/774/774
f 767/767/767 770/770/770 774/774/774
f 774/774/774 770/770/770 775/775/775
f 775/775/775 770/770/770 776/776/776
f 770/770/770 771/771/771 776/776/776
f 777/777/777 773/773/773 778/778/778
f 773/773/773 774/774/774 778/778/778
f 774/774/774 775/775/775 778/778/778
f 778/778/778 775/775/775 779/779/779
f 779/779/779 775/775/775 780/780/780
f 775/775/775 776/776/776 780/780/780
f 781/781/781 777/777/777 782/782/782
f 777/777/777 778/778/778 782/782/782
f 778/778/778 779/779/779 782/782/782
f 782/782/782 779/779/779 783/783/783
f 783/783/783 779/779/779 784/784/784
f 779/779/779 780/780/780 784/784/784
f 785/785/785 781/781/781 786/786/786
f 781/781/781 782/782/782 786/786/786
f 782/782/782 783/783/783 786/786/786
f 786/786/786 783/783/783 787/787/787
f 787/787/787 783/783/783 788/788/788
f 783/783/783 784/784/784 788/788/788
f 785/785/785 786/786/786 789/789/789
f 786/786/786 787/787/787 789/789/789
f 787/787/787 788/788/788 790/790/790
f 792/792/792 791/791/791 793/793/793
f 791/791/791 794/794/794 793/793/793
f 794/794/794 795/795/795 793/793/793
f 793/793/793 795/795/795 796/796/796
f 796/796/796 795/795/795 797/797/797
f 795/795/795 798/798/798 797/797/797
f 799/799/799 792/792/792 800/800/800
f 792/792/792 793/793/793 800/800/800
f 793/793/793 796/796/796 800/800/800
f 800/800/800 796/796/796 801/801/801
f 801/801/801 796/796/796 802/802/802
f 796/796/796 797/797/797 802/802/802
f 803/803/803 799/799/799 804/804/804
f 799/799/799 800/800/800 804/804/804
f 800/800/800 801/801/801 804/804/804
f 804/804/804 801/801/801 805/805/805
f 805/805/805 801/801/801 806/806/806
f 801/801/801 802/802/802 806/806/806
f 807/807/807 803/803/803 808/808/808
f 803/803/803 804/804/804 808/808/808
f 804/804/804 805/805/805 808/808/808
f 808/808/808 805/805/805 809/809/809
f 809/809/809 805/805/805 810/810/810
f 805/805/805 806/806/806 810/810/810
f 811/811/811 807/807/807 812/812/812
f 807/807/807 808/808/808 812/812/812
f 808/808/808 809/809/809 812/812/812
f 812/812/812 809/809/809 813/813/813
f 813/813/813 809/809/809 814/814/814
f 809/809/809 810/810/810 814/814/814
f 811/811/811 812/812/812 815/815/815
f 812/812/812 813/813/813 815/815/815
f 813/813/813 814/814/814 816/816/816
f 818/818/818 817/817/817 819/819/819
f 817/817/817 820/820/820 819/819/819
f 820/820/820 821/821/821 819/819/819
f 819/819/819 821/821/821 822/822/822
f 822/822/822 821/821/821 823/823/823
f 821/821/821 824/824/824 823/823/823
f 825/825/825 818/818/818 826/826/826
f 818/818/818 819/819/819 826/826/826
f 819/819/819 822/822/822 826/826/826
f 826/826/826 822/822/822 827/827/827
f 827/827/827 822/822/822 828/828/828
f 822/822/822 823/823/823 828/828/828
f 829/829/829 825/825/825 830/830/830
f 825/825/825 826/826/826 830/830/830
f 826/826/826 827/827/827 830/830/830
f 830/830/830 827/827/827 831/831/831
f 831/831/831 827/827/827 832/832/832
f 827/827/827 828/828/828 832/832/832
f 833/833/833 829/829/829 834/834/834
f 829/829/829 830/830/830 834/834/834
f 830/830/830 831/831/831 834/834/834
f 834/834/834 831/831/831 835/835/835
f 835/835/835 831/831/831 836/836/836
f 831/831/831 832/832/832 836/836/836
f 837/837/837 833/833/833 838/838/838
f 833/833/833 834/834/834 838/838/838
f 834/834/834 835/835/835 838/838/838
f 838/838/838 835/835/835 839/839/839
f 839/839/839 835/835/835 840/840/840
f 835/835/835 836/836/836 840/840/840
f 837/837/837 838/838/838 841/841/841
f 838/838/838 839/839/839 841/841/841
f 839/839/839 840/840/840 842/842/842

g coconutbasecolor
usemtl coconutbasecolor
f 844/844/844 843/843/843 845/845/845
f 845/845/845 846/846/846 847/847/847
f 847/847/847 848/848/848 849/849/849
f 849/849/849 850/850/850 851/851/851
f 851/851/851 852/852/852 853/853/853
f 853/853/853 854/854/854 855/855/855
f 855/855/855 856/856/856 857/857/857
f 857/857/857 858/858/858 859/859/859
f 860/860/860 844/844/844 845/845/845
f 860/860/860 845/845/845 861/861/861
f 861/861/861 845/845/845 847/847/847
f 861/861/861 847/847/847 862/862/862
f 862/862/862 847/847/847 849/849/849
f 862/862/862 849/849/849 863/863/863
f 863/863/863 849/849/849 851/851/851
f 863/863/863 851/851/851 864/864/864
f 864/864/864 851/851/851 853/853/853
f 864/864/864 853/853/853 865/865/865
f 865/865/865 853/853/853 855/855/855
f 865/865/865 855/855/855 866/866/866
f 866/866/866 855/855/855 857/857/857
f 866/866/866 857/857/857 867/867/867
f 867/867/867 857/857/857 859/859/859
f 867/867/867 859/859/859 868/868/868
f 869/869/869 860/860/860 861/861/861
f 869/869/869 861/861/861 870/870/870
f 870/870/870 861/861/861 862/862/862
f 870/870/870 862/862/862 871/871/871
f 871/871/871 862/862/862 863/863/863
f 871/871/871 863/863/863 872/872/872
f 872/872/872 863/863/863 864/864/864
f 872/872/872 864/864/864 873/873/873
f 873/873/873 864/864/864 865/865/865
f 873/873/873 865/865/865 874/874/874
f 874/874/874 865/865/865 866/866/866
f 874/874/874 866/866/866 875/875/875
f 875/875/875 866/866/866 867/867/867
f 875/875/875 867/867/867 876/876/876
f 876/876/876 867/867/867 868/868/868
f 876/876/876 868/868/868 877/877/877
f 877/877/877 868/868/868 869/869/869
f 877/877/877 869/869/869 878/878/878
f 878/878/878 869/869/869 870/870/870
f 878/878/878 870/870/870 879/879/879
f 879/879/879 870/870/870 871/871/871
f 879/879/879 871/871/871 880/880/880
f 880/880/880 871/871/871 872/872/872
f 880/880/880 872/872/872 881/881/881
f 881/881/881 872/872/872 873/873/873
f 881/881/881 873/873/873 882/882/882
f 882/882/882 873/873/873 874/874/874
f 882/882/882 874/874/874 883/883/883
f 883/883/883 874/874/874 875/875/875
f 883/883/883 875/875/875 884/884/884
f 884/884/884 875/875/875 876/876/876
f 884/884/884 876/876/876 885/885/885
f 885/885/885 876/876/876 877/877/877
f 885/885/885 877/877/877 886/886/886
f 886/886/886 877/877/877 878/878/878
f 886/886/886 878/878/878 887/887/887
f 887/887/887 878/878/878 879/879/879
f 887/887/887 879/879/879 888/888/888
f 888/888/888 879/879/879 880/880/880
f 888/888/888 880/880/880 889/889/889
f 889/889/889 880/880/880 881/881/881
f 889/889/889 881/881/881 890/890/890
f 890/890/890 881/881/881 882/882/882
f 890/890/890 882/882/882 891/891/891
f 891/891/891 882/882/882 883/883/883
f 891/891/891 883/883/883 892/892/892
f 892/892/892 883/883/883 884/884/884
f 892/892/892 884/884/884 893/893/893
f 893/893/893 884/884/884 885/885/885
f 893/893/893 885/885/885 894/894/894
f 894/894/894 885/885/885 886/886/886
f 894/894/894 886/886/886 895/895/895
f 895/895/895 886/886/886 887/887/887
f 895/895/895 887/887/887 896/896/896
f 896/896/896 887/887/887 888/888/888
f 896/896/896 888/888/888 897/897/897
f 897/897/897 888/888/888 889/889/889
f 897/897/897 889/889/889 898/898/898
f 898/898/898 889/889/889 890/890/890
f 898/898/898 890/890/890 899/899/899
f 899/899/899 890/890/890 891/891/891
f 899/899/899 891/891/891 900/900/900
f 900/900/900 891/891/891 892/892/892
f 900/900/900 892/892/892 901/901/901
f 901/901/901 892/892/892 893/893/893
f 901/901/901 893/893/893 902/902/902
f 902/902/902 893/893/893 894/894/894
f 902/902/902 894/894/894 903/903/903
f 903/903/903 894/894/894 895/895/895
f 903/903/903 895/895/895 904/904/904
f 904/904/904 895/895/895 896/896/896
f 904/904/904 896/896/896 905/905/905
f 905/905/905 896/896/896 897/897/897
f 905/905/905 897/897/897 906/906/906
f 906/906/906 897/897/897 898/898/898
f 906/906/906 898/898/898 907/907/907
f 907/907/907 898/898/898 899/899/899
f 907/907/907 899/899/899 908/908/908
f 908/908/908 899/899/899 900/900/900
f 908/908/908 900/900/900 909/909/909
f 909/909/909 900/900/900 901/901/901
f 909/909/909 901/901/901 910/910/910
f 910/910/910 901/901/901 902/902/902
f 910/910/910 902/902/902 911/911/911
f 911/911/911 902/902/902 903/903/903
f 911/911/911 903/903/903 912/912/912
f 912/912/912 903/903/903 904/904/904
f 912/912/912 904/904/904 913/913/913
f 913/913/913 904/904/904 905/905/905
f 913/913/913 905/905/905 914/914/914
f 914/914/914 905/905/905 906/906/906
f 914/914/914 906/906/906 915/915/915
f 915/915/915 906/906/906 907/907/907
f 915/915/915 907/907/907 916/916/916
f 916/916/916 907/907/907 908/908/908
f 917/917/917 908/908/908 909/909/909
f 917/917/917 909/909/909 918/918/918
f 918/918/918 909/909/909 910/910/910
f 918/918/918 910/910/910 919/919/919
f 919/919/919 910/910/910 911/911/911
f 919/919/919 911/911/911 920/920/920
f 920/920/920 911/911/911 912/912/912
f 921/921/921 912/912/912 913/913/913
f 921/921/921 913/913/913 922/922/922
f 924/924/924 923/923/923 925/925/925
f 925/925/925 926/926/926 927/927/927
f 927/927/927 928/928/928 929/929/929
f 929/929/929 930/930/930 931/931/931
f 931/931/931 932/932/932 933/933/933
f 933/933/933 934/934/934 935/935/935
f 935/935/935 936/936/936 937/937/937
f 937/937/937 938/938/938 939/939/939
f 939/939/939 938/938/938 924/924/924
f 939/939/939 924/924/924 940/940/940
f 940/940/940 924/924/924 925/925/925
f 940/940/940 925/925/925 941/941/941
f 941/941/941 925/925/925 927/927/927
f 941/941/941 927/927/927 942/942/942
f 942/942/942 927/927/927 929/929/929
f 942/942/942 929/929/929 943/943/943
f 943/943/943 929/929/929 931/931/931
f 943/943/943 931/931/931 944/944/944
f 944/944/944 931/931/931 933/933/933
f 944/944/944 933/933/933 945/945/945
f 945/945/945 933/933/933 935/935/935
f 945/945/945 935/935/935 946/946/946
f 946/946/946 935/935/935 937/937/937
f 946/946/946 937/937/937 947/947/947
f 947/947/947 937/937/937 939/939/939
f 947/947/947 939/939/939 948/948/948
f 949/949/949 940/940/940 941/941/941
f 949/949/949 941/941/941 950/950/950
f 950/950/950 941/941/941 942/942/942
f 950/950/950 942/942/942 951/951/951
f 951/951/951 942/942/942 943/943/943
f 951/951/951 943/943/943 952/952/952
f 952/952/952 943/943/943 944/944/944
f 952/952/952 944/944/944 953/953/953
f 953/953/953 944/944/944 945/945/945
f 953/953/953 945/945/945 954/954/954
f 954/954/954 945/945/945 946/946/946
f 954/954/954 946/946/946 955/955/955
f 955/955/955 946/946/946 947/947/947
f 955/955/955 947/947/947 956/956/956
f 956/956/956 947/947/947 948/948/948
f 956/956/956 948/948/948 957/957/957
f 957/957/957 948/948/948 949/949/949
f 957/957/957 949/949/949 958/958/958
f 958/958/958 949/949/949 950/950/950
f 958/958/958 950/950/950 959/959/959
f 959/959/959 950/950/950 951/951/951
f 959/959/959 951/951/951 960/960/960
f 960/960/960 951/951/951 952/952/952
f 960/960/960 952/952/952 961/961/961
f 961/961/961 952/952/952 953/953/953
f 961/961/961 953/953/953 962/962/962
f 962/962/962 953/953/953 954/954/954
f 962/962/962 954/954/954 963/963/963
f 963/963/963 954/954/954 955/955/955
f 963/963/963 955/955/955 964/964/964
f 964/964/964 955/955/955 956/956/956
f 964/964/964 956/956/956 965/965/965
f 965/965/965 956/956/956 957/957/957
f 965/965/965 957/957/957 966/966/966
f 966/966/966 957/957/957 958/958/958
f 966/966/966 958/958/958 967/967/967
f 967/967/967 958/958/958 959/959/959
f 967/967/967 959/959/959 968/968/968
f 968/968/968 959/959/959 960/960/960
f 968/968/968 960/960/960 969/969/969
f 969/969/969 960/960/960 961/961/961
f 969/969/969 961/961/961 970/970/970
f 970/970/970 961/961/961 962/962/962
f 970/970/970 962/962/962 971/971/971
f 971/971/971 962/962/962 963/963/963
f 971/971/971 963/963/963 972/972/972
f 972/972/972 963/963/963 964/964/964
f 972/972/972 964/964/964 973/973/973
f 973/973/973 964/964/964 965/965/965
f 973/973/973 965/965/965 974/974/974
f 974/974/974 965/965/965 966/966/966
f 974/974/974 966/966/966 975/975/975
f 975/975/975 966/966/966 967/967/967
f 975/975/975 967/967/967 976/976/976
f 976/976/976 967/967/967 968/968/968
f 976/976/976 968/968/968 977/977/977
f 977/977/977 968/968/968 969/969/969
f 977/977/977 969/969/969 978/978/978
f 978/978/978 969/969/969 970/970/970
f 978/978/978 970/970/970 979/979/979
f 979/979/979 970/970/970 971/971/971
f 979/979/979 971/971/971 980/980/980
f 980/980/980 971/971/971 972/972/972
f 980/980/980 972/972/972 981/981/981
f 981/981/981 972/972/972 973/973/973
f 981/981/981 973/973/973 982/982/982
f 982/982/982 973/973/973 974/974/974
f 982/982/982 974/974/974 983/983/983
f 983/983/983 974/974/974 975/975/975
f 983/983/983 975/975/975 984/984/984
f 984/984/984 975/975/975 976/976/976
f 984/984/984 976/976/976 985/985/985
f 985/985/985 976/976/976 977/977/977
f 985/985/985 977/977/977 986/986/986
f 986/986/986 977/977/977 978/978/978
f 986/986/986 978/978/978 987/987/987
f 987/987/987 978/978/978 979/979/979
f 987/987/987 979/979/979 988/988/988
f 988/988/988 979/979/979 980/980/980
f 988/988/988 980/980/980 989/989/989
f 989/989/989 980/980/980 981/981/981
f 989/989/989 981/981/981 990/990/990
f 990/990/990 981/981/981 982/982/982
f 990/990/990 982/982/982 991/991/991
f 991/991/991 982/982/982 983/983/983
f 991/991/991 983/983/983 992/992/992
f 992/992/992 983/983/983 984/984/984
f 992/992/992 984/984/984 993/993/993
f 993/993/993 984/984/984 985/985/985
f 993/993/993 985/985/985 994/994/994
f 994/994/994 985/985/985 986/986/986
f 994/994/994 986/986/986 995/995/995
f 995/995/995 986/986/986 987/987/987
f 996/996/996 987/987/987 988/988/988
f 996/996/996 988/988/988 997/997/997
f 997/997/997 988/988/988 989/989/989
f 998/998/998 989/989/989 990/990/990
f 998/998/998 990/990/990 999/999/999
f 999/999/999 990/990/990 991/991/991
f 1000/1000/1000 991/991/991 992/992/992
f 1000/1000/1000 992/992/992 1001/1001/1001
f 1001/1001/1001 992/992/992 993/993/993
f 1003/1003/1003 1002/1002/1002 1004/1004/1004
f 1004/1004/1004 1005/1005/1005 1006/1006/1006
f 1006/1006/1006 1007/1007/1007 1008/1008/1008
f 1008/1008/1008 1009/1009/1009 1010/1010/1010
f 1010/1010/1010 1011/1011/1011 1012/1012/1012
f 1012/1012/1012 1013/1013/1013 1014/1014/1014
f 1014/1014/1014 1015/1015/1015 1016/1016/1016
f 1016/1016/1016 1017/1017/1017 1018/1018/1018
f 1019/1019/1019 1003/1003/1003 1004/1004/1004
f 1019/1019/1019 1004/1004/1004 1020/1020/1020
f 1020/1020/1020 1004/1004/1004 1006/1006/1006
f 1020/1020/1020 1006/1006/1006 1021/1021/1021
f 1021/1021/1021 1006/1006/1006 1008/1008/1008
f 1021/1021/1021 1008/1008/1008 1022/1022/1022
f 1022/1022/1022 1008/1008/1008 1010/1010/1010
f 1022/1022/1022 1010/1010/1010 1023/1023/1023
f 1023/1023/1023 1010/1010/1010 1012/1012/1012
f 1023/1023/1023 1012/1012/1012 1024/1024/1024
f 1024/1024/1024 1012/1012/1012 1014/1014/1014
f 1024/1024/1024 1014/1014/1014 1025/1025/1025
f 1025/1025/1025 1014/1014/1014 1016/1016/1016
f 1025/1025/1025 1016/1016/1016 1026/1026/1026
f 1026/1026/1026 1016/1016/1016 1018/1018/1018
f 1026/1026/1026 1018/1018/1018 1027/1027/1027
f 1027/1027/1027 1018/1018/1018 1019/1019/1019
f 1027/1027/1027 1019/1019/1019 1028/1028/1028
f 1028/1028/1028 1019/1019/1019 1020/1020/1020
f 1028/1028/1028 1020/1020/1020 1029/1029/1029
f 1029/1029/1029 1020/1020/1020 1021/1021/1021
f 1029/1029/1029 1021/1021/1021 1030/1030/1030
f 1030/1030/1030 1021/1021/1021 1022/1022/1022
f 1030/1030/1030 1022/1022/1022 1031/1031/1031
f 1031/1031/1031 1022/1022/1022 1023/1023/1023
f 1031/1031/1031 1023/1023/1023 1032/1032/1032
f 1032/1032/1032 1023/1023/1023 1024/1024/1024
f 1032/1032/1032 1024/1024/1024 1033/1033/1033
f 1033/1033/1033 1024/1024/1024 1025/1025/1025
f 1033/1033/1033 1025/1025/1025 1034/1034/1034
f 1034/1034/1034 1025/1025/1025 1026/1026/1026
f 1034/1034/1034 1026/1026/1026 1035/1035/1035
f 1035/1035/1035 1026/1026/1026 1027/1027/1027
f 1035/1035/1035 1027/1027/1027 1036/1036/1036
f 1036/1036/1036 1027/1027/1027 1028/1028/1028
f 1036/1036/1036 1028/1028/1028 1037/1037/1037
f 1037/1037/1037 1028/1028/1028 1029/1029/1029
f 1037/1037/1037 1029/1029/1029 1038/1038/1038
f 1038/1038/1038 1029/1029/1029 1030/1030/1030
f 1038/1038/1038 1030/1030/1030 1039/1039/1039
f 1039/1039/1039 1030/1030/1030 1031/1031/1031
f 1039/1039/1039 1031/1031/1031 1040/1040/1040
f 1040/1040/1040 1031/1031/1031 1032/1032/1032
f 1040/1040/1040 1032/1032/1032 1041/1041/1041
f 1041/1041/1041 1032/1032/1032 1033/1033/1033
f 1041/1041/1041 1033/1033/1033 1042/1042/1042
f 1042/1042/1042 1033/1033/1033 1034/1034/1034
f 1042/1042/1042 1034/1034/1034 1043/1043/1043
f 1043/1043/1043 1034/1034/1034 1035/1035/1035
f 1043/1043/1043 1035/1035/1035 1044/1044/1044
f 1044/1044/1044 1035/1035/1035 1036/1036/1036
f 1044/1044/1044 1036/1036/1036 1045/1045/1045
f 1045/1045/1045 1036/1036/1036 1037/1037/1037
f 1045/1045/1045 1037/1037/1037 1046/1046/1046
f 1046/1046/1046 1037/1037/1037 1038/1038/1038
f 1046/1046/1046 1038/1038/1038 1047/1047/1047
f 1047/1047/1047 1038/1038/1038 1039/1039/1039
f 1047/1047/1047 1039/1039/1039 1048/1048/1048
f 1048/1048/1048 1039/1039/1039 1040/1040/1040
f 1048/1048/1048 1040/1040/1040 1049/1049/1049
f 1049/1049/1049 1040/1040/1040 1041/1041/1041
f 1049/1049/1049 1041/1041/1041 1050/1050/1050
f 1050/1050/1050 1041/1041/1041 1042/1042/1042
f 1050/1050/1050 1042/1042/1042 1051/1051/1051
f 1051/1051/1051 1042/1042/1042 1043/1043/1043
f 1051/1051/1051 1043/1043/1043 1052/1052/1052
f 1052/1052/1052 1043/1043/1043 1044/1044/1044
f 1052/1052/1052 1044/1044/1044 1053/1053/1053
f 1053/1053/1053 1044/1044/1044 1045/1045/1045
f 1053/1053/1053 1045/1045/1045 1054/1054/1054
f 1054/1054/1054 1045/1045/1045 1046/1046/1046
f 1054/1054/1054 1046/1046/1046 1055/1055/1055
f 1055/1055/1055 1046/1046/1046 1047/1047/1047
f 1055/1055/1055 1047/1047/1047 1056/1056/1056
f 1056/1056/1056 1047/1047/1047 1048/1048/1048
f 1056/1056/1056 1048/1048/1048 1057/1057/1057
f 1057/1057/1057 1048/1048/1048 1049/1049/1049
f 1057/1057/1057 1049/1049/1049 1058/1058/1058
f 1058/1058/1058 1049/1049/1049 1050/1050/1050
f 1058/1058/1058 1050/1050/1050 1059/1059/1059
f 1059/1059/1059 1050/1050/1050 1051/1051/1051
f 1059/1059/1059 1051/1051/1051 1060/1060/1060
f 1060/1060/1060 1051/1051/1051 1052/1052/1052
f 1060/1060/1060 1052/1052/1052 1061/1061/1061
f 1061/1061/1061 1052/1052/1052 1053/1053/1053
f 1061/1061/1061 1053/1053/1053 1062/1062/1062
f 1062/1062/1062 1053/1053/1053 1054/1054/1054
f 1062/1062/1062 1054/1054/1054 1063/1063/1063
f 1063/1063/1063 1054/1054/1054 1055/1055/1055
f 1063/1063/1063 1055/1055/1055 1064/1064/1064
f 1064/1064/1064 1055/1055/1055 1056/1056/1056
f 1064/1064/1064 1056/1056/1056 1065/1065/1065
f 1065/1065/1065 1056/1056/1056 1057/1057/1057
f 1065/1065/1065 1057/1057/1057 1066/1066/1066
f 1066/1066/1066 1057/1057/1057 1058/1058/1058
f 1066/1066/1066 1058/1058/1058 1067/1067/1067
f 1067/1067/1067 1058/1058/1058 1059/1059/1059
f 1067/1067/1067 1059/1059/1059 1068/1068/1068
f 1068/1068/1068 1059/1059/1059 1060/1060/1060
f 1068/1068/1068 1060/1060/1060 1069/1069/1069
f 1069/1069/1069 1060/1060/1060 1061/1061/1061
f 1069/1069/1069 1061/1061/1061 1070/1070/1070
f 1070/1070/1070 1061/1061/1061 1062/1062/1062
f 1070/1070/1070 1062/1062/1062 1071/1071/1071
f 1071/1071/1071 1062/1062/1062 1063/1063/1063
f 1071/1071/1071 1063/1063/1063 1072/1072/1072
f 1073/1073/1073 1064/1064/1064 1065/1065/1065
f 1073/1073/1073 1065/1065/1065 1074/1074/1074
f 1074/1074/1074 1065/1065/1065 1066/1066/1066
f 1074/1074/1074 1066/1066/1066 1075/1075/1075
f 1075/1075/1075 1066/1066/1066 1067/1067/1067
f 1076/1076/1076 1067/1067/1067 1068/1068/1068
f 1077/1077/1077 1068/1068/1068 1069/1069/1069
f 1077/1077/1077 1069/1069/1069 1078/1078/1078
f 1078/1078/1078 1069/1069/1069 1070/1070/1070
f 1078/1078/1078 1070/1070/1070 1079/1079/1079
f 1079/1079/1079 1070/1070/1070 1071/1071/1071
f 1080/1080/1080 1071/1071/1071 1072/1072/1072
f 1082/1082/1082 1081/1081/1081 1083/1083/1083
f 1083/1083/1083 1084/1084/1084 1085/1085/1085
f 1085/1085/1085 1086/1086/1086 1087/1087/1087
f 1087/1087/1087 1088/1088/1088 1089/1089/1089
f 1089/1089/1089 1090/1090/1090 1091/1091/1091
f 1091/1091/1091 1092/1092/1092 1093/1093/1093
f 1093/1093/1093 1094/1094/1094 1095/1095/1095
f 1095/1095/1095 1096/1096/1096 1097/1097/1097
f 1097/1097/1097 1096/1096/1096 1082/1082/1082
f 1097/1097/1097 1082/1082/1082 1098/1098/1098
f 1098/1098/1098 1082/1082/1082 1083/1083/1083
f 1098/1098/1098 1083/1083/1083 1099/1099/1099
f 1099/1099/1099 1083/1083/1083 1085/1085/1085
f 1099/1099/1099 1085/1085/1085 1100/1100/1100
f 1100/1100/1100 1085/1085/1085 1087/1087/1087
f 1100/1100/1100 1087/1087/1087 1101/1101/1101
f 1101/1101/1101 1087/1087/1087 1089/1089/1089
f 1101/1101/1101 1089/1089/1089 1102/1102/1102
f 1102/1102/1102 1089/1089/1089 1091/1091/1091
f 1102/1102/1102 1091/1091/1091 1103/1103/1103
f 1103/1103/1103 1091/1091/1091 1093/1093/1093
f 1103/1103/1103 1093/1093/1093 1104/1104/1104
f 1104/1104/1104 1093/1093/1093 1095/1095/1095
f 1104/1104/1104 1095/1095/1095 1105/1105/1105
f 1105/1105/1105 1095/1095/1095 1097/1097/1097
f 1105/1105/1105 1097/1097/1097 1106/1106/1106
f 1106/1106/1106 1097/1097/1097 1098/1098/1098
f 1106/1106/1106 1098/1098/1098 1107/1107/1107
f 1107/1107/1107 1098/1098/1098 1099/1099/1099
f 1107/1107/1107 1099/1099/1099 1108/1108/1108
f 1108/1108/1108 1099/1099/1099 1100/1100/1100
f 1108/1108/1108 1100/1100/1100 1109/1109/1109
f 1109/1109/1109 1100/1100/1100 1101/1101/1101
f 1109/1109/1109 1101/1101/1101 1110/1110/1110
f 1110/1110/1110 1101/1101/1101 1102/1102/1102
f 1110/1110/1110 1102/1102/1102 1111/1111/1111
f 1111/1111/1111 1102/1102/1102 1103/1103/1103
f 1111/1111/1111 1103/1103/1103 1112/1112/1112
f 1112/1112/1112 1103/1103/1103 1104/1104/1104
f 1112/1112/1112 1104/1104/1104 1113/1113/1113
f 1113/1113/1113 1104/1104/1104 1105/1105/1105
f 1113/1113/1113 1105/1105/1105 1114/1114/1114
f 1114/1114/1114 1105/1105/1105 1106/1106/1106
f 1114/1114/1114 1106/1106/1106 1115/1115/1115
f 1115/1115/1115 1106/1106/1106 1107/1107/1107
f 1115/1115/1115 1107/1107/1107 1116/1116/1116
f 1116/1116/1116 1107/1107/1107 1108/1108/1108
f 1116/1116/1116 1108/1108/1108 1117/1117/1117
f 1117/1117/1117 1108/1108/1108 1109/1109/1109
f 1117/1117/1117 1109/1109/1109 1118/1118/1118
f 1118/1118/1118 1109/1109/1109 1110/1110/1110
f 1118/1118/1118 1110/1110/1110 1119/1119/1119
f 1119/1119/1119 1110/1110/1110 1111/1111/1111
f 1119/1119/1119 1111/1111/1111 1120/1120/1120
f 1120/1120/1120 1111/1111/1111 1112/1112/1112
f 1120/1120/1120 1112/1112/1112 1121/1121/1121
f 1121/1121/1121 1112/1112/1112 1113/1113/1113
f 1121/1121/1121 1113/1113/1113 1122/1122/1122
f 1122/1122/1122 1113/1113/1113 1114/1114/1114
f 1122/1122/1122 1114/1114/1114 1123/1123/1123
f 1123/1123/1123 1114/1114/1114 1115/1115/1115
f 1123/1123/1123 1115/1115/1115 1124/1124/1124
f 1124/1124/1124 1115/1115/1115 1116/1116/1116
f 1124/1124/1124 1116/1116/1116 1125/1125/1125
f 1125/1125/1125 1116/1116/1116 1117/1117/1117
f 1125/1125/1125 1117/1117/1117 1126/1126/1126
f 1126/1126/1126 1117/1117/1117 1118/1118/1118
f 1126/1126/1126 1118/1118/1118 1127/1127/1127
f 1127/1127/1127 1118/1118/1118 1119/1119/1119
f 1127/1127/1127 1119/1119/1119 1128/1128/1128
f 1128/1128/1128 1119/1119/1119 1120/1120/1120
f 1128/1128/1128 1120/1120/1120 1129/1129/1129
f 1129/1129/1129 1120/1120/1120 1121/1121/1121
f 1129/1129/1129 1121/1121/1121 1130/1130/1130
f 1130/1130/1130 1121/1121/1121 1122/1122/1122
f 1130/1130/1130 1122/1122/1122 1131/1131/1131
f 1131/1131/1131 1122/1122/1122 1123/1123/1123
f 1131/1131/1131 1123/1123/1123 1132/1132/1132
f 1132/1132/1132 1123/1123/1123 1124/1124/1124
f 1132/1132/1132 1124/1124/1124 1133/1133/1133
f 1133/1133/1133 1124/1124/1124 1125/1125/1125
f 1133/1133/1133 1125/1125/1125 1134/1134/1134
f 1134/1134/1134 1125/1125/1125 1126/1126/1126
f 1134/1134/1134 1126/1126/1126 1135/1135/1135
f 1135/1135/1135 1126/1126/1126 1127/1127/1127
f 1135/1135/1135 1127/1127/1127 1136/1136/1136
f 1136/1136/1136 1127/1127/1127 1128/1128/1128
f 1136/1136/1136 1128/1128/1128 1137/1137/1137
f 1137/1137/1137 1128/1128/1128 1129/1129/1129
f 1137/1137/1137 1129/1129/1129 1138/1138/1138
f 1138/1138/1138 1129/1129/1129 1130/1130/1130
f 1138/1138/1138 1130/1130/1130 1139/1139/1139
f 1139/1139/1139 1130/1130/1130 1131/1131/1131
f 1139/1139/1139 1131/1131/1131 1140/1140/1140
f 1140/1140/1140 1131/1131/1131 1132/1132/1132
f 1140/1140/1140 1132/1132/1132 1141/1141/1141
f 1141/1141/1141 1132/1132/1132 1133/1133/1133
f 1141/1141/1141 1133/1133/1133 1142/1142/1142
f 1142/1142/1142 1133/1133/1133 1134/1134/1134
f 1142/1142/1142 1134/1134/1134 1143/1143/1143
f 1143/1143/1143 1134/1134/1134 1135/1135/1135
f 1143/1143/1143 1135/1135/1135 1144/1144/1144
f 1144/1144/1144 1135/1135/1135 1136/1136/1136
f 1144/1144/1144 1136/1136/1136 1145/1145/1145
f 1145/1145/1145 1136/1136/1136 1137/1137/1137
f 1145/1145/1145 1137/1137/1137 1146/1146/1146
f 1146/1146/1146 1137/1137/1137 1138/1138/1138
f 1146/1146/1146 1138/1138/1138 1147/1147/1147
f 1147/1147/1147 1138/1138/1138 1139/1139/1139
f 1147/1147/1147 1139/1139/1139 1148/1148/1148
f 1148/1148/1148 1139/1139/1139 1140/1140/1140
f 1148/1148/1148 1140/1140/1140 1149/1149/1149
f 1149/1149/1149 1140/1140/1140 1141/1141/1141
f 1149/1149/1149 1141/1141/1141 1150/1150/1150
f 1150/1150/1150 1141/1141/1141 1142/1142/1142
f 1150/1150/1150 1142/1142/1142 1151/1151/1151
f 1151/1151/1151 1142/1142/1142 1143/1143/1143
f 1151/1151/1151 1143/1143/1143 1152/1152/1152
f 1152/1152/1152 1143/1143/1143 1144/1144/1144
f 1152/1152/1152 1144/1144/1144 1153/1153/1153
f 1153/1153/1153 1144/1144/1144 1145/1145/1145
f 1153/1153/1153 1145/1145/1145 1154/1154/1154
f 1154/1154/1154 1145/1145/1145 1146/1146/1146
f 1154/1154/1154 1146/1146/1146 1155/1155/1155
f 1155/1155/1155 1146/1146/1146 1147/1147/1147
f 1155/1155/1155 1147/1147/1147 1156/1156/1156
f 1156/1156/1156 1147/1147/1147 1148/1148/1148
f 1156/1156/1156 1148/1148/1148 1157/1157/1157
f 1157/1157/1157 1148/1148/1148 1149/1149/1149
f 1157/1157/1157 1149/1149/1149 1158/1158/1158
f 1158/1158/1158 1149/1149/1149 1150/1150/1150
f 1158/1158/1158 1150/1150/1150 1159/1159/1159
f 1159/1159/1159 1150/1150/1150 1151/1151/1151
f 1159/1159/1159 1151/1151/1151 1160/1160/1160
f 1162/1162/1162 1161/1161/1161 1163/1163/1163
f 1163/1163/1163 1164/1164/1164 1165/1165/1165
f 1165/1165/1165 1166/1166/1166 1167/1167/1167
f 1167/1167/1167 1168/1168/1168 1169/1169/1169
f 1169/1169/1169 1170/1170/1170 1171/1171/1171
f 1171/1171/1171 1172/1172/1172 1173/1173/1173
f 1173/1173/1173 1174/1174/1174 1175/1175/1175
f 1175/1175/1175 1176/1176/1176 1177/1177/1177
f 1177/1177/1177 1176/1176/1176 1162/1162/1162
f 1177/1177/1177 1162/1162/1162 1178/1178/1178
f 1178/1178/1178 1162/1162/1162 1163/1163/1163
f 1178/1178/1178 1163/1163/1163 1179/1179/1179
f 1179/1179/1179 1163/1163/1163 1165/1165/1165
f 1179/1179/1179 1165/1165/1165 1180/1180/1180
f 1180/1180/1180 1165/1165/1165 1167/1167/1167
f 1180/1180/1180 1167/1167/1167 1181/1181/1181
f 1181/1181/1181 1167/1167/1167 1169/1169/1169
f 1181/1181/1181 1169/1169/1169 1182/1182/1182
f 1182/1182/1182 1169/1169/1169 1171/1171/1171
f 1182/1182/1182 1171/1171/1171 1183/1183/1183
f 1183/1183/1183 1171/1171/1171 1173/1173/1173
f 1183/1183/1183 1173/1173/1173 1184/1184/1184
f 1184/1184/1184 1173/1173/1173 1175/1175/1175
f 1184/1184/1184 1175/1175/1175 1185/1185/1185
f 1185/1185/1185 1175/1175/1175 1177/1177/1177
f 1185/1185/1185 1177/1177/1177 1186/1186/1186
f 1187/1187/1187 1178/1178/1178 1179/1179/1179
f 1187/1187/1187 1179/1179/1179 1188/1188/1188
f 1188/1188/1188 1179/1179/1179 1180/1180/1180
f 1188/1188/1188 1180/1180/1180 1189/1189/1189
f 1189/1189/1189 1180/1180/1180 1181/1181/1181
f 1189/1189/1189 1181/1181/1181 1190/1190/1190
f 1190/1190/1190 1181/1181/1181 1182/1182/1182
f 1190/1190/1190 1182/1182/1182 1191/1191/1191
f 1191/1191/1191 1182/1182/1182 1183/1183/1183
f 1191/1191/1191 1183/1183/1183 1192/1192/1192
f 1192/1192/1192 1183/1183/1183 1184/1184/1184
f 1192/1192/1192 1184/1184/1184 1193/1193/1193
f 1193/1193/1193 1184/1184/1184 1185/1185/1185
f 1193/1193/1193 1185/1185/1185 1194/1194/1194
f 1194/1194/1194 1185/1185/1185 1186/1186/1186
f 1194/1194/1194 1186/1186/1186 1195/1195/1195
f 1195/1195/1195 1186/1186/1186 1187/1187/1187
f 1195/1195/1195 1187/1187/1187 1196/1196/1196
f 1196/1196/1196 1187/1187/1187 1188/1188/1188
f 1196/1196/1196 1188/1188/1188 1197/1197/1197
f 1197/1197/1197 1188/1188/1188 1189/1189/1189
f 1197/1197/1197 1189/1189/1189 1198/1198/1198
f 1198/1198/1198 1189/1189/1189 1190/1190/1190
f 1198/1198/1198 1190/1190/1190 1199/1199/1199
f 1199/1199/1199 1190/1190/1190 1191/1191/1191
f 1199/1199/1199 1191/1191/1191 1200/1200/1200
f 1200/1200/1200 1191/1191/1191 1192/1192/1192
f 1200/1200/1200 1192/1192/1192 1201/1201/1201
f 1201/1201/1201 1192/1192/1192 1193/1193/1193
f 1201/1201/1201 1193/1193/1193 1202/1202/1202
f 1202/1202/1202 1193/1193/1193 1194/1194/1194
f 1202/1202/1202 1194/1194/1194 1203/1203/1203
f 1203/1203/1203 1194/1194/1194 1195/1195/1195
f 1203/1203/1203 1195/1195/1195 1204/1204/1204
f 1205/1205/1205 1196/1196/1196 1197/1197/1197
f 1205/1205/1205 1197/1197/1197 1206/1206/1206
f 1206/1206/1206 1197/1197/1197 1198/1198/1198
f 1206/1206/1206 1198/1198/1198 1207/1207/1207
f 1207/1207/1207 1198/1198/1198 1199/1199/1199
f 1207/1207/1207 1199/1199/1199 1208/1208/1208
f 1208/1208/1208 1199/1199/1199 1200/1200/1200
f 1208/1208/1208 1200/1200/1200 1209/1209/1209
f 1209/1209/1209 1200/1200/1200 1201/1201/1201
f 1209/1209/1209 1201/1201/1201 1210/1210/1210
f 1210/1210/1210 1201/1201/1201 1202/1202/1202
f 1210/1210/1210 1202/1202/1202 1211/1211/1211
f 1211/1211/1211 1202/1202/1202 1203/1203/1203
f 1211/1211/1211 1203/1203/1203 1212/1212/1212
f 1212/1212/1212 1203/1203/1203 1204/1204/1204
f 1212/1212/1212 1204/1204/1204 1213/1213/1213
f 1213/1213/1213 1204/1204/1204 1205/1205/1205
f 1213/1213/1213 1205/1205/1205 1214/1214/1214
f 1214/1214/1214 1205/1205/1205 1206/1206/1206
f 1214/1214/1214 1206/1206/1206 1215/1215/1215
f 1215/1215/1215 1206/1206/1206 1207/1207/1207
f 1215/1215/1215 1207/1207/1207 1216/1216/1216
f 1216/1216/1216 1207/1207/1207 1208/1208/1208
f 1216/1216/1216 1208/1208/1208 1217/1217/1217
f 1217/1217/1217 1208/1208/1208 1209/1209/1209
f 1217/1217/1217 1209/1209/1209 1218/1218/1218
f 1218/1218/1218 1209/1209/1209 1210/1210/1210
f 1218/1218/1218 1210/1210/1210 1219/1219/1219
f 1219/1219/1219 1210/1210/1210 1211/1211/1211
f 1219/1219/1219 1211/1211/1211 1220/1220/1220
f 1220/1220/1220 1211/1211/1211 1212/1212/1212
f 1220/1220/1220 1212/1212/1212 1221/1221/1221
f 1221/1221/1221 1212/1212/1212 1213/1213/1213
f 1221/1221/1221 1213/1213/1213 1222/1222/1222
f 1222/1222/1222 1213/1213/1213 1214/1214/1214
f 1222/1222/1222 1214/1214/1214 1223/1223/1223
f 1223/1223/1223 1214/1214/1214 1215/1215/1215
f 1223/1223/1223 1215/1215/1215 1224/1224/1224
f 1224/1224/1224 1215/1215/1215 1216/1216/1216
f 1224/1224/1224 1216/1216/1216 1225/1225/1225
f 1225/1225/1225 1216/1216/1216 1217/1217/1217
f 1225/1225/1225 1217/1217/1217 1226/1226/1226
f 1226/1226/1226 1217/1217/1217 1218/1218/1218
f 1226/1226/1226 1218/1218/1218 1227/1227/1227
f 1227/1227/1227 1218/1218/1218 1219/1219/1219
f 1227/1227/1227 1219/1219/1219 1228/1228/1228
f 1228/1228/1228 1219/1219/1219 1220/1220/1220
f 1228/1228/1228 1220/1220/1220 1229/1229/1229
f 1229/1229/1229 1220/1220/1220 1221/1221/1221
f 1229/1229/1229 1221/1221/1221 1230/1230/1230
f 1230/1230/1230 1221/1221/1221 1222/1222/1222
f 1230/1230/1230 1222/1222/1222 1231/1231/1231
f 1231/1231/1231 1222/1222/1222 1223/1223/1223
f 1231/1231/1231 1223/1223/1223 1232/1232/1232
f 1232/1232/1232 1223/1223/1223 1224/1224/1224
f 1232/1232/1232 1224/1224/1224 1233/1233/1233
f 1233/1233/1233 1224/1224/1224 1225/1225/1225
f 1233/1233/1233 1225/1225/1225 1234/1234/1234
f 1234/1234/1234 1225/1225/1225 1226/1226/1226
f 1235/1235/1235 1226/1226/1226 1227/1227/1227
f 1236/1236/1236 1227/1227/1227 1228/1228/1228
f 1236/1236/1236 1228/1228/1228 1237/1237/1237
f 1237/1237/1237 1228/1228/1228 1229/1229/1229
f 1237/1237/1237 1229/1229/1229 1238/1238/1238
f 1238/1238/1238 1229/1229/1229 1230/1230/1230
f 1239/1239/1239 1230/1230/1230 1231/1231/1231

g palmtree02_basecolor
usemtl palmtree02_basecolor
f 1241/1241/1241 1240/1240/1240 1242/1242/1242
f 1240/1240/1240 1243/1243/1243 1242/1242/1242
f 1243/1243/1243 1244/1244/1244 1242/1242/1242
f 1242/1242/1242 1244/1244/1244 1245/1245/1245
f 1245/1245/1245 1244/1244/1244 1246/1246/1246
f 1244/1244/1244 1247/1247/1247 1246/1246/1246
f 1247/1247/1247 1248/1248/1248 1246/1246/1246
f 1246/1246/1246 1248/1248/1248 1249/1249/1249
f 1250/1250/1250 1241/1241/1241 1251/1251/1251
f 1241/1241/1241 1242/1242/1242 1251/1251/1251
f 1242/1242/1242 1245/1245/1245 1251/1251/1251
f 1251/1251/1251 1245/1245/1245 1252/1252/1252
f 1252/1252/1252 1245/1245/1245 1253/1253/1253
f 1245/1245/1245 1246/1246/1246 1253/1253/1253
f 1246/1246/1246 1249/1249/1249 1253/1253/1253
f 1253/1253/1253 1249/1249/1249 1254/1254/1254
f 1255/1255/1255 1250/1250/1250 1256/1256/1256
f 1250/1250/1250 1251/1251/1251 1256/1256/1256
f 1251/1251/1251 1252/1252/1252 1256/1256/1256
f 1256/1256/1256 1252/1252/1252 1257/1257/1257
f 1257/1257/1257 1252/1252/1252 1258/1258/1258
f 1252/1252/1252 1253/1253/1253 1258/1258/1258
f 1253/1253/1253 1254/1254/1254 1258/1258/1258
f 1258/1258/1258 1254/1254/1254 1259/1259/1259
f 1260/1260/1260 1255/1255/1255 1261/1261/1261
f 1255/1255/1255 1256/1256/1256 1261/1261/1261
f 1256/1256/1256 1257/1257/1257 1261/1261/1261
f 1261/1261/1261 1257/1257/1257 1262/1262/1262
f 1262/1262/1262 1257/1257/1257 1263/1263/1263
f 1257/1257/1257 1258/1258/1258 1263/1263/1263
f 1258/1258/1258 1259/1259/1259 1263/1263/1263
f 1263/1263/1263 1259/1259/1259 1264/1264/1264
f 1265/1265/1265 1260/1260/1260 1266/1266/1266
f 1260/1260/1260 1261/1261/1261 1266/1266/1266
f 1261/1261/1261 1262/1262/1262 1266/1266/1266
f 1266/1266/1266 1262/1262/1262 1267/1267/1267
f 1267/1267/1267 1262/1262/1262 1268/1268/1268
f 1262/1262/1262 1263/1263/1263 1268/1268/1268
f 1263/1263/1263 1264/1264/1264 1268/1268/1268
f 1268/1268/1268 1264/1264/1264 1269/1269/1269
f 1270/1270/1270 1265/1265/1265 1271/1271/1271
f 1265/1265/1265 1266/1266/1266 1271/1271/1271
f 1266/1266/1266 1267/1267/1267 1271/1271/1271
f 1271/1271/1271 1267/1267/1267 1272/1272/1272
f 1272/1272/1272 1267/1267/1267 1273/1273/1273
f 1267/1267/1267 1268/1268/1268 1273/1273/1273
f 1268/1268/1268 1269/1269/1269 1273/1273/1273
f 1273/1273/1273 1269/1269/1269 1274/1274/1274
f 1275/1275/1275 1270/1270/1270 1276/1276/1276
f 1270/1270/1270 1271/1271/1271 1276/1276/1276
f 1271/1271/1271 1272/1272/1272 1276/1276/1276
f 1276/1276/1276 1272/1272/1272 1277/1277/1277
f 1277/1277/1277 1272/1272/1272 1278/1278/1278
f 1272/1272/1272 1273/1273/1273 1278/1278/1278
f 1273/1273/1273 1274/1274/1274 1278/1278/1278
f 1278/1278/1278 1274/1274/1274 1279/1279/1279
f 1280/1280/1280 1275/1275/1275 1281/1281/1281
f 1275/1275/1275 1276/1276/1276 1281/1281/1281
f 1276/1276/1276 1277/1277/1277 1281/1281/1281
f 1281/1281/1281 1277/1277/1277 1282/1282/1282
f 1282/1282/1282 1277/1277/1277 1283/1283/1283
f 1277/1277/1277 1278/1278/1278 1283/1283/1283
f 1278/1278/1278 1279/1279/1279 1283/1283/1283
f 1283/1283/1283 1279/1279/1279 1284/1284/1284
f 1285/1285/1285 1280/1280/1280 1286/1286/1286
f 1280/1280/1280 1281/1281/1281 1286/1286/1286
f 1281/1281/1281 1282/1282/1282 1286/1286/1286
f 1286/1286/1286 1282/1282/1282 1287/1287/1287
f 1287/1287/1287 1282/1282/1282 1288/1288/1288
f 1282/1282/1282 1283/1283/1283 1288/1288/1288
f 1283/1283/1283 1284/1284/1284 1288/1288/1288
f 1288/1288/1288 1284/1284/1284 1289/1289/1289
f 1290/1290/1290 1285/1285/1285 1291/1291/1291
f 1285/1285/1285 1286/1286/1286 1291/1291/1291
f 1286/1286/1286 1287/1287/1287 1291/1291/1291
f 1291/1291/1291 1287/1287/1287 1292/1292/1292
f 1292/1292/1292 1287/1287/1287 1293/1293/1293
f 1287/1287/1287 1288/1288/1288 1293/1293/1293
f 1288/1288/1288 1289/1289/1289 1293/1293/1293
f 1293/1293/1293 1289/1289/1289 1294/1294/1294
f 1295/1295/1295 1290/1290/1290 1296/1296/1296
f 1290/1290/1290 1291/1291/1291 1296/1296/1296
f 1291/1291/1291 1292/1292/1292 1296/1296/1296
f 1296/1296/1296 1292/1292/1292 1297/1297/1297
f 1297/1297/1297 1292/1292/1292 1298/1298/1298
f 1292/1292/1292 1293/1293/1293 1298/1298/1298
f 1293/1293/1293 1294/1294/1294 1298/1298/1298
f 1298/1298/1298 1294/1294/1294 1299/1299/1299
f 1301/1301/1301 1300/1300/1300 1302/1302/1302
f 1300/1300/1300 1303/1303/1303 1302/1302/1302
f 1303/1303/1303 1304/1304/1304 1302/1302/1302
f 1302/1302/1302 1304/1304/1304 1305/1305/1305
f 1305/1305/1305 1304/1304/1304 1306/1306/1306
f 1304/1304/1304 1307/1307/1307 1306/1306/1306
f 1307/1307/1307 1308/1308/1308 1306/1306/1306
f 1306/1306/1306 1308/1308/1308 1309/1309/1309
f 1310/1310/1310 1301/1301/1301 1311/1311/1311
f 1301/1301/1301 1302/1302/1302 1311/1311/1311
f 1302/1302/1302 1305/1305/1305 1311/1311/1311
f 1311/1311/1311 1305/1305/1305 1312/1312/1312
f 1312/1312/1312 1305/1305/1305 1313/1313/1313
f 1305/1305/1305 1306/1306/1306 1313/1313/1313
f 1306/1306/1306 1309/1309/1309 1313/1313/1313
f 1313/1313/1313 1309/1309/1309 1314/1314/1314
f 1315/1315/1315 1310/1310/1310 1316/1316/1316
f 1310/1310/1310 1311/1311/1311 1316/1316/1316
f 1311/1311/1311 1312/1312/1312 1316/1316/1316
f 1316/1316/1316 1312/1312/1312 1317/1317/1317
f 1317/1317/1317 1312/1312/1312 1318/1318/1318
f 1312/1312/1312 1313/1313/1313 1318/1318/1318
f 1313/1313/1313 1314/1314/1314 1318/1318/1318
f 1318/1318/1318 1314/1314/1314 1319/1319/1319
f 1320/1320/1320 1315/1315/1315 1321/1321/1321
f 1315/1315/1315 1316/1316/1316 1321/1321/1321
f 1316/1316/1316 1317/1317/1317 1321/1321/1321
f 1321/1321/1321 1317/1317/1317 1322/1322/1322
f 1322/1322/1322 1317/1317/1317 1323/1323/1323
f 1317/1317/1317 1318/1318/1318 1323/1323/1323
f 1318/1318/1318 1319/1319/1319 1323/1323/1323
f 1323/1323/1323 1319/1319/1319 1324/1324/1324
f 1325/1325/1325 1320/1320/1320 1326/1326/1326
f 1320/1320/1320 1321/1321/1321 1326/1326/1326
f 1321/1321/1321 1322/1322/1322 1326/1326/1326
f 1326/1326/1326 1322/1322/1322 1327/1327/1327
f 1327/1327/1327 1322/1322/1322 1328/1328/1328
f 1322/1322/1322 1323/1323/1323 1328/1328/1328
f 1323/1323/1323 1324/1324/1324 1328/1328/1328
f 1328/1328/1328 1324/1324/1324 1329/1329/1329
f 1330/1330/1330 1325/1325/1325 1331/1331/1331
f 1325/1325/1325 1326/1326/1326 1331/1331/1331
f 1326/1326/1326 1327/1327/1327 1331/1331/1331
f 1331/1331/1331 1327/1327/1327 1332/1332/1332
f 1332/1332/1332 1327/1327/1327 1333/1333/1333
f 1327/1327/1327 1328/1328/1328 1333/1333/1333
f 1328/1328/1328 1329/1329/1329 1333/1333/1333
f 1333/1333/1333 1329/1329/1329 1334/1334/1334
f 1335/1335/1335 1330/1330/1330 1336/1336/1336
f 1330/1330/1330 1331/1331/1331 1336/1336/1336
f 1331/1331/1331 1332/1332/1332 1336/1336/1336
f 1336/1336/1336 1332/1332/1332 1337/1337/1337
f 1337/1337/1337 1332/1332/1332 1338/1338/1338
f 1332/1332/1332 1333/1333/1333 1338/1338/1338
f 1333/1333/1333 1334/1334/1334 1338/1338/1338
f 1338/1338/1338 1334/1334/1334 1339/1339/1339
f 1340/1340/1340 1335/1335/1335 1341/1341/1341
f 1335/1335/1335 1336/1336/1336 1341/1341/1341
f 1336/1336/1336 1337/1337/1337 1341/1341/1341
f 1341/1341/1341 1337/1337/1337 1342/1342/1342
f 1342/1342/1342 1337/1337/1337 1343/1343/1343
f 1337/1337/1337 1338/1338/1338 1343/1343/1343
f 1338/1338/1338 1339/1339/1339 1343/1343/1343
f 1343/1343/1343 1339/1339/1339 1344/1344/1344
f 1345/1345/1345 1340/1340/1340 1346/1346/1346
f 1340/1340/1340 1341/1341/1341 1346/1346/1346
f 1341/1341/1341 1342/1342/1342 1346/1346/1346
f 1346/1346/1346 1342/1342/1342 1347/1347/1347
f 1347/1347/1347 1342/1342/1342 1348/1348/1348
f 1342/1342/1342 1343/1343/1343 1348/1348/1348
f 1343/1343/1343 1344/1344/1344 1348/1348/1348
f 1348/1348/1348 1344/1344/1344 1349/1349/1349
f 1350/1350/1350 1345/1345/1345 1351/1351/1351
f 1345/1345/1345 1346/1346/1346 1351/1351/1351
f 1346/1346/1346 1347/1347/1347 1351/1351/1351
f 1351/1351/1351 1347/1347/1347 1352/1352/1352
f 1352/1352/1352 1347/1347/1347 1353/1353/1353
f 1347/1347/1347 1348/1348/1348 1353/1353/1353
f 1348/1348/1348 1349/1349/1349 1353/1353/1353
f 1353/1353/1353 1349/1349/1349 1354/1354/1354
f 1355/1355/1355 1350/1350/1350 1356/1356/1356
f 1350/1350/1350 1351/1351/1351 1356/1356/1356
f 1351/1351/1351 1352/1352/1352 1356/1356/1356
f 1356/1356/1356 1352/1352/1352 1357/1357/1357
f 1357/1357/1357 1352/1352/1352 1358/1358/1358
f 1352/1352/1352 1353/1353/1353 1358/1358/1358
f 1353/1353/1353 1354/1354/1354 1358/1358/1358
f 1358/1358/1358 1354/1354/1354 1359/1359/1359
f 1361/1361/1361 1360/1360/1360 1362/1362/1362
f 1360/1360/1360 1363/1363/1363 1362/1362/1362
f 1363/1363/1363 1364/1364/1364 1362/1362/1362
f 1362/1362/1362 1364/1364/1364 1365/1365/1365
f 1365/1365/1365 1364/1364/1364 1366/1366/1366
f 1364/1364/1364 1367/1367/1367 1366/1366/1366
f 1367/1367/1367 1368/1368/1368 1366/1366/1366
f 1366/1366/1366 1368/1368/1368 1369/1369/1369
f 1370/1370/1370 1361/1361/1361 1371/1371/1371
f 1361/1361/1361 1362/1362/1362 1371/1371/1371
f 1362/1362/1362 1365/1365/1365 1371/1371/1371
f 1371/1371/1371 1365/1365/1365 1372/1372/1372
f 1372/1372/1372 1365/1365/1365 1373/1373/1373
f 1365/1365/1365 1366/1366/1366 1373/1373/1373
f 1366/1366/1366 1369/1369/1369 1373/1373/1373
f 1373/1373/1373 1369/1369/1369 1374/1374/1374
f 1375/1375/1375 1370/1370/1370 1376/1376/1376
f 1370/1370/1370 1371/1371/1371 1376/1376/1376
f 1371/1371/1371 1372/1372/1372 1376/1376/1376
f 1376/1376/1376 1372/1372/1372 1377/1377/1377
f 1377/1377/1377 1372/1372/1372 1378/1378/1378
f 1372/1372/1372 1373/1373/1373 1378/1378/1378
f 1373/1373/1373 1374/1374/1374 1378/1378/1378
f 1378/1378/1378 1374/1374/1374 1379/1379/1379
f 1380/1380/1380 1375/1375/1375 1381/1381/1381
f 1375/1375/1375 1376/1376/1376 1381/1381/1381
f 1376/1376/1376 1377/1377/1377 1381/1381/1381
f 1381/1381/1381 1377/1377/1377 1382/1382/1382
f 1382/1382/1382 1377/1377/1377 1383/1383/1383
f 1377/1377/1377 1378/1378/1378 1383/1383/1383
f 1378/1378/1378 1379/1379/1379 1383/1383/1383
f 1383/1383/1383 1379/1379/1379 1384/1384/1384
f 1385/1385/1385 1380/1380/1380 1386/1386/1386
f 1380/1380/1380 1381/1381/1381 1386/1386/1386
f 1381/1381/1381 1382/1382/1382 1386/1386/1386
f 1386/1386/1386 1382/1382/1382 1387/1387/1387
f 1387/1387/1387 1382/1382/1382 1388/1388/1388
f 1382/1382/1382 1383/1383/1383 1388/1388/1388
f 1383/1383/1383 1384/1384/1384 1388/1388/1388
f 1388/1388/1388 1384/1384/1384 1389/1389/1389
f 1390/1390/1390 1385/1385/1385 1391/1391/1391
f 1385/1385/1385 1386/1386/1386 1391/1391/1391
f 1386/1386/1386 1387/1387/1387 1391/1391/1391
f 1391/1391/1391 1387/1387/1387 1392/1392/1392
f 1392/1392/1392 1387/1387/1387 1393/1393/1393
f 1387/1387/1387 1388/1388/1388 1393/1393/1393
f 1388/1388/1388 1389/1389/1389 1393/1393/1393
f 1393/1393/1393 1389/1389/1389 1394/1394/1394
f 1395/1395/1395 1390/1390/1390 1396/1396/1396
f 1390/1390/1390 1391/1391/1391 1396/1396/1396
f 1391/1391/1391 1392/1392/1392 1396/1396/1396
f 1396/1396/1396 1392/1392/1392 1397/1397/1397
f 1397/1397/1397 1392/1392/1392 1398/1398/1398
f 1392/1392/1392 1393/1393/1393 1398/1398/1398
f 1393/1393/1393 1394/1394/1394 1398/1398/1398
f 1398/1398/1398 1394/1394/1394 1399/1399/1399
f 1400/1400/1400 1395/1395/1395 1401/1401/1401
f 1395/1395/1395 1396/1396/1396 1401/1401/1401
f 1396/1396/1396 1397/1397/1397 1401/1401/1401
f 1401/1401/1401 1397/1397/1397 1402/1402/1402
f 1402/1402/1402 1397/1397/1397 1403/1403/1403
f 1397/1397/1397 1398/1398/1398 1403/1403/1403
f 1398/1398/1398 1399/1399/1399 1403/1403/1403
f 1403/1403/1403 1399/1399/1399 1404/1404/1404
f 1405/1405/1405 1400/1400/1400 1406/1406/1406
f 1400/1400/1400 1401/1401/1401 1406/1406/1406
f 1401/1401/1401 1402/1402/1402 1406/1406/1406
f 1406/1406/1406 1402/1402/1402 1407/1407/1407
f 1407/1407/1407 1402/1402/1402 1408/1408/1408
f 1402/1402/1402 1403/1403/1403 1408/1408/1408
f 1403/1403/1403 1404/1404/1404 1408/1408/1408
f 1408/1408/1408 1404/1404/1404 1409/1409/1409
f 1410/1410/1410 1405/1405/1405 1411/1411/1411
f 1405/1405/1405 1406/1406/1406 1411/1411/1411
f 1406/1406/1406 1407/1407/1407 1411/1411/1411
f 1411/1411/1411 1407/1407/1407 1412/1412/1412
f 1412/1412/1412 1407/1407/1407 1413/1413/1413
f 1407/1407/1407 1408/1408/1408 1413/1413/1413
f 1408/1408/1408 1409/1409/1409 1413/1413/1413
f 1413/1413/1413 1409/1409/1409 1414/1414/1414
f 1415/1415/1415 1410/1410/1410 1416/1416/1416
f 1410/1410/1410 1411/1411/1411 1416/1416/1416
f 1411/1411/1411 1412/1412/1412 1416/1416/1416
f 1416/1416/1416 1412/1412/1412 1417/1417/1417
f 1417/1417/1417 1412/1412/1412 1418/1418/1418
f 1412/1412/1412 1413/1413/1413 1418/1418/1418
f 1413/1413/1413 1414/1414/1414 1418/1418/1418
f 1418/1418/1418 1414/1414/1414 1419/1419/1419
f 1421/1421/1421 1420/1420/1420 1422/1422/1422
f 1420/1420/1420 1423/1423/1423 1422/1422/1422
f 1423/1423/1423 1424/1424/1424 1422/1422/1422
f 1422/1422/1422 1424/1424/1424 1425/1425/1425
f 1425/1425/1425 1424/1424/1424 1426/1426/1426
f 1424/1424/1424 1427/1427/1427 1426/1426/1426
f 1427/1427/1427 1428/1428/1428 1426/1426/1426
f 1426/1426/1426 1428/1428/1428 1429/1429/1429
f 1430/1430/1430 1421/1421/1421 1431/1431/1431
f 1421/1421/1421 1422/1422/1422 1431/1431/1431
f 1422/1422/1422 1425/1425/1425 1431/1431/1431
f 1431/1431/1431 1425/1425/1425 1432/1432/1432
f 1432/1432/1432 1425/1425/1425 1433/1433/1433
f 1425/1425/1425 1426/1426/1426 1433/1433/1433
f 1426/1426/1426 1429/1429/1429 1433/1433/1433
f 1433/1433/1433 1429/1429/1429 1434/1434/1434
f 1435/1435/1435 1430/1430/1430 1436/1436/1436
f 1430/1430/1430 1431/1431/1431 1436/1436/1436
f 1431/1431/1431 1432/1432/1432 1436/1436/1436
f 1436/1436/1436 1432/1432/1432 1437/1437/1437
f 1437/1437/1437 1432/1432/1432 1438/1438/1438
f 1432/1432/1432 1433/1433/1433 1438/1438/1438
f 1433/1433/1433 1434/1434/1434 1438/1438/1438
f 1438/1438/1438 1434/1434/1434 1439/1439/1439
f 1440/1440/1440 1435/1435/1435 1441/1441/1441
f 1435/1435/1435 1436/1436/1436 1441/1441/1441
f 1436/1436/1436 1437/1437/1437 1441/1441/1441
f 1441/1441/1441 1437/1437/1437 1442/1442/1442
f 1442/1442/1442 1437/1437/1437 1443/1443/1443
f 1437/1437/1437 1438/1438/1438 1443/1443/1443
f 1438/1438/1438 1439/1439/1439 1443/1443/1443
f 1443/1443/1443 1439/1439/1439 1444/1444/1444
f 1445/1445/1445 1440/1440/1440 1446/1446/1446
f 1440/1440/1440 1441/1441/1441 1446/1446/1446
f 1441/1441/1441 1442/1442/1442 1446/1446/1446
f 1446/1446/1446 1442/1442/1442 1447/1447/1447
f 1447/1447/1447 1442/1442/1442 1448/1448/1448
f 1442/1442/1442 1443/1443/1443 1448/1448/1448
f 1443/1443/1443 1444/1444/1444 1448/1448/1448
f 1448/1448/1448 1444/1444/1444 1449/1449/1449
f 1450/1450/1450 1445/1445/1445 1451/1451/1451
f 1445/1445/1445 1446/1446/1446 1451/1451/1451
f 1446/1446/1446 1447/1447/1447 1451/1451/1451
f 1451/1451/1451 1447/1447/1447 1452/1452/1452
f 1452/1452/1452 1447/1447/1447 1453/1453/1453
f 1447/1447/1447 1448/1448/1448 1453/1453/1453
f 1448/1448/1448 1449/1449/1449 1453/1453/1453
f 1453/1453/1453 1449/1449/1449 1454/1454/1454
f 1455/1455/1455 1450/1450/1450 1456/1456/1456
f 1450/1450/1450 1451/1451/1451 1456/1456/1456
f 1451/1451/1451 1452/1452/1452 1456/1456/1456
f 1456/1456/1456 1452/1452/1452 1457/1457/1457
f 1457/1457/1457 1452/1452/1452 1458/1458/1458
f 1452/1452/1452 1453/1453/1453 1458/1458/1458
f 1453/1453/1453 1454/1454/1454 1458/1458/1458
f 1458/1458/1458 1454/1454/1454 1459/1459/1459
f 1460/1460/1460 1455/1455/1455 1461/1461/1461
f 1455/1455/1455 1456/1456/1456 1461/1461/1461
f 1456/1456/1456 1457/1457/1457 1461/1461/1461
f 1461/1461/1461 1457/1457/1457 1462/1462/1462
f 1462/1462/1462 1457/1457/1457 1463/1463/1463
f 1457/1457/1457 1458/1458/1458 1463/1463/1463
f 1458/1458/1458 1459/1459/1459 1463/1463/1463
f 1463/1463/1463 1459/1459/1459 1464/1464/1464
f 1465/1465/1465 1460/1460/1460 1466/1466/1466
f 1460/1460/1460 1461/1461/1461 1466/1466/1466
f 1461/1461/1461 1462/1462/1462 1466/1466/1466
f 1466/1466/1466 1462/1462/1462 1467/1467/1467
f 1467/1467/1467 1462/1462/1462 1468/1468/1468
f 1462/1462/1462 1463/1463/1463 1468/1468/1468
f 1463/1463/1463 1464/1464/1464 1468/1468/1468
f 1468/1468/1468 1464/1464/1464 1469/1469/1469
f 1470/1470/1470 1465/1465/1465 1471/1471/1471
f 1465/1465/1465 1466/1466/1466 1471/1471/1471
f 1466/1466/1466 1467/1467/1467 1471/1471/1471
f 1471/1471/1471 1467/1467/1467 1472/1472/1472
f 1472/1472/1472 1467/1467/1467 1473/1473/1473
f 1467/1467/1467 1468/1468/1468 1473/1473/1473
f 1468/1468/1468 1469/1469/1469 1473/1473/1473
f 1473/1473/1473 1469/1469/1469 1474/1474/1474
f 1475/1475/1475 1470/1470/1470 1476/1476/1476
f 1470/1470/1470 1471/1471/1471 1476/1476/1476
f 1471/1471/1471 1472/1472/1472 1476/1476/1476
f 1476/1476/1476 1472/1472/1472 1477/1477/1477
f 1477/1477/1477 1472/1472/1472 1478/1478/1478
f 1472/1472/1472 1473/1473/1473 1478/1478/1478
f 1473/1473/1473 1474/1474/1474 1478/1478/1478
f 1478/1478/1478 1474/1474/1474 1479/1479/1479
f 1481/1481/1481 1480/1480/1480 1482/1482/1482
f 1480/1480/1480 1483/1483/1483 1482/1482/1482
f 1483/1483/1483 1484/1484/1484 1482/1482/1482
f 1482/1482/1482 1484/1484/1484 1485/1485/1485
f 1485/1485/1485 1484/1484/1484 1486/1486/1486
f 1484/1484/1484 1487/1487/1487 1486/1486/1486
f 1487/1487/1487 1488/1488/1488 1486/1486/1486
f 1486/1486/1486 1488/1488/1488 1489/1489/1489
f 1490/1490/1490 1481/1481/1481 1491/1491/1491
f 1481/1481/1481 1482/1482/1482 1491/1491/1491
f 1482/1482/1482 1485/1485/1485 1491/1491/1491
f 1491/1491/1491 1485/1485/1485 1492/1492/1492
f 1492/1492/1492 1485/1485/1485 1493/1493/1493
f 1485/1485/1485 1486/1486/1486 1493/1493/1493
f 1486/1486/1486 1489/1489/1489 1493/1493/1493
f 1493/1493/1493 1489/1489/1489 1494/1494/1494
f 1495/1495/1495 1490/1490/1490 1496/1496/1496
f 1490/1490/1490 1491/1491/1491 1496/1496/1496
f 1491/1491/1491 1492/1492/1492 1496/1496/1496
f 1496/1496/1496 1492/1492/1492 1497/1497/1497
f 1497/1497/1497 1492/1492/1492 1498/1498/1498
f 1492/1492/1492 1493/1493/1493 1498/1498/1498
f 1493/1493/1493 1494/1494/1494 1498/1498/1498
f 1498/1498/1498 1494/1494/1494 1499/1499/1499
f 1500/1500/1500 1495/1495/1495 1501/1501/1501
f 1495/1495/1495 1496/1496/1496 1501/1501/1501
f 1496/1496/1496 1497/1497/1497 1501/1501/1501
f 1501/1501/1501 1497/1497/1497 1502/1502/1502
f 1502/1502/1502 1497/1497/1497 1503/1503/1503
f 1497/1497/1497 1498/1498/1498 1503/1503/1503
f 1498/1498/1498 1499/1499/1499 1503/1503/1503
f 1503/1503/1503 1499/1499/1499 1504/1504/1504
f 1505/1505/1505 1500/1500/1500 1506/1506/1506
f 1500/1500/1500 1501/1501/1501 1506/1506/1506
f 1501/1501/1501 1502/1502/1502 1506/1506/1506
f 1506/1506/1506 1502/1502/1502 1507/1507/1507
f 1507/1507/1507 1502/1502/1502 1508/1508/1508
f 1502/1502/1502 1503/1503/1503 1508/1508/1508
f 1503/1503/1503 1504/1504/1504 1508/1508/1508
f 1508/1508/1508 1504/1504/1504 1509/1509/1509
f 1510/1510/1510 1505/1505/1505 1511/1511/1511
f 1505/1505/1505 1506/1506/1506 1511/1511/1511
f 1506/1506/1506 1507/1507/1507 1511/1511/1511
f 1511/1511/1511 1507/1507/1507 1512/1512/1512
f 1512/1512/1512 1507/1507/1507 1513/1513/1513
f 1507/1507/1507 1508/1508/1508 1513/1513/1513
f 1508/1508/1508 1509/1509/1509 1513/1513/1513
f 1513/1513/1513 1509/1509/1509 1514/1514/1514
f 1515/1515/1515 1510/1510/1510 1516/1516/1516
f 1510/1510/1510 1511/1511/1511 1516/1516/1516
f 1511/1511/1511 1512/1512/1512 1516/1516/1516
f 1516/1516/1516 1512/1512/1512 1517/1517/1517
f 1517/1517/1517 1512/1512/1512 1518/1518/1518
f 1512/1512/1512 1513/1513/1513 1518/1518/1518
f 1513/1513/1513 1514/1514/1514 1518/1518/1518
f 1518/1518/1518 1514/1514/1514 1519/1519/1519
f 1520/1520/1520 1515/1515/1515 1521/1521/1521
f 1515/1515/1515 1516/1516/1516 1521/1521/1521
f 1516/1516/1516 1517/1517/1517 1521/1521/1521
f 1521/1521/1521 1517/1517/1517 1522/1522/1522
f 1522/1522/1522 1517/1517/1517 1523/1523/1523
f 1517/1517/1517 1518/1518/1518 1523/1523/1523
f 1518/1518/1518 1519/1519/1519 1523/1523/1523
f 1523/1523/1523 1519/1519/1519 1524/1524/1524
f 1525/1525/1525 1520/1520/1520 1526/1526/1526
f 1520/1520/1520 1521/1521/1521 1526/1526/1526
f 1521/1521/1521 1522/1522/1522 1526/1526/1526
f 1526/1526/1526 1522/1522/1522 1527/1527/1527
f 1527/1527/1527 1522/1522/1522 1528/1528/1528
f 1522/1522/1522 1523/1523/1523 1528/1528/1528
f 1523/1523/1523 1524/1524/1524 1528/1528/1528
f 1528/1528/1528 1524/1524/1524 1529/1529/1529
f 1530/1530/1530 1525/1525/1525 1531/1531/1531
f 1525/1525/1525 1526/1526/1526 1531/1531/1531
f 1526/1526/1526 1527/1527/1527 1531/1531/1531
f 1531/1531/1531 1527/1527/1527 1532/1532/1532
f 1532/1532/1532 1527/1527/1527 1533/1533/1533
f 1527/1527/1527 1528/1528/1528 1533/1533/1533
f 1528/1528/1528 1529/1529/1529 1533/1533/1533
f 1533/1533/1533 1529/1529/1529 1534/1534/1534
f 1535/1535/1535 1530/1530/1530 1536/1536/1536
f 1530/1530/1530 1531/1531/1531 1536/1536/1536
f 1531/1531/1531 1532/1532/1532 1536/1536/1536
f 1536/1536/1536 1532/1532/1532 1537/1537/1537
f 1537/1537/1537 1532/1532/1532 1538/1538/1538
f 1532/1532/1532 1533/1533/1533 1538/1538/1538
f 1533/1533/1533 1534/1534/1534 1538/1538/1538
f 1538/1538/1538 1534/1534/1534 1539/1539/1539
f 1541/1541/1541 1540/1540/1540 1542/1542/1542
f 1540/1540/1540 1543/1543/1543 1542/1542/1542
f 1543/1543/1543 1544/1544/1544 1542/1542/1542
f 1542/1542/1542 1544/1544/1544 1545/1545/1545
f 1545/1545/1545 1544/1544/1544 1546/1546/1546
f 1544/1544/1544 1547/1547/1547 1546/1546/1546
f 1547/1547/1547 1548/1548/1548 1546/1546/1546
f 1546/1546/1546 1548/1548/1548 1549/1549/1549
f 1550/1550/1550 1541/1541/1541 1551/1551/1551
f 1541/1541/1541 1542/1542/1542 1551/1551/1551
f 1542/1542/1542 1545/1545/1545 1551/1551/1551
f 1551/1551/1551 1545/1545/1545 1552/1552/1552
f 1552/1552/1552 1545/1545/1545 1553/1553/1553
f 1545/1545/1545 1546/1546/1546 1553/1553/1553
f 1546/1546/1546 1549/1549/1549 1553/1553/1553
f 1553/1553/1553 1549/1549/1549 1554/1554/1554
f 1555/1555/1555 1550/1550/1550 1556/1556/1556
f 1550/1550/1550 1551/1551/1551 1556/1556/1556
f 1551/1551/1551 1552/1552/1552 1556/1556/1556
f 1556/1556/1556 1552/1552/1552 1557/1557/1557
f 1557/1557/1557 1552/1552/1552 1558/1558/1558
f 1552/1552/1552 1553/1553/1553 1558/1558/1558
f 1553/1553/1553 1554/1554/1554 1558/1558/1558
f 1558/1558/1558 1554/1554/1554 1559/1559/1559
f 1560/1560/1560 1555/1555/1555 1561/1561/1561
f 1555/1555/1555 1556/1556/1556 1561/1561/1561
f 1556/1556/1556 1557/1557/1557 1561/1561/1561
f 1561/1561/1561 1557/1557/1557 1562/1562/1562
f 1562/1562/1562 1557/1557/1557 1563/1563/1563
f 1557/1557/1557 1558/1558/1558 1563/1563/1563
f 1558/1558/1558 1559/1559/1559 1563/1563/1563
f 1563/1563/1563 1559/1559/1559 1564/1564/1564
f 1565/1565/1565 1560/1560/1560 1566/1566/1566
f 1560/1560/1560 1561/1561/1561 1566/1566/1566
f 1561/1561/1561 1562/1562/1562 1566/1566/1566
f 1566/1566/1566 1562/1562/1562 1567/1567/1567
f 1567/1567/1567 1562/1562/1562 1568/1568/1568
f 1562/1562/1562 1563/1563/1563 1568/1568/1568
f 1563/1563/1563 1564/1564/1564 1568/1568/1568
f 1568/1568/1568 1564/1564/1564 1569/1569/1569
f 1570/1570/1570 1565/1565/1565 1571/1571/1571
f 1565/1565/1565 1566/1566/1566 1571/1571/1571
f 1566/1566/1566 1567/1567/1567 1571/1571/1571
f 1571/1571/1571 1567/1567/1567 1572/1572/1572
f 1572/1572/1572 1567/1567/1567 1573/1573/1573
f 1567/1567/1567 1568/1568/1568 1573/1573/1573
f 1568/1568/1568 1569/1569/1569 1573/1573/1573
f 1573/1573/1573 1569/1569/1569 1574/1574/1574
f 1575/1575/1575 1570/1570/1570 1576/1576/1576
f 1570/1570/1570 1571/1571/1571 1576/1576/1576
f 1571/1571/1571 1572/1572/1572 1576/1576/1576
f 1576/1576/1576 1572/1572/1572 1577/1577/1577
f 1577/1577/1577 1572/1572/1572 1578/1578/1578
f 1572/1572/1572 1573/1573/1573 1578/1578/1578
f 1573/1573/1573 1574/1574/1574 1578/1578/1578
f 1578/1578/1578 1574/1574/1574 1579/1579/1579
f 1580/1580/1580 1575/1575/1575 1581/1581/1581
f 1575/1575/1575 1576/1576/1576 1581/1581/1581
f 1576/1576/1576 1577/1577/1577 1581/1581/1581
f 1581/1581/1581 1577/1577/1577 1582/1582/1582
f 1582/1582/1582 1577/1577/1577 1583/1583/1583
f 1577/1577/1577 1578/1578/1578 1583/1583/1583
f 1578/1578/1578 1579/1579/1579 1583/1583/1583
f 1583/1583/1583 1579/1579/1579 1584/1584/1584
f 1585/1585/1585 1580/1580/1580 1586/1586/1586
f 1580/1580/1580 1581/1581/1581 1586/1586/1586
f 1581/1581/1581 1582/1582/1582 1586/1586/1586
f 1586/1586/1586 1582/1582/1582 1587/1587/1587
f 1587/1587/1587 1582/1582/1582 1588/1588/1588
f 1582/1582/1582 1583/1583/1583 1588/1588/1588
f 1583/1583/1583 1584/1584/1584 1588/1588/1588
f 1588/1588/1588 1584/1584/1584 1589/1589/1589
f 1590/1590/1590 1585/1585/1585 1591/1591/1591
f 1585/1585/1585 1586/1586/1586 1591/1591/1591
f 1586/1586/1586 1587/1587/1587 1591/1591/1591
f 1591/1591/1591 1587/1587/1587 1592/1592/1592
f 1592/1592/1592 1587/1587/1587 1593/1593/1593
f 1587/1587/1587 1588/1588/1588 1593/1593/1593
f 1588/1588/1588 1589/1589/1589 1593/1593/1593
f 1593/1593/1593 1589/1589/1589 1594/1594/1594
f 1595/1595/1595 1590/1590/1590 1596/1596/1596
f 1590/1590/1590 1591/1591/1591 1596/1596/1596
f 1591/1591/1591 1592/1592/1592 1596/1596/1596
f 1596/1596/1596 1592/1592/1592 1597/1597/1597
f 1597/1597/1597 1592/1592/1592 1598/1598/1598
f 1592/1592/1592 1593/1593/1593 1598/1598/1598
f 1593/1593/1593 1594/1594/1594 1598/1598/1598
f 1598/1598/1598 1594/1594/1594 1599/1599/1599
f 1601/1601/1601 1600/1600/1600 1602/1602/1602
f 1600/1600/1600 1603/1603/1603 1602/1602/1602
f 1603/1603/1603 1604/1604/1604 1602/1602/1602
f 1602/1602/1602 1604/1604/1604 1605/1605/1605
f 1605/1605/1605 1604/1604/1604 1606/1606/1606
f 1604/1604/1604 1607/1607/1607 1606/1606/1606
f 1607/1607/1607 1608/1608/1608 1606/1606/1606
f 1606/1606/1606 1608/1608/1608 1609/1609/1609
f 1610/1610/1610 1601/1601/1601 1611/1611/1611
f 1601/1601/1601 1602/1602/1602 1611/1611/1611
f 1602/1602/1602 1605/1605/1605 1611/1611/1611
f 1611/1611/1611 1605/1605/1605 1612/1612/1612
f 1612/1612/1612 1605/1605/1605 1613/1613/1613
f 1605/1605/1605 1606/1606/1606 1613/1613/1613
f 1606/1606/1606 1609/1609/1609 1613/1613/1613
f 1613/1613/1613 1609/1609/1609 1614/1614/1614
f 1615/1615/1615 1610/1610/1610 1616/1616/1616
f 1610/1610/1610 1611/1611/1611 1616/1616/1616
f 1611/1611/1611 1612/1612/1612 1616/1616/1616
f 1616/1616/1616 1612/1612/1612 1617/1617/1617
f 1617/1617/1617 1612/1612/1612 1618/1618/1618
f 1612/1612/1612 1613/1613/1613 1618/1618/1618
f 1613/1613/1613 1614/1614/1614 1618/1618/1618
f 1618/1618/1618 1614/1614/1614 1619/1619/1619
f 1620/1620/1620 1615/1615/1615 1621/1621/1621
f 1615/1615/1615 1616/1616/1616 1621/1621/1621
f 1616/1616/1616 1617/1617/1617 1621/1621/1621
f 1621/1621/1621 1617/1617/1617 1622/1622/1622
f 1622/1622/1622 1617/1617/1617 1623/1623/1623
f 1617/1617/1617 1618/1618/1618 1623/1623/1623
f 1618/1618/1618 1619/1619/1619 1623/1623/1623
f 1623/1623/1623 1619/1619/1619 1624/1624/1624
f 1625/1625/1625 1620/1620/1620 1626/1626/1626
f 1620/1620/1620 1621/1621/1621 1626/1626/1626
f 1621/1621/1621 1622/1622/1622 1626/1626/1626
f 1626/1626/1626 1622/1622/1622 1627/1627/1627
f 1627/1627/1627 1622/1622/1622 1628/1628/1628
f 1622/1622/1622 1623/1623/1623 1628/1628/1628
f 1623/1623/1623 1624/1624/1624 1628/1628/1628
f 1628/1628/1628 1624/1624/1624 1629/1629/1629
f 1630/1630/1630 1625/1625/1625 1631/1631/1631
f 1625/1625/1625 1626/1626/1626 1631/1631/1631
f 1626/1626/1626 1627/1627/1627 1631/1631/1631
f 1631/1631/1631 1627/1627/1627 1632/1632/1632
f 1632/1632/1632 1627/1627/1627 1633/1633/1633
f 1627/1627/1627 1628/1628/1628 1633/1633/1633
f 1628/1628/1628 1629/1629/1629 1633/1633/1633
f 1633/1633/1633 1629/1629/1629 1634/1634/1634
f 1635/1635/1635 1630/1630/1630 1636/1636/1636
f 1630/1630/1630 1631/1631/1631 1636/1636/1636
f 1631/1631/1631 1632/1632/1632 1636/1636/1636
f 1636/1636/1636 1632/1632/1632 1637/1637/1637
f 1637/1637/1637 1632/1632/1632 1638/1638/1638
f 1632/1632/1632 1633/1633/1633 1638/1638/1638
f 1633/1633/1633 1634/1634/1634 1638/1638/1638
f 1638/1638/1638 1634/1634/1634 1639/1639/1639
f 1640/1640/1640 1635/1635/1635 1641/1641/1641
f 1635/1635/1635 1636/1636/1636 1641/1641/1641
f 1636/1636/1636 1637/1637/1637 1641/1641/1641
f 1641/1641/1641 1637/1637/1637 1642/1642/1642
f 1642/1642/1642 1637/1637/1637 1643/1643/1643
f 1637/1637/1637 1638/1638/1638 1643/1643/1643
f 1638/1638/1638 1639/1639/1639 1643/1643/1643
f 1643/1643/1643 1639/1639/1639 1644/1644/1644
f 1645/1645/1645 1640/1640/1640 1646/1646/1646
f 1640/1640/1640 1641/1641/1641 1646/1646/1646
f 1641/1641/1641 1642/1642/1642 1646/1646/1646
f 1646/1646/1646 1642/1642/1642 1647/1647/1647
f 1647/1647/1647 1642/1642/1642 1648/1648/1648
f 1642/1642/1642 1643/1643/1643 1648/1648/1648
f 1643/1643/1643 1644/1644/1644 1648/1648/1648
f 1648/1648/1648 1644/1644/1644 1649/1649/1649
f 1650/1650/1650 1645/1645/1645 1651/1651/1651
f 1645/1645/1645 1646/1646/1646 1651/1651/1651
f 1646/1646/1646 1647/1647/1647 1651/1651/1651
f 1651/1651/1651 1647/1647/1647 1652/1652/1652
f 1652/1652/1652 1647/1647/1647 1653/1653/1653
f 1647/1647/1647 1648/1648/1648 1653/1653/1653
f 1648/1648/1648 1649/1649/1649 1653/1653/1653
f 1653/1653/1653 1649/1649/1649 1654/1654/1654
f 1655/1655/1655 1650/1650/1650 1656/1656/1656
f 1650/1650/1650 1651/1651/1651 1656/1656/1656
f 1651/1651/1651 1652/1652/1652 1656/1656/1656
f 1656/1656/1656 1652/1652/1652 1657/1657/1657
f 1657/1657/1657 1652/1652/1652 1658/1658/1658
f 1652/1652/1652 1653/1653/1653 1658/1658/1658
f 1653/1653/1653 1654/1654/1654 1658/1658/1658
f 1658/1658/1658 1654/1654/1654 1659/1659/1659
f 1661/1661/1661 1660/1660/1660 1662/1662/1662
f 1660/1660/1660 1663/1663/1663 1662/1662/1662
f 1663/1663/1663 1664/1664/1664 1662/1662/1662
f 1662/1662/1662 1664/1664/1664 1665/1665/1665
f 1665/1665/1665 1664/1664/1664 1666/1666/1666
f 1664/1664/1664 1667/1667/1667 1666/1666/1666
f 1667/1667/1667 1668/1668/1668 1666/1666/1666
f 1666/1666/1666 1668/1668/1668 1669/1669/1669
f 1670/1670/1670 1661/1661/1661 1671/1671/1671
f 1661/1661/1661 1662/1662/1662 1671/1671/1671
f 1662/1662/1662 1665/1665/1665 1671/1671/1671
f 1671/1671/1671 1665/1665/1665 1672/1672/1672
f 1672/1672/1672 1665/1665/1665 1673/1673/1673
f 1665/1665/1665 1666/1666/1666 1673/1673/1673
f 1666/1666/1666 1669/1669/1669 1673/1673/1673
f 1673/1673/1673 1669/1669/1669 1674/1674/1674
f 1675/1675/1675 1670/1670/1670 1676/1676/1676
f 1670/1670/1670 1671/1671/1671 1676/1676/1676
f 1671/1671/1671 1672/1672/1672 1676/1676/1676
f 1676/1676/1676 1672/1672/1672 1677/1677/1677
f 1677/1677/1677 1672/1672/1672 1678/1678/1678
f 1672/1672/1672 1673/1673/1673 1678/1678/1678
f 1673/1673/1673 1674/1674/1674 1678/1678/1678
f 1678/1678/1678 1674/1674/1674 1679/1679/1679
f 1680/1680/1680 1675/1675/1675 1681/1681/1681
f 1675/1675/1675 1676/1676/1676 1681/1681/1681
f 1676/1676/1676 1677/1677/1677 1681/1681/1681
f 1681/1681/1681 1677/1677/1677 1682/1682/1682
f 1682/1682/1682 1677/1677/1677 1683/1683/1683
f 1677/1677/1677 1678/1678/1678 1683/1683/1683
f 1678/1678/1678 1679/1679/1679 1683/1683/1683
f 1683/1683/1683 1679/1679/1679 1684/1684/1684
f 1685/1685/1685 1680/1680/1680 1686/1686/1686
f 1680/1680/1680 1681/1681/1681 1686/1686/1686
f 1681/1681/1681 1682/1682/1682 1686/1686/1686
f 1686/1686/1686 1682/1682/1682 1687/1687/1687
f 1687/1687/1687 1682/1682/1682 1688/1688/1688
f 1682/1682/1682 1683/1683/1683 1688/1688/1688
f 1683/1683/1683 1684/1684/1684 1688/1688/1688
f 1688/1688/1688 1684/1684/1684 1689/1689/1689
f 1690/1690/1690 1685/1685/1685 1691/1691/1691
f 1685/1685/1685 1686/1686/1686 1691/1691/1691
f 1686/1686/1686 1687/1687/1687 1691/1691/1691
f 1691/1691/1691 1687/1687/1687 1692/1692/1692
f 1692/1692/1692 1687/1687/1687 1693/1693/1693
f 1687/1687/1687 1688/1688/1688 1693/1693/1693
f 1688/1688/1688 1689/1689/1689 1693/1693/1693
f 1693/1693/1693 1689/1689/1689 1694/1694/1694
f 1695/1695/1695 1690/1690/1690 1696/1696/1696
f 1690/1690/1690 1691/1691/1691 1696/1696/1696
f 1691/1691/1691 1692/1692/1692 1696/1696/1696
f 1696/1696/1696 1692/1692/1692 1697/1697/1697
f 1697/1697/1697 1692/1692/1692 1698/1698/1698
f 1692/1692/1692 1693/1693/1693 1698/1698/1698
f 1693/1693/1693 1694/1694/1694 1698/1698/1698
f 1698/1698/1698 1694/1694/1694 1699/1699/1699
f 1700/1700/1700 1695/1695/1695 1701/1701/1701
f 1695/1695/1695 1696/1696/1696 1701/1701/1701
f 1696/1696/1696 1697/1697/1697 1701/1701/1701
f 1701/1701/1701 1697/1697/1697 1702/1702/1702
f 1702/1702/1702 1697/1697/1697 1703/1703/1703
f 1697/1697/1697 1698/1698/1698 1703/1703/1703
f 1698/1698/1698 1699/1699/1699 1703/1703/1703
f 1703/1703/1703 1699/1699/1699 1704/1704/1704
f 1705/1705/1705 1700/1700/1700 1706/1706/1706
f 1700/1700/1700 1701/1701/1701 1706/1706/1706
f 1701/1701/1701 1702/1702/1702 1706/1706/1706
f 1706/1706/1706 1702/1702/1702 1707/1707/1707
f 1707/1707/1707 1702/1702/1702 1708/1708/1708
f 1702/1702/1702 1703/1703/1703 1708/1708/1708
f 1703/1703/1703 1704/1704/1704 1708/1708/1708
f 1708/1708/1708 1704/1704/1704 1709/1709/1709
f 1710/1710/1710 1705/1705/1705 1711/1711/1711
f 1705/1705/1705 1706/1706/1706 1711/1711/1711
f 1706/1706/1706 1707/1707/1707 1711/1711/1711
f 1711/1711/1711 1707/1707/1707 1712/1712/1712
f 1712/1712/1712 1707/1707/1707 1713/1713/1713
f 1707/1707/1707 1708/1708/1708 1713/1713/1713
f 1708/1708/1708 1709/1709/1709 1713/1713/1713
f 1713/1713/1713 1709/1709/1709 1714/1714/1714
f 1715/1715/1715 1710/1710/1710 1716/1716/1716
f 1710/1710/1710 1711/1711/1711 1716/1716/1716
f 1711/1711/1711 1712/1712/1712 1716/1716/1716
f 1716/1716/1716 1712/1712/1712 1717/1717/1717
f 1717/1717/1717 1712/1712/1712 1718/1718/1718
f 1712/1712/1712 1713/1713/1713 1718/1718/1718
f 1713/1713/1713 1714/1714/1714 1718/1718/1718
f 1718/1718/1718 1714/1714/1714 1719/1719/1719
f 1721/1721/1721 1720/1720/1720 1722/1722/1722
f 1720/1720/1720 1723/1723/1723 1722/1722/1722
f 1723/1723/1723 1724/1724/1724 1722/1722/1722
f 1722/1722/1722 1724/1724/1724 1725/1725/1725
f 1725/1725/1725 1724/1724/1724 1726/1726/1726
f 1724/1724/1724 1727/1727/1727 1726/1726/1726
f 1727/1727/1727 1728/1728/1728 1726/1726/1726
f 1726/1726/1726 1728/1728/1728 1729/1729/1729
f 1730/1730/1730 1721/1721/1721 1731/1731/1731
f 1721/1721/1721 1722/1722/1722 1731/1731/1731
f 1722/1722/1722 1725/1725/1725 1731/1731/1731
f 1731/1731/1731 1725/1725/1725 1732/1732/1732
f 1732/1732/1732 1725/1725/1725 1733/1733/1733
f 1725/1725/1725 1726/1726/1726 1733/1733/1733
f 1726/1726/1726 1729/1729/1729 1733/1733/1733
f 1733/1733/1733 1729/1729/1729 1734/1734/1734
f 1735/1735/1735 1730/1730/1730 1736/1736/1736
f 1730/1730/1730 1731/1731/1731 1736/1736/1736
f 1731/1731/1731 1732/1732/1732 1736/1736/1736
f 1736/1736/1736 1732/1732/1732 1737/1737/1737
f 1737/1737/1737 1732/1732/1732 1738/1738/1738
f 1732/1732/1732 1733/1733/1733 1738/1738/1738
f 1733/1733/1733 1734/1734/1734 1738/1738/1738
f 1738/1738/1738 1734/1734/1734 1739/1739/1739
f 1740/1740/1740 1735/1735/1735 1741/1741/1741
f 1735/1735/1735 1736/1736/1736 1741/1741/1741
f 1736/1736/1736 1737/1737/1737 1741/1741/1741
f 1741/1741/1741 1737/1737/1737 1742/1742/1742
f 1742/1742/1742 1737/1737/1737 1743/1743/1743
f 1737/1737/1737 1738/1738/1738 1743/1743/1743
f 1738/1738/1738 1739/1739/1739 1743/1743/1743
f 1743/1743/1743 1739/1739/1739 1744/1744/1744
f 1745/1745/1745 1740/1740/1740 1746/1746/1746
f 1740/1740/1740 1741/1741/1741 1746/1746/1746
f 1741/1741/1741 1742/1742/1742 1746/1746/1746
f 1746/1746/1746 1742/1742/1742 1747/1747/1747
f 1747/1747/1747 1742/1742/1742 1748/1748/1748
f 1742/1742/1742 1743/1743/1743 1748/1748/1748
f 1743/1743/1743 1744/1744/1744 1748/1748/1748
f 1748/1748/1748 1744/1744/1744 1749/1749/1749
f 1750/1750/1750 1745/1745/1745 1751/1751/1751
f 1745/1745/1745 1746/1746/1746 1751/1751/1751
f 1746/1746/1746 1747/1747/1747 1751/1751/1751
f 1751/1751/1751 1747/1747/1747 1752/1752/1752
f 1752/1752/1752 1747/1747/1747 1753/1753/1753
f 1747/1747/1747 1748/1748/1748 1753/1753/1753
f 1748/1748/1748 1749/1749/1749 1753/1753/1753
f 1753/1753/1753 1749/1749/1749 1754/1754/1754
f 1755/1755/1755 1750/1750/1750 1756/1756/1756
f 1750/1750/1750 1751/1751/1751 1756/1756/1756
f 1751/1751/1751 1752/1752/1752 1756/1756/1756
f 1756/1756/1756 1752/1752/1752 1757/1757/1757
f 1757/1757/1757 1752/1752/1752 1758/1758/1758
f 1752/1752/1752 1753/1753/1753 1758/1758/1758
f 1753/1753/1753 1754/1754/1754 1758/1758/1758
f 1758/1758/1758 1754/1754/1754 1759/1759/1759
f 1760/1760/1760 1755/1755/1755 1761/1761/1761
f 1755/1755/1755 1756/1756/1756 1761/1761/1761
f 1756/1756/1756 1757/1757/1757 1761/1761/1761
f 1761/1761/1761 1757/1757/1757 1762/1762/1762
f 1762/1762/1762 1757/1757/1757 1763/1763/1763
f 1757/1757/1757 1758/1758/1758 1763/1763/1763
f 1758/1758/1758 1759/1759/1759 1763/1763/1763
f 1763/1763/1763 1759/1759/1759 1764/1764/1764
f 1765/1765/1765 1760/1760/1760 1766/1766/1766
f 1760/1760/1760 1761/1761/1761 1766/1766/1766
f 1761/1761/1761 1762/1762/1762 1766/1766/1766
f 1766/1766/1766 1762/1762/1762 1767/1767/1767
f 1767/1767/1767 1762/1762/1762 1768/1768/1768
f 1762/1762/1762 1763/1763/1763 1768/1768/1768
f 1763/1763/1763 1764/1764/1764 1768/1768/1768
f 1768/1768/1768 1764/1764/1764 1769/1769/1769
f 1770/1770/1770 1765/1765/1765 1771/1771/1771
f 1765/1765/1765 1766/1766/1766 1771/1771/1771
f 1766/1766/1766 1767/1767/1767 1771/1771/1771
f 1771/1771/1771 1767/1767/1767 1772/1772/1772
f 1772/1772/1772 1767/1767/1767 1773/1773/1773
f 1767/1767/1767 1768/1768/1768 1773/1773/1773
f 1768/1768/1768 1769/1769/1769 1773/1773/1773
f 1773/1773/1773 1769/1769/1769 1774/1774/1774
f 1775/1775/1775 1770/1770/1770 1776/1776/1776
f 1770/1770/1770 1771/1771/1771 1776/1776/1776
f 1771/1771/1771 1772/1772/1772 1776/1776/1776
f 1776/1776/1776 1772/1772/1772 1777/1777/1777
f 1777/1777/1777 1772/1772/1772 1778/1778/1778
f 1772/1772/1772 1773/1773/1773 1778/1778/1778
f 1773/1773/1773 1774/1774/1774 1778/1778/1778
f 1778/1778/1778 1774/1774/1774 1779/1779/1779
f 1781/1781/1781 1780/1780/1780 1782/1782/1782
f 1780/1780/1780 1783/1783/1783 1782/1782/1782
f 1783/1783/1783 1784/1784/1784 1782/1782/1782
f 1782/1782/1782 1784/1784/1784 1785/1785/1785
f 1785/1785/1785 1784/1784/1784 1786/1786/1786
f 1784/1784/1784 1787/1787/1787 1786/1786/1786
f 1787/1787/1787 1788/1788/1788 1786/1786/1786
f 1786/1786/1786 1788/1788/1788 1789/1789/1789
f 1790/1790/1790 1781/1781/1781 1791/1791/1791
f 1781/1781/1781 1782/1782/1782 1791/1791/1791
f 1782/1782/1782 1785/1785/1785 1791/1791/1791
f 1791/1791/1791 1785/1785/1785 1792/1792/1792
f 1792/1792/1792 1785/1785/1785 1793/1793/1793
f 1785/1785/1785 1786/1786/1786 1793/1793/1793
f 1786/1786/1786 1789/1789/1789 1793/1793/1793
f 1793/1793/1793 1789/1789/1789 1794/1794/1794
f 1795/1795/1795 1790/1790/1790 1796/1796/1796
f 1790/1790/1790 1791/1791/1791 1796/1796/1796
f 1791/1791/1791 1792/1792/1792 1796/1796/1796
f 1796/1796/1796 1792/1792/1792 1797/1797/1797
f 1797/1797/1797 1792/1792/1792 1798/1798/1798
f 1792/1792/1792 1793/1793/1793 1798/1798/1798
f 1793/1793/1793 1794/1794/1794 1798/1798/1798
f 1798/1798/1798 1794/1794/1794 1799/1799/1799
f 1800/1800/1800 1795/1795/1795 1801/1801/1801
f 1795/1795/1795 1796/1796/1796 1801/1801/1801
f 1796/1796/1796 1797/1797/1797 1801/1801/1801
f 1801/1801/1801 1797/1797/1797 1802/1802/1802
f 1802/1802/1802 1797/1797/1797 1803/1803/1803
f 1797/1797/1797 1798/1798/1798 1803/1803/1803
f 1798/1798/1798 1799/1799/1799 1803/1803/1803
f 1803/1803/1803 1799/1799/1799 1804/1804/1804
f 1805/1805/1805 1800/1800/1800 1806/1806/1806
f 1800/1800/1800 1801/1801/1801 1806/1806/1806
f 1801/1801/1801 1802/1802/1802 1806/1806/1806
f 1806/1806/1806 1802/1802/1802 1807/1807/1807
f 1807/1807/1807 1802/1802/1802 1808/1808/1808
f 1802/1802/1802 1803/1803/1803 1808/1808/1808
f 1803/1803/1803 1804/1804/1804 1808/1808/1808
f 1808/1808/1808 1804/1804/1804 1809/1809/1809
f 1810/1810/1810 1805/1805/1805 1811/1811/1811
f 1805/1805/1805 1806/1806/1806 1811/1811/1811
f 1806/1806/1806 1807/1807/1807 1811/1811/1811
f 1811/1811/1811 1807/1807/1807 1812/1812/1812
f 1812/1812/1812 1807/1807/1807 1813/1813/1813
f 1807/1807/1807 1808/1808/1808 1813/1813/1813
f 1808/1808/1808 1809/1809/1809 1813/1813/1813
f 1813/1813/1813 1809/1809/1809 1814/1814/1814
f 1815/1815/1815 1810/1810/1810 1816/1816/1816
f 1810/1810/1810 1811/1811/1811 1816/1816/1816
f 1811/1811/1811 1812/1812/1812 1816/1816/1816
f 1816/1816/1816 1812/1812/1812 1817/1817/1817
f 1817/1817/1817 1812/1812/1812 1818/1818/1818
f 1812/1812/1812 1813/1813/1813 1818/1818/1818
f 1813/1813/1813 1814/1814/1814 1818/1818/1818
f 1818/1818/1818 1814/1814/1814 1819/1819/1819
f 1820/1820/1820 1815/1815/1815 1821/1821/1821
f 1815/1815/1815 1816/1816/1816 1821/1821/1821
f 1816/1816/1816 1817/1817/1817 1821/1821/1821
f 1821/1821/1821 1817/1817/1817 1822/1822/1822
f 1822/1822/1822 1817/1817/1817 1823/1823/1823
f 1817/1817/1817 1818/1818/1818 1823/1823/1823
f 1818/1818/1818 1819/1819/1819 1823/1823/1823
f 1823/1823/1823 1819/1819/1819 1824/1824/1824
f 1825/1825/1825 1820/1820/1820 1826/1826/1826
f 1820/1820/1820 1821/1821/1821 1826/1826/1826
f 1821/1821/1821 1822/1822/1822 1826/1826/1826
f 1826/1826/1826 1822/1822/1822 1827/1827/1827
f 1827/1827/1827 1822/1822/1822 1828/1828/1828
f 1822/1822/1822 1823/1823/1823 1828/1828/1828
f 1823/1823/1823 1824/1824/1824 1828/1828/1828
f 1828/1828/1828 1824/1824/1824 1829/1829/1829
f 1830/1830/1830 1825/1825/1825 1831/1831/1831
f 1825/1825/1825 1826/1826/1826 1831/1831/1831
f 1826/1826/1826 1827/1827/1827 1831/1831/1831
f 1831/1831/1831 1827/1827/1827 1832/1832/1832
f 1832/1832/1832 1827/1827/1827 1833/1833/1833
f 1827/1827/1827 1828/1828/1828 1833/1833/1833
f 1828/1828/1828 1829/1829/1829 1833/1833/1833
f 1833/1833/1833 1829/1829/1829 1834/1834/1834
f 1835/1835/1835 1830/1830/1830 1836/1836/1836
f 1830/1830/1830 1831/1831/1831 1836/1836/1836
f 1831/1831/1831 1832/1832/1832 1836/1836/1836
f 1836/1836/1836 1832/1832/1832 1837/1837/1837
f 1837/1837/1837 1832/1832/1832 1838/1838/1838
f 1832/1832/1832 1833/1833/1833 1838/1838/1838
f 1833/1833/1833 1834/1834/1834 1838/1838/1838
f 1838/1838/1838 1834/1834/1834 1839/1839/1839
f 1841/1841/1841 1840/1840/1840 1842/1842/1842
f 1840/1840/1840 1843/1843/1843 1842/1842/1842
f 1843/1843/1843 1844/1844/1844 1842/1842/1842
f 1842/1842/1842 1844/1844/1844 1845/1845/1845
f 1845/1845/1845 1844/1844/1844 1846/1846/1846
f 1844/1844/1844 1847/1847/1847 1846/1846/1846
f 1847/1847/1847 1848/1848/1848 1846/1846/1846
f 1846/1846/1846 1848/1848/1848 1849/1849/1849
f 1850/1850/1850 1841/1841/1841 1851/1851/1851
f 1841/1841/1841 1842/1842/1842 1851/1851/1851
f 1842/1842/1842 1845/1845/1845 1851/1851/1851
f 1851/1851/1851 1845/1845/1845 1852/1852/1852
f 1852/1852/1852 1845/1845/1845 1853/1853/1853
f 1845/1845/1845 1846/1846/1846 1853/1853/1853
f 1846/1846/1846 1849/1849/1849 1853/1853/1853
f 1853/1853/1853 1849/1849/1849 1854/1854/1854
f 1855/1855/1855 1850/1850/1850 1856/1856/1856
f 1850/1850/1850 1851/1851/1851 1856/1856/1856
f 1851/1851/1851 1852/1852/1852 1856/1856/1856
f 1856/1856/1856 1852/1852/1852 1857/1857/1857
f 1857/1857/1857 1852/1852/1852 1858/1858/1858
f 1852/1852/1852 1853/1853/1853 1858/1858/1858
f 1853/1853/1853 1854/1854/1854 1858/1858/1858
f 1858/1858/1858 1854/1854/1854 1859/1859/1859
f 1860/1860/1860 1855/1855/1855 1861/1861/1861
f 1855/1855/1855 1856/1856/1856 1861/1861/1861
f 1856/1856/1856 1857/1857/1857 1861/1861/1861
f 1861/1861/1861 1857/1857/1857 1862/1862/1862
f 1862/1862/1862 1857/1857/1857 1863/1863/1863
f 1857/1857/1857 1858/1858/1858 1863/1863/1863
f 1858/1858/1858 1859/1859/1859 1863/1863/1863
f 1863/1863/1863 1859/1859/1859 1864/1864/1864
f 1865/1865/1865 1860/1860/1860 1866/1866/1866
f 1860/1860/1860 1861/1861/1861 1866/1866/1866
f 1861/1861/1861 1862/1862/1862 1866/1866/1866
f 1866/1866/1866 1862/1862/1862 1867/1867/1867
f 1867/1867/1867 1862/1862/1862 1868/1868/1868
f 1862/1862/1862 1863/1863/1863 1868/1868/1868
f 1863/1863/1863 1864/1864/1864 1868/1868/1868
f 1868/1868/1868 1864/1864/1864 1869/1869/1869
f 1870/1870/1870 1865/1865/1865 1871/1871/1871
f 1865/1865/1865 1866/1866/1866 1871/1871/1871
f 1866/1866/1866 1867/1867/1867 1871/1871/1871
f 1871/1871/1871 1867/1867/1867 1872/1872/1872
f 1872/1872/1872 1867/1867/1867 1873/1873/1873
f 1867/1867/1867 1868/1868/1868 1873/1873/1873
f 1868/1868/1868 1869/1869/1869 1873/1873/1873
f 1873/1873/1873 1869/1869/1869 1874/1874/1874
f 1875/1875/1875 1870/1870/1870 1876/1876/1876
f 1870/1870/1870 1871/1871/1871 1876/1876/1876
f 1871/1871/1871 1872/1872/1872 1876/1876/1876
f 1876/1876/1876 1872/1872/1872 1877/1877/1877
f 1877/1877/1877 1872/1872/1872 1878/1878/1878
f 1872/1872/1872 1873/1873/1873 1878/1878/1878
f 1873/1873/1873 1874/1874/1874 1878/1878/1878
f 1878/1878/1878 1874/1874/1874 1879/1879/1879
f 1880/1880/1880 1875/1875/1875 1881/1881/1881
f 1875/1875/1875 1876/1876/1876 1881/1881/1881
f 1876/1876/1876 1877/1877/1877 1881/1881/1881
f 1881/1881/1881 1877/1877/1877 1882/1882/1882
f 1882/1882/1882 1877/1877/1877 1883/1883/1883
f 1877/1877/1877 1878/1878/1878 1883/1883/1883
f 1878/1878/1878 1879/1879/1879 1883/1883/1883
f 1883/1883/1883 1879/1879/1879 1884/1884/1884
f 1885/1885/1885 1880/1880/1880 1886/1886/1886
f 1880/1880/1880 1881/1881/1881 1886/1886/1886
f 1881/1881/1881 1882/1882/1882 1886/1886/1886
f 1886/1886/1886 1882/1882/1882 1887/1887/1887
f 1887/1887/1887 1882/1882/1882 1888/1888/1888
f 1882/1882/1882 1883/1883/1883 1888/1888/1888
f 1883/1883/1883 1884/1884/1884 1888/1888/1888
f 1888/1888/1888 1884/1884/1884 1889/1889/1889
f 1890/1890/1890 1885/1885/1885 1891/1891/1891
f 1885/1885/1885 1886/1886/1886 1891/1891/1891
f 1886/1886/1886 1887/1887/1887 1891/1891/1891
f 1891/1891/1891 1887/1887/1887 1892/1892/1892
f 1892/1892/1892 1887/1887/1887 1893/1893/1893
f 1887/1887/1887 1888/1888/1888 1893/1893/1893
f 1888/1888/1888 1889/1889/1889 1893/1893/1893
f 1893/1893/1893 1889/1889/1889 1894/1894/1894
f 1895/1895/1895 1890/1890/1890 1896/1896/1896
f 1890/1890/1890 1891/1891/1891 1896/1896/1896
f 1891/1891/1891 1892/1892/1892 1896/1896/1896
f 1896/1896/1896 1892/1892/1892 1897/1897/1897
f 1897/1897/1897 1892/1892/1892 1898/1898/1898
f 1892/1892/1892 1893/1893/1893 1898/1898/1898
f 1893/1893/1893 1894/1894/1894 1898/1898/1898
f 1898/1898/1898 1894/1894/1894 1899/1899/1899
f 1901/1901/1901 1900/1900/1900 1902/1902/1902
f 1900/1900/1900 1903/1903/1903 1902/1902/1902
f 1903/1903/1903 1904/1904/1904 1902/1902/1902
f 1902/1902/1902 1904/1904/1904 1905/1905/1905
f 1905/1905/1905 1904/1904/1904 1906/1906/1906
f 1904/1904/1904 1907/1907/1907 1906/1906/1906
f 1907/1907/1907 1908/1908/1908 1906/1906/1906
f 1906/1906/1906 1908/1908/1908 1909/1909/1909
f 1910/1910/1910 1901/1901/1901 1911/1911/1911
f 1901/1901/1901 1902/1902/1902 1911/1911/1911
f 1902/1902/1902 1905/1905/1905 1911/1911/1911
f 1911/1911/1911 1905/1905/1905 1912/1912/1912
f 1912/1912/1912 1905/1905/1905 1913/1913/1913
f 1905/1905/1905 1906/1906/1906 1913/1913/1913
f 1906/1906/1906 1909/1909/1909 1913/1913/1913
f 1913/1913/1913 1909/1909/1909 1914/1914/1914
f 1915/1915/1915 1910/1910/1910 1916/1916/1916
f 1910/1910/1910 1911/1911/1911 1916/1916/1916
f 1911/1911/1911 1912/1912/1912 1916/1916/1916
f 1916/1916/1916 1912/1912/1912 1917/1917/1917
f 1917/1917/1917 1912/1912/1912 1918/1918/1918
f 1912/1912/1912 1913/1913/1913 1918/1918/1918
f 1913/1913/1913 1914/1914/1914 1918/1918/1918
f 1918/1918/1918 1914/1914/1914 1919/1919/1919
f 1920/1920/1920 1915/1915/1915 1921/1921/1921
f 1915/1915/1915 1916/1916/1916 1921/1921/1921
f 1916/1916/1916 1917/1917/1917 1921/1921/1921
f 1921/1921/1921 1917/1917/1917 1922/1922/1922
f 1922/1922/1922 1917/1917/1917 1923/1923/1923
f 1917/1917/1917 1918/1918/1918 1923/1923/1923
f 1918/1918/1918 1919/1919/1919 1923/1923/1923
f 1923/1923/1923 1919/1919/1919 1924/1924/1924
f 1925/1925/1925 1920/1920/1920 1926/1926/1926
f 1920/1920/1920 1921/1921/1921 1926/1926/1926
f 1921/1921/1921 1922/1922/1922 1926/1926/1926
f 1926/1926/1926 1922/1922/1922 1927/1927/1927
f 1927/1927/1927 1922/1922/1922 1928/1928/1928
f 1922/1922/1922 1923/1923/1923 1928/1928/1928
f 1923/1923/1923 1924/1924/1924 1928/1928/1928
f 1928/1928/1928 1924/1924/1924 1929/1929/1929
f 1930/1930/1930 1925/1925/1925 1931/1931/1931
f 1925/1925/1925 1926/1926/1926 1931/1931/1931
f 1926/1926/1926 1927/1927/1927 1931/1931/1931
f 1931/1931/1931 1927/1927/1927 1932/1932/1932
f 1932/1932/1932 1927/1927/1927 1933/1933/1933
f 1927/1927/1927 1928/1928/1928 1933/1933/1933
f 1928/1928/1928 1929/1929/1929 1933/1933/1933
f 1933/1933/1933 1929/1929/1929 1934/1934/1934
f 1935/1935/1935 1930/1930/1930 1936/1936/1936
f 1930/1930/1930 1931/1931/1931 1936/1936/1936
f 1931/1931/1931 1932/1932/1932 1936/1936/1936
f 1936/1936/1936 1932/1932/1932 1937/1937/1937
f 1937/1937/1937 1932/1932/1932 1938/1938/1938
f 1932/1932/1932 1933/1933/1933 1938/1938/1938
f 1933/1933/1933 1934/1934/1934 1938/1938/1938
f 1938/1938/1938 1934/1934/1934 1939/1939/1939
f 1940/1940/1940 1935/1935/1935 1941/1941/1941
f 1935/1935/1935 1936/1936/1936 1941/1941/1941
f 1936/1936/1936 1937/1937/1937 1941/1941/1941
f 1941/1941/1941 1937/1937/1937 1942/1942/1942
f 1942/1942/1942 1937/1937/1937 1943/1943/1943
f 1937/1937/1937 1938/1938/1938 1943/1943/1943
f 1938/1938/1938 1939/1939/1939 1943/1943/1943
f 1943/1943/1943 1939/1939/1939 1944/1944/1944
f 1945/1945/1945 1940/1940/1940 1946/1946/1946
f 1940/1940/1940 1941/1941/1941 1946/1946/1946
f 1941/1941/1941 1942/1942/1942 1946/1946/1946
f 1946/1946/1946 1942/1942/1942 1947/1947/1947
f 1947/1947/1947 1942/1942/1942 1948/1948/1948
f 1942/1942/1942 1943/1943/1943 1948/1948/1948
f 1943/1943/1943 1944/1944/1944 1948/1948/1948
f 1948/1948/1948 1944/1944/1944 1949/1949/1949
f 1950/1950/1950 1945/1945/1945 1951/1951/1951
f 1945/1945/1945 1946/1946/1946 1951/1951/1951
f 1946/1946/1946 1947/1947/1947 1951/1951/1951
f 1951/1951/1951 1947/1947/1947 1952/1952/1952
f 1952/1952/1952 1947/1947/1947 1953/1953/1953
f 1947/1947/1947 1948/1948/1948 1953/1953/1953
f 1948/1948/1948 1949/1949/1949 1953/1953/1953
f 1953/1953/1953 1949/1949/1949 1954/1954/1954
f 1955/1955/1955 1950/1950/1950 1956/1956/1956
f 1950/1950/1950 1951/1951/1951 1956/1956/1956
f 1951/1951/1951 1952/1952/1952 1956/1956/1956
f 1956/1956/1956 1952/1952/1952 1957/1957/1957
f 1957/1957/1957 1952/1952/1952 1958/1958/1958
f 1952/1952/1952 1953/1953/1953 1958/1958/1958
f 1953/1953/1953 1954/1954/1954 1958/1958/1958
f 1958/1958/1958 1954/1954/1954 1959/1959/1959
f 1961/1961/1961 1960/1960/1960 1962/1962/1962
f 1960/1960/1960 1963/1963/1963 1962/1962/1962
f 1963/1963/1963 1964/1964/1964 1962/1962/1962
f 1962/1962/1962 1964/1964/1964 1965/1965/1965
f 1965/1965/1965 1964/1964/1964 1966/1966/1966
f 1964/1964/1964 1967/1967/1967 1966/1966/1966
f 1967/1967/1967 1968/1968/1968 1966/1966/1966
f 1966/1966/1966 1968/1968/1968 1969/1969/1969
f 1970/1970/1970 1961/1961/1961 1971/1971/1971
f 1961/1961/1961 1962/1962/1962 1971/1971/1971
f 1962/1962/1962 1965/1965/1965 1971/1971/1971
f 1971/1971/1971 1965/1965/1965 1972/1972/1972
f 1972/1972/1972 1965/1965/1965 1973/1973/1973
f 1965/1965/1965 1966/1966/1966 1973/1973/1973
f 1966/1966/1966 1969/1969/1969 1973/1973/1973
f 1973/1973/1973 1969/1969/1969 1974/1974/1974
f 1975/1975/1975 1970/1970/1970 1976/1976/1976
f 1970/1970/1970 1971/1971/1971 1976/1976/1976
f 1971/1971/1971 1972/1972/1972 1976/1976/1976
f 1976/1976/1976 1972/1972/1972 1977/1977/1977
f 1977/1977/1977 1972/1972/1972 1978/1978/1978
f 1972/1972/1972 1973/1973/1973 1978/1978/1978
f 1973/1973/1973 1974/1974/1974 1978/1978/1978
f 1978/1978/1978 1974/1974/1974 1979/1979/1979
f 1980/1980/1980 1975/1975/1975 1981/1981/1981
f 1975/1975/1975 1976/1976/1976 1981/1981/1981
f 1976/1976/1976 1977/1977/1977 1981/1981/1981
f 1981/1981/1981 1977/1977/1977 1982/1982/1982
f 1982/1982/1982 1977/1977/1977 1983/1983/1983
f 1977/1977/1977 1978/1978/1978 1983/1983/1983
f 1978/1978/1978 1979/1979/1979 1983/1983/1983
f 1983/1983/1983 1979/1979/1979 1984/1984/1984
f 1985/1985/1985 1980/1980/1980 1986/1986/1986
f 1980/1980/1980 1981/1981/1981 1986/1986/1986
f 1981/1981/1981 1982/1982/1982 1986/1986/1986
f 1986/1986/1986 1982/1982/1982 1987/1987/1987
f 1987/1987/1987 1982/1982/1982 1988/1988/1988
f 1982/1982/1982 1983/1983/1983 1988/1988/1988
f 1983/1983/1983 1984/1984/1984 1988/1988/1988
f 1988/1988/1988 1984/1984/1984 1989/1989/1989
f 1990/1990/1990 1985/1985/1985 1991/1991/1991
f 1985/1985/1985 1986/1986/1986 1991/1991/1991
f 1986/1986/1986 1987/1987/1987 1991/1991/1991
f 1991/1991/1991 1987/1987/1987 1992/1992/1992
f 1992/1992/1992 1987/1987/1987 1993/1993/1993
f 1987/1987/1987 1988/1988/1988 1993/1993/1993
f 1988/1988/1988 1989/1989/1989 1993/1993/1993
f 1993/1993/1993 1989/1989/1989 1994/1994/1994
f 1995/1995/1995 1990/1990/1990 1996/1996/1996
f 1990/1990/1990 1991/1991/1991 1996/1996/1996
f 1991/1991/1991 1992/1992/1992 1996/1996/1996
f 1996/1996/1996 1992/1992/1992 1997/1997/1997
f 1997/1997/1997 1992/1992/1992 1998/1998/1998
f 1992/1992/1992 1993/1993/1993 1998/1998/1998
f 1993/1993/1993 1994/1994/1994 1998/1998/1998
f 1998/1998/1998 1994/1994/1994 1999/1999/1999
f 2000/2000/2000 1995/1995/1995 2001/2001/2001
f 1995/1995/1995 1996/1996/1996 2001/2001/2001
f 1996/1996/1996 1997/1997/1997 2001/2001/2001
f 2001/2001/2001 1997/1997/1997 2002/2002/2002
f 2002/2002/2002 1997/1997/1997 2003/2003/2003
f 1997/1997/1997 1998/1998/1998 2003/2003/2003
f 1998/1998/1998 1999/1999/1999 2003/2003/2003
f 2003/2003/2003 1999/1999/1999 2004/2004/2004
f 2005/2005/2005 2000/2000/2000 2006/2006/2006
f 2000/2000/2000 2001/2001/2001 2006/2006/2006
f 2001/2001/2001 2002/2002/2002 2006/2006/2006
f 2006/2006/2006 2002/2002/2002 2007/2007/2007
f 2007/2007/2007 2002/2002/2002 2008/2008/2008
f 2002/2002/2002 2003/2003/2003 2008/2008/2008
f 2003/2003/2003 2004/2004/2004 2008/2008/2008
f 2008/2008/2008 2004/2004/2004 2009/2009/2009
f 2010/2010/2010 2005/2005/2005 2011/2011/2011
f 2005/2005/2005 2006/2006/2006 2011/2011/2011
f 2006/2006/2006 2007/2007/2007 2011/2011/2011
f 2011/2011/2011 2007/2007/2007 2012/2012/2012
f 2012/2012/2012 2007/2007/2007 2013/2013/2013
f 2007/2007/2007 2008/2008/2008 2013/2013/2013
f 2008/2008/2008 2009/2009/2009 2013/2013/2013
f 2013/2013/2013 2009/2009/2009 2014/2014/2014
f 2015/2015/2015 2010/2010/2010 2016/2016/2016
f 2010/2010/2010 2011/2011/2011 2016/2016/2016
f 2011/2011/2011 2012/2012/2012 2016/2016/2016
f 2016/2016/2016 2012/2012/2012 2017/2017/2017
f 2017/2017/2017 2012/2012/2012 2018/2018/2018
f 2012/2012/2012 2013/2013/2013 2018/2018/2018
f 2013/2013/2013 2014/2014/2014 2018/2018/2018
f 2018/2018/2018 2014/2014/2014 2019/2019/2019

