// Created by Tree IT
mtllib Palm.mtl
o tree
# Position
v 1.96328 17.03189 17.72753 0.00392 0.00000 0.00000 1.00000
v 2.27695 0.01307 14.79858 0.00392 0.00000 0.00000 1.00000
v -3.80040 15.98889 18.65160 0.00392 0.00000 0.00000 1.00000
v -0.06609 0.01322 14.97258 0.00392 0.00000 0.00000 1.00000
v 4.56392 0.01259 14.26019 0.00392 0.00000 0.00000 1.00000
v 7.13370 18.08010 15.04024 0.00392 0.00000 0.00000 1.00000
v 6.73852 0.01180 13.37067 0.00392 0.00000 0.00000 1.00000
v 8.74719 0.01072 12.15192 0.00392 0.00000 0.00000 1.00000
v 11.20473 19.03091 10.85280 0.00392 0.00000 0.00000 1.00000
v 10.54048 0.00937 10.63395 0.00392 0.00000 0.00000 1.00000
v 12.07423 0.00780 8.85413 0.00392 0.00000 0.00000 1.00000
v 13.77788 19.79125 5.57508 0.00392 0.00000 0.00000 1.00000
v 13.31066 0.00603 6.85630 0.00392 0.00000 0.00000 1.00000
v 14.21935 0.00412 4.68964 0.00392 0.00000 0.00000 1.00000
v 14.60126 20.28669 -0.27628 0.00392 0.00000 0.00000 1.00000
v 14.77791 0.00210 2.40751 0.00392 0.00000 0.00000 1.00000
v 14.97258 0.00003 0.06609 0.00392 0.00000 0.00000 1.00000
v 13.59428 20.46874 -6.12851 0.00392 0.00000 0.00000 1.00000
v 14.79859 -0.00204 -2.27695 0.00392 0.00000 0.00000 1.00000
v 14.26020 -0.00406 -4.56392 0.00392 0.00000 0.00000 1.00000
v 10.85551 20.31957 -11.40875 0.00392 0.00000 0.00000 1.00000
v 13.37068 -0.00598 -6.73852 0.00392 0.00000 0.00000 1.00000
v 12.15193 -0.00775 -8.74719 0.00392 0.00000 0.00000 1.00000
v 6.65304 19.85379 -15.60015 0.00392 0.00000 0.00000 1.00000
v 10.63395 -0.00933 -10.54048 0.00392 0.00000 0.00000 1.00000
v 8.85413 -0.01068 -12.07422 0.00392 0.00000 0.00000 1.00000
v 1.39824 19.11699 -18.29241 0.00392 0.00000 0.00000 1.00000
v 6.85630 -0.01177 -13.31066 0.00392 0.00000 0.00000 1.00000
v 4.68964 -0.01257 -14.21934 0.00392 0.00000 0.00000 1.00000
v -4.39453 18.18130 -19.22201 0.00392 0.00000 0.00000 1.00000
v 2.40751 -0.01306 -14.77790 0.00392 0.00000 0.00000 1.00000
v 0.06609 -0.01322 -14.97258 0.00392 0.00000 0.00000 1.00000
v -10.15821 17.13830 -18.29793 0.00392 0.00000 0.00000 1.00000
v -2.27695 -0.01307 -14.79858 0.00392 0.00000 0.00000 1.00000
v -4.56392 -0.01259 -14.26019 0.00392 0.00000 0.00000 1.00000
v -15.32863 16.09009 -15.61064 0.00392 0.00000 0.00000 1.00000
v -6.73852 -0.01180 -13.37067 0.00392 0.00000 0.00000 1.00000
v -8.74720 -0.01072 -12.15192 0.00392 0.00000 0.00000 1.00000
v -19.39965 15.13928 -11.42320 0.00392 0.00000 0.00000 1.00000
v -10.54048 -0.00937 -10.63395 0.00392 0.00000 0.00000 1.00000
v -12.07422 -0.00780 -8.85413 0.00392 0.00000 0.00000 1.00000
v -21.97280 14.37894 -6.14549 0.00392 0.00000 0.00000 1.00000
v -13.31067 -0.00603 -6.85629 0.00392 0.00000 0.00000 1.00000
v -14.21935 -0.00412 -4.68964 0.00392 0.00000 0.00000 1.00000
v -22.79619 13.88350 -0.29413 0.00392 0.00000 0.00000 1.00000
v -14.77791 -0.00210 -2.40751 0.00392 0.00000 0.00000 1.00000
v -14.97258 -0.00003 -0.06609 0.00392 0.00000 0.00000 1.00000
v -21.78921 13.70145 5.55810 0.00392 0.00000 0.00000 1.00000
v -14.79859 0.00204 2.27695 0.00392 0.00000 0.00000 1.00000
v -14.26020 0.00406 4.56392 0.00392 0.00000 0.00000 1.00000
v -19.05043 13.85062 10.83835 0.00392 0.00000 0.00000 1.00000
v -13.37068 0.00598 6.73852 0.00392 0.00000 0.00000 1.00000
v -12.15192 0.00775 8.74719 0.00392 0.00000 0.00000 1.00000
v -14.84797 14.31640 15.02975 0.00392 0.00000 0.00000 1.00000
v -10.63395 0.00933 10.54047 0.00392 0.00000 0.00000 1.00000
v -8.85414 0.01068 12.07422 0.00392 0.00000 0.00000 1.00000
v -9.59316 15.05320 17.72201 0.00392 0.00000 0.00000 1.00000
v -6.85630 0.01177 13.31066 0.00392 0.00000 0.00000 1.00000
v -4.68964 0.01257 14.21935 0.00392 0.00000 0.00000 1.00000
v -3.80040 15.98889 18.65160 0.00392 0.00000 0.00000 1.00000
v -2.40751 0.01306 14.77790 0.00392 0.00000 0.00000 1.00000
v -0.06609 0.01322 14.97258 0.00392 0.00000 0.00000 1.00000
v -4.75968 19.75905 14.44135 0.00392 0.00000 0.00000 1.00000
v -0.23602 20.49184 13.72099 0.00392 0.00000 0.00000 1.00000
v 3.81430 21.26762 11.62238 0.00392 0.00000 0.00000 1.00000
v 6.99479 22.01044 8.35094 0.00392 0.00000 0.00000 1.00000
v 8.99413 22.64759 4.22690 0.00392 0.00000 0.00000 1.00000
v 9.61662 23.11670 -0.34605 0.00392 0.00000 0.00000 1.00000
v 8.80131 23.37185 -4.92028 0.00392 0.00000 0.00000 1.00000
v 6.62802 23.38807 -9.04802 0.00392 0.00000 0.00000 1.00000
v 3.30947 23.16377 -12.32523 0.00392 0.00000 0.00000 1.00000
v -0.82947 22.72090 -14.43111 0.00392 0.00000 0.00000 1.00000
v -5.38367 22.10282 -15.15953 0.00392 0.00000 0.00000 1.00000
v -9.90733 21.37002 -14.43917 0.00392 0.00000 0.00000 1.00000
v -13.95765 20.59425 -12.34056 0.00392 0.00000 0.00000 1.00000
v -17.13814 19.85143 -9.06912 0.00392 0.00000 0.00000 1.00000
v -19.13748 19.21428 -4.94507 0.00392 0.00000 0.00000 1.00000
v -19.75997 18.74516 -0.37212 0.00392 0.00000 0.00000 1.00000
v -18.94466 18.49001 4.20210 0.00392 0.00000 0.00000 1.00000
v -16.77137 18.47379 8.32985 0.00392 0.00000 0.00000 1.00000
v -13.45283 18.69809 11.60706 0.00392 0.00000 0.00000 1.00000
v -9.31388 19.14096 13.71294 0.00392 0.00000 0.00000 1.00000
v -4.75968 19.75905 14.44135 0.00392 0.00000 0.00000 1.00000
v -11.72889 35.75331 17.13455 0.00392 0.00000 0.00000 1.00000
v -6.65368 38.06824 16.22112 0.00392 0.00000 0.00000 1.00000
v -2.03173 40.04614 13.63438 0.00392 0.00000 0.00000 1.00000
v 1.68453 41.49339 9.62754 0.00392 0.00000 0.00000 1.00000
v 4.13133 42.26831 4.59281 0.00392 0.00000 0.00000 1.00000
v 5.06915 42.29507 -0.97697 0.00392 0.00000 0.00000 1.00000
v 4.40620 41.57104 -6.53659 0.00392 0.00000 0.00000 1.00000
v 2.20737 40.16708 -11.54183 0.00392 0.00000 0.00000 1.00000
v -1.31210 38.22064 -15.50276 0.00392 0.00000 0.00000 1.00000
v -5.80770 35.92225 -18.03164 0.00392 0.00000 0.00000 1.00000
v -10.83938 33.49687 -18.88093 0.00392 0.00000 0.00000 1.00000
v -15.91458 31.18194 -17.96749 0.00392 0.00000 0.00000 1.00000
v -20.53653 29.20404 -15.38075 0.00392 0.00000 0.00000 1.00000
v -24.25279 27.75679 -11.37391 0.00392 0.00000 0.00000 1.00000
v -26.69959 26.98186 -6.33918 0.00392 0.00000 0.00000 1.00000
v -27.63741 26.95511 -0.76940 0.00392 0.00000 0.00000 1.00000
v -26.97446 27.67914 4.79022 0.00392 0.00000 0.00000 1.00000
v -24.77563 29.08310 9.79547 0.00392 0.00000 0.00000 1.00000
v -21.25617 31.02954 13.75638 0.00392 0.00000 0.00000 1.00000
v -16.76056 33.32794 16.28526 0.00392 0.00000 0.00000 1.00000
v -11.72889 35.75331 17.13455 0.00392 0.00000 0.00000 1.00000
v -13.78176 39.54979 13.02684 0.00392 0.00000 0.00000 1.00000
v -9.78543 41.29942 12.31568 0.00392 0.00000 0.00000 1.00000
v -6.14083 42.78127 10.29743 0.00392 0.00000 0.00000 1.00000
v -3.20471 43.85028 7.16965 0.00392 0.00000 0.00000 1.00000
v -1.26450 44.40181 3.23851 0.00392 0.00000 0.00000 1.00000
v -0.51011 44.38187 -1.11117 0.00392 0.00000 0.00000 1.00000
v -1.01538 43.79242 -5.45363 0.00392 0.00000 0.00000 1.00000
v -2.73086 42.69115 -9.36379 0.00392 0.00000 0.00000 1.00000
v -5.48862 41.18586 -12.45891 0.00392 0.00000 0.00000 1.00000
v -9.01871 39.42391 -14.43600 0.00392 0.00000 0.00000 1.00000
v -12.97559 37.57775 -15.10153 0.00392 0.00000 0.00000 1.00000
v -16.97192 35.82813 -14.39037 0.00392 0.00000 0.00000 1.00000
v -20.61653 34.34628 -12.37212 0.00392 0.00000 0.00000 1.00000
v -23.55264 33.27726 -9.24434 0.00392 0.00000 0.00000 1.00000
v -25.49285 32.72573 -5.31321 0.00392 0.00000 0.00000 1.00000
v -26.24725 32.74567 -0.96352 0.00392 0.00000 0.00000 1.00000
v -25.74197 33.33512 3.37894 0.00392 0.00000 0.00000 1.00000
v -24.02650 34.43639 7.28911 0.00392 0.00000 0.00000 1.00000
v -21.26874 35.94168 10.38421 0.00392 0.00000 0.00000 1.00000
v -17.73864 37.70364 12.36131 0.00392 0.00000 0.00000 1.00000
v -13.78176 39.54979 13.02684 0.00392 0.00000 0.00000 1.00000
v -25.97636 58.30566 14.13898 0.00392 0.00000 0.00000 1.00000
v -21.28774 60.11114 13.34034 0.00392 0.00000 0.00000 1.00000
v -17.00832 61.63332 11.06871 0.00392 0.00000 0.00000 1.00000
v -13.55702 62.72322 7.54644 0.00392 0.00000 0.00000 1.00000
v -11.27166 63.27414 3.11833 0.00392 0.00000 0.00000 1.00000
v -10.37596 63.23215 -1.78218 0.00392 0.00000 0.00000 1.00000
v -10.95759 62.60136 -6.67538 0.00392 0.00000 0.00000 1.00000
v -12.95962 61.44353 -11.08230 0.00392 0.00000 0.00000 1.00000
v -16.18608 59.87199 -14.57155 0.00392 0.00000 0.00000 1.00000
v -20.32113 58.04057 -16.80160 0.00392 0.00000 0.00000 1.00000
v -24.96001 56.12854 -17.55412 0.00392 0.00000 0.00000 1.00000
v -29.64864 54.32306 -16.75549 0.00392 0.00000 0.00000 1.00000
v -33.92805 52.80088 -14.48385 0.00392 0.00000 0.00000 1.00000
v -37.37935 51.71099 -10.96159 0.00392 0.00000 0.00000 1.00000
v -39.66471 51.16006 -6.53347 0.00392 0.00000 0.00000 1.00000
v -40.56041 51.20206 -1.63297 0.00392 0.00000 0.00000 1.00000
v -39.97878 51.83284 3.26024 0.00392 0.00000 0.00000 1.00000
v -37.97675 52.99067 7.66716 0.00392 0.00000 0.00000 1.00000
v -34.75030 54.56221 11.15641 0.00392 0.00000 0.00000 1.00000
v -30.61525 56.39364 13.38645 0.00392 0.00000 0.00000 1.00000
v -25.97636 58.30566 14.13898 0.00392 0.00000 0.00000 1.00000
v -27.88643 61.06646 10.55453 0.00392 0.00000 0.00000 1.00000
v -24.08944 62.27816 9.93842 0.00392 0.00000 0.00000 1.00000
v -20.61725 63.27613 8.17123 0.00392 0.00000 0.00000 1.00000
v -17.80976 63.96268 5.42595 0.00392 0.00000 0.00000 1.00000
v -15.94178 64.27061 1.97131 0.00392 0.00000 0.00000 1.00000
v -15.19615 64.16975 -1.85454 0.00392 0.00000 0.00000 1.00000
v -15.64587 63.67002 -5.67708 0.00392 0.00000 0.00000 1.00000
v -17.24691 62.82030 -9.12214 0.00392 0.00000 0.00000 1.00000
v -19.84256 61.70378 -11.85250 0.00392 0.00000 0.00000 1.00000
v -23.17873 60.42974 -13.60089 0.00392 0.00000 0.00000 1.00000
v -26.92886 59.12291 -14.19616 0.00392 0.00000 0.00000 1.00000
v -30.72585 57.91121 -13.58005 0.00392 0.00000 0.00000 1.00000
v -34.19803 56.91323 -11.81286 0.00392 0.00000 0.00000 1.00000
v -37.00552 56.22668 -9.06758 0.00392 0.00000 0.00000 1.00000
v -38.87350 55.91876 -5.61294 0.00392 0.00000 0.00000 1.00000
v -39.61913 56.01961 -1.78709 0.00392 0.00000 0.00000 1.00000
v -39.16941 56.51935 2.03545 0.00392 0.00000 0.00000 1.00000
v -37.56837 57.36907 5.48052 0.00392 0.00000 0.00000 1.00000
v -34.97272 58.48559 8.21087 0.00392 0.00000 0.00000 1.00000
v -31.63655 59.75962 9.95926 0.00392 0.00000 0.00000 1.00000
v -27.88643 61.06646 10.55453 0.00392 0.00000 0.00000 1.00000
v -38.71064 74.21841 13.57674 0.00392 0.00000 0.00000 1.00000
v -35.02633 77.29877 12.73790 0.00392 0.00000 0.00000 1.00000
v -31.65021 79.97736 10.45672 0.00392 0.00000 0.00000 1.00000
v -28.91275 81.99197 6.95649 0.00392 0.00000 0.00000 1.00000
v -27.08193 83.14539 2.57984 0.00392 0.00000 0.00000 1.00000
v -26.33696 83.32473 -2.24481 0.00392 0.00000 0.00000 1.00000
v -26.75075 82.51243 -7.04520 0.00392 0.00000 0.00000 1.00000
v -28.28281 80.78799 -11.35143 0.00392 0.00000 0.00000 1.00000
v -30.78316 78.32024 -14.74197 0.00392 0.00000 0.00000 1.00000
v -34.00705 75.35072 -16.88494 0.00392 0.00000 0.00000 1.00000
v -37.63891 72.17010 -17.57056 0.00392 0.00000 0.00000 1.00000
v -41.32322 69.08974 -16.73173 0.00392 0.00000 0.00000 1.00000
v -44.69934 66.41115 -14.45055 0.00392 0.00000 0.00000 1.00000
v -47.43679 64.39655 -10.95032 0.00392 0.00000 0.00000 1.00000
v -49.26761 63.24312 -6.57367 0.00392 0.00000 0.00000 1.00000
v -50.01258 63.06379 -1.74901 0.00392 0.00000 0.00000 1.00000
v -49.59879 63.87609 3.05138 0.00392 0.00000 0.00000 1.00000
v -48.06674 65.60052 7.35761 0.00392 0.00000 0.00000 1.00000
v -45.56639 68.06828 10.74815 0.00392 0.00000 0.00000 1.00000
v -42.34249 71.03780 12.89112 0.00392 0.00000 0.00000 1.00000
v -38.71064 74.21841 13.57674 0.00392 0.00000 0.00000 1.00000
v -41.76540 77.78050 10.14147 0.00392 0.00000 0.00000 1.00000
v -38.88702 80.18703 9.48614 0.00392 0.00000 0.00000 1.00000
v -36.23514 82.26262 7.70409 0.00392 0.00000 0.00000 1.00000
v -34.06932 83.80409 4.96978 0.00392 0.00000 0.00000 1.00000
v -32.60159 84.66055 1.55086 0.00392 0.00000 0.00000 1.00000
v -31.97559 84.74815 -2.21801 0.00392 0.00000 0.00000 1.00000
v -32.25262 84.05834 -5.96790 0.00392 0.00000 0.00000 1.00000
v -33.40556 82.65864 -9.33174 0.00392 0.00000 0.00000 1.00000
v -35.32155 80.68604 -11.98027 0.00392 0.00000 0.00000 1.00000
v -37.81303 78.33366 -13.65421 0.00392 0.00000 0.00000 1.00000
v -40.63614 75.83175 -14.18973 0.00392 0.00000 0.00000 1.00000
v -43.51450 73.42521 -13.53439 0.00392 0.00000 0.00000 1.00000
v -46.16639 71.34962 -11.75234 0.00392 0.00000 0.00000 1.00000
v -48.33220 69.80816 -9.01804 0.00392 0.00000 0.00000 1.00000
v -49.79993 68.95170 -5.59911 0.00392 0.00000 0.00000 1.00000
v -50.42593 68.86409 -1.83025 0.00392 0.00000 0.00000 1.00000
v -50.14890 69.55390 1.91964 0.00392 0.00000 0.00000 1.00000
v -48.99596 70.95361 5.28349 0.00392 0.00000 0.00000 1.00000
v -47.07998 72.92620 7.93201 0.00392 0.00000 0.00000 1.00000
v -44.58849 75.27859 9.60596 0.00392 0.00000 0.00000 1.00000
v -41.76540 77.78050 10.14147 0.00392 0.00000 0.00000 1.00000
v -51.03852 87.07557 11.70620 0.00392 0.00000 0.00000 1.00000
v -48.60919 90.44110 11.01042 0.00392 0.00000 0.00000 1.00000
v -46.51852 93.54857 9.08463 0.00392 0.00000 0.00000 1.00000
v -44.97117 96.09377 6.11735 0.00392 0.00000 0.00000 1.00000
v -44.11860 97.82757 2.39903 0.00392 0.00000 0.00000 1.00000
v -44.04425 98.58026 -1.70635 0.00392 0.00000 0.00000 1.00000
v -44.75542 98.27816 -5.79693 0.00392 0.00000 0.00000 1.00000
v -46.18249 96.95084 -9.47229 0.00392 0.00000 0.00000 1.00000
v -48.18576 94.72820 -12.37266 0.00392 0.00000 0.00000 1.00000
v -50.56914 91.82787 -14.21414 0.00392 0.00000 0.00000 1.00000
v -53.09934 88.53369 -14.81647 0.00392 0.00000 0.00000 1.00000
v -55.52866 85.16816 -14.12069 0.00392 0.00000 0.00000 1.00000
v -57.61934 82.06069 -12.19490 0.00392 0.00000 0.00000 1.00000
v -59.16668 79.51550 -9.22762 0.00392 0.00000 0.00000 1.00000
v -60.01926 77.78168 -5.50930 0.00392 0.00000 0.00000 1.00000
v -60.09361 77.02900 -1.40392 0.00392 0.00000 0.00000 1.00000
v -59.38243 77.33110 2.68666 0.00392 0.00000 0.00000 1.00000
v -57.95537 78.65842 6.36202 0.00392 0.00000 0.00000 1.00000
v -55.95210 80.88105 9.26239 0.00392 0.00000 0.00000 1.00000
v -53.56871 83.78139 11.10387 0.00392 0.00000 0.00000 1.00000
v -51.03852 87.07557 11.70620 0.00392 0.00000 0.00000 1.00000
v -54.11697 90.08708 8.93351 0.00392 0.00000 0.00000 1.00000
v -52.31783 92.81515 8.39437 0.00392 0.00000 0.00000 1.00000
v -50.78606 95.34438 6.89441 0.00392 0.00000 0.00000 1.00000
v -49.67158 97.42717 4.58047 0.00392 0.00000 0.00000 1.00000
v -49.08350 98.85966 1.67903 0.00392 0.00000 0.00000 1.00000
v -49.07936 99.50163 -1.52587 0.00392 0.00000 0.00000 1.00000
v -49.65959 99.29023 -4.72053 0.00392 0.00000 0.00000 1.00000
v -50.76738 98.24616 -7.59222 0.00392 0.00000 0.00000 1.00000
v -52.29431 96.47162 -9.85985 0.00392 0.00000 0.00000 1.00000
v -54.09088 94.14030 -11.30145 0.00392 0.00000 0.00000 1.00000
v -55.98126 91.48043 -11.77590 0.00392 0.00000 0.00000 1.00000
v -57.78039 88.75236 -11.23676 0.00392 0.00000 0.00000 1.00000
v -59.31217 86.22313 -9.73680 0.00392 0.00000 0.00000 1.00000
v -60.42665 84.14034 -7.42286 0.00392 0.00000 0.00000 1.00000
v -61.01474 82.70784 -4.52142 0.00392 0.00000 0.00000 1.00000
v -61.01887 82.06587 -1.31652 0.00392 0.00000 0.00000 1.00000
v -60.43864 82.27728 1.87814 0.00392 0.00000 0.00000 1.00000
v -59.33084 83.32135 4.74984 0.00392 0.00000 0.00000 1.00000
v -57.80392 85.09589 7.01746 0.00392 0.00000 0.00000 1.00000
v -56.00734 87.42721 8.45906 0.00392 0.00000 0.00000 1.00000
v -54.11697 90.08708 8.93351 0.00392 0.00000 0.00000 1.00000
v -68.05766 102.72231 12.46990 0.00392 0.00000 0.00000 1.00000
v -65.80434 106.16260 11.79043 0.00392 0.00000 0.00000 1.00000
v -63.92308 109.37563 9.89263 0.00392 0.00000 0.00000 1.00000
v -62.59803 112.04688 6.96228 0.00392 0.00000 0.00000 1.00000
v -61.95889 113.91489 3.28622 0.00392 0.00000 0.00000 1.00000
v -62.06823 114.79678 -0.77571 0.00392 0.00000 0.00000 1.00000
v -62.91536 114.60626 -4.82590 0.00392 0.00000 0.00000 1.00000
v -64.41733 113.36195 -8.46789 0.00392 0.00000 0.00000 1.00000
v -66.42714 111.18565 -11.34518 0.00392 0.00000 0.00000 1.00000
v -68.74805 108.29043 -13.17611 0.00392 0.00000 0.00000 1.00000
v -71.15286 104.95966 -13.78147 0.00392 0.00000 0.00000 1.00000
v -73.40619 101.51937 -13.10199 0.00392 0.00000 0.00000 1.00000
v -75.28745 98.30635 -11.20419 0.00392 0.00000 0.00000 1.00000
v -76.61250 95.63509 -8.27384 0.00392 0.00000 0.00000 1.00000
v -77.25163 93.76709 -4.59778 0.00392 0.00000 0.00000 1.00000
v -77.14229 92.88519 -0.53585 0.00392 0.00000 0.00000 1.00000
v -76.29517 93.07571 3.51434 0.00392 0.00000 0.00000 1.00000
v -74.79319 94.32002 7.15633 0.00392 0.00000 0.00000 1.00000
v -72.78339 96.49632 10.03361 0.00392 0.00000 0.00000 1.00000
v -70.46248 99.39154 11.86455 0.00392 0.00000 0.00000 1.00000
v -68.05766 102.72231 12.46990 0.00392 0.00000 0.00000 1.00000
v -71.14336 105.40776 9.75946 0.00392 0.00000 0.00000 1.00000
v -69.47610 108.17824 9.23407 0.00392 0.00000 0.00000 1.00000
v -68.11158 110.78190 7.75758 0.00392 0.00000 0.00000 1.00000
v -67.18336 112.96385 5.47450 0.00392 0.00000 0.00000 1.00000
v -66.78230 114.51053 2.60833 0.00392 0.00000 0.00000 1.00000
v -66.94765 115.27054 -0.56037 0.00392 0.00000 0.00000 1.00000
v -67.66325 115.16947 -3.72144 0.00392 0.00000 0.00000 1.00000
v -68.85903 114.21722 -6.56543 0.00392 0.00000 0.00000 1.00000
v -70.41795 112.50701 -8.81397 0.00392 0.00000 0.00000 1.00000
v -72.18742 110.20624 -10.24695 0.00392 0.00000 0.00000 1.00000
v -73.99420 107.54012 -10.72409 0.00392 0.00000 0.00000 1.00000
v -75.66146 104.76964 -10.19870 0.00392 0.00000 0.00000 1.00000
v -77.02599 102.16599 -8.72221 0.00392 0.00000 0.00000 1.00000
v -77.95421 99.98404 -6.43913 0.00392 0.00000 0.00000 1.00000
v -78.35527 98.43736 -3.57296 0.00392 0.00000 0.00000 1.00000
v -78.18991 97.67735 -0.40426 0.00392 0.00000 0.00000 1.00000
v -77.47431 97.77841 2.75681 0.00392 0.00000 0.00000 1.00000
v -76.27853 98.73066 5.60080 0.00392 0.00000 0.00000 1.00000
v -74.71961 100.44087 7.84934 0.00392 0.00000 0.00000 1.00000
v -72.95015 102.74164 9.28232 0.00392 0.00000 0.00000 1.00000
v -71.14336 105.40776 9.75946 0.00392 0.00000 0.00000 1.00000
v -84.21633 115.62178 13.17822 0.00392 0.00000 0.00000 1.00000
v -81.54472 118.65016 12.48141 0.00392 0.00000 0.00000 1.00000
v -79.27741 121.47204 10.58002 0.00392 0.00000 0.00000 1.00000
v -77.63636 123.81118 7.66016 0.00392 0.00000 0.00000 1.00000
v -76.78220 125.43861 4.00765 0.00392 0.00000 0.00000 1.00000
v -76.79855 126.19502 -0.01997 0.00392 0.00000 0.00000 1.00000
v -77.68379 126.00639 -4.02845 0.00392 0.00000 0.00000 1.00000
v -79.35127 124.89117 -7.62543 0.00392 0.00000 0.00000 1.00000
v -81.63779 122.95853 -10.45879 0.00392 0.00000 0.00000 1.00000
v -84.31950 120.39763 -12.25119 0.00392 0.00000 0.00000 1.00000
v -87.13392 117.45918 -12.82718 0.00392 0.00000 0.00000 1.00000
v -89.80553 114.43079 -12.13037 0.00392 0.00000 0.00000 1.00000
v -92.07284 111.60892 -10.22898 0.00392 0.00000 0.00000 1.00000
v -93.71388 109.26978 -7.30913 0.00392 0.00000 0.00000 1.00000
v -94.56805 107.64234 -3.65662 0.00392 0.00000 0.00000 1.00000
v -94.55170 106.88592 0.37101 0.00392 0.00000 0.00000 1.00000
v -93.66646 107.07455 4.37949 0.00392 0.00000 0.00000 1.00000
v -91.99897 108.18978 7.97647 0.00392 0.00000 0.00000 1.00000
v -89.71246 110.12242 10.80983 0.00392 0.00000 0.00000 1.00000
v -87.03074 112.68332 12.60223 0.00392 0.00000 0.00000 1.00000
v -84.21633 115.62178 13.17822 0.00392 0.00000 0.00000 1.00000
v -88.46516 118.80539 10.51470 0.00392 0.00000 0.00000 1.00000
v -86.32180 121.12869 9.96774 0.00392 0.00000 0.00000 1.00000
v -84.52094 123.31087 8.48092 0.00392 0.00000 0.00000 1.00000
v -83.23888 125.13833 6.19978 0.00392 0.00000 0.00000 1.00000
v -82.60108 126.43217 3.34762 0.00392 0.00000 0.00000 1.00000
v -82.67001 127.06574 0.20362 0.00392 0.00000 0.00000 1.00000
v -83.43890 126.97704 -2.92445 0.00392 0.00000 0.00000 1.00000
v -84.83247 126.17474 -5.73041 0.00392 0.00000 0.00000 1.00000
v -86.71436 124.73736 -7.93958 0.00392 0.00000 0.00000 1.00000
v -88.90030 122.80563 -9.33571 0.00392 0.00000 0.00000 1.00000
v -91.17635 120.56863 -9.78214 0.00392 0.00000 0.00000 1.00000
v -93.31970 118.24532 -9.23518 0.00392 0.00000 0.00000 1.00000
v -95.12055 116.06313 -7.74836 0.00392 0.00000 0.00000 1.00000
v -96.40263 114.23568 -5.46722 0.00392 0.00000 0.00000 1.00000
v -97.04042 112.94183 -2.61506 0.00392 0.00000 0.00000 1.00000
v -96.97150 112.30827 0.52894 0.00392 0.00000 0.00000 1.00000
v -96.20261 112.39697 3.65701 0.00392 0.00000 0.00000 1.00000
v -94.80902 113.19928 6.46297 0.00392 0.00000 0.00000 1.00000
v -92.92715 114.63665 8.67213 0.00392 0.00000 0.00000 1.00000
v -90.74120 116.56838 10.06827 0.00392 0.00000 0.00000 1.00000
v -88.46516 118.80539 10.51470 0.00392 0.00000 0.00000 1.00000
v -104.80066 130.77182 13.54066 0.00392 0.00000 0.00000 1.00000
v -100.62273 137.12778 10.98632 0.00392 0.00000 0.00000 1.00000
v -97.90546 140.89276 4.44855 0.00392 0.00000 0.00000 1.00000
v -97.68674 140.62868 -3.57545 0.00392 0.00000 0.00000 1.00000
v -100.05012 136.43639 -10.02079 0.00392 0.00000 0.00000 1.00000
v -104.09287 129.91719 -12.42557 0.00392 0.00000 0.00000 1.00000
v -108.27081 123.56123 -9.87124 0.00392 0.00000 0.00000 1.00000
v -110.98808 119.79626 -3.33347 0.00392 0.00000 0.00000 1.00000
v -111.20680 120.06035 4.69054 0.00392 0.00000 0.00000 1.00000
v -108.84341 124.25264 11.13588 0.00392 0.00000 0.00000 1.00000
v -104.80066 130.77182 13.54066 0.00392 0.00000 0.00000 1.00000
v -107.87003 132.95203 10.76250 0.00392 0.00000 0.00000 1.00000
v -104.65836 137.95543 8.76795 0.00392 0.00000 0.00000 1.00000
v -102.51746 140.88379 3.65996 0.00392 0.00000 0.00000 1.00000
v -102.26507 140.61858 -2.61039 0.00392 0.00000 0.00000 1.00000
v -103.99760 137.26108 -7.64806 0.00392 0.00000 0.00000 1.00000
v -107.05328 132.09375 -9.52881 0.00392 0.00000 0.00000 1.00000
v -110.26495 127.09034 -7.53426 0.00392 0.00000 0.00000 1.00000
v -112.40585 124.16197 -2.42628 0.00392 0.00000 0.00000 1.00000
v -112.65825 124.42720 3.84408 0.00392 0.00000 0.00000 1.00000
v -110.92572 127.78470 8.88174 0.00392 0.00000 0.00000 1.00000
v -107.87003 132.95203 10.76250 0.00392 0.00000 0.00000 1.00000
v -120.89600 142.59073 13.15011 0.00392 0.00000 0.00000 1.00000
v -116.53592 148.71605 10.61985 0.00392 0.00000 0.00000 1.00000
v -113.84299 152.44125 4.15500 0.00392 0.00000 0.00000 1.00000
v -113.84582 152.34349 -3.77509 0.00392 0.00000 0.00000 1.00000
v -116.54334 148.46007 -10.14138 0.00392 0.00000 0.00000 1.00000
v -120.90518 142.27434 -12.51218 0.00392 0.00000 0.00000 1.00000
v -125.26527 136.14903 -9.98192 0.00392 0.00000 0.00000 1.00000
v -127.95821 132.42381 -3.51707 0.00392 0.00000 0.00000 1.00000
v -127.95537 132.52159 4.41301 0.00392 0.00000 0.00000 1.00000
v -125.25785 136.40500 10.77930 0.00392 0.00000 0.00000 1.00000
v -120.89600 142.59073 13.15011 0.00392 0.00000 0.00000 1.00000
v -124.04994 144.90623 10.26664 0.00392 0.00000 0.00000 1.00000
v -120.68116 149.71962 8.28896 0.00392 0.00000 0.00000 1.00000
v -118.61118 152.65518 3.23747 0.00392 0.00000 0.00000 1.00000
v -118.63064 152.59167 -2.95832 0.00392 0.00000 0.00000 1.00000
v -120.73214 149.55331 -7.93185 0.00392 0.00000 0.00000 1.00000
v -124.11295 144.70067 -9.78338 0.00392 0.00000 0.00000 1.00000
v -127.48172 139.88730 -7.80570 0.00392 0.00000 0.00000 1.00000
v -129.55170 136.95172 -2.75422 0.00392 0.00000 0.00000 1.00000
v -129.53223 137.01526 3.44158 0.00392 0.00000 0.00000 1.00000
v -127.43075 140.05360 8.41510 0.00392 0.00000 0.00000 1.00000
v -124.04994 144.90623 10.26664 0.00392 0.00000 0.00000 1.00000
v -139.41328 157.54579 12.12393 0.00392 0.00000 0.00000 1.00000
v -135.09015 163.62140 9.61484 0.00392 0.00000 0.00000 1.00000
v -132.43666 167.33875 3.21472 0.00392 0.00000 0.00000 1.00000
v -132.46637 167.27792 -4.63181 0.00392 0.00000 0.00000 1.00000
v -135.16794 163.46219 -10.92765 0.00392 0.00000 0.00000 1.00000
v -139.50945 157.34900 -13.26799 0.00392 0.00000 0.00000 1.00000
v -143.83258 151.27339 -10.75890 0.00392 0.00000 0.00000 1.00000
v -146.48605 147.55603 -4.35878 0.00392 0.00000 0.00000 1.00000
v -146.45634 147.61685 3.48775 0.00392 0.00000 0.00000 1.00000
v -143.75478 151.43260 9.78358 0.00392 0.00000 0.00000 1.00000
v -139.41328 157.54579 12.12393 0.00392 0.00000 0.00000 1.00000
v -142.20694 159.82764 9.20334 0.00392 0.00000 0.00000 1.00000
v -138.93764 164.66371 7.23755 0.00392 0.00000 0.00000 1.00000
v -136.96217 167.64864 2.23243 0.00392 0.00000 0.00000 1.00000
v -137.03510 167.64226 -3.90023 0.00392 0.00000 0.00000 1.00000
v -139.12857 164.64703 -8.81797 0.00392 0.00000 0.00000 1.00000
v -142.44293 159.80702 -10.64237 0.00392 0.00000 0.00000 1.00000
v -145.71223 154.97095 -8.67658 0.00392 0.00000 0.00000 1.00000
v -147.68770 151.98602 -3.67146 0.00392 0.00000 0.00000 1.00000
v -147.61478 151.99240 2.46120 0.00392 0.00000 0.00000 1.00000
v -145.52130 154.98763 7.37894 0.00392 0.00000 0.00000 1.00000
v -142.20694 159.82764 9.20334 0.00392 0.00000 0.00000 1.00000
v -154.49699 170.55957 11.38866 0.00392 0.00000 0.00000 1.00000
v -150.15871 176.57375 8.89943 0.00392 0.00000 0.00000 1.00000
v -147.82307 180.54164 2.53181 0.00392 0.00000 0.00000 1.00000
v -148.38223 180.94769 -5.28196 0.00392 0.00000 0.00000 1.00000
v -151.62260 177.63675 -11.55730 0.00392 0.00000 0.00000 1.00000
v -156.30647 171.87352 -13.89724 0.00392 0.00000 0.00000 1.00000
v -160.64478 165.85934 -11.40800 0.00392 0.00000 0.00000 1.00000
v -162.98041 161.89143 -5.04039 0.00392 0.00000 0.00000 1.00000
v -162.42123 161.48540 2.77338 0.00392 0.00000 0.00000 1.00000
v -159.18088 164.79634 9.04872 0.00392 0.00000 0.00000 1.00000
v -154.49699 170.55957 11.38866 0.00392 0.00000 0.00000 1.00000
v -157.05391 172.75775 8.51174 0.00392 0.00000 0.00000 1.00000
v -153.79097 177.56636 6.56106 0.00392 0.00000 0.00000 1.00000
v -152.14273 180.81998 1.57804 0.00392 0.00000 0.00000 1.00000
v -152.73877 181.27583 -4.53398 0.00392 0.00000 0.00000 1.00000
v -155.35143 178.75981 -9.44041 0.00392 0.00000 0.00000 1.00000
v -158.98274 174.23294 -11.26717 0.00392 0.00000 0.00000 1.00000
v -162.24570 169.42433 -9.31650 0.00392 0.00000 0.00000 1.00000
v -163.89394 166.17073 -4.33348 0.00392 0.00000 0.00000 1.00000
v -163.29791 165.71486 1.77854 0.00392 0.00000 0.00000 1.00000
v -160.68524 168.23088 6.68498 0.00392 0.00000 0.00000 1.00000
v -157.05391 172.75775 8.51174 0.00392 0.00000 0.00000 1.00000
v -171.92101 186.23743 10.88827 0.00392 0.00000 0.00000 1.00000
v -166.79478 191.44719 8.44330 0.00392 0.00000 0.00000 1.00000
v -163.84071 194.80124 2.17078 0.00392 0.00000 0.00000 1.00000
v -164.18712 195.01842 -5.53342 0.00392 0.00000 0.00000 1.00000
v -167.70171 192.01578 -11.72654 0.00392 0.00000 0.00000 1.00000
v -173.04201 186.94025 -14.04303 0.00392 0.00000 0.00000 1.00000
v -178.16821 181.73048 -11.59807 0.00392 0.00000 0.00000 1.00000
v -181.12230 178.37643 -5.32554 0.00392 0.00000 0.00000 1.00000
v -180.77588 178.15926 2.37865 0.00392 0.00000 0.00000 1.00000
v -177.26131 181.16188 8.57178 0.00392 0.00000 0.00000 1.00000
v -171.92101 186.23743 10.88827 0.00392 0.00000 0.00000 1.00000
v -175.60411 189.52914 8.12581 0.00392 0.00000 0.00000 1.00000
v -171.55132 193.55600 6.21616 0.00392 0.00000 0.00000 1.00000
v -169.25996 196.19125 1.31558 0.00392 0.00000 0.00000 1.00000
v -169.60524 196.42833 -4.70407 0.00392 0.00000 0.00000 1.00000
v -172.45531 194.17667 -9.54349 0.00392 0.00000 0.00000 1.00000
v -176.72148 190.29634 -11.35419 0.00392 0.00000 0.00000 1.00000
v -180.77426 186.26950 -9.44454 0.00392 0.00000 0.00000 1.00000
v -183.06561 183.63425 -4.54396 0.00392 0.00000 0.00000 1.00000
v -182.72032 183.39716 1.47569 0.00392 0.00000 0.00000 1.00000
v -179.87029 185.64880 6.31511 0.00392 0.00000 0.00000 1.00000
v -175.60411 189.52914 8.12581 0.00392 0.00000 0.00000 1.00000
v -186.50237 199.60081 11.10870 0.00392 0.00000 0.00000 1.00000
v -181.43283 204.78749 8.67053 0.00392 0.00000 0.00000 1.00000
v -178.60025 208.20461 2.44401 0.00392 0.00000 0.00000 1.00000
v -179.08661 208.54692 -5.19255 0.00392 0.00000 0.00000 1.00000
v -182.70610 205.68372 -11.32224 0.00392 0.00000 0.00000 1.00000
v -188.07620 200.70862 -13.60372 0.00392 0.00000 0.00000 1.00000
v -193.14574 195.52193 -11.16556 0.00392 0.00000 0.00000 1.00000
v -195.97830 192.10483 -4.93904 0.00392 0.00000 0.00000 1.00000
v -195.49197 191.76250 2.69752 0.00392 0.00000 0.00000 1.00000
v -191.87247 194.62572 8.82721 0.00392 0.00000 0.00000 1.00000
v -186.50237 199.60081 11.10870 0.00392 0.00000 0.00000 1.00000
v -190.03659 202.78566 8.48331 0.00392 0.00000 0.00000 1.00000
v -186.02829 206.79424 6.57739 0.00392 0.00000 0.00000 1.00000
v -183.83179 209.47885 1.71330 0.00392 0.00000 0.00000 1.00000
v -184.28607 209.81404 -4.25104 0.00392 0.00000 0.00000 1.00000
v -187.21765 207.67177 -9.03747 0.00392 0.00000 0.00000 1.00000
v -191.50671 203.87032 -10.81772 0.00392 0.00000 0.00000 1.00000
v -195.51501 199.86171 -8.91181 0.00392 0.00000 0.00000 1.00000
v -197.71150 197.17711 -4.04772 0.00392 0.00000 0.00000 1.00000
v -197.25722 196.84193 1.91663 0.00392 0.00000 0.00000 1.00000
v -194.32565 198.98419 6.70306 0.00392 0.00000 0.00000 1.00000
v -190.03659 202.78566 8.48331 0.00392 0.00000 0.00000 1.00000
v -204.03922 216.15553 11.81381 0.00392 0.00000 0.00000 1.00000
v -199.59749 221.81267 9.42142 0.00392 0.00000 0.00000 1.00000
v -197.35831 225.71922 3.29459 0.00392 0.00000 0.00000 1.00000
v -198.17696 226.38301 -4.22643 0.00392 0.00000 0.00000 1.00000
v -201.74075 223.55054 -10.26887 0.00392 0.00000 0.00000 1.00000
v -206.68842 218.30365 -12.52472 0.00392 0.00000 0.00000 1.00000
v -211.13014 212.64650 -10.13232 0.00392 0.00000 0.00000 1.00000
v -213.36932 208.73994 -4.00549 0.00392 0.00000 0.00000 1.00000
v -212.55066 208.07616 3.51553 0.00392 0.00000 0.00000 1.00000
v -208.98688 210.90866 9.55796 0.00392 0.00000 0.00000 1.00000
v -204.03922 216.15553 11.81381 0.00392 0.00000 0.00000 1.00000
v -206.63844 218.60028 9.26966 0.00392 0.00000 0.00000 1.00000
v -203.26518 223.11256 7.40554 0.00392 0.00000 0.00000 1.00000
v -201.65109 226.29399 2.62586 0.00392 0.00000 0.00000 1.00000
v -202.41267 226.92934 -3.24371 0.00392 0.00000 0.00000 1.00000
v -205.25906 224.77592 -7.96119 0.00392 0.00000 0.00000 1.00000
v -209.10301 220.65630 -9.72466 0.00392 0.00000 0.00000 1.00000
v -212.47627 216.14403 -7.86055 0.00392 0.00000 0.00000 1.00000
v -214.09036 212.96259 -3.08087 0.00392 0.00000 0.00000 1.00000
v -213.32878 212.32726 2.78870 0.00392 0.00000 0.00000 1.00000
v -210.48239 214.48067 7.50618 0.00392 0.00000 0.00000 1.00000
v -206.63844 218.60028 9.26966 0.00392 0.00000 0.00000 1.00000
v -217.66351 230.87967 12.25118 0.00392 0.00000 0.00000 1.00000
v -212.41887 235.62828 9.83950 0.00392 0.00000 0.00000 1.00000
v -209.36966 238.67628 3.73417 0.00392 0.00000 0.00000 1.00000
v -209.68050 238.85944 -3.73278 0.00392 0.00000 0.00000 1.00000
v -213.23273 236.10777 -9.70922 0.00392 0.00000 0.00000 1.00000
v -218.66949 231.47234 -11.91237 0.00392 0.00000 0.00000 1.00000
v -223.91409 226.72374 -9.50069 0.00392 0.00000 0.00000 1.00000
v -226.96335 223.67572 -3.39536 0.00392 0.00000 0.00000 1.00000
v -226.65248 223.49258 4.07158 0.00392 0.00000 0.00000 1.00000
v -223.10027 226.24426 10.04803 0.00392 0.00000 0.00000 1.00000
v -217.66351 230.87967 12.25118 0.00392 0.00000 0.00000 1.00000
v -219.91243 233.28241 9.68961 0.00392 0.00000 0.00000 1.00000
v -215.80054 236.97639 7.80494 0.00392 0.00000 0.00000 1.00000
v -213.42334 239.36311 3.03534 0.00392 0.00000 0.00000 1.00000
v -213.68883 239.53091 -2.79735 0.00392 0.00000 0.00000 1.00000
v -216.49559 237.41573 -7.46525 0.00392 0.00000 0.00000 1.00000
v -220.77155 233.82545 -9.18537 0.00392 0.00000 0.00000 1.00000
v -224.88344 230.13148 -7.30070 0.00392 0.00000 0.00000 1.00000
v -227.26064 227.74475 -2.53110 0.00392 0.00000 0.00000 1.00000
v -226.99515 227.57695 3.30159 0.00392 0.00000 0.00000 1.00000
v -224.18840 229.69214 7.96949 0.00392 0.00000 0.00000 1.00000
v -219.91243 233.28241 9.68961 0.00392 0.00000 0.00000 1.00000
v -230.27658 246.38283 12.24081 0.00392 0.00000 0.00000 1.00000
v -222.05791 254.15179 3.77914 0.00392 0.00000 0.00000 1.00000
v -225.72951 251.42880 -9.56107 0.00392 0.00000 0.00000 1.00000
v -236.21735 241.97693 -9.34410 0.00392 0.00000 0.00000 1.00000
v -239.02759 238.85837 4.13021 0.00392 0.00000 0.00000 1.00000
v -230.27658 246.38283 12.24081 0.00392 0.00000 0.00000 1.00000
v -234.22192 251.18306 9.64908 0.00392 0.00000 0.00000 1.00000
v -227.91328 257.39096 3.03932 0.00392 0.00000 0.00000 1.00000
v -230.79951 255.28552 -7.38258 0.00392 0.00000 0.00000 1.00000
v -238.89191 247.77643 -7.21389 0.00392 0.00000 0.00000 1.00000
v -241.00708 245.24095 3.31225 0.00392 0.00000 0.00000 1.00000
v -234.22192 251.18306 9.64908 0.00392 0.00000 0.00000 1.00000
v -244.22971 266.11841 11.59944 0.00392 0.00000 0.00000 1.00000
v -235.08987 272.52209 3.23592 0.00392 0.00000 0.00000 1.00000
v -237.35844 267.86032 -9.89125 0.00392 0.00000 0.00000 1.00000
v -247.90036 258.57547 -9.64076 0.00392 0.00000 0.00000 1.00000
v -252.14703 257.49890 3.64122 0.00392 0.00000 0.00000 1.00000
v -244.22971 266.11841 11.59944 0.00392 0.00000 0.00000 1.00000
v -246.31183 269.11047 8.90132 0.00392 0.00000 0.00000 1.00000
v -239.21895 274.18332 2.36492 0.00392 0.00000 0.00000 1.00000
v -240.72006 270.14288 -7.87703 0.00392 0.00000 0.00000 1.00000
v -248.74068 262.57291 -7.67050 0.00392 0.00000 0.00000 1.00000
v -252.19658 261.93484 2.69909 0.00392 0.00000 0.00000 1.00000
v -246.31183 269.11047 8.90132 0.00392 0.00000 0.00000 1.00000
v -256.26187 285.28891 10.74018 0.00392 0.00000 0.00000 1.00000
v -246.57198 290.69608 2.47566 0.00392 0.00000 0.00000 1.00000
v -250.86836 289.17300 -10.66770 0.00392 0.00000 0.00000 1.00000
v -263.21353 282.82452 -10.52622 0.00392 0.00000 0.00000 1.00000
v -266.54691 280.42401 2.70457 0.00392 0.00000 0.00000 1.00000
v -256.26187 285.28891 10.74018 0.00392 0.00000 0.00000 1.00000
v -258.08258 288.13153 8.04104 0.00392 0.00000 0.00000 1.00000
v -250.48245 292.30811 1.58645 0.00392 0.00000 0.00000 1.00000
v -254.00946 291.39044 -8.69355 0.00392 0.00000 0.00000 1.00000
v -263.78946 286.64676 -8.59235 0.00392 0.00000 0.00000 1.00000
v -266.30679 284.63263 1.75020 0.00392 0.00000 0.00000 1.00000
v -258.08258 288.13153 8.04104 0.00392 0.00000 0.00000 1.00000
v -266.97989 303.78143 12.12037 0.00392 0.00000 0.00000 1.00000
v -255.57158 310.09128 2.39801 0.00392 0.00000 0.00000 1.00000
v -259.85620 307.07013 -12.99687 0.00392 0.00000 0.00000 1.00000
v -273.91257 298.89316 -12.78908 0.00392 0.00000 0.00000 1.00000
v -278.31525 296.86066 2.73423 0.00392 0.00000 0.00000 1.00000
v -266.97989 303.78143 12.12037 0.00392 0.00000 0.00000 1.00000
v -269.33823 307.75504 8.95650 0.00392 0.00000 0.00000 1.00000
v -260.42545 312.68457 1.36092 0.00392 0.00000 0.00000 1.00000
v -263.77283 310.32431 -10.66634 0.00392 0.00000 0.00000 1.00000
v -274.75436 303.93604 -10.50400 0.00392 0.00000 0.00000 1.00000
v -278.19397 302.34814 1.62358 0.00392 0.00000 0.00000 1.00000
v -269.33823 307.75504 8.95650 0.00392 0.00000 0.00000 1.00000
v -277.63705 323.62286 13.59590 0.00392 0.00000 0.00000 1.00000
v -265.01337 330.74557 2.75662 0.00392 0.00000 0.00000 1.00000
v -269.25995 326.33221 -14.37052 0.00392 0.00000 0.00000 1.00000
v -284.50818 316.48193 -14.11640 0.00392 0.00000 0.00000 1.00000
v -289.68552 314.80746 3.16780 0.00392 0.00000 0.00000 1.00000
v -277.63705 323.62286 13.59590 0.00392 0.00000 0.00000 1.00000
v -279.90530 327.74429 10.21787 0.00392 0.00000 0.00000 1.00000
v -270.07648 333.37103 1.74952 0.00392 0.00000 0.00000 1.00000
v -273.20389 329.56918 -11.63012 0.00392 0.00000 0.00000 1.00000
v -284.96558 321.59277 -11.43085 0.00392 0.00000 0.00000 1.00000
v -289.10730 320.46490 2.07196 0.00392 0.00000 0.00000 1.00000
v -279.90530 327.74429 10.21787 0.00392 0.00000 0.00000 1.00000
v -285.37097 339.83057 15.83516 0.00392 0.00000 0.00000 1.00000
v -270.70862 346.95844 3.62894 0.00392 0.00000 0.00000 1.00000
v -277.39865 345.68436 -15.61931 0.00392 0.00000 0.00000 1.00000
v -296.19568 337.76907 -15.30915 0.00392 0.00000 0.00000 1.00000
v -301.12283 334.15125 4.13077 0.00392 0.00000 0.00000 1.00000
v -285.37097 339.83057 15.83516 0.00392 0.00000 0.00000 1.00000
v -287.62967 344.31860 12.13150 0.00392 0.00000 0.00000 1.00000
v -276.14987 349.83658 2.59442 0.00392 0.00000 0.00000 1.00000
v -281.51785 349.12985 -12.43777 0.00392 0.00000 0.00000 1.00000
v -296.31525 343.17508 -12.19110 0.00392 0.00000 0.00000 1.00000
v -300.09253 340.20160 2.99354 0.00392 0.00000 0.00000 1.00000
v -287.62967 344.31860 12.13150 0.00392 0.00000 0.00000 1.00000
v -294.98962 363.22437 19.13555 0.00392 0.00000 0.00000 1.00000
v -277.57562 370.05490 5.05381 0.00392 0.00000 0.00000 1.00000
v -285.08273 368.36096 -17.06047 0.00392 0.00000 0.00000 1.00000
v -307.13641 360.48343 -16.64610 0.00392 0.00000 0.00000 1.00000
v -313.25922 357.30884 5.72427 0.00392 0.00000 0.00000 1.00000
v -294.98962 363.22437 19.13555 0.00392 0.00000 0.00000 1.00000
v -296.83194 367.69992 14.92212 0.00392 0.00000 0.00000 1.00000
v -283.19125 372.94495 3.91784 0.00392 0.00000 0.00000 1.00000
v -289.09778 371.72708 -13.35557 0.00392 0.00000 0.00000 1.00000
v -306.38892 365.72937 -13.02684 0.00392 0.00000 0.00000 1.00000
v -311.16891 363.24045 4.44974 0.00392 0.00000 0.00000 1.00000
v -296.83194 367.69992 14.92212 0.00392 0.00000 0.00000 1.00000
v -300.36462 380.55399 14.50242 0.00392 0.00000 0.00000 1.00000
v -287.01431 384.75769 3.91235 0.00392 0.00000 0.00000 1.00000
v -292.59598 383.35754 -12.66885 0.00392 0.00000 0.00000 1.00000
v -309.39594 378.28845 -12.32651 0.00392 0.00000 0.00000 1.00000
v -314.19720 376.55579 4.46626 0.00392 0.00000 0.00000 1.00000
v -300.36462 380.55399 14.50242 0.00392 0.00000 0.00000 1.00000
v -301.88092 384.24704 -0.34001 0.00392 0.00000 0.00000 1.00000
v -301.88092 384.24704 -0.34001 0.00392 0.00000 0.00000 1.00000
v -301.88092 384.24704 -0.34001 0.00392 0.00000 0.00000 1.00000
v -301.88092 384.24704 -0.34001 0.00392 0.00000 0.00000 1.00000
v -301.88092 384.24704 -0.34001 0.00392 0.00000 0.00000 1.00000
v -295.61926 363.96295 -10.45026 0.00392 0.85882 0.00000 1.00000
v -297.29965 367.72208 -6.83597 0.00392 0.85882 0.01961 1.00000
v -305.55411 358.05396 0.32535 0.00392 0.85882 0.01961 1.00000
v -294.14548 344.12097 -2.36465 0.00392 0.85882 0.00000 1.00000
v -291.80103 361.15967 10.49769 0.00392 0.85882 0.00000 1.00000
v -295.84894 366.16556 7.59890 0.00392 0.85882 0.01961 1.00000
v -297.29965 367.72208 -6.83597 0.00392 0.85882 0.01961 1.00000
v -295.61926 363.96295 -10.45026 0.00392 0.85882 0.00000 1.00000
v -309.49533 375.68756 -1.03060 0.00392 0.85882 0.03922 1.00000
v -313.07864 369.99557 2.56001 0.00392 0.85882 0.03922 1.00000
v -308.58792 374.74844 6.48112 0.00392 0.85882 0.03922 1.00000
v -309.49533 375.68756 -1.03061 0.00392 0.85882 0.03922 1.00000
v -322.19714 383.85550 1.98406 0.00392 0.85882 0.07843 1.00000
v -323.98074 377.63898 5.00317 0.00392 0.85882 0.07843 1.00000
v -321.02612 382.80319 8.94559 0.00392 0.85882 0.07843 1.00000
v -322.19714 383.85550 1.98406 0.00392 0.85882 0.07843 1.00000
v -336.59616 388.27307 5.53935 0.00392 0.85882 0.09804 1.00000
v -337.46490 382.22922 8.17264 0.00392 0.85882 0.09804 1.00000
v -335.33881 387.24368 11.98732 0.00392 0.85882 0.09804 1.00000
v -336.59616 388.27304 5.53935 0.00392 0.85882 0.09804 1.00000
v -351.77072 390.69031 9.35818 0.00392 0.85882 0.13725 1.00000
v -351.05853 384.92859 11.44415 0.00392 0.85882 0.13725 1.00000
v -350.28403 389.70993 15.26451 0.00392 0.85882 0.13725 1.00000
v -351.77072 390.69031 9.35818 0.00392 0.85882 0.13725 1.00000
v -366.04950 386.88242 15.76499 0.00392 0.85882 0.16078 1.00000
v -366.04950 386.88242 15.76499 0.00392 0.85882 0.16078 1.00000
v -302.23581 364.83142 2.63997 0.00392 0.81176 0.00000 1.00000
v -298.66296 369.30115 3.81122 0.00392 0.81176 0.01961 1.00000
v -290.78522 360.36896 12.24033 0.00392 0.81176 0.01961 1.00000
v -294.26599 344.98944 0.63217 0.00392 0.81176 0.00000 1.00000
v -281.58786 362.02814 -2.56176 0.00392 0.81176 0.00000 1.00000
v -284.29547 367.99567 1.62859 0.00392 0.81176 0.01961 1.00000
v -298.66296 369.30115 3.81122 0.00392 0.81176 0.01961 1.00000
v -302.23581 364.83142 2.63997 0.00392 0.81176 0.00000 1.00000
v -292.23956 379.13690 15.93544 0.00392 0.81176 0.04314 1.00000
v -288.27994 373.84171 19.73195 0.00392 0.81176 0.04314 1.00000
v -284.75595 378.35928 14.70160 0.00392 0.81176 0.04314 1.00000
v -292.23956 379.13690 15.93545 0.00392 0.81176 0.04314 1.00000
v -288.68710 389.14343 28.70849 0.00392 0.81176 0.08627 1.00000
v -285.32556 383.25348 30.93336 0.00392 0.81176 0.08627 1.00000
v -281.73456 388.27362 27.34953 0.00392 0.81176 0.08627 1.00000
v -288.68710 389.14343 28.70849 0.00392 0.81176 0.08627 1.00000
v -284.55859 395.63553 43.62946 0.00392 0.81176 0.10588 1.00000
v -281.60547 389.84161 45.01749 0.00392 0.81176 0.10588 1.00000
v -278.10760 394.78012 42.26194 0.00392 0.81176 0.10588 1.00000
v -284.55859 395.63553 43.62946 0.00392 0.81176 0.10588 1.00000
v -280.18283 400.21460 59.51902 0.00392 0.81176 0.15294 1.00000
v -277.79608 394.52649 59.45305 0.00392 0.81176 0.15294 1.00000
v -274.25000 399.37585 58.05130 0.00392 0.81176 0.15294 1.00000
v -280.18283 400.21460 59.51902 0.00392 0.81176 0.15294 1.00000
v -273.13074 398.55481 75.39587 0.00392 0.81176 0.17255 1.00000
v -273.13074 398.55481 75.39587 0.00392 0.81176 0.17255 1.00000
v -289.68106 365.88739 8.26711 0.00392 0.86275 0.00000 1.00000
v -288.82910 371.14554 4.91038 0.00392 0.86275 0.02353 1.00000
v -279.82114 363.02725 -3.20396 0.00392 0.86275 0.02353 1.00000
v -291.74030 346.04541 0.31042 0.00392 0.86275 0.00000 1.00000
v -295.01602 363.08414 -12.34682 0.00392 0.86275 0.00000 1.00000
v -290.84189 370.21460 -9.51095 0.00392 0.86275 0.02353 1.00000
v -288.82910 371.14554 4.91038 0.00392 0.86275 0.02353 1.00000
v -289.68106 365.88739 8.26711 0.00392 0.86275 0.00000 1.00000
v -276.37628 383.05615 -1.18368 0.00392 0.86275 0.04706 1.00000
v -272.18854 378.19739 -5.30518 0.00392 0.86275 0.04706 1.00000
v -277.45770 382.52838 -8.71251 0.00392 0.86275 0.04706 1.00000
v -276.37628 383.05612 -1.18368 0.00392 0.86275 0.04706 1.00000
v -263.23483 395.01282 -4.22402 0.00392 0.86275 0.09412 1.00000
v -260.47952 389.50421 -7.83027 0.00392 0.86275 0.09412 1.00000
v -264.31989 394.44977 -11.25589 0.00392 0.86275 0.09412 1.00000
v -263.23483 395.01282 -4.22402 0.00392 0.86275 0.09412 1.00000
v -247.41843 403.56802 -7.65951 0.00392 0.86275 0.11765 1.00000
v -245.45996 398.09741 -10.89281 0.00392 0.86275 0.11765 1.00000
v -248.46439 403.01987 -14.20338 0.00392 0.86275 0.11765 1.00000
v -247.41843 403.56796 -7.65950 0.00392 0.86275 0.11765 1.00000
v -230.44243 410.23154 -11.24192 0.00392 0.86275 0.16471 1.00000
v -229.84549 404.74457 -13.99744 0.00392 0.86275 0.16471 1.00000
v -231.48558 409.69153 -17.29802 0.00392 0.86275 0.16471 1.00000
v -230.44243 410.23154 -11.24192 0.00392 0.86275 0.16471 1.00000
v -212.52464 410.78793 -17.57440 0.00392 0.86275 0.18824 1.00000
v -212.52464 410.78793 -17.57440 0.00392 0.86275 0.18824 1.00000
v -284.47717 366.94345 -4.57031 0.00392 0.26275 0.00000 1.00000
v -287.26947 370.31024 -3.69212 0.00392 0.26275 0.01961 1.00000
v -295.53708 363.09399 -13.30799 0.00392 0.26275 0.01961 1.00000
v -292.43726 347.10144 -2.52428 0.00392 0.26275 0.00000 1.00000
v -305.09991 364.14017 0.73048 0.00392 0.26275 0.00000 1.00000
v -301.74942 369.84033 -1.95960 0.00392 0.26275 0.01961 1.00000
v -287.26947 370.31024 -3.69212 0.00392 0.26275 0.01961 1.00000
v -284.47717 366.94345 -4.57031 0.00392 0.26275 0.00000 1.00000
v -292.24670 380.74890 -13.59857 0.00392 0.26275 0.03922 1.00000
v -296.49173 376.39624 -18.19917 0.00392 0.26275 0.03922 1.00000
v -299.81924 380.54361 -12.73488 0.00392 0.26275 0.03922 1.00000
v -292.24670 380.74890 -13.59857 0.00392 0.26275 0.03922 1.00000
v -293.88181 391.41492 -23.76941 0.00392 0.26275 0.07843 1.00000
v -297.71622 386.41071 -27.11558 0.00392 0.26275 0.07843 1.00000
v -300.98239 391.28943 -23.05710 0.00392 0.26275 0.07843 1.00000
v -293.88181 391.41492 -23.76941 0.00392 0.26275 0.07843 1.00000
v -295.46628 399.64703 -36.31523 0.00392 0.26275 0.09804 1.00000
v -298.97620 394.63559 -38.91960 0.00392 0.26275 0.09804 1.00000
v -302.08691 399.55389 -35.70237 0.00392 0.26275 0.09804 1.00000
v -295.46628 399.64703 -36.31523 0.00392 0.26275 0.09804 1.00000
v -296.99503 406.49811 -49.89672 0.00392 0.26275 0.13725 1.00000
v -300.14597 401.37958 -51.28528 0.00392 0.26275 0.13725 1.00000
v -303.14664 406.44293 -49.43750 0.00392 0.26275 0.13725 1.00000
v -296.99503 406.49811 -49.89672 0.00392 0.26275 0.13725 1.00000
v -301.15610 408.59604 -64.99976 0.00392 0.26275 0.15686 1.00000
v -301.15610 408.59604 -64.99976 0.00392 0.26275 0.15686 1.00000
v -298.97464 369.05511 -9.66286 0.00392 0.93725 0.00000 1.00000
v -297.87915 374.34070 -6.64864 0.00392 0.93725 0.02353 1.00000
v -306.92175 367.67068 2.65918 0.00392 0.93725 0.02353 1.00000
v -296.11313 349.21310 -1.95825 0.00392 0.93725 0.00000 1.00000
v -291.56116 366.25183 10.29800 0.00392 0.93725 0.00000 1.00000
v -294.33829 373.27808 7.46610 0.00392 0.93725 0.02353 1.00000
v -297.87915 374.34070 -6.64864 0.00392 0.93725 0.02353 1.00000
v -298.97464 369.05511 -9.66286 0.00392 0.93725 0.00000 1.00000
v -307.44534 387.80774 0.54343 0.00392 0.93725 0.04706 1.00000
v -311.79620 383.69040 5.26029 0.00392 0.93725 0.04706 1.00000
v -305.51962 387.12897 7.88933 0.00392 0.93725 0.04706 1.00000
v -307.44534 387.80774 0.54343 0.00392 0.93725 0.04706 1.00000
v -317.72003 401.58099 4.94456 0.00392 0.93725 0.09412 1.00000
v -320.93622 396.67883 9.01470 0.00392 0.93725 0.09412 1.00000
v -315.74887 400.74496 11.75316 0.00392 0.93725 0.09412 1.00000
v -317.72003 401.58099 4.94456 0.00392 0.93725 0.09412 1.00000
v -330.55527 412.95212 10.48746 0.00392 0.93725 0.11765 1.00000
v -333.09241 407.97290 14.09125 0.00392 0.93725 0.11765 1.00000
v -328.63095 412.09641 16.79475 0.00392 0.93725 0.11765 1.00000
v -330.55527 412.95212 10.48746 0.00392 0.93725 0.11765 1.00000
v -344.58661 422.96707 16.55586 0.00392 0.93725 0.16471 1.00000
v -346.00958 417.74396 19.51399 0.00392 0.93725 0.16471 1.00000
v -342.62933 422.06442 22.33605 0.00392 0.93725 0.16471 1.00000
v -344.58661 422.96707 16.55586 0.00392 0.93725 0.16471 1.00000
v -359.99850 427.84769 25.99047 0.00392 0.93725 0.18824 1.00000
v -359.99850 427.84769 25.99047 0.00392 0.93725 0.18824 1.00000
v -303.45221 370.11111 3.88420 0.00392 0.86275 0.00000 1.00000
v -301.06946 375.15717 1.98543 0.00392 0.86275 0.02353 1.00000
v -291.37662 369.62225 11.38252 0.00392 0.86275 0.02353 1.00000
v -295.79767 350.26910 0.89136 0.00392 0.86275 0.00000 1.00000
v -283.62106 367.30783 -3.86957 0.00392 0.86275 0.00000 1.00000
v -286.89032 374.92639 -1.44837 0.00392 0.86275 0.02353 1.00000
v -301.06949 375.15717 1.98543 0.00392 0.86275 0.02353 1.00000
v -303.45221 370.11111 3.88421 0.00392 0.86275 0.00000 1.00000
v -295.15762 389.70520 10.97702 0.00392 0.86275 0.04706 1.00000
v -290.17184 386.27432 15.61411 0.00392 0.86275 0.04706 1.00000
v -287.73795 389.64532 9.22319 0.00392 0.86275 0.04706 1.00000
v -295.15762 389.70520 10.97702 0.00392 0.86275 0.04706 1.00000
v -292.58469 404.37906 20.65945 0.00392 0.86275 0.09412 1.00000
v -288.08170 400.24759 24.34663 0.00392 0.86275 0.09412 1.00000
v -285.61862 404.42001 19.10588 0.00392 0.86275 0.09412 1.00000
v -292.58469 404.37906 20.65945 0.00392 0.86275 0.09412 1.00000
v -289.67462 417.13373 33.29024 0.00392 0.86275 0.11765 1.00000
v -285.56134 412.90872 36.36388 0.00392 0.86275 0.11765 1.00000
v -283.17502 417.20850 31.88792 0.00392 0.86275 0.11765 1.00000
v -289.67462 417.13373 33.29024 0.00392 0.86275 0.11765 1.00000
v -286.63422 428.69568 47.22287 0.00392 0.86275 0.16471 1.00000
v -282.97629 424.19312 49.32114 0.00392 0.86275 0.16471 1.00000
v -280.58694 428.81702 46.00951 0.00392 0.86275 0.16471 1.00000
v -286.63422 428.69568 47.22287 0.00392 0.86275 0.16471 1.00000
v -280.43988 436.10718 63.52147 0.00392 0.86275 0.18824 1.00000
v -280.43988 436.10718 63.52147 0.00392 0.86275 0.18824 1.00000
v -290.11865 371.16718 7.75735 0.00392 0.73725 0.00000 1.00000
v -292.98199 375.57391 5.82356 0.00392 0.73725 0.01961 1.00000
v -283.50232 370.98788 -4.27577 0.00392 0.73725 0.01961 1.00000
v -293.32272 351.32520 0.18879 0.00392 0.73725 0.00000 1.00000
v -298.41971 368.36389 -11.85102 0.00392 0.73725 0.00000 1.00000
v -296.78009 375.53607 -8.26423 0.00392 0.73725 0.01961 1.00000
v -292.98199 375.57391 5.82356 0.00392 0.73725 0.01961 1.00000
v -290.11865 371.16718 7.75735 0.00392 0.73725 0.00000 1.00000
v -285.54254 390.18018 0.28078 0.00392 0.73725 0.04314 1.00000
v -280.79117 387.29431 -4.93723 0.00392 0.73725 0.04314 1.00000
v -287.48346 390.24408 -7.09215 0.00392 0.73725 0.04314 1.00000
v -285.54254 390.18018 0.28078 0.00392 0.73725 0.04314 1.00000
v -277.55399 404.94745 -1.83637 0.00392 0.73725 0.09020 1.00000
v -273.59479 401.40100 -6.59968 0.00392 0.73725 0.09020 1.00000
v -279.26541 405.15714 -8.76230 0.00392 0.73725 0.09020 1.00000
v -277.55399 404.94745 -1.83637 0.00392 0.73725 0.09020 1.00000
v -266.83636 418.38974 -4.20742 0.00392 0.73725 0.11373 1.00000
v -263.42273 414.72913 -8.58505 0.00392 0.73725 0.11373 1.00000
v -268.37094 418.65033 -10.67225 0.00392 0.73725 0.11373 1.00000
v -266.83636 418.38974 -4.20742 0.00392 0.73725 0.11373 1.00000
v -254.89253 430.93036 -6.66402 0.00392 0.73725 0.15686 1.00000
v -252.31851 426.94644 -10.60849 0.00392 0.73725 0.15686 1.00000
v -256.18817 431.27872 -12.68532 0.00392 0.73725 0.15686 1.00000
v -254.89253 430.93036 -6.66402 0.00392 0.73725 0.15686 1.00000
v -240.34920 440.16724 -12.29615 0.00392 0.73725 0.18039 1.00000
v -240.34920 440.16724 -12.29615 0.00392 0.73725 0.18039 1.00000
v -287.01837 372.22318 -6.03574 0.00392 0.59608 0.00000 1.00000
v -288.63470 376.90799 -2.45330 0.00392 0.59608 0.02353 1.00000
v -299.14618 373.19696 -11.86763 0.00392 0.59608 0.02353 1.00000
v -294.48044 352.38120 -2.59094 0.00392 0.59608 0.00000 1.00000
v -306.35086 369.41989 2.88895 0.00392 0.59608 0.00000 1.00000
v -302.57794 376.81601 1.84432 0.00392 0.59608 0.02353 1.00000
v -288.63470 376.90799 -2.45330 0.00392 0.59608 0.02353 1.00000
v -287.01837 372.22318 -6.03574 0.00392 0.59608 0.00000 1.00000
v -294.24802 392.70163 -8.69920 0.00392 0.59608 0.04706 1.00000
v -299.68835 390.29428 -13.46770 0.00392 0.59608 0.04706 1.00000
v -301.54031 392.69913 -6.47354 0.00392 0.59608 0.04706 1.00000
v -294.24799 392.70163 -8.69920 0.00392 0.59608 0.04706 1.00000
v -296.51724 408.69107 -15.48550 0.00392 0.59608 0.09412 1.00000
v -301.49310 405.61307 -19.57306 0.00392 0.59608 0.09412 1.00000
v -303.35831 408.77499 -13.45222 0.00392 0.59608 0.09412 1.00000
v -296.51724 408.69107 -15.48550 0.00392 0.59608 0.09412 1.00000
v -299.30884 423.75888 -24.88123 0.00392 0.59608 0.11765 1.00000
v -303.88223 420.53345 -28.47257 0.00392 0.59608 0.11765 1.00000
v -305.69049 423.87671 -23.01641 0.00392 0.59608 0.11765 1.00000
v -299.30884 423.75888 -24.88123 0.00392 0.59608 0.11765 1.00000
v -302.32391 438.13129 -35.48394 0.00392 0.59608 0.16471 1.00000
v -306.43613 434.52307 -38.33466 0.00392 0.59608 0.16471 1.00000
v -308.26025 438.30466 -33.81488 0.00392 0.59608 0.16471 1.00000
v -302.32388 438.13129 -35.48394 0.00392 0.59608 0.16471 1.00000
v -308.83896 449.70837 -48.71706 0.00392 0.59608 0.18824 1.00000
v -308.83896 449.70837 -48.71706 0.00392 0.59608 0.18824 1.00000
v -302.25385 374.33514 -8.54359 0.00392 0.85490 0.00000 1.00000
v -297.72711 377.96579 -7.85476 0.00392 0.85490 0.01961 1.00000
v -306.14859 375.27570 3.75277 0.00392 0.85490 0.01961 1.00000
v -298.01407 354.49316 -1.50274 0.00392 0.85490 0.00000 1.00000
v -291.26956 371.53189 9.69762 0.00392 0.85490 0.00000 1.00000
v -291.95584 378.14737 5.54494 0.00392 0.85490 0.01961 1.00000
v -297.72714 377.96579 -7.85476 0.00392 0.85490 0.01961 1.00000
v -302.25385 374.33514 -8.54359 0.00392 0.85490 0.00000 1.00000
v -302.06854 393.18539 -2.49324 0.00392 0.85490 0.04314 1.00000
v -306.36603 391.34943 3.53105 0.00392 0.85490 0.04314 1.00000
v -299.07733 393.35757 4.51778 0.00392 0.85490 0.04314 1.00000
v -302.06854 393.18539 -2.49324 0.00392 0.85490 0.04314 1.00000
v -307.16025 408.53979 -0.52643 0.00392 0.85490 0.08627 1.00000
v -310.90494 406.04382 5.01331 0.00392 0.85490 0.08627 1.00000
v -304.42258 408.84189 6.05806 0.00392 0.85490 0.08627 1.00000
v -307.16025 408.53979 -0.52643 0.00392 0.85490 0.08627 1.00000
v -314.59802 423.31253 2.04673 0.00392 0.85490 0.10980 1.00000
v -317.92142 420.64734 7.15247 0.00392 0.85490 0.10980 1.00000
v -312.08517 423.65921 8.19346 0.00392 0.85490 0.10980 1.00000
v -314.59802 423.31253 2.04673 0.00392 0.85490 0.10980 1.00000
v -323.12024 437.56073 4.88184 0.00392 0.85490 0.15294 1.00000
v -325.83752 434.50681 9.50202 0.00392 0.85490 0.15294 1.00000
v -320.87445 437.99890 10.61075 0.00392 0.85490 0.15294 1.00000
v -323.12024 437.56073 4.88184 0.00392 0.85490 0.15294 1.00000
v -333.88116 449.76169 11.36914 0.00392 0.85490 0.17255 1.00000
v -333.88116 449.76169 11.36914 0.00392 0.85490 0.17255 1.00000
v -303.90372 375.39114 5.84420 0.00392 0.83922 0.00000 1.00000
v -303.80453 378.96252 0.61249 0.00392 0.83922 0.01961 1.00000
v -291.64114 377.19891 8.47596 0.00392 0.83922 0.01961 1.00000
v -297.12305 355.54916 1.19965 0.00392 0.83922 0.00000 1.00000
v -286.33658 372.58789 -6.18876 0.00392 0.83922 0.00000 1.00000
v -290.78632 379.01138 -5.97660 0.00392 0.83922 0.01961 1.00000
v -303.80453 378.96252 0.61250 0.00392 0.83922 0.01961 1.00000
v -303.90372 375.39114 5.84420 0.00392 0.83922 0.00000 1.00000
v -298.59360 394.80649 3.37441 0.00392 0.83922 0.04314 1.00000
v -292.26810 393.49472 7.42397 0.00392 0.83922 0.04314 1.00000
v -291.78790 394.85678 -0.06239 0.00392 0.83922 0.04314 1.00000
v -298.59360 394.80649 3.37441 0.00392 0.83922 0.04314 1.00000
v -296.70258 410.80640 6.87631 0.00392 0.83922 0.08627 1.00000
v -290.86401 408.87079 10.49657 0.00392 0.83922 0.08627 1.00000
v -290.32327 410.90582 3.67692 0.00392 0.83922 0.08627 1.00000
v -296.70258 410.80640 6.87631 0.00392 0.83922 0.08627 1.00000
v -293.98480 426.62469 12.31882 0.00392 0.83922 0.10980 1.00000
v -288.59619 424.49792 15.58328 0.00392 0.83922 0.10980 1.00000
v -288.03680 426.74020 9.34821 0.00392 0.83922 0.10980 1.00000
v -293.98480 426.62469 12.31882 0.00392 0.83922 0.10980 1.00000
v -290.87360 442.13547 18.69502 0.00392 0.83922 0.15294 1.00000
v -285.99188 439.57983 21.46872 0.00392 0.83922 0.15294 1.00000
v -285.34467 442.28607 15.96296 0.00392 0.83922 0.15294 1.00000
v -290.87360 442.13547 18.69502 0.00392 0.83922 0.15294 1.00000
v -283.76459 456.11050 26.96238 0.00392 0.83922 0.17647 1.00000
v -283.76459 456.11050 26.96238 0.00392 0.83922 0.17647 1.00000
v -290.22125 376.44711 6.69333 0.00392 0.65882 0.00000 1.00000
v -296.06256 380.22067 7.07503 0.00392 0.65882 0.02353 1.00000
v -288.18393 379.50903 -5.18520 0.00392 0.65882 0.02353 1.00000
v -294.90186 356.60510 -0.06251 0.00392 0.65882 0.00000 1.00000
v -302.34753 373.64383 -10.80949 0.00392 0.65882 0.00000 1.00000
v -302.72610 380.45892 -5.90314 0.00392 0.65882 0.02353 1.00000
v -296.06256 380.22067 7.07503 0.00392 0.65882 0.02353 1.00000
v -290.22125 376.44711 6.69333 0.00392 0.65882 0.00000 1.00000
v -294.29147 397.30826 2.61070 0.00392 0.65882 0.04706 1.00000
v -290.20325 396.60010 -3.78588 0.00392 0.65882 0.04706 1.00000
v -297.76801 397.46927 -4.17304 0.00392 0.65882 0.04706 1.00000
v -294.29147 397.30826 2.61070 0.00392 0.65882 0.04706 1.00000
v -291.83340 414.44620 1.53024 0.00392 0.65882 0.09412 1.00000
v -288.10651 413.16385 -4.42016 0.00392 0.65882 0.09412 1.00000
v -295.07339 414.66034 -4.82570 0.00392 0.65882 0.09412 1.00000
v -291.83340 414.44620 1.53024 0.00392 0.65882 0.09412 1.00000
v -287.57040 431.69775 -0.29372 0.00392 0.65882 0.11765 1.00000
v -284.16626 430.21909 -5.81117 0.00392 0.65882 0.11765 1.00000
v -290.58051 431.92444 -6.21865 0.00392 0.65882 0.11765 1.00000
v -287.57040 431.69775 -0.29372 0.00392 0.65882 0.11765 1.00000
v -282.44354 448.76572 -2.47783 0.00392 0.65882 0.16471 1.00000
v -279.45145 446.87625 -7.53089 0.00392 0.65882 0.16471 1.00000
v -285.21802 449.02087 -7.98176 0.00392 0.65882 0.16471 1.00000
v -282.44354 448.76572 -2.47783 0.00392 0.65882 0.16471 1.00000
v -275.46231 464.92752 -8.66241 0.00392 0.65882 0.18824 1.00000
v -275.46231 464.92752 -8.66241 0.00392 0.65882 0.18824 1.00000
v -289.67303 377.50317 -7.15377 0.00392 0.96078 0.00000 1.00000
v -288.87289 380.85736 -0.70416 0.00392 0.96078 0.02353 1.00000
v -301.00848 381.29193 -8.79313 0.00392 0.96078 0.02353 1.00000
v -296.50516 357.66119 -2.58524 0.00392 0.96078 0.00000 1.00000
v -307.37344 374.69989 4.68223 0.00392 0.96078 0.00000 1.00000
v -301.93442 381.50269 5.76677 0.00392 0.96078 0.02353 1.00000
v -288.87289 380.85736 -0.70416 0.00392 0.96078 0.02353 1.00000
v -289.67303 377.50317 -7.15377 0.00392 0.96078 0.00000 1.00000
v -292.19794 398.37961 -1.62167 0.00392 0.96078 0.04706 1.00000
v -298.54779 398.33838 -5.84180 0.00392 0.96078 0.04706 1.00000
v -299.02020 398.83716 1.75158 0.00392 0.96078 0.04706 1.00000
v -292.19794 398.37961 -1.62167 0.00392 0.96078 0.04706 1.00000
v -291.93173 415.74551 -3.18977 0.00392 0.96078 0.09412 1.00000
v -297.88559 415.20490 -7.08858 0.00392 0.96078 0.09412 1.00000
v -298.31549 416.39005 -0.06348 0.00392 0.96078 0.09412 1.00000
v -291.93173 415.74551 -3.18977 0.00392 0.96078 0.09412 1.00000
v -291.95554 433.42496 -6.63435 0.00392 0.96078 0.11765 1.00000
v -297.50409 432.69379 -10.22547 0.00392 0.96078 0.11765 1.00000
v -297.90311 434.12128 -3.74318 0.00392 0.96078 0.11765 1.00000
v -291.95554 433.42496 -6.63435 0.00392 0.96078 0.11765 1.00000
v -292.12759 450.95865 -10.95959 0.00392 0.96078 0.16471 1.00000
v -297.27264 449.87311 -14.18548 0.00392 0.96078 0.16471 1.00000
v -297.64752 451.77499 -8.32899 0.00392 0.96078 0.16471 1.00000
v -292.12759 450.95865 -10.95959 0.00392 0.96078 0.16471 1.00000
v -295.88434 468.29617 -17.29021 0.00392 0.96078 0.18824 1.00000
v -295.88434 468.29617 -17.29021 0.00392 0.96078 0.18824 1.00000
v -291.70044 379.61353 -8.38281 0.00392 0.89804 0.00000 1.00000
v -289.18872 382.31161 -1.67951 0.00392 0.89804 0.01961 1.00000
v -302.56140 383.82166 -7.31726 0.00392 0.89804 0.01961 1.00000
v -297.56406 359.77155 -2.62369 0.00392 0.89804 0.00000 1.00000
v -306.89169 376.81027 6.53773 0.00392 0.89804 0.00000 1.00000
v -300.77863 383.12076 7.14728 0.00392 0.89804 0.01961 1.00000
v -289.18872 382.31161 -1.67952 0.00392 0.89804 0.01961 1.00000
v -291.70044 379.61353 -8.38281 0.00392 0.89804 0.00000 1.00000
v -291.60916 399.71667 -0.92532 0.00392 0.89804 0.04314 1.00000
v -298.61530 400.29123 -3.87741 0.00392 0.89804 0.04314 1.00000
v -297.65643 400.25894 3.68637 0.00392 0.89804 0.04314 1.00000
v -291.60916 399.71667 -0.92532 0.00392 0.89804 0.04314 1.00000
v -290.54297 416.81860 -1.36728 0.00392 0.89804 0.09020 1.00000
v -297.12772 416.96500 -4.11701 0.00392 0.89804 0.09020 1.00000
v -296.19055 417.56042 2.93342 0.00392 0.89804 0.09020 1.00000
v -290.54297 416.81860 -1.36728 0.00392 0.89804 0.09020 1.00000
v -289.85046 434.42209 -3.34512 0.00392 0.89804 0.11373 1.00000
v -295.99390 434.38211 -5.88942 0.00392 0.89804 0.11373 1.00000
v -295.10760 435.22488 0.64672 0.00392 0.89804 0.11373 1.00000
v -289.85046 434.42209 -3.34512 0.00392 0.89804 0.11373 1.00000
v -289.35049 451.95438 -6.06527 0.00392 0.89804 0.16078 1.00000
v -295.06018 451.60406 -8.37460 0.00392 0.89804 0.16078 1.00000
v -294.22260 452.90964 -2.40383 0.00392 0.89804 0.16078 1.00000
v -289.35049 451.95438 -6.06527 0.00392 0.89804 0.16078 1.00000
v -292.45361 469.83508 -9.94560 0.00392 0.89804 0.18431 1.00000
v -292.45361 469.83508 -9.94560 0.00392 0.89804 0.18431 1.00000
v -245.32794 318.67825 43.96138 0.00392 0.54902 0.00000 1.00000
v -249.48276 313.64612 39.65593 0.00392 0.54902 0.00000 1.00000
v -252.43683 315.44455 44.32060 0.00392 0.54902 0.00000 1.00000
v -245.32794 318.67825 43.96138 0.00392 0.54902 0.00000 1.00000
v -251.84761 319.78635 48.13131 0.00392 0.54902 0.00000 1.00000
v -245.32794 318.67825 43.96138 0.00392 0.54902 0.00000 1.00000
v -248.06032 324.12814 48.85578 0.00392 0.54902 0.00000 1.00000
v -245.32794 318.67825 43.96138 0.00392 0.54902 0.00000 1.00000
v -243.29343 325.92661 46.06965 0.00392 0.54902 0.00000 1.00000
v -245.32794 318.67825 43.96138 0.00392 0.54902 0.00000 1.00000
v -240.33939 324.12814 41.40498 0.00392 0.54902 0.00000 1.00000
v -245.32794 318.67825 43.96138 0.00392 0.54902 0.00000 1.00000
v -240.92860 319.78635 37.59428 0.00392 0.54902 0.00000 1.00000
v -245.32794 318.67825 43.96138 0.00392 0.54902 0.00000 1.00000
v -244.71590 315.44455 36.86980 0.00392 0.54902 0.00000 1.00000
v -245.32794 318.67825 43.96138 0.00392 0.54902 0.00000 1.00000
v -249.48279 313.64612 39.65593 0.00392 0.54902 0.00000 1.00000
v -255.12538 311.59619 33.80874 0.00392 0.54902 0.00000 1.00000
v -260.58374 314.91931 42.42793 0.00392 0.54902 0.00000 1.00000
v -259.49503 322.94189 49.46919 0.00392 0.54902 0.00000 1.00000
v -252.49699 330.96451 50.80785 0.00392 0.54902 0.00000 1.00000
v -243.68896 334.28760 45.65976 0.00392 0.54902 0.00000 1.00000
v -238.23059 330.96454 37.04057 0.00392 0.54902 0.00000 1.00000
v -239.31931 322.94189 29.99931 0.00392 0.54902 0.00000 1.00000
v -246.31734 314.91931 28.66065 0.00392 0.54902 0.00000 1.00000
v -255.12538 311.59619 33.80874 0.00392 0.54902 0.00000 1.00000
v -261.39673 312.84064 27.31004 0.00392 0.54902 0.00000 1.00000
v -268.52841 317.18246 38.57154 0.00392 0.54902 0.00000 1.00000
v -267.10596 327.66452 47.77139 0.00392 0.54902 0.00000 1.00000
v -257.96259 338.14658 49.52044 0.00392 0.54902 0.00000 1.00000
v -246.45438 342.48837 42.79412 0.00392 0.54902 0.00000 1.00000
v -239.32266 338.14658 31.53262 0.00392 0.54902 0.00000 1.00000
v -240.74512 327.66452 22.33278 0.00392 0.54902 0.00000 1.00000
v -249.88852 317.18246 20.58372 0.00392 0.54902 0.00000 1.00000
v -261.39673 312.84064 27.31004 0.00392 0.54902 0.00000 1.00000
v -267.34207 317.18997 21.14913 0.00392 0.54902 0.00000 1.00000
v -275.06140 321.88950 33.33849 0.00392 0.54902 0.00000 1.00000
v -273.52173 333.23520 43.29634 0.00392 0.54902 0.00000 1.00000
v -263.62497 344.58090 45.18951 0.00392 0.54902 0.00000 1.00000
v -251.16859 349.28043 37.90899 0.00392 0.54902 0.00000 1.00000
v -243.44926 344.58090 25.71962 0.00392 0.54902 0.00000 1.00000
v -244.98892 333.23520 15.76178 0.00392 0.54902 0.00000 1.00000
v -254.88567 321.88950 13.86862 0.00392 0.54902 0.00000 1.00000
v -267.34207 317.18997 21.14914 0.00392 0.54902 0.00000 1.00000
v -272.05630 323.98203 16.26401 0.00392 0.54902 0.00000 1.00000
v -279.18802 328.32382 27.52551 0.00392 0.54902 0.00000 1.00000
v -277.76556 338.80588 36.72536 0.00392 0.54902 0.00000 1.00000
v -268.62219 349.28796 38.47441 0.00392 0.54902 0.00000 1.00000
v -257.11395 353.62976 31.74809 0.00392 0.54902 0.00000 1.00000
v -249.98222 349.28796 20.48659 0.00392 0.54902 0.00000 1.00000
v -251.40469 338.80588 11.28675 0.00392 0.54902 0.00000 1.00000
v -260.54810 328.32382 9.53769 0.00392 0.54902 0.00000 1.00000
v -272.05630 323.98203 16.26402 0.00392 0.54902 0.00000 1.00000
v -274.82169 332.18280 13.39837 0.00392 0.54902 0.00000 1.00000
v -280.28006 335.50586 22.01755 0.00392 0.54902 0.00000 1.00000
v -279.19135 343.52850 29.05881 0.00392 0.54902 0.00000 1.00000
v -272.19330 351.55112 30.39747 0.00392 0.54902 0.00000 1.00000
v -263.38528 354.87421 25.24937 0.00392 0.54902 0.00000 1.00000
v -257.92691 351.55112 16.63019 0.00392 0.54902 0.00000 1.00000
v -259.01563 343.52850 9.58893 0.00392 0.54902 0.00000 1.00000
v -266.01364 335.50586 8.25027 0.00392 0.54902 0.00000 1.00000
v -274.82169 332.18280 13.39837 0.00392 0.54902 0.00000 1.00000
v -275.21722 340.54382 12.98848 0.00392 0.54902 0.00000 1.00000
v -278.17130 342.34225 17.65314 0.00392 0.54902 0.00000 1.00000
v -277.58206 346.68405 21.46385 0.00392 0.54902 0.00000 1.00000
v -273.79477 351.02585 22.18833 0.00392 0.54902 0.00000 1.00000
v -269.02792 352.82428 19.40219 0.00392 0.54902 0.00000 1.00000
v -266.07385 351.02585 14.73753 0.00392 0.54902 0.00000 1.00000
v -266.66306 346.68405 10.92683 0.00392 0.54902 0.00000 1.00000
v -270.45038 342.34225 10.20235 0.00392 0.54902 0.00000 1.00000
v -275.21725 340.54382 12.98848 0.00392 0.54902 0.00000 1.00000
v -273.18274 347.79214 15.09674 0.00392 0.54902 0.00000 1.00000
v -273.18274 347.79214 15.09674 0.00392 0.54902 0.00000 1.00000
v -273.18274 347.79214 15.09674 0.00392 0.54902 0.00000 1.00000
v -273.18274 347.79214 15.09674 0.00392 0.54902 0.00000 1.00000
v -273.18274 347.79214 15.09674 0.00392 0.54902 0.00000 1.00000
v -273.18274 347.79214 15.09674 0.00392 0.54902 0.00000 1.00000
v -273.18274 347.79214 15.09674 0.00392 0.54902 0.00000 1.00000
v -273.18274 347.79214 15.09674 0.00392 0.54902 0.00000 1.00000
v -273.18274 347.79214 15.09674 0.00392 0.54902 0.00000 1.00000
v -249.53456 324.61871 -48.06217 0.00392 0.85882 0.00000 1.00000
v -253.22534 319.67395 -43.84028 0.00392 0.85882 0.00000 1.00000
v -248.56792 321.42252 -41.37286 0.00392 0.85882 0.00000 1.00000
v -249.53456 324.61871 -48.06217 0.00392 0.85882 0.00000 1.00000
v -245.04903 325.64395 -42.16929 0.00392 0.85882 0.00000 1.00000
v -249.53456 324.61871 -48.06217 0.00392 0.85882 0.00000 1.00000
v -244.73000 329.86536 -45.76305 0.00392 0.85882 0.00000 1.00000
v -249.53456 324.61871 -48.06217 0.00392 0.85882 0.00000 1.00000
v -247.79768 331.61395 -50.04895 0.00392 0.85882 0.00000 1.00000
v -249.53456 324.61871 -48.06217 0.00392 0.85882 0.00000 1.00000
v -252.45511 329.86536 -52.51637 0.00392 0.85882 0.00000 1.00000
v -249.53456 324.61871 -48.06217 0.00392 0.85882 0.00000 1.00000
v -255.97400 325.64395 -51.71993 0.00392 0.85882 0.00000 1.00000
v -249.53456 324.61871 -48.06217 0.00392 0.85882 0.00000 1.00000
v -256.29303 321.42252 -48.12618 0.00392 0.85882 0.00000 1.00000
v -249.53456 324.61871 -48.06217 0.00392 0.85882 0.00000 1.00000
v -253.22534 319.67395 -43.84028 0.00392 0.85882 0.00000 1.00000
v -258.30817 317.53241 -38.02603 0.00392 0.85882 0.00000 1.00000
v -249.70238 320.76337 -33.46683 0.00392 0.85882 0.00000 1.00000
v -243.20032 328.56354 -34.93845 0.00392 0.85882 0.00000 1.00000
v -242.61084 336.36371 -41.57884 0.00392 0.85882 0.00000 1.00000
v -248.27921 339.59467 -49.49815 0.00392 0.85882 0.00000 1.00000
v -256.88498 336.36371 -54.05735 0.00392 0.85882 0.00000 1.00000
v -263.38705 328.56354 -52.58574 0.00392 0.85882 0.00000 1.00000
v -263.97653 320.76337 -45.94534 0.00392 0.85882 0.00000 1.00000
v -258.30817 317.53241 -38.02603 0.00392 0.85882 0.00000 1.00000
v -264.00922 318.52017 -31.50461 0.00392 0.85882 0.00000 1.00000
v -252.76520 322.74158 -25.54772 0.00392 0.85882 0.00000 1.00000
v -244.26988 332.93298 -27.47049 0.00392 0.85882 0.00000 1.00000
v -243.49966 343.12439 -36.14657 0.00392 0.85882 0.00000 1.00000
v -250.90575 347.34583 -46.49365 0.00392 0.85882 0.00000 1.00000
v -262.14978 343.12439 -52.45053 0.00392 0.85882 0.00000 1.00000
v -270.64508 332.93298 -50.52777 0.00392 0.85882 0.00000 1.00000
v -271.41531 322.74158 -41.85168 0.00392 0.85882 0.00000 1.00000
v -264.00919 318.52017 -31.50461 0.00392 0.85882 0.00000 1.00000
v -269.46057 322.48682 -25.26880 0.00392 0.85882 0.00000 1.00000
v -257.29013 327.05600 -18.82110 0.00392 0.85882 0.00000 1.00000
v -248.09486 338.08713 -20.90230 0.00392 0.85882 0.00000 1.00000
v -247.26118 349.11826 -30.29322 0.00392 0.85882 0.00000 1.00000
v -255.27748 353.68747 -41.49281 0.00392 0.85882 0.00000 1.00000
v -267.44791 349.11826 -47.94051 0.00392 0.85882 0.00000 1.00000
v -276.64319 338.08713 -45.85932 0.00392 0.85882 0.00000 1.00000
v -277.47684 327.05600 -36.46839 0.00392 0.85882 0.00000 1.00000
v -269.46054 322.48682 -25.26880 0.00392 0.85882 0.00000 1.00000
v -273.83231 328.82843 -20.26798 0.00392 0.85882 0.00000 1.00000
v -262.58829 333.04984 -14.31108 0.00392 0.85882 0.00000 1.00000
v -254.09297 343.24127 -16.23385 0.00392 0.85882 0.00000 1.00000
v -253.32275 353.43268 -24.90993 0.00392 0.85882 0.00000 1.00000
v -260.72882 357.65408 -35.25700 0.00392 0.85882 0.00000 1.00000
v -271.97287 353.43268 -41.21390 0.00392 0.85882 0.00000 1.00000
v -280.46817 343.24127 -39.29113 0.00392 0.85882 0.00000 1.00000
v -281.23840 333.04984 -30.61504 0.00392 0.85882 0.00000 1.00000
v -273.83228 328.82843 -20.26797 0.00392 0.85882 0.00000 1.00000
v -276.45886 336.57962 -17.26346 0.00392 0.85882 0.00000 1.00000
v -267.85306 339.81058 -12.70426 0.00392 0.85882 0.00000 1.00000
v -261.35098 347.61072 -14.17587 0.00392 0.85882 0.00000 1.00000
v -260.76151 355.41089 -20.81626 0.00392 0.85882 0.00000 1.00000
v -266.42990 358.64185 -28.73557 0.00392 0.85882 0.00000 1.00000
v -275.03568 355.41089 -33.29477 0.00392 0.85882 0.00000 1.00000
v -281.53775 347.61072 -31.82316 0.00392 0.85882 0.00000 1.00000
v -282.12723 339.81058 -25.18276 0.00392 0.85882 0.00000 1.00000
v -276.45886 336.57962 -17.26346 0.00392 0.85882 0.00000 1.00000
v -276.94037 344.56030 -16.71266 0.00392 0.85882 0.00000 1.00000
v -272.28296 346.30887 -14.24524 0.00392 0.85882 0.00000 1.00000
v -268.76407 350.53030 -15.04167 0.00392 0.85882 0.00000 1.00000
v -268.44504 354.75171 -18.63543 0.00392 0.85882 0.00000 1.00000
v -271.51273 356.50027 -22.92132 0.00392 0.85882 0.00000 1.00000
v -276.17017 354.75171 -25.38874 0.00392 0.85882 0.00000 1.00000
v -279.68903 350.53030 -24.59231 0.00392 0.85882 0.00000 1.00000
v -280.00806 346.30887 -20.99856 0.00392 0.85882 0.00000 1.00000
v -276.94037 344.56030 -16.71266 0.00392 0.85882 0.00000 1.00000
v -275.20349 351.55551 -18.69944 0.00392 0.85882 0.00000 1.00000
v -275.20349 351.55551 -18.69944 0.00392 0.85882 0.00000 1.00000
v -275.20349 351.55551 -18.69944 0.00392 0.85882 0.00000 1.00000
v -275.20349 351.55551 -18.69944 0.00392 0.85882 0.00000 1.00000
v -275.20349 351.55551 -18.69944 0.00392 0.85882 0.00000 1.00000
v -275.20349 351.55551 -18.69944 0.00392 0.85882 0.00000 1.00000
v -275.20349 351.55551 -18.69944 0.00392 0.85882 0.00000 1.00000
v -275.20349 351.55551 -18.69944 0.00392 0.85882 0.00000 1.00000
v -324.05286 321.22134 -54.81554 0.00392 0.06275 0.00000 1.00000
v -320.93634 315.95374 -50.02747 0.00392 0.06275 0.00000 1.00000
v -317.12979 317.79855 -53.95437 0.00392 0.06275 0.00000 1.00000
v -324.05286 321.22134 -54.81554 0.00392 0.06275 0.00000 1.00000
v -316.87823 322.25241 -57.61686 0.00392 0.06275 0.00000 1.00000
v -324.05286 321.22134 -54.81554 0.00392 0.06275 0.00000 1.00000
v -320.32901 326.70630 -58.86948 0.00392 0.06275 0.00000 1.00000
v -324.05286 321.22134 -54.81554 0.00392 0.06275 0.00000 1.00000
v -325.46075 328.55115 -56.97849 0.00392 0.06275 0.00000 1.00000
v -324.05286 321.22134 -54.81554 0.00392 0.06275 0.00000 1.00000
v -329.26730 326.70630 -53.05159 0.00392 0.06275 0.00000 1.00000
v -324.05286 321.22134 -54.81554 0.00392 0.06275 0.00000 1.00000
v -329.51886 322.25241 -49.38911 0.00392 0.06275 0.00000 1.00000
v -324.05286 321.22134 -54.81554 0.00392 0.06275 0.00000 1.00000
v -326.06805 317.79855 -48.13648 0.00392 0.06275 0.00000 1.00000
v -324.05286 321.22134 -54.81554 0.00392 0.06275 0.00000 1.00000
v -320.93634 315.95374 -50.02747 0.00392 0.06275 0.00000 1.00000
v -316.58557 313.55023 -43.34322 0.00392 0.06275 0.00000 1.00000
v -309.55197 316.95908 -50.59919 0.00392 0.06275 0.00000 1.00000
v -309.08716 325.18872 -57.36658 0.00392 0.06275 0.00000 1.00000
v -315.46338 333.41837 -59.68114 0.00392 0.06275 0.00000 1.00000
v -324.94559 336.82721 -56.18703 0.00392 0.06275 0.00000 1.00000
v -331.97916 333.41837 -48.93106 0.00392 0.06275 0.00000 1.00000
v -332.44400 325.18872 -42.16368 0.00392 0.06275 0.00000 1.00000
v -326.06775 316.95908 -39.84912 0.00392 0.06275 0.00000 1.00000
v -316.58557 313.55023 -43.34323 0.00392 0.06275 0.00000 1.00000
v -311.66299 314.37671 -35.78043 0.00392 0.06275 0.00000 1.00000
v -302.47314 318.83057 -45.26081 0.00392 0.06275 0.00000 1.00000
v -301.86581 329.58313 -54.10283 0.00392 0.06275 0.00000 1.00000
v -310.19675 340.33569 -57.12693 0.00392 0.06275 0.00000 1.00000
v -322.58585 344.78955 -52.56166 0.00392 0.06275 0.00000 1.00000
v -331.77570 340.33569 -43.08129 0.00392 0.06275 0.00000 1.00000
v -332.38300 329.58313 -34.23928 0.00392 0.06275 0.00000 1.00000
v -324.05203 318.83057 -31.21516 0.00392 0.06275 0.00000 1.00000
v -311.66299 314.37671 -35.78043 0.00392 0.06275 0.00000 1.00000
v -306.91794 318.30743 -28.49043 0.00392 0.06275 0.00000 1.00000
v -296.97092 323.12823 -38.75191 0.00392 0.06275 0.00000 1.00000
v -296.31354 334.76675 -48.32244 0.00392 0.06275 0.00000 1.00000
v -305.33093 346.40524 -51.59572 0.00392 0.06275 0.00000 1.00000
v -318.74075 351.22607 -46.65431 0.00392 0.06275 0.00000 1.00000
v -328.68777 346.40524 -36.39282 0.00392 0.06275 0.00000 1.00000
v -329.34512 334.76675 -26.82230 0.00392 0.06275 0.00000 1.00000
v -320.32776 323.12827 -23.54901 0.00392 0.06275 0.00000 1.00000
v -306.91794 318.30743 -28.49043 0.00392 0.06275 0.00000 1.00000
v -303.07285 324.74396 -22.58308 0.00392 0.06275 0.00000 1.00000
v -293.88300 329.19781 -32.06345 0.00392 0.06275 0.00000 1.00000
v -293.27570 339.95038 -40.90547 0.00392 0.06275 0.00000 1.00000
v -301.60663 350.70291 -43.92959 0.00392 0.06275 0.00000 1.00000
v -313.99570 355.15680 -39.36431 0.00392 0.06275 0.00000 1.00000
v -323.18555 350.70291 -29.88393 0.00392 0.06275 0.00000 1.00000
v -323.79288 339.95038 -21.04192 0.00392 0.06275 0.00000 1.00000
v -315.46191 329.19781 -18.01780 0.00392 0.06275 0.00000 1.00000
v -303.07285 324.74396 -22.58308 0.00392 0.06275 0.00000 1.00000
v -300.71307 332.70636 -18.95770 0.00392 0.06275 0.00000 1.00000
v -293.67950 336.11520 -26.21367 0.00392 0.06275 0.00000 1.00000
v -293.21466 344.34485 -32.98106 0.00392 0.06275 0.00000 1.00000
v -299.59091 352.57449 -35.29561 0.00392 0.06275 0.00000 1.00000
v -309.07309 355.98334 -31.80151 0.00392 0.06275 0.00000 1.00000
v -316.10669 352.57449 -24.54554 0.00392 0.06275 0.00000 1.00000
v -316.57153 344.34485 -17.77815 0.00392 0.06275 0.00000 1.00000
v -310.19528 336.11520 -15.46360 0.00392 0.06275 0.00000 1.00000
v -300.71307 332.70636 -18.95770 0.00392 0.06275 0.00000 1.00000
v -300.19794 340.98242 -18.16624 0.00392 0.06275 0.00000 1.00000
v -296.39139 342.82724 -22.09315 0.00392 0.06275 0.00000 1.00000
v -296.13983 347.28110 -25.75563 0.00392 0.06275 0.00000 1.00000
v -299.59064 351.73495 -27.00826 0.00392 0.06275 0.00000 1.00000
v -304.72235 353.57980 -25.11726 0.00392 0.06275 0.00000 1.00000
v -308.52890 351.73495 -21.19036 0.00392 0.06275 0.00000 1.00000
v -308.78046 347.28110 -17.52788 0.00392 0.06275 0.00000 1.00000
v -305.32968 342.82724 -16.27525 0.00392 0.06275 0.00000 1.00000
v -300.19794 340.98242 -18.16624 0.00392 0.06275 0.00000 1.00000
v -301.60580 348.31219 -20.32920 0.00392 0.06275 0.00000 1.00000
v -301.60580 348.31219 -20.32920 0.00392 0.06275 0.00000 1.00000
v -301.60580 348.31219 -20.32920 0.00392 0.06275 0.00000 1.00000
v -301.60580 348.31219 -20.32920 0.00392 0.06275 0.00000 1.00000
v -301.60580 348.31219 -20.32920 0.00392 0.06275 0.00000 1.00000
v -301.60580 348.31219 -20.32920 0.00392 0.06275 0.00000 1.00000
v -301.60580 348.31219 -20.32920 0.00392 0.06275 0.00000 1.00000
v -301.60580 348.31219 -20.32920 0.00392 0.06275 0.00000 1.00000
v -352.52090 335.57285 14.32456 0.00392 0.81176 0.00000 1.00000
v -347.73776 330.82190 13.08845 0.00392 0.81176 0.00000 1.00000
v -349.91849 332.47125 8.79418 0.00392 0.81176 0.00000 1.00000
v -352.52090 335.57285 14.32456 0.00392 0.81176 0.00000 1.00000
v -352.82959 336.45306 7.53432 0.00392 0.81176 0.00000 1.00000
v -352.52090 335.57285 14.32456 0.00392 0.81176 0.00000 1.00000
v -354.76578 340.43488 10.04687 0.00392 0.81176 0.00000 1.00000
v -352.52090 335.57285 14.32456 0.00392 0.81176 0.00000 1.00000
v -354.59286 342.08420 14.86001 0.00392 0.81176 0.00000 1.00000
v -352.52090 335.57285 14.32456 0.00392 0.81176 0.00000 1.00000
v -352.41211 340.43488 19.15428 0.00392 0.81176 0.00000 1.00000
v -352.52090 335.57285 14.32456 0.00392 0.81176 0.00000 1.00000
v -349.50104 336.45306 20.41414 0.00392 0.81176 0.00000 1.00000
v -352.52090 335.57285 14.32456 0.00392 0.81176 0.00000 1.00000
v -347.56485 332.47125 17.90159 0.00392 0.81176 0.00000 1.00000
v -352.52090 335.57285 14.32456 0.00392 0.81176 0.00000 1.00000
v -347.73776 330.82190 13.08845 0.00392 0.81176 0.00000 1.00000
v -340.97162 328.55475 11.33987 0.00392 0.81176 0.00000 1.00000
v -345.00110 331.60229 3.40510 0.00392 0.81176 0.00000 1.00000
v -350.38010 338.95972 1.07717 0.00392 0.81176 0.00000 1.00000
v -353.95767 346.31717 5.71976 0.00392 0.81176 0.00000 1.00000
v -353.63818 349.36469 14.61329 0.00392 0.81176 0.00000 1.00000
v -349.60870 346.31717 22.54806 0.00392 0.81176 0.00000 1.00000
v -344.22971 338.95972 24.87599 0.00392 0.81176 0.00000 1.00000
v -340.65213 331.60229 20.23339 0.00392 0.81176 0.00000 1.00000
v -340.97162 328.55475 11.33986 0.00392 0.81176 0.00000 1.00000
v -333.25259 329.11642 9.34503 0.00392 0.81176 0.00000 1.00000
v -338.51733 333.09824 -1.02224 0.00392 0.81176 0.00000 1.00000
v -345.54535 342.71118 -4.06382 0.00392 0.81176 0.00000 1.00000
v -350.21970 352.32413 2.00201 0.00392 0.81176 0.00000 1.00000
v -349.80225 356.30594 13.62197 0.00392 0.81176 0.00000 1.00000
v -344.53751 352.32413 23.98925 0.00392 0.81176 0.00000 1.00000
v -337.50949 342.71118 27.03082 0.00392 0.81176 0.00000 1.00000
v -332.83514 333.09824 20.96499 0.00392 0.81176 0.00000 1.00000
v -333.25259 329.11642 9.34503 0.00392 0.81176 0.00000 1.00000
v -325.75583 332.42154 7.40762 0.00392 0.81176 0.00000 1.00000
v -331.45432 336.73141 -3.81384 0.00392 0.81176 0.00000 1.00000
v -339.06137 347.13638 -7.10601 0.00392 0.81176 0.00000 1.00000
v -344.12085 357.54135 -0.54041 0.00392 0.81176 0.00000 1.00000
v -343.66898 361.85123 12.03695 0.00392 0.81176 0.00000 1.00000
v -337.97049 357.54135 23.25841 0.00392 0.81176 0.00000 1.00000
v -330.36343 347.13638 26.55058 0.00392 0.81176 0.00000 1.00000
v -325.30396 336.73141 19.98497 0.00392 0.81176 0.00000 1.00000
v -325.75583 332.42154 7.40762 0.00392 0.81176 0.00000 1.00000
v -319.62259 337.96680 5.82260 0.00392 0.81176 0.00000 1.00000
v -324.88733 341.94861 -4.54467 0.00392 0.81176 0.00000 1.00000
v -331.91531 351.56155 -7.58625 0.00392 0.81176 0.00000 1.00000
v -336.58969 361.17450 -1.52042 0.00392 0.81176 0.00000 1.00000
v -336.17221 365.15631 10.09954 0.00392 0.81176 0.00000 1.00000
v -330.90747 361.17450 20.46681 0.00392 0.81176 0.00000 1.00000
v -323.87949 351.56155 23.50838 0.00392 0.81176 0.00000 1.00000
v -319.20511 341.94861 17.44256 0.00392 0.81176 0.00000 1.00000
v -319.62259 337.96680 5.82260 0.00392 0.81176 0.00000 1.00000
v -315.78662 344.90808 4.83127 0.00392 0.81176 0.00000 1.00000
v -319.81610 347.95560 -3.10349 0.00392 0.81176 0.00000 1.00000
v -325.19510 355.31305 -5.43142 0.00392 0.81176 0.00000 1.00000
v -328.77267 362.67047 -0.78883 0.00392 0.81176 0.00000 1.00000
v -328.45319 365.71802 8.10470 0.00392 0.81176 0.00000 1.00000
v -324.42371 362.67050 16.03946 0.00392 0.81176 0.00000 1.00000
v -319.04471 355.31305 18.36739 0.00392 0.81176 0.00000 1.00000
v -315.46713 347.95560 13.72480 0.00392 0.81176 0.00000 1.00000
v -315.78662 344.90808 4.83127 0.00392 0.81176 0.00000 1.00000
v -314.83197 352.18857 4.58455 0.00392 0.81176 0.00000 1.00000
v -317.01270 353.83792 0.29029 0.00392 0.81176 0.00000 1.00000
v -319.92377 357.81970 -0.96958 0.00392 0.81176 0.00000 1.00000
v -321.85995 361.80151 1.54298 0.00392 0.81176 0.00000 1.00000
v -321.68704 363.45087 6.35612 0.00392 0.81176 0.00000 1.00000
v -319.50632 361.80151 10.65038 0.00392 0.81176 0.00000 1.00000
v -316.59521 357.81970 11.91025 0.00392 0.81176 0.00000 1.00000
v -314.65903 353.83792 9.39769 0.00392 0.81176 0.00000 1.00000
v -314.83197 352.18857 4.58455 0.00392 0.81176 0.00000 1.00000
v -316.90390 358.69995 5.12001 0.00392 0.81176 0.00000 1.00000
v -316.90390 358.69995 5.12001 0.00392 0.81176 0.00000 1.00000
v -316.90390 358.69995 5.12001 0.00392 0.81176 0.00000 1.00000
v -316.90390 358.69995 5.12001 0.00392 0.81176 0.00000 1.00000
v -316.90390 358.69995 5.12001 0.00392 0.81176 0.00000 1.00000
v -316.90390 358.69995 5.12001 0.00392 0.81176 0.00000 1.00000
v -316.90390 358.69995 5.12001 0.00392 0.81176 0.00000 1.00000
v -316.90390 358.69995 5.12001 0.00392 0.81176 0.00000 1.00000
v -316.90390 358.69995 5.12001 0.00392 0.81176 0.00000 1.00000
v -322.81561 343.66989 51.26557 0.00392 0.88235 0.00000 1.00000
v -320.70300 339.13037 47.25019 0.00392 0.88235 0.00000 1.00000
v -325.03851 340.69373 46.03156 0.00392 0.88235 0.00000 1.00000
v -322.81561 343.66989 51.26557 0.00392 0.88235 0.00000 1.00000
v -327.70987 344.46805 47.19092 0.00392 0.88235 0.00000 1.00000
v -322.81561 343.66989 51.26557 0.00392 0.88235 0.00000 1.00000
v -327.15225 348.24237 50.04914 0.00392 0.88235 0.00000 1.00000
v -322.81561 343.66989 51.26557 0.00392 0.88235 0.00000 1.00000
v -323.69229 349.80576 52.93190 0.00392 0.88235 0.00000 1.00000
v -322.81561 343.66989 51.26557 0.00392 0.88235 0.00000 1.00000
v -319.35678 348.24237 54.15054 0.00392 0.88235 0.00000 1.00000
v -322.81561 343.66989 51.26557 0.00392 0.88235 0.00000 1.00000
v -316.68542 344.46805 52.99118 0.00392 0.88235 0.00000 1.00000
v -322.81561 343.66989 51.26557 0.00392 0.88235 0.00000 1.00000
v -317.24304 340.69373 50.13295 0.00392 0.88235 0.00000 1.00000
v -322.81561 343.66989 51.26557 0.00392 0.88235 0.00000 1.00000
v -320.70300 339.13037 47.25019 0.00392 0.88235 0.00000 1.00000
v -317.67612 336.87823 41.49705 0.00392 0.88235 0.00000 1.00000
v -325.68710 339.76697 39.24532 0.00392 0.88235 0.00000 1.00000
v -330.62317 346.74100 41.38754 0.00392 0.88235 0.00000 1.00000
v -329.59280 353.71503 46.66884 0.00392 0.88235 0.00000 1.00000
v -323.19965 356.60376 51.99551 0.00392 0.88235 0.00000 1.00000
v -315.18866 353.71503 54.24723 0.00392 0.88235 0.00000 1.00000
v -310.25259 346.74100 52.10501 0.00392 0.88235 0.00000 1.00000
v -311.28296 339.76697 46.82371 0.00392 0.88235 0.00000 1.00000
v -317.67612 336.87823 41.49705 0.00392 0.88235 0.00000 1.00000
v -314.19580 337.25638 34.88206 0.00392 0.88235 0.00000 1.00000
v -324.66266 341.03067 31.94002 0.00392 0.88235 0.00000 1.00000
v -331.11191 350.14267 34.73898 0.00392 0.88235 0.00000 1.00000
v -329.76572 359.25467 41.63933 0.00392 0.88235 0.00000 1.00000
v -321.41263 363.02899 48.59894 0.00392 0.88235 0.00000 1.00000
v -310.94577 359.25470 51.54098 0.00392 0.88235 0.00000 1.00000
v -304.49652 350.14267 48.74202 0.00392 0.88235 0.00000 1.00000
v -305.84274 341.03067 41.84167 0.00392 0.88235 0.00000 1.00000
v -314.19580 337.25638 34.88205 0.00392 0.88235 0.00000 1.00000
v -310.79187 340.20718 28.41223 0.00392 0.88235 0.00000 1.00000
v -322.12109 344.29248 25.22779 0.00392 0.88235 0.00000 1.00000
v -329.10172 354.15524 28.25736 0.00392 0.88235 0.00000 1.00000
v -327.64459 364.01804 35.72625 0.00392 0.88235 0.00000 1.00000
v -318.60327 368.10333 43.25928 0.00392 0.88235 0.00000 1.00000
v -307.27405 364.01804 46.44372 0.00392 0.88235 0.00000 1.00000
v -300.29343 354.15524 43.41415 0.00392 0.88235 0.00000 1.00000
v -301.75055 344.29248 35.94526 0.00392 0.88235 0.00000 1.00000
v -310.79187 340.20718 28.41223 0.00392 0.88235 0.00000 1.00000
v -307.98254 345.28149 23.07258 0.00392 0.88235 0.00000 1.00000
v -318.44940 349.05579 20.13055 0.00392 0.88235 0.00000 1.00000
v -324.89865 358.16782 22.92951 0.00392 0.88235 0.00000 1.00000
v -323.55243 367.27982 29.82985 0.00392 0.88235 0.00000 1.00000
v -315.19934 371.05414 36.78946 0.00392 0.88235 0.00000 1.00000
v -304.73251 367.27982 39.73150 0.00392 0.88235 0.00000 1.00000
v -298.28323 358.16782 36.93254 0.00392 0.88235 0.00000 1.00000
v -299.62946 349.05582 30.03219 0.00392 0.88235 0.00000 1.00000
v -307.98254 345.28149 23.07258 0.00392 0.88235 0.00000 1.00000
v -306.19553 351.70673 19.67600 0.00392 0.88235 0.00000 1.00000
v -314.20651 354.59549 17.42427 0.00392 0.88235 0.00000 1.00000
v -319.14255 361.56952 19.56650 0.00392 0.88235 0.00000 1.00000
v -318.11221 368.54355 24.84780 0.00392 0.88235 0.00000 1.00000
v -311.71906 371.43228 30.17446 0.00392 0.88235 0.00000 1.00000
v -303.70804 368.54355 32.42619 0.00392 0.88235 0.00000 1.00000
v -298.77200 361.56952 30.28397 0.00392 0.88235 0.00000 1.00000
v -299.80234 354.59549 25.00266 0.00392 0.88235 0.00000 1.00000
v -306.19553 351.70673 19.67600 0.00392 0.88235 0.00000 1.00000
v -305.70285 358.50476 18.73961 0.00392 0.88235 0.00000 1.00000
v -310.03836 360.06815 17.52098 0.00392 0.88235 0.00000 1.00000
v -312.70975 363.84244 18.68034 0.00392 0.88235 0.00000 1.00000
v -312.15213 367.61676 21.53856 0.00392 0.88235 0.00000 1.00000
v -308.69217 369.18011 24.42133 0.00392 0.88235 0.00000 1.00000
v -304.35666 367.61676 25.63995 0.00392 0.88235 0.00000 1.00000
v -301.68530 363.84244 24.48059 0.00392 0.88235 0.00000 1.00000
v -302.24292 360.06815 21.62237 0.00392 0.88235 0.00000 1.00000
v -305.70285 358.50476 18.73960 0.00392 0.88235 0.00000 1.00000
v -306.57956 364.64059 20.40594 0.00392 0.88235 0.00000 1.00000
v -306.57956 364.64059 20.40594 0.00392 0.88235 0.00000 1.00000
v -306.57956 364.64059 20.40594 0.00392 0.88235 0.00000 1.00000
v -306.57956 364.64059 20.40594 0.00392 0.88235 0.00000 1.00000
v -306.57956 364.64059 20.40594 0.00392 0.88235 0.00000 1.00000
v -306.57956 364.64059 20.40594 0.00392 0.88235 0.00000 1.00000
v -306.57956 364.64059 20.40594 0.00392 0.88235 0.00000 1.00000
v -306.57956 364.64059 20.40594 0.00392 0.88235 0.00000 1.00000
v -326.90588 348.57388 42.82880 0.13725 0.85882 0.07843 1.00000
v -336.10468 354.40369 43.17762 0.17647 0.85882 0.09804 1.00000
v -335.43307 369.28177 30.43279 0.09020 0.85882 0.09804 1.00000
v -323.81003 364.97916 27.80624 0.07451 0.85882 0.07843 1.00000
v -322.40137 381.43256 5.31094 0.00392 0.85882 0.07843 1.00000
v -336.46661 385.91531 8.56643 0.00392 0.85882 0.09804 1.00000
v -344.91156 370.38464 -11.18887 0.09020 0.85882 0.09804 1.00000
v -332.90100 366.17816 -14.09522 0.07451 0.85882 0.07843 1.00000
v -342.54141 349.24475 -26.81344 0.13725 0.85882 0.07843 1.00000
v -352.18848 356.41550 -27.59637 0.17647 0.85882 0.09804 1.00000
v -341.11255 353.85742 47.51332 0.23922 0.85882 0.13725 1.00000
v -345.32364 371.72250 32.90342 0.12157 0.85882 0.13725 1.00000
v -351.03775 388.44293 12.02228 0.00392 0.85882 0.13725 1.00000
v -355.88553 374.12399 -9.69794 0.12157 0.85882 0.13725 1.00000
v -358.83292 357.14410 -24.06607 0.23922 0.85882 0.13725 1.00000
v -352.86353 356.89316 47.41492 0.27059 0.85882 0.16078 1.00000
v -358.59549 372.03235 35.09774 0.13725 0.85882 0.16078 1.00000
v -366.04950 386.88242 15.76499 0.00392 0.85882 0.16078 1.00000
v -368.74985 371.90283 -5.19125 0.13725 0.85882 0.16078 1.00000
v -370.76328 358.35107 -22.44952 0.27059 0.85882 0.16078 1.00000
v -358.89627 354.92743 50.92118 0.34118 0.85882 0.20000 1.00000
v -368.74518 368.93677 38.99674 0.17647 0.85882 0.20000 1.00000
v -380.76968 383.26740 19.53546 0.00392 0.85882 0.20000 1.00000
v -380.30444 369.90857 -2.34835 0.17647 0.85882 0.20000 1.00000
v -377.48245 355.13693 -17.94983 0.34118 0.85882 0.20000 1.00000
v -366.22635 354.60083 51.49119 0.37255 0.85882 0.21961 1.00000
v -376.62369 366.06274 40.98491 0.19216 0.85882 0.21961 1.00000
v -390.19525 378.79453 22.06553 0.00392 0.85882 0.21961 1.00000
v -388.66769 366.85849 -0.33046 0.19216 0.85882 0.21961 1.00000
v -384.34659 353.40692 -16.25147 0.37255 0.85882 0.21961 1.00000
v -373.98657 346.03735 56.53619 0.40392 0.85882 0.23922 1.00000
v -388.18790 358.29163 44.05710 0.20784 0.85882 0.23922 1.00000
v -402.93695 369.19202 25.70016 0.00392 0.85882 0.23922 1.00000
v -400.63849 358.78357 2.82838 0.20784 0.85882 0.23922 1.00000
v -395.66394 347.34821 -13.90354 0.40392 0.85882 0.23922 1.00000
v -380.79031 341.79596 58.39801 0.47451 0.85882 0.27843 1.00000
v -397.60562 350.49585 46.60212 0.23922 0.85882 0.27843 1.00000
v -414.38068 357.90436 29.12833 0.00392 0.85882 0.27843 1.00000
v -409.87698 349.74606 6.11195 0.23922 0.85882 0.27843 1.00000
v -402.42239 340.94788 -10.85134 0.47451 0.85882 0.27843 1.00000
v -388.93259 331.84384 60.22992 0.50588 0.85882 0.30196 1.00000
v -404.80954 337.79822 49.62289 0.25490 0.85882 0.30196 1.00000
v -422.72238 343.49887 32.01229 0.00392 0.85882 0.30196 1.00000
v -417.86057 336.91229 8.83378 0.25490 0.85882 0.30196 1.00000
v -409.68008 329.79849 -8.14745 0.50588 0.85882 0.30196 1.00000
v -392.58499 323.83688 62.65010 0.57647 0.85882 0.34118 1.00000
v -410.46753 326.18185 51.72926 0.29412 0.85882 0.34118 1.00000
v -429.15433 327.99481 34.51119 0.00392 0.85882 0.34118 1.00000
v -424.16132 324.40741 10.84918 0.29412 0.85882 0.34118 1.00000
v -417.01511 320.99252 -7.35478 0.57647 0.85882 0.34118 1.00000
v -395.03226 310.61481 64.33983 0.60784 0.85882 0.36078 1.00000
v -413.34875 310.93088 53.09506 0.30980 0.85882 0.36078 1.00000
v -431.38916 310.78259 36.11818 0.00392 0.85882 0.36078 1.00000
v -425.92294 308.61456 12.84412 0.30980 0.85882 0.36078 1.00000
v -420.04865 306.77686 -5.84722 0.60784 0.85882 0.36078 1.00000
v -399.26215 303.17734 64.16560 0.67059 0.85882 0.40000 1.00000
v -413.72220 298.97531 54.44395 0.34118 0.85882 0.40000 1.00000
v -431.38599 293.30670 37.20358 0.00392 0.85882 0.40000 1.00000
v -426.29504 292.12540 13.97942 0.34118 0.85882 0.40000 1.00000
v -420.04272 291.70547 -4.21933 0.67059 0.85882 0.40000 1.00000
v -241.97881 354.61459 34.69355 0.13725 0.81176 0.08627 1.00000
v -239.47212 360.45706 44.95798 0.17647 0.81176 0.10588 1.00000
v -257.31622 377.26828 43.35534 0.08235 0.81176 0.10588 1.00000
v -262.26471 372.55267 30.54407 0.06667 0.81176 0.08627 1.00000
v -285.24908 386.89020 28.99713 0.00392 0.81176 0.08627 1.00000
v -281.42389 393.41907 43.63630 0.00392 0.81176 0.10588 1.00000
v -302.98102 378.99310 54.64994 0.08235 0.81176 0.10588 1.00000
v -304.65213 371.41476 42.22297 0.06667 0.81176 0.08627 1.00000
v -317.95969 355.03305 54.33308 0.13725 0.81176 0.08627 1.00000
v -317.63669 362.88208 64.48760 0.17647 0.81176 0.10588 1.00000
v -237.43765 363.95819 51.90588 0.24706 0.81176 0.15294 1.00000
v -255.88670 382.97656 54.86142 0.12157 0.81176 0.15294 1.00000
v -277.40964 398.03900 59.00779 0.00392 0.81176 0.15294 1.00000
v -298.98154 382.29556 66.18662 0.12157 0.81176 0.15294 1.00000
v -313.13599 364.16330 71.66182 0.24706 0.81176 0.15294 1.00000
v -236.40652 367.63492 64.78371 0.27843 0.81176 0.17255 1.00000
v -251.17122 382.95956 69.14671 0.13725 0.81176 0.17255 1.00000
v -273.13074 398.55481 75.39587 0.00392 0.81176 0.17255 1.00000
v -295.87366 383.94244 80.84224 0.13725 0.81176 0.17255 1.00000
v -310.19644 365.82541 83.97496 0.27843 0.81176 0.17255 1.00000
v -231.73531 365.74164 72.62202 0.35686 0.81176 0.21569 1.00000
v -248.46858 383.08997 82.26135 0.17647 0.81176 0.21569 1.00000
v -268.85703 396.91003 91.78277 0.00392 0.81176 0.21569 1.00000
v -291.27020 382.03403 93.11343 0.17647 0.81176 0.21569 1.00000
v -308.32968 366.91190 92.97177 0.35686 0.81176 0.21569 1.00000
v -230.00665 365.02979 80.29845 0.38824 0.81176 0.23922 1.00000
v -244.84523 379.61093 90.76907 0.19216 0.81176 0.23922 1.00000
v -266.02356 393.61194 102.63725 0.00392 0.81176 0.23922 1.00000
v -288.91794 379.92273 102.44716 0.19216 0.81176 0.23922 1.00000
v -306.77411 366.36053 100.99556 0.38824 0.81176 0.23922 1.00000
v -227.12483 359.94595 93.09988 0.42745 0.81176 0.26275 1.00000
v -241.25763 372.82684 104.74677 0.20784 0.81176 0.26275 1.00000
v -261.99582 385.44894 117.97361 0.00392 0.81176 0.26275 1.00000
v -285.60895 373.40063 116.77746 0.20784 0.81176 0.26275 1.00000
v -302.61819 359.88208 112.93787 0.42745 0.81176 0.26275 1.00000
v -225.07428 355.51849 102.90235 0.49020 0.81176 0.30588 1.00000
v -238.48085 365.67062 116.97416 0.23922 0.81176 0.30588 1.00000
v -258.21497 375.35568 132.27040 0.00392 0.81176 0.30588 1.00000
v -282.03259 365.35101 128.38362 0.23922 0.81176 0.30588 1.00000
v -300.14441 354.91400 122.51357 0.49020 0.81176 0.30588 1.00000
v -221.51505 344.40384 112.20581 0.49020 0.81176 0.32549 1.00000
v -235.09280 353.19785 127.53654 0.23922 0.81176 0.32549 1.00000
v -254.99928 361.58392 144.07275 0.00392 0.81176 0.32549 1.00000
v -278.93005 353.04276 139.40672 0.23922 0.81176 0.32549 1.00000
v -297.82880 344.69818 133.61386 0.49020 0.81176 0.32549 1.00000
v -219.47330 335.70923 119.78281 0.49020 0.81176 0.37255 1.00000
v -232.56041 341.15320 136.26567 0.23922 0.81176 0.37255 1.00000
v -252.16431 346.38626 154.21333 0.00392 0.81176 0.37255 1.00000
v -277.04666 341.06790 149.39047 0.23922 0.81176 0.37255 1.00000
v -294.79874 334.77594 140.18552 0.49020 0.81176 0.37255 1.00000
v -218.06523 321.66016 126.80065 0.49020 0.81176 0.39216 1.00000
v -231.23053 325.38150 143.60153 0.23922 0.81176 0.39216 1.00000
v -250.16566 328.61844 160.65053 0.00392 0.81176 0.39216 1.00000
v -275.14941 324.79456 155.91841 0.23922 0.81176 0.39216 1.00000
v -293.04633 320.33539 146.74335 0.49020 0.81176 0.39216 1.00000
v -216.18266 313.16071 129.45749 0.49020 0.81176 0.43529 1.00000
v -230.02377 311.93741 147.92885 0.23922 0.81176 0.43529 1.00000
v -248.66623 310.09656 164.95952 0.00392 0.81176 0.43529 1.00000
v -273.37384 306.97943 160.01396 0.23922 0.81176 0.43529 1.00000
v -291.27267 304.58411 150.85876 0.49020 0.81176 0.43529 1.00000
v -254.58662 365.78342 -52.47484 0.16863 0.86275 0.09412 1.00000
v -241.94308 370.83423 -58.26756 0.20784 0.86275 0.11765 1.00000
v -245.31482 386.64398 -37.46637 0.10588 0.86275 0.11765 1.00000
v -259.06683 378.62177 -34.60539 0.09020 0.86275 0.09412 1.00000
v -262.67807 392.98892 -7.77006 0.00392 0.86275 0.09412 1.00000
v -247.11424 401.56174 -10.91856 0.00392 0.86275 0.11765 1.00000
v -235.22615 385.88171 11.23201 0.10588 0.86275 0.11765 1.00000
v -248.33057 376.97546 12.64702 0.09020 0.86275 0.09412 1.00000
v -235.82916 363.01965 30.42826 0.16863 0.86275 0.09412 1.00000
v -224.11636 368.77890 26.09427 0.20784 0.86275 0.11765 1.00000
v -232.71690 378.94336 -56.76627 0.28627 0.86275 0.16471 1.00000
v -232.30798 393.68500 -38.79639 0.14510 0.86275 0.16471 1.00000
v -230.59117 408.22250 -14.17913 0.00392 0.86275 0.16471 1.00000
v -222.84677 390.51263 7.46965 0.14510 0.86275 0.16471 1.00000
v -216.13371 375.00809 26.07115 0.28627 0.86275 0.16471 1.00000
v -218.17546 380.21890 -61.46290 0.32549 0.86275 0.18824 1.00000
v -216.01221 395.29382 -43.17804 0.16863 0.86275 0.18824 1.00000
v -212.52464 410.78793 -17.57440 0.00392 0.86275 0.18824 1.00000
v -206.97755 393.41187 4.66477 0.16863 0.86275 0.18824 1.00000
v -202.53403 375.43652 20.69531 0.32549 0.86275 0.18824 1.00000
v -205.82291 383.14017 -62.17422 0.40392 0.86275 0.23922 1.00000
v -200.87218 396.39594 -45.77225 0.20784 0.86275 0.23922 1.00000
v -194.20624 411.17084 -20.92661 0.00392 0.86275 0.23922 1.00000
v -192.72520 394.70105 2.33899 0.20784 0.86275 0.23922 1.00000
v -192.51775 377.35822 19.10583 0.40392 0.86275 0.23922 1.00000
v -197.16888 380.25778 -66.50984 0.44314 0.86275 0.26275 1.00000
v -189.70151 395.45929 -47.44985 0.22353 0.86275 0.26275 1.00000
v -181.74773 409.21359 -23.10525 0.00392 0.86275 0.26275 1.00000
v -181.99997 393.91983 0.76832 0.22353 0.86275 0.26275 1.00000
v -183.42932 378.11639 18.50801 0.44314 0.86275 0.26275 1.00000
v -181.39677 376.05743 -68.87447 0.48235 0.86275 0.28627 1.00000
v -172.50482 390.33295 -49.97946 0.24706 0.86275 0.28627 1.00000
v -163.49884 402.92682 -26.11550 0.00392 0.86275 0.28627 1.00000
v -165.65561 388.30600 -2.41440 0.24706 0.86275 0.28627 1.00000
v -168.99992 373.20032 15.15953 0.48235 0.86275 0.28627 1.00000
v -167.86607 372.02548 -70.01970 0.56078 0.86275 0.33333 1.00000
v -157.43874 383.25626 -52.83847 0.28627 0.86275 0.33333 1.00000
v -145.99216 394.55441 -28.86952 0.00392 0.86275 0.33333 1.00000
v -151.23552 382.27411 -4.62728 0.28627 0.86275 0.33333 1.00000
v -157.85736 369.33316 13.25856 0.56078 0.86275 0.33333 1.00000
v -154.44487 361.21933 -72.82848 0.60000 0.86275 0.35686 1.00000
v -142.48184 371.94275 -54.83773 0.30196 0.86275 0.35686 1.00000
v -130.33519 382.01929 -31.01778 0.00392 0.86275 0.35686 1.00000
v -136.45840 371.56992 -6.27909 0.30196 0.86275 0.35686 1.00000
v -143.16432 361.25797 13.06856 0.60000 0.86275 0.35686 1.00000
v -143.25940 351.49344 -74.38261 0.68627 0.86275 0.40784 1.00000
v -129.28622 360.06552 -56.11124 0.34902 0.86275 0.40784 1.00000
v -116.11268 367.72885 -32.78072 0.00392 0.86275 0.40784 1.00000
v -124.74998 359.98029 -8.31047 0.34902 0.86275 0.40784 1.00000
v -132.61157 353.06244 11.99376 0.68627 0.86275 0.40784 1.00000
v -131.16618 337.41083 -73.70696 0.72549 0.86275 0.43137 1.00000
v -119.10949 343.36456 -57.53977 0.36471 0.86275 0.43137 1.00000
v -105.16560 350.05545 -33.70894 0.00392 0.86275 0.43137 1.00000
v -114.21400 344.19305 -9.08741 0.36471 0.86275 0.43137 1.00000
v -123.04219 338.63324 10.71870 0.72549 0.86275 0.43137 1.00000
v -123.85963 326.86841 -73.86894 0.80392 0.86275 0.47843 1.00000
v -111.11115 329.03595 -57.82779 0.40392 0.86275 0.47843 1.00000
v -96.24804 331.17993 -34.17020 0.00392 0.86275 0.47843 1.00000
v -105.68424 326.76590 -9.69564 0.40392 0.86275 0.47843 1.00000
v -113.65211 323.03647 10.99931 0.80392 0.86275 0.47843 1.00000
v -342.61383 368.06158 -35.87972 0.12157 0.26275 0.07843 1.00000
v -343.75940 375.42575 -45.74237 0.15294 0.26275 0.09804 1.00000
v -321.99478 388.16394 -40.41806 0.07451 0.26275 0.09804 1.00000
v -322.63919 379.09180 -29.81396 0.05882 0.26275 0.07843 1.00000
v -297.52679 389.70502 -24.64737 0.00392 0.26275 0.07843 1.00000
v -298.84314 397.94547 -36.97906 0.00392 0.26275 0.09804 1.00000
v -279.79120 383.09229 -47.66922 0.07451 0.26275 0.09804 1.00000
v -277.66095 376.35056 -36.99850 0.05882 0.26275 0.07843 1.00000
v -263.53729 362.72971 -48.89822 0.12157 0.26275 0.07843 1.00000
v -267.21222 367.50385 -58.14044 0.15294 0.26275 0.09804 1.00000
v -341.85483 382.89957 -53.94739 0.22353 0.26275 0.13725 1.00000
v -324.07462 393.73309 -51.86971 0.10588 0.26275 0.13725 1.00000
v -300.09586 404.77356 -50.20650 0.00392 0.26275 0.13725 1.00000
v -279.79367 389.22675 -56.73951 0.10588 0.26275 0.13725 1.00000
v -267.23691 371.97681 -63.21544 0.22353 0.26275 0.13725 1.00000
v -345.48602 384.83679 -66.82648 0.25490 0.26275 0.15686 1.00000
v -324.19992 398.29745 -65.53761 0.12157 0.26275 0.15686 1.00000
v -301.15610 408.59604 -64.99976 0.00392 0.26275 0.15686 1.00000
v -282.16251 391.83542 -69.62225 0.12157 0.26275 0.15686 1.00000
v -267.30771 376.06845 -73.77090 0.25490 0.26275 0.15686 1.00000
v -345.69394 387.63101 -77.79810 0.31765 0.26275 0.19608 1.00000
v -326.45670 399.50296 -78.88474 0.15294 0.26275 0.19608 1.00000
v -302.07538 410.76804 -80.18120 0.00392 0.26275 0.19608 1.00000
v -282.66003 394.20184 -80.66853 0.15294 0.26275 0.19608 1.00000
v -267.00116 378.96664 -81.02156 0.31765 0.26275 0.19608 1.00000
v -345.41449 388.78223 -86.52960 0.34902 0.26275 0.21569 1.00000
v -326.71750 399.82242 -88.56236 0.16863 0.26275 0.21569 1.00000
v -302.53201 410.54300 -90.72366 0.00392 0.26275 0.21569 1.00000
v -282.47281 394.97708 -89.30032 0.16863 0.26275 0.21569 1.00000
v -268.25638 379.10611 -87.65530 0.34902 0.26275 0.21569 1.00000
v -345.04080 387.38370 -100.83175 0.38824 0.26275 0.23529 1.00000
v -326.52774 397.76285 -103.71863 0.19216 0.26275 0.23529 1.00000
v -302.92136 407.54779 -106.55304 0.00392 0.26275 0.23529 1.00000
v -283.28445 392.37976 -103.19023 0.19216 0.26275 0.23529 1.00000
v -268.33881 377.78549 -99.88226 0.38824 0.26275 0.23529 1.00000
v -346.13263 383.78177 -112.93598 0.45098 0.26275 0.27451 1.00000
v -327.16272 393.54852 -117.62101 0.22353 0.26275 0.27451 1.00000
v -303.10010 402.82764 -122.01290 0.00392 0.26275 0.27451 1.00000
v -283.45786 389.38785 -115.11713 0.22353 0.26275 0.27451 1.00000
v -267.54541 377.12723 -108.84608 0.45098 0.26275 0.27451 1.00000
v -345.71063 377.15097 -126.28864 0.48235 0.26275 0.29412 1.00000
v -326.96121 385.97125 -131.51244 0.23922 0.26275 0.29412 1.00000
v -302.84482 394.56738 -136.45378 0.00392 0.26275 0.29412 1.00000
v -282.21066 383.12952 -128.52786 0.23922 0.26275 0.29412 1.00000
v -268.47781 370.59613 -120.07030 0.48235 0.26275 0.29412 1.00000
v -344.44589 370.45685 -138.08401 0.49020 0.26275 0.33333 1.00000
v -325.51703 377.97137 -144.53253 0.23922 0.26275 0.33333 1.00000
v -302.37820 384.73114 -149.93135 0.00392 0.26275 0.33333 1.00000
v -281.66046 375.99493 -139.62361 0.23922 0.26275 0.33333 1.00000
v -267.81876 366.23010 -128.71506 0.49020 0.26275 0.33333 1.00000
v -344.78778 358.54419 -148.23187 0.49020 0.26275 0.35294 1.00000
v -324.48465 365.88235 -155.74542 0.23922 0.26275 0.35294 1.00000
v -301.49261 371.81161 -161.20558 0.00392 0.26275 0.35294 1.00000
v -281.05450 364.52100 -149.97495 0.23922 0.26275 0.35294 1.00000
v -267.18753 356.39896 -138.28903 0.49020 0.26275 0.35294 1.00000
v -343.61703 350.69672 -155.75101 0.49020 0.26275 0.39216 1.00000
v -323.74841 354.63641 -164.23357 0.23922 0.26275 0.39216 1.00000
v -300.42294 357.70380 -171.02702 0.00392 0.26275 0.39216 1.00000
v -279.51758 351.88321 -159.70419 0.23922 0.26275 0.39216 1.00000
v -263.79340 346.24335 -148.62392 0.49020 0.26275 0.39216 1.00000
v -323.10764 373.86142 59.01815 0.16078 0.93725 0.09412 1.00000
v -331.94742 386.12851 59.48473 0.20000 0.93725 0.11765 1.00000
v -330.57034 398.12149 39.39638 0.10588 0.93725 0.11765 1.00000
v -319.77505 386.65799 36.10700 0.08235 0.93725 0.09412 1.00000
v -318.13501 399.66827 8.57081 0.00392 0.93725 0.09412 1.00000
v -330.75955 411.00714 13.79115 0.00392 0.93725 0.11765 1.00000
v -348.86194 398.27338 -4.98027 0.10588 0.93725 0.11765 1.00000
v -337.31891 388.57452 -11.10985 0.08235 0.93725 0.09412 1.00000
v -354.87753 376.63928 -24.80820 0.16078 0.93725 0.09412 1.00000
v -364.46445 387.87265 -22.28084 0.20000 0.93725 0.11765 1.00000
v -340.19919 391.83389 64.96548 0.27843 0.93725 0.16471 1.00000
v -341.43375 405.57855 45.27337 0.14510 0.93725 0.16471 1.00000
v -344.40848 420.92514 19.46863 0.00392 0.93725 0.16471 1.00000
v -359.81360 407.11023 -0.54795 0.14510 0.93725 0.16471 1.00000
v -373.27734 393.12674 -15.71640 0.27843 0.93725 0.16471 1.00000
v -352.80872 399.79068 68.80275 0.31765 0.93725 0.18824 1.00000
v -355.42319 412.43793 51.00043 0.16078 0.93725 0.18824 1.00000
v -359.99850 427.84769 25.99047 0.00392 0.93725 0.18824 1.00000
v -373.97476 414.13144 5.14523 0.16078 0.93725 0.18824 1.00000
v -385.97598 399.93710 -10.54601 0.31765 0.93725 0.18824 1.00000
v -362.93887 401.77158 75.94451 0.39608 0.93725 0.23529 1.00000
v -368.70682 417.60400 56.33371 0.20000 0.93725 0.23529 1.00000
v -376.18643 433.06348 32.76822 0.00392 0.93725 0.23529 1.00000
v -387.57080 419.39307 10.57942 0.20000 0.93725 0.23529 1.00000
v -396.97910 405.58450 -6.83468 0.39608 0.93725 0.23529 1.00000
v -371.58023 404.37509 79.41637 0.43529 0.93725 0.25882 1.00000
v -378.84924 419.98013 60.31554 0.22353 0.93725 0.25882 1.00000
v -387.67255 434.83020 37.57291 0.00392 0.93725 0.25882 1.00000
v -397.59222 420.99710 15.30513 0.22353 0.93725 0.25882 1.00000
v -405.52823 407.02298 -2.19526 0.43529 0.93725 0.25882 1.00000
v -386.93948 406.07687 84.92177 0.47451 0.93725 0.28235 1.00000
v -395.02975 419.77716 67.59827 0.23922 0.93725 0.28235 1.00000
v -405.40512 434.64474 44.96981 0.00392 0.93725 0.28235 1.00000
v -414.06543 421.32486 22.16121 0.23922 0.93725 0.28235 1.00000
v -420.62454 407.60205 4.33245 0.47451 0.93725 0.28235 1.00000
v -398.99918 404.83234 91.01309 0.55294 0.93725 0.32941 1.00000
v -410.11578 418.64502 73.86992 0.27843 0.93725 0.32941 1.00000
v -423.08167 432.54437 52.33301 0.00392 0.93725 0.32941 1.00000
v -429.56818 420.45367 28.27792 0.27843 0.93725 0.32941 1.00000
v -434.52737 409.00385 8.34825 0.55294 0.93725 0.32941 1.00000
v -414.04019 400.31812 97.48730 0.59216 0.93725 0.35294 1.00000
v -426.65945 413.75720 80.39392 0.30196 0.93725 0.35294 1.00000
v -440.51334 426.43179 59.56849 0.00392 0.93725 0.35294 1.00000
v -445.62036 414.61707 35.56149 0.30196 0.93725 0.35294 1.00000
v -450.22620 404.73187 14.67332 0.59216 0.93725 0.35294 1.00000
v -428.15894 397.16357 101.57035 0.67059 0.93725 0.40000 1.00000
v -440.92892 406.89221 86.93718 0.34118 0.93725 0.40000 1.00000
v -457.33228 418.42639 66.54623 0.00392 0.93725 0.40000 1.00000
v -460.65573 408.25189 41.69426 0.34118 0.93725 0.40000 1.00000
v -463.19745 399.20108 20.58543 0.67059 0.93725 0.40000 1.00000
v -442.38214 387.72125 107.29871 0.70980 0.93725 0.42353 1.00000
v -455.67932 396.32581 92.96896 0.35686 0.93725 0.42353 1.00000
v -472.75027 406.58447 72.96265 0.00392 0.93725 0.42353 1.00000
v -475.34879 397.38425 47.92849 0.35686 0.93725 0.42353 1.00000
v -478.36398 390.15826 25.92809 0.70980 0.93725 0.42353 1.00000
v -451.31934 380.88690 111.36716 0.78824 0.93725 0.47059 1.00000
v -467.13708 386.63550 97.76548 0.39608 0.93725 0.47059 1.00000
v -487.03958 393.11655 78.93469 0.00392 0.93725 0.47059 1.00000
v -490.95663 384.83514 53.41435 0.39608 0.93725 0.47059 1.00000
v -494.28818 377.73727 31.58457 0.78824 0.93725 0.47059 1.00000
v -234.72044 385.68945 29.22620 0.15294 0.86275 0.09412 1.00000
v -235.45937 398.99649 38.98717 0.19216 0.86275 0.11765 1.00000
v -257.79532 406.99445 36.15276 0.09020 0.86275 0.11765 1.00000
v -261.32199 395.18594 24.26740 0.07451 0.86275 0.09412 1.00000
v -288.76169 403.01556 21.37065 0.00392 0.86275 0.09412 1.00000
v -286.13699 415.75034 33.84734 0.00392 0.86275 0.11765 1.00000
v -306.36523 402.01935 50.72670 0.09020 0.86275 0.11765 1.00000
v -307.67682 389.94797 40.20780 0.07451 0.86275 0.09412 1.00000
v -320.76715 377.00946 57.63887 0.15294 0.86275 0.09412 1.00000
v -319.36594 387.73831 66.63371 0.19216 0.86275 0.11765 1.00000
v -230.47476 407.17413 49.97253 0.27059 0.86275 0.16471 1.00000
v -256.32230 418.20654 48.00943 0.12941 0.86275 0.16471 1.00000
v -283.39914 427.23526 47.51784 0.00392 0.86275 0.16471 1.00000
v -302.73914 410.65390 61.42097 0.12941 0.86275 0.16471 1.00000
v -318.69812 395.75058 73.64909 0.27059 0.86275 0.16471 1.00000
v -228.37444 416.10126 63.94781 0.30980 0.86275 0.18824 1.00000
v -251.99174 426.04718 63.32393 0.15294 0.86275 0.18824 1.00000
v -280.43988 436.10718 63.52147 0.00392 0.86275 0.18824 1.00000
v -300.31796 419.08939 75.54366 0.15294 0.86275 0.18824 1.00000
v -317.20486 404.09631 86.02171 0.30980 0.86275 0.18824 1.00000
v -226.72795 423.31079 77.22176 0.38824 0.86275 0.23922 1.00000
v -249.48805 433.20258 78.37761 0.19216 0.86275 0.23922 1.00000
v -277.43460 443.43222 80.32722 0.00392 0.86275 0.23922 1.00000
v -298.56674 425.93747 88.78441 0.19216 0.86275 0.23922 1.00000
v -314.44138 409.09869 96.16062 0.38824 0.86275 0.23922 1.00000
v -225.72826 427.56894 87.60466 0.42745 0.86275 0.26275 1.00000
v -248.16113 437.16522 89.63862 0.20784 0.86275 0.26275 1.00000
v -275.35898 446.79025 92.46009 0.00392 0.86275 0.26275 1.00000
v -296.32034 428.97546 99.09812 0.20784 0.86275 0.26275 1.00000
v -313.20612 412.66248 104.79256 0.42745 0.86275 0.26275 1.00000
v -221.90402 429.82724 104.93101 0.46667 0.86275 0.28627 1.00000
v -244.68304 439.51801 107.85682 0.23137 0.86275 0.28627 1.00000
v -272.22174 449.21591 111.55574 0.00392 0.86275 0.28627 1.00000
v -293.45609 431.57715 116.42139 0.23137 0.86275 0.28627 1.00000
v -311.58130 416.15967 120.60361 0.46667 0.86275 0.28627 1.00000
v -219.55605 431.35193 121.09556 0.49020 0.86275 0.33333 1.00000
v -241.82181 440.48996 125.57009 0.23922 0.86275 0.33333 1.00000
v -269.12790 449.82956 130.84654 0.00392 0.86275 0.33333 1.00000
v -291.97235 433.45673 132.52798 0.23922 0.86275 0.33333 1.00000
v -308.41910 416.88913 133.19843 0.49020 0.86275 0.33333 1.00000
v -217.68219 429.78641 139.65112 0.49020 0.86275 0.35686 1.00000
v -239.96373 438.53549 144.85353 0.23922 0.86275 0.35686 1.00000
v -266.13345 446.61981 150.49883 0.00392 0.86275 0.35686 1.00000
v -289.41602 431.06906 150.69597 0.23922 0.86275 0.35686 1.00000
v -306.32199 415.31439 149.89226 0.49020 0.86275 0.35686 1.00000
v -214.08768 425.38086 156.10187 0.49020 0.86275 0.40392 1.00000
v -237.46477 434.29620 163.14769 0.23922 0.86275 0.40392 1.00000
v -263.27502 441.52649 169.81883 0.00392 0.86275 0.40392 1.00000
v -286.81985 427.22415 167.04222 0.23922 0.86275 0.40392 1.00000
v -304.28198 412.89435 163.40443 0.49020 0.86275 0.40392 1.00000
v -212.07201 417.93054 174.03670 0.49020 0.86275 0.42745 1.00000
v -234.80322 425.79968 181.30075 0.23922 0.86275 0.42745 1.00000
v -260.74780 432.57376 188.39928 0.00392 0.86275 0.42745 1.00000
v -285.05093 419.73917 184.68834 0.23922 0.86275 0.42745 1.00000
v -304.61374 407.77496 180.81914 0.49020 0.86275 0.42745 1.00000
v -210.46420 411.58984 187.05081 0.49020 0.86275 0.47843 1.00000
v -233.46577 417.66281 197.10045 0.23922 0.86275 0.47843 1.00000
v -258.47089 421.89484 206.13295 0.00392 0.86275 0.47843 1.00000
v -283.46069 410.11392 202.37512 0.23922 0.86275 0.47843 1.00000
v -300.48410 397.38437 196.05873 0.49020 0.86275 0.47843 1.00000
v -271.31674 392.50742 -55.87192 0.16078 0.73725 0.09020 1.00000
v -261.32056 404.48297 -59.93869 0.20000 0.73725 0.11373 1.00000
v -263.76529 410.38303 -36.84312 0.10588 0.73725 0.11373 1.00000
v -274.15289 397.85895 -33.37262 0.08235 0.73725 0.09020 1.00000
v -276.80472 403.83517 -5.73278 0.00392 0.73725 0.09020 1.00000
v -266.21002 417.25638 -7.82157 0.00392 0.73725 0.11373 1.00000
v -247.81621 404.28522 9.70953 0.10588 0.73725 0.11373 1.00000
v -256.85828 391.99994 11.22411 0.08235 0.73725 0.09020 1.00000
v -240.31154 382.62564 28.30424 0.16078 0.73725 0.09020 1.00000
v -231.47432 392.47113 23.51955 0.20000 0.73725 0.11373 1.00000
v -252.18492 416.61246 -59.74863 0.27059 0.73725 0.15686 1.00000
v -253.22792 422.28961 -38.51836 0.13725 0.73725 0.15686 1.00000
v -254.46640 429.71848 -9.98594 0.00392 0.73725 0.15686 1.00000
v -239.10666 414.64252 8.50108 0.13725 0.73725 0.15686 1.00000
v -225.42044 400.76425 22.82407 0.27059 0.73725 0.15686 1.00000
v -238.72311 425.28467 -65.02269 0.30980 0.73725 0.18039 1.00000
v -239.88190 432.84695 -40.31616 0.16078 0.73725 0.18039 1.00000
v -240.34920 440.16724 -12.29615 0.00392 0.73725 0.18039 1.00000
v -226.75647 424.54675 6.91024 0.16078 0.73725 0.18039 1.00000
v -214.76990 410.42157 22.36504 0.30980 0.73725 0.18039 1.00000
v -226.12988 434.03580 -66.56921 0.38824 0.73725 0.22745 1.00000
v -226.06087 441.96609 -42.03970 0.20000 0.73725 0.22745 1.00000
v -225.32697 449.32886 -14.63233 0.00392 0.73725 0.22745 1.00000
v -214.97765 432.07056 4.61025 0.20000 0.73725 0.22745 1.00000
v -205.89648 416.44827 20.04307 0.38824 0.73725 0.22745 1.00000
v -216.44676 439.84476 -66.70460 0.42745 0.73725 0.25098 1.00000
v -215.58591 446.64343 -44.04305 0.21569 0.73725 0.25098 1.00000
v -214.25977 454.18161 -16.23232 0.00392 0.73725 0.25098 1.00000
v -205.69727 436.73499 3.41455 0.21569 0.73725 0.25098 1.00000
v -198.20543 420.77118 18.91514 0.42745 0.73725 0.25098 1.00000
v -199.81738 444.62839 -69.93308 0.45882 0.73725 0.27059 1.00000
v -198.41261 451.95731 -46.22759 0.23137 0.73725 0.27059 1.00000
v -196.48106 459.23233 -18.63928 0.00392 0.73725 0.27059 1.00000
v -189.70219 442.00061 1.77570 0.23137 0.73725 0.27059 1.00000
v -183.84654 427.03418 19.26479 0.45882 0.73725 0.27059 1.00000
v -183.74406 448.34686 -72.03409 0.53725 0.73725 0.31765 1.00000
v -181.20313 455.88916 -47.93968 0.27059 0.73725 0.31765 1.00000
v -178.27696 462.67532 -20.99943 0.00392 0.73725 0.31765 1.00000
v -174.89586 445.00208 -0.71079 0.27059 0.73725 0.31765 1.00000
v -171.85432 430.66031 18.20130 0.53725 0.73725 0.31765 1.00000
v -165.30550 450.56067 -71.96727 0.57647 0.73725 0.34118 1.00000
v -162.62570 455.96933 -50.74063 0.29412 0.73725 0.34118 1.00000
v -159.16484 462.79623 -23.27659 0.00392 0.73725 0.34118 1.00000
v -157.38370 445.65302 -2.54363 0.29412 0.73725 0.34118 1.00000
v -155.76297 431.26550 15.93476 0.57647 0.73725 0.34118 1.00000
v -147.62167 450.08356 -73.53328 0.64706 0.73725 0.38824 1.00000
v -144.32159 454.98062 -52.58707 0.32549 0.73725 0.38824 1.00000
v -140.06694 461.23355 -25.45976 0.00392 0.73725 0.38824 1.00000
v -141.34305 444.87271 -4.37435 0.32549 0.73725 0.38824 1.00000
v -141.96419 432.03323 15.72485 0.64706 0.73725 0.38824 1.00000
v -129.14851 445.66110 -75.83861 0.68627 0.73725 0.40784 1.00000
v -125.51878 450.38956 -54.57237 0.34902 0.73725 0.40784 1.00000
v -120.95219 456.22003 -27.45974 0.00392 0.73725 0.40784 1.00000
v -123.17845 441.49338 -4.84982 0.34902 0.73725 0.40784 1.00000
v -124.81852 429.40799 15.53411 0.68627 0.73725 0.40784 1.00000
v -114.47491 442.60547 -75.83615 0.76471 0.73725 0.45490 1.00000
v -108.78650 446.10138 -54.74994 0.38824 0.73725 0.45490 1.00000
v -102.28474 449.58392 -29.32170 0.00392 0.73725 0.45490 1.00000
v -105.46386 434.72458 -7.73261 0.38824 0.73725 0.45490 1.00000
v -108.41642 421.67679 10.37182 0.76471 0.73725 0.45490 1.00000
v -353.23657 397.63135 -19.47370 0.14510 0.59608 0.09412 1.00000
v -358.52988 410.83582 -28.44393 0.18431 0.59608 0.11765 1.00000
v -331.02481 417.11432 -26.37767 0.09020 0.59608 0.11765 1.00000
v -329.68326 402.11072 -18.01843 0.06667 0.59608 0.09412 1.00000
v -300.45621 407.69305 -16.17026 0.00392 0.59608 0.09412 1.00000
v -302.96051 422.72299 -25.45674 0.00392 0.59608 0.11765 1.00000
v -285.85394 411.78125 -46.27543 0.09020 0.59608 0.11765 1.00000
v -281.99484 398.45322 -37.64079 0.06667 0.59608 0.09412 1.00000
v -269.55563 389.35281 -57.20514 0.14510 0.59608 0.09412 1.00000
v -270.69171 402.50281 -64.10305 0.18431 0.59608 0.11765 1.00000
v -360.16983 423.63245 -36.61814 0.26275 0.59608 0.16471 1.00000
v -335.10339 429.89090 -36.15279 0.12941 0.59608 0.16471 1.00000
v -305.67343 436.98633 -35.87782 0.00392 0.59608 0.16471 1.00000
v -287.77353 423.91541 -54.39634 0.12941 0.59608 0.16471 1.00000
v -271.46005 413.04733 -70.15114 0.26275 0.59608 0.16471 1.00000
v -362.24280 436.32330 -47.97375 0.30196 0.59608 0.18824 1.00000
v -337.89856 442.49658 -48.24698 0.14510 0.59608 0.18824 1.00000
v -308.83896 449.70837 -48.71706 0.00392 0.59608 0.18824 1.00000
v -289.94766 436.13257 -65.74097 0.14510 0.59608 0.18824 1.00000
v -275.05725 423.76648 -80.68395 0.30196 0.59608 0.18824 1.00000
v -364.20319 447.46231 -59.44359 0.38039 0.59608 0.23529 1.00000
v -340.29581 453.97574 -60.78070 0.18431 0.59608 0.23529 1.00000
v -312.16809 461.35745 -62.53788 0.00392 0.59608 0.23529 1.00000
v -293.15329 445.98615 -77.03656 0.18431 0.59608 0.23529 1.00000
v -276.93042 432.65994 -89.54491 0.38039 0.59608 0.23529 1.00000
v -367.36182 453.63742 -68.61485 0.41961 0.59608 0.25882 1.00000
v -343.07159 460.45700 -70.50999 0.20784 0.59608 0.25882 1.00000
v -314.59418 468.13431 -72.90439 0.00392 0.59608 0.25882 1.00000
v -295.25891 452.32138 -85.94375 0.20784 0.59608 0.25882 1.00000
v -277.70737 439.23068 -97.09439 0.41961 0.59608 0.25882 1.00000
v -370.71365 462.20828 -84.30671 0.45882 0.59608 0.28235 1.00000
v -346.82663 468.81805 -86.81740 0.22353 0.59608 0.28235 1.00000
v -318.47943 476.45349 -89.88876 0.00392 0.59608 0.28235 1.00000
v -297.67099 461.03625 -101.40413 0.22353 0.59608 0.28235 1.00000
v -282.18256 446.27579 -111.42255 0.45882 0.59608 0.28235 1.00000
v -373.21481 469.66785 -99.77129 0.49020 0.59608 0.32941 1.00000
v -349.42859 476.40927 -103.31279 0.23922 0.59608 0.32941 1.00000
v -322.45532 483.37039 -107.50541 0.00392 0.59608 0.32941 1.00000
v -300.82440 467.59579 -116.38519 0.23922 0.59608 0.32941 1.00000
v -284.52905 452.48297 -123.90894 0.49020 0.59608 0.32941 1.00000
v -378.37311 473.41617 -117.63086 0.49020 0.59608 0.35294 1.00000
v -353.31171 480.89865 -121.84088 0.23922 0.59608 0.35294 1.00000
v -326.66769 487.47250 -126.55780 0.00392 0.59608 0.35294 1.00000
v -304.92950 471.67786 -134.09889 0.23922 0.59608 0.35294 1.00000
v -288.23117 456.72220 -140.38431 0.49020 0.59608 0.35294 1.00000
v -381.74945 476.75510 -135.08528 0.49020 0.59608 0.40000 1.00000
v -357.53348 483.60803 -140.22861 0.23922 0.59608 0.40000 1.00000
v -330.90692 490.05807 -145.90041 0.00392 0.59608 0.40000 1.00000
v -307.98907 474.87131 -151.09767 0.23922 0.59608 0.40000 1.00000
v -288.72073 461.49164 -155.47661 0.49020 0.59608 0.40000 1.00000
v -385.97287 476.91202 -154.29613 0.49020 0.59608 0.42353 1.00000
v -361.16956 483.92993 -160.07410 0.23922 0.59608 0.42353 1.00000
v -335.25098 489.57129 -166.00603 0.00392 0.59608 0.42353 1.00000
v -311.34250 475.32651 -170.26157 0.23922 0.59608 0.42353 1.00000
v -294.62869 460.32825 -172.92128 0.49020 0.59608 0.42353 1.00000
v -386.33990 478.43417 -169.81105 0.49020 0.59608 0.47059 1.00000
v -364.07056 483.29984 -177.65140 0.23922 0.59608 0.47059 1.00000
v -339.55768 487.54504 -186.05382 0.00392 0.59608 0.47059 1.00000
v -317.33337 472.40485 -189.77692 0.23922 0.59608 0.47059 1.00000
v -296.88498 460.34726 -193.58664 0.49020 0.59608 0.47059 1.00000
v -304.86075 401.44833 56.30183 0.15294 0.85490 0.08627 1.00000
v -310.96310 416.26321 56.22709 0.19216 0.85490 0.10980 1.00000
v -313.26733 418.60330 34.64805 0.09804 0.85490 0.10980 1.00000
v -306.44070 404.09320 32.81287 0.08235 0.85490 0.08627 1.00000
v -307.49591 407.80850 3.51498 0.00392 0.85490 0.08627 1.00000
v -314.86823 422.53970 5.79755 0.00392 0.85490 0.10980 1.00000
v -336.85144 412.95602 -8.68723 0.09804 0.85490 0.10980 1.00000
v -330.53247 399.30130 -10.22976 0.08235 0.85490 0.08627 1.00000
v -350.25952 392.00116 -21.89410 0.15294 0.85490 0.08627 1.00000
v -355.75201 404.62924 -20.61870 0.19216 0.85490 0.10980 1.00000
v -318.74887 428.41272 61.80742 0.26275 0.85490 0.15294 1.00000
v -320.90073 432.31467 36.53728 0.13725 0.85490 0.15294 1.00000
v -323.27740 436.68881 8.33154 0.00392 0.85490 0.15294 1.00000
v -343.31931 425.00183 -7.19788 0.13725 0.85490 0.15294 1.00000
v -360.46243 415.02115 -20.55428 0.26275 0.85490 0.15294 1.00000
v -328.43567 441.47195 64.16452 0.30196 0.85490 0.17255 1.00000
v -330.98026 445.47284 38.97895 0.15294 0.85490 0.17255 1.00000
v -333.88116 449.76169 11.36914 0.00392 0.85490 0.17255 1.00000
v -352.85345 437.00317 -3.96494 0.15294 0.85490 0.17255 1.00000
v -369.09958 426.06970 -17.06213 0.30196 0.85490 0.17255 1.00000
v -338.63837 453.86618 65.67937 0.37255 0.85490 0.21961 1.00000
v -341.92194 457.29947 42.54612 0.19216 0.85490 0.21961 1.00000
v -345.39340 462.02682 14.58874 0.00392 0.85490 0.21961 1.00000
v -362.12466 447.61530 -1.54011 0.19216 0.85490 0.21961 1.00000
v -376.48459 435.12537 -14.99727 0.37255 0.85490 0.21961 1.00000
v -346.71948 461.04150 68.89075 0.41176 0.85490 0.23922 1.00000
v -350.23349 464.93604 44.63458 0.20784 0.85490 0.23922 1.00000
v -354.13126 469.53586 16.94342 0.00392 0.85490 0.23922 1.00000
v -369.54941 454.78909 -0.09333 0.20784 0.85490 0.23922 1.00000
v -382.68451 442.62689 -15.73334 0.41176 0.85490 0.23922 1.00000
v -360.53424 471.16373 72.52512 0.44314 0.85490 0.26275 1.00000
v -364.34515 475.24319 47.77032 0.22353 0.85490 0.26275 1.00000
v -368.64902 479.47519 20.73357 0.00392 0.85490 0.26275 1.00000
v -382.80743 463.96771 3.97235 0.22353 0.85490 0.26275 1.00000
v -394.83054 451.94055 -13.06084 0.44314 0.85490 0.26275 1.00000
v -374.75806 481.28995 73.76700 0.52157 0.85490 0.30588 1.00000
v -379.00659 483.83572 52.13651 0.26275 0.85490 0.30588 1.00000
v -383.84802 488.34079 24.62650 0.00392 0.85490 0.30588 1.00000
v -395.48322 472.01791 6.93633 0.26275 0.85490 0.30588 1.00000
v -405.49091 458.93118 -9.97885 0.52157 0.85490 0.30588 1.00000
v -391.11505 488.65256 77.31479 0.55294 0.85490 0.32941 1.00000
v -395.53375 490.88019 55.94263 0.27843 0.85490 0.32941 1.00000
v -400.67700 495.04373 28.77125 0.00392 0.85490 0.32941 1.00000
v -410.95340 478.54340 10.74421 0.27843 0.85490 0.32941 1.00000
v -419.93335 466.07513 -7.85819 0.55294 0.85490 0.32941 1.00000
v -407.66251 494.23199 81.69938 0.63137 0.85490 0.37255 1.00000
v -412.35236 496.47717 60.01852 0.31765 0.85490 0.37255 1.00000
v -417.97363 500.48151 32.95679 0.00392 0.85490 0.37255 1.00000
v -425.83356 484.46625 12.81433 0.31765 0.85490 0.37255 1.00000
v -432.82870 471.86542 -6.46493 0.63137 0.85490 0.37255 1.00000
v -425.98413 498.37085 84.58779 0.66275 0.85490 0.39608 1.00000
v -430.81357 500.42682 62.84339 0.33333 0.85490 0.39608 1.00000
v -436.43347 503.32230 37.28971 0.00392 0.85490 0.39608 1.00000
v -442.86221 486.84943 17.91032 0.33333 0.85490 0.39608 1.00000
v -448.45789 473.00455 0.79650 0.66275 0.85490 0.39608 1.00000
v -440.87216 501.36456 86.19659 0.73333 0.85490 0.43922 1.00000
v -446.79947 501.59055 67.56570 0.37255 0.85490 0.43922 1.00000
v -455.08374 504.78015 41.60918 0.00392 0.85490 0.43922 1.00000
v -461.48880 489.23114 21.02134 0.37255 0.85490 0.43922 1.00000
v -466.30844 474.63785 5.44630 0.73333 0.85490 0.43922 1.00000
v -237.90840 404.64655 0.25388 0.13725 0.83922 0.08627 1.00000
v -236.38252 419.80029 4.75130 0.17647 0.83922 0.10980 1.00000
v -261.12729 422.42249 8.82798 0.08235 0.83922 0.10980 1.00000
v -265.12549 407.41180 3.59827 0.06667 0.83922 0.08627 1.00000
v -292.62997 410.19431 7.01660 0.00392 0.83922 0.08627 1.00000
v -290.20593 425.95428 12.41677 0.00392 0.83922 0.10980 1.00000
v -303.03775 419.09668 36.46317 0.08235 0.83922 0.10980 1.00000
v -304.95590 404.25729 31.76154 0.06667 0.83922 0.08627 1.00000
v -317.27106 399.58398 52.41832 0.13725 0.83922 0.08627 1.00000
v -316.26968 413.81277 56.48832 0.17647 0.83922 0.10980 1.00000
v -234.92036 433.97375 9.72885 0.24706 0.83922 0.15294 1.00000
v -258.83713 437.02655 14.40210 0.12157 0.83922 0.15294 1.00000
v -287.40338 441.33380 18.70890 0.00392 0.83922 0.15294 1.00000
v -301.47025 432.75946 41.45932 0.12157 0.83922 0.15294 1.00000
v -313.27313 425.44672 60.77649 0.24706 0.83922 0.15294 1.00000
v -232.53548 448.57599 17.00282 0.28627 0.83922 0.17647 1.00000
v -256.10403 451.74927 22.07365 0.13725 0.83922 0.17647 1.00000
v -283.76459 456.11050 26.96238 0.00392 0.83922 0.17647 1.00000
v -297.62265 446.56992 48.96907 0.13725 0.83922 0.17647 1.00000
v -310.53027 438.84634 67.52714 0.28627 0.83922 0.17647 1.00000
v -227.99055 461.27911 24.84304 0.36471 0.83922 0.21961 1.00000
v -251.88304 465.10922 30.45170 0.17647 0.83922 0.21961 1.00000
v -279.75659 470.29382 36.07855 0.00392 0.83922 0.21961 1.00000
v -294.22675 459.20166 56.63242 0.17647 0.83922 0.21961 1.00000
v -308.74948 450.66507 73.94016 0.36471 0.83922 0.21961 1.00000
v -225.52068 470.17957 30.96983 0.39608 0.83922 0.24314 1.00000
v -248.96790 473.99292 36.99487 0.19216 0.83922 0.24314 1.00000
v -276.64594 479.34143 43.15115 0.00392 0.83922 0.24314 1.00000
v -292.71039 468.22733 62.77026 0.19216 0.83922 0.24314 1.00000
v -304.98703 458.18054 79.51636 0.39608 0.83922 0.24314 1.00000
v -221.67484 483.19064 41.99746 0.43529 0.83922 0.26667 1.00000
v -245.11250 487.13153 48.41023 0.21569 0.83922 0.26667 1.00000
v -271.36871 492.02414 55.11777 0.00392 0.83922 0.26667 1.00000
v -288.03281 480.58618 73.87601 0.21569 0.83922 0.26667 1.00000
v -300.87396 470.23163 89.86706 0.43529 0.83922 0.26667 1.00000
v -215.40346 493.89108 53.21792 0.49020 0.83922 0.30980 1.00000
v -240.07550 498.85025 60.30413 0.23922 0.83922 0.30980 1.00000
v -265.77463 503.89722 67.77775 0.00392 0.83922 0.30980 1.00000
v -282.88959 491.48425 85.04088 0.23922 0.83922 0.30980 1.00000
v -296.43832 480.37296 99.70763 0.49020 0.83922 0.30980 1.00000
v -209.87143 504.63654 66.64426 0.49020 0.83922 0.33333 1.00000
v -233.70966 509.23584 74.11736 0.23922 0.83922 0.33333 1.00000
v -259.41342 514.34265 82.07401 0.00392 0.83922 0.33333 1.00000
v -277.56226 502.11517 98.55837 0.23922 0.83922 0.33333 1.00000
v -293.63541 492.02963 112.64713 0.49020 0.83922 0.33333 1.00000
v -203.80064 513.88428 79.99265 0.49020 0.83922 0.37647 1.00000
v -228.07526 519.06183 88.25379 0.23922 0.83922 0.37647 1.00000
v -252.78270 523.86639 96.90343 0.00392 0.83922 0.37647 1.00000
v -272.35727 511.65646 112.05796 0.23922 0.83922 0.37647 1.00000
v -285.99362 499.36414 124.57782 0.49020 0.83922 0.37647 1.00000
v -199.58356 523.63477 95.84367 0.49020 0.83922 0.40000 1.00000
v -221.69804 527.46021 104.18262 0.23922 0.83922 0.40000 1.00000
v -245.45195 531.61060 113.12156 0.00392 0.83922 0.40000 1.00000
v -263.66098 518.31659 127.21835 0.23922 0.83922 0.40000 1.00000
v -281.64639 508.53036 139.67139 0.49020 0.83922 0.40000 1.00000
v -192.35754 527.93298 107.10773 0.49020 0.83922 0.44314 1.00000
v -213.76524 532.51288 117.83385 0.23922 0.83922 0.44314 1.00000
v -237.90622 538.27612 129.73726 0.00392 0.83922 0.44314 1.00000
v -255.68631 525.20819 144.06213 0.23922 0.83922 0.44314 1.00000
v -272.04120 514.89941 156.68930 0.49020 0.83922 0.44314 1.00000
v -300.81641 411.99283 -55.09219 0.16078 0.65882 0.09412 1.00000
v -296.64816 428.20041 -59.95436 0.20000 0.65882 0.11765 1.00000
v -291.56671 429.44287 -33.70758 0.10588 0.65882 0.11765 1.00000
v -295.33484 412.53528 -32.75900 0.08235 0.65882 0.09412 1.00000
v -291.67111 414.09012 -2.57187 0.00392 0.65882 0.09412 1.00000
v -287.43906 431.28040 -4.10784 0.00392 0.65882 0.11765 1.00000
v -262.34030 425.84171 9.82508 0.10588 0.65882 0.11765 1.00000
v -265.95251 409.48392 10.67676 0.08235 0.65882 0.09412 1.00000
v -244.59874 405.74802 22.81133 0.16078 0.65882 0.09412 1.00000
v -241.55856 421.50894 23.06615 0.20000 0.65882 0.11765 1.00000
v -292.55927 444.03668 -61.06677 0.27843 0.65882 0.16471 1.00000
v -287.10049 445.78537 -34.91796 0.14510 0.65882 0.16471 1.00000
v -282.37100 448.22095 -5.99682 0.00392 0.65882 0.16471 1.00000
v -258.09052 440.92743 7.72281 0.14510 0.65882 0.16471 1.00000
v -237.92102 435.09344 20.64834 0.27843 0.65882 0.16471 1.00000
v -286.57440 460.66101 -62.04320 0.31765 0.65882 0.18824 1.00000
v -280.53711 462.12781 -37.98359 0.16078 0.65882 0.18824 1.00000
v -275.46231 464.92752 -8.66241 0.00392 0.65882 0.18824 1.00000
v -251.86072 456.89615 5.46625 0.16078 0.65882 0.18824 1.00000
v -232.16995 450.38840 18.37354 0.31765 0.65882 0.18824 1.00000
v -279.71655 475.75522 -65.80499 0.39608 0.65882 0.23529 1.00000
v -273.42819 477.89288 -40.61317 0.20000 0.65882 0.23529 1.00000
v -267.71921 481.21753 -11.68389 0.00392 0.65882 0.23529 1.00000
v -245.32477 471.79999 3.47291 0.20000 0.65882 0.23529 1.00000
v -226.75377 464.59570 18.69217 0.39608 0.65882 0.23529 1.00000
v -274.34860 486.14627 -68.00549 0.43529 0.65882 0.25882 1.00000
v -267.79694 488.58780 -42.30643 0.22353 0.65882 0.25882 1.00000
v -261.57947 491.89297 -14.12236 0.00392 0.65882 0.25882 1.00000
v -239.86258 481.65881 0.66451 0.22353 0.65882 0.25882 1.00000
v -221.95384 474.36087 17.24378 0.43529 0.65882 0.25882 1.00000
v -264.66327 502.29242 -69.50694 0.47451 0.65882 0.28235 1.00000
v -257.54947 503.70715 -47.07936 0.23922 0.65882 0.28235 1.00000
v -250.95107 507.33334 -18.40387 0.00392 0.65882 0.28235 1.00000
v -230.03091 496.62286 -3.04181 0.23922 0.65882 0.28235 1.00000
v -212.62454 488.68594 13.05546 0.47451 0.65882 0.28235 1.00000
v -254.27469 516.86823 -73.26965 0.55294 0.65882 0.32941 1.00000
v -246.80910 518.27820 -51.18037 0.27843 0.65882 0.32941 1.00000
v -239.54932 522.12952 -23.02475 0.00392 0.65882 0.32941 1.00000
v -220.00099 510.23886 -7.12491 0.27843 0.65882 0.32941 1.00000
v -203.66011 502.03592 10.84037 0.55294 0.65882 0.32941 1.00000
v -241.65022 530.55902 -78.86200 0.59216 0.65882 0.35294 1.00000
v -233.96585 532.05273 -56.45186 0.30196 0.65882 0.35294 1.00000
v -226.29967 535.89282 -28.43251 0.00392 0.65882 0.35294 1.00000
v -207.60246 524.27386 -10.65954 0.30196 0.65882 0.35294 1.00000
v -191.84367 515.88544 7.70478 0.59216 0.65882 0.35294 1.00000
v -228.49544 544.18286 -82.83431 0.67059 0.65882 0.40000 1.00000
v -220.54436 545.67273 -60.40879 0.34118 0.65882 0.40000 1.00000
v -212.37051 548.87213 -34.11922 0.00392 0.65882 0.40000 1.00000
v -195.11925 535.90057 -16.90146 0.34118 0.65882 0.40000 1.00000
v -180.46138 525.70734 -0.66505 0.67059 0.65882 0.40000 1.00000
v -213.27231 556.97992 -87.33675 0.70980 0.65882 0.42353 1.00000
v -205.28711 556.91748 -67.75731 0.35686 0.65882 0.42353 1.00000
v -196.75354 560.51855 -40.45997 0.00392 0.65882 0.42353 1.00000
v -180.27435 547.96344 -21.64601 0.35686 0.65882 0.42353 1.00000
v -166.35489 536.73456 -6.83854 0.70980 0.65882 0.42353 1.00000
v -201.39778 564.11218 -95.68450 0.78824 0.65882 0.47059 1.00000
v -191.19357 567.40906 -72.07879 0.39608 0.65882 0.47059 1.00000
v -180.57401 571.27875 -46.99937 0.00392 0.65882 0.47059 1.00000
v -163.84598 558.80682 -29.20507 0.39608 0.65882 0.47059 1.00000
v -149.35362 549.25641 -12.32182 0.78824 0.65882 0.47059 1.00000
v -352.22827 418.35800 5.59639 0.15294 0.96078 0.09412 1.00000
v -350.95193 436.10724 2.80326 0.19216 0.96078 0.11765 1.00000
v -326.01163 434.56744 -3.03503 0.09020 0.96078 0.11765 1.00000
v -326.60040 416.94394 0.04953 0.07451 0.96078 0.09412 1.00000
v -296.04428 415.78012 -3.44728 0.00392 0.96078 0.09412 1.00000
v -295.78757 433.41336 -6.86766 0.00392 0.96078 0.11765 1.00000
v -281.42429 427.77844 -31.85455 0.09020 0.96078 0.11765 1.00000
v -282.51251 411.22653 -29.09786 0.07451 0.96078 0.09412 1.00000
v -267.36768 407.52130 -49.50274 0.15294 0.96078 0.09412 1.00000
v -268.11871 423.16364 -52.24532 0.19216 0.96078 0.11765 1.00000
v -349.75482 453.81955 -0.90569 0.27059 0.96078 0.16471 1.00000
v -325.07486 452.04364 -6.90481 0.12941 0.96078 0.16471 1.00000
v -295.68259 450.86893 -11.15802 0.00392 0.96078 0.16471 1.00000
v -281.76236 443.09839 -35.35593 0.12941 0.96078 0.16471 1.00000
v -267.52655 436.84079 -54.90849 0.27059 0.96078 0.16471 1.00000
v -350.96255 471.37814 -6.82019 0.30980 0.96078 0.18824 1.00000
v -325.74149 469.49545 -12.86003 0.15294 0.96078 0.18824 1.00000
v -295.88434 468.29617 -17.29021 0.00392 0.96078 0.18824 1.00000
v -281.85477 459.60519 -40.84554 0.15294 0.96078 0.18824 1.00000
v -266.36990 452.71158 -59.71343 0.30980 0.96078 0.18824 1.00000
v -350.87967 488.83295 -13.35975 0.38824 0.96078 0.23529 1.00000
v -326.01199 486.67773 -19.54226 0.19216 0.96078 0.23529 1.00000
v -296.23834 485.42209 -24.24204 0.00392 0.96078 0.23529 1.00000
v -280.72452 475.07574 -46.46156 0.19216 0.96078 0.23529 1.00000
v -267.83197 466.47308 -64.93601 0.38824 0.96078 0.23529 1.00000
v -349.97351 500.63925 -18.36226 0.42745 0.96078 0.25882 1.00000
v -325.00104 498.34079 -24.65014 0.20784 0.96078 0.25882 1.00000
v -296.63931 496.81061 -29.82501 0.00392 0.96078 0.25882 1.00000
v -280.71631 485.76285 -51.27786 0.20784 0.96078 0.25882 1.00000
v -267.45975 476.55981 -69.14802 0.42745 0.96078 0.25882 1.00000
v -352.09656 517.52930 -27.95487 0.46667 0.96078 0.28235 1.00000
v -325.52228 515.30737 -34.12163 0.23137 0.96078 0.28235 1.00000
v -297.52145 513.59912 -39.58628 0.00392 0.96078 0.28235 1.00000
v -281.65540 501.82925 -60.31647 0.23137 0.96078 0.28235 1.00000
v -268.15189 492.04611 -77.57751 0.46667 0.96078 0.28235 1.00000
v -352.49420 534.30573 -38.13355 0.49020 0.96078 0.32941 1.00000
v -326.70367 531.74957 -44.47346 0.23922 0.96078 0.32941 1.00000
v -298.58542 529.91107 -50.12911 0.00392 0.96078 0.32941 1.00000
v -281.70981 516.82947 -69.39419 0.23922 0.96078 0.32941 1.00000
v -265.55164 506.26401 -85.24332 0.49020 0.96078 0.32941 1.00000
v -353.89548 550.36389 -50.30681 0.49020 0.96078 0.35686 1.00000
v -327.31210 547.77850 -56.63839 0.23922 0.96078 0.35686 1.00000
v -300.05804 545.58179 -62.58600 0.00392 0.96078 0.35686 1.00000
v -282.08054 532.11597 -80.90309 0.23922 0.96078 0.35686 1.00000
v -269.19666 520.40479 -96.49865 0.49020 0.96078 0.35686 1.00000
v -352.19128 566.67883 -63.09599 0.49020 0.96078 0.40392 1.00000
v -327.96100 563.31128 -69.64327 0.23922 0.96078 0.40392 1.00000
v -301.70615 560.62610 -75.79104 0.00392 0.96078 0.40392 1.00000
v -285.41785 545.54651 -92.77908 0.23922 0.96078 0.40392 1.00000
v -267.62671 533.82458 -106.67037 0.49020 0.96078 0.40392 1.00000
v -356.57996 580.70172 -78.22251 0.49020 0.96078 0.42745 1.00000
v -331.88852 577.20099 -84.74242 0.23922 0.96078 0.42745 1.00000
v -303.74878 574.69659 -90.85074 0.00392 0.96078 0.42745 1.00000
v -287.47876 559.13562 -106.94524 0.23922 0.96078 0.42745 1.00000
v -271.11218 546.69244 -120.27785 0.49020 0.96078 0.42745 1.00000
v -355.34155 592.87146 -90.59366 0.49020 0.96078 0.47451 1.00000
v -333.87479 589.40686 -98.62762 0.23922 0.96078 0.47451 1.00000
v -305.93619 588.02026 -106.57214 0.00392 0.96078 0.47451 1.00000
v -288.84430 573.11182 -122.74128 0.23922 0.96078 0.47451 1.00000
v -271.01917 561.58868 -136.36676 0.49020 0.96078 0.47451 1.00000
v -347.08948 422.24057 20.02274 0.16078 0.89804 0.09020 1.00000
v -345.44669 440.13138 18.37463 0.20000 0.89804 0.11373 1.00000
v -321.34976 437.38794 6.97900 0.10588 0.89804 0.11373 1.00000
v -322.95798 419.72855 8.75286 0.08235 0.89804 0.09020 1.00000
v -294.62039 417.11472 -0.85029 0.00392 0.89804 0.09020 1.00000
v -293.65063 434.67639 -2.86261 0.00392 0.89804 0.11373 1.00000
v -284.69379 430.54245 -30.05054 0.10588 0.89804 0.11373 1.00000
v -285.18439 413.98874 -28.42086 0.08235 0.89804 0.09020 1.00000
v -274.33304 411.25699 -50.80072 0.16078 0.89804 0.09020 1.00000
v -274.40540 427.02963 -52.17329 0.20000 0.89804 0.11373 1.00000
v -342.97696 458.37750 15.86248 0.27843 0.89804 0.16078 1.00000
v -321.00684 455.19647 4.41115 0.14510 0.89804 0.16078 1.00000
v -292.87775 452.15604 -5.61457 0.00392 0.89804 0.16078 1.00000
v -283.67239 445.97906 -32.16551 0.14510 0.89804 0.16078 1.00000
v -273.57483 440.86493 -53.82850 0.27843 0.89804 0.16078 1.00000
v -343.51010 476.61011 11.81506 0.31765 0.89804 0.18431 1.00000
v -320.27585 473.09186 0.28230 0.16078 0.89804 0.18431 1.00000
v -292.45361 469.83508 -9.94560 0.00392 0.89804 0.18431 1.00000
v -282.51199 462.69406 -35.99211 0.16078 0.89804 0.18431 1.00000
v -270.30280 456.77509 -57.29976 0.31765 0.89804 0.18431 1.00000
v -343.10333 495.20987 6.79884 0.39608 0.89804 0.23137 1.00000
v -319.27756 491.06274 -4.68980 0.20000 0.89804 0.23137 1.00000
v -292.19974 487.32932 -15.01339 0.00392 0.89804 0.23137 1.00000
v -282.80579 478.29510 -40.18355 0.20000 0.89804 0.23137 1.00000
v -269.31366 470.87057 -60.84946 0.39608 0.89804 0.23137 1.00000
v -340.22980 507.63507 2.74112 0.43529 0.89804 0.25490 1.00000
v -319.81897 503.13025 -8.75252 0.22353 0.89804 0.25490 1.00000
v -292.18555 499.09897 -19.23253 0.00392 0.89804 0.25490 1.00000
v -282.34570 489.18991 -43.78669 0.22353 0.89804 0.25490 1.00000
v -269.51041 481.07104 -64.00409 0.43529 0.89804 0.25490 1.00000
v -339.76434 525.88635 -4.72099 0.47451 0.89804 0.27843 1.00000
v -319.64291 521.01306 -16.22005 0.23922 0.89804 0.27843 1.00000
v -292.43256 516.67926 -26.83864 0.00392 0.89804 0.27843 1.00000
v -282.44263 505.93442 -50.74320 0.23922 0.89804 0.27843 1.00000
v -267.93704 497.17050 -70.50857 0.47451 0.89804 0.27843 1.00000
v -340.48929 544.26086 -13.21271 0.55294 0.89804 0.32549 1.00000
v -319.97467 538.75024 -24.54911 0.27843 0.89804 0.32549 1.00000
v -292.86752 533.92755 -35.18431 0.00392 0.89804 0.32549 1.00000
v -280.97269 521.56042 -57.96349 0.27843 0.89804 0.32549 1.00000
v -266.14639 511.51004 -76.87773 0.55294 0.89804 0.32549 1.00000
v -339.62274 561.99268 -23.31598 0.59216 0.89804 0.34902 1.00000
v -319.03607 556.11963 -34.61333 0.30196 0.89804 0.34902 1.00000
v -293.73788 550.90143 -45.30295 0.00392 0.89804 0.34902 1.00000
v -282.89484 537.75739 -67.30944 0.30196 0.89804 0.34902 1.00000
v -270.77170 527.00671 -85.61163 0.59216 0.89804 0.34902 1.00000
v -338.71918 579.77832 -34.56669 0.67059 0.89804 0.39608 1.00000
v -321.26779 573.09424 -45.49697 0.34118 0.89804 0.39608 1.00000
v -294.82300 567.41608 -56.15442 0.00392 0.89804 0.39608 1.00000
v -282.28433 552.90833 -76.88642 0.34118 0.89804 0.39608 1.00000
v -271.86197 540.86395 -94.09973 0.67059 0.89804 0.39608 1.00000
v -344.17654 596.20636 -47.03160 0.70196 0.89804 0.41961 1.00000
v -321.28937 589.52704 -58.09780 0.35686 0.89804 0.41961 1.00000
v -296.37527 583.40613 -68.74391 0.00392 0.89804 0.41961 1.00000
v -284.51334 568.29077 -88.66800 0.35686 0.89804 0.41961 1.00000
v -271.32996 555.93903 -105.39671 0.70196 0.89804 0.41961 1.00000
v -345.71271 609.35870 -57.64159 0.78039 0.89804 0.46667 1.00000
v -323.54608 603.71375 -69.86069 0.39608 0.89804 0.46667 1.00000
v -298.13089 598.85974 -81.97534 0.00392 0.89804 0.46667 1.00000
v -285.00870 584.45117 -102.16972 0.39608 0.89804 0.46667 1.00000
v -270.35895 572.91266 -119.38937 0.78039 0.89804 0.46667 1.00000
# Normals
vn 0.26242 0.18816 0.94643
vn 0.16154 -0.17784 0.97071
vn -0.05902 0.29485 0.95372
vn -0.00399 -0.22530 0.97428
vn 0.30169 -0.14585 0.94218
vn 0.47186 0.42742 0.77115
vn 0.45628 -0.10387 0.88375
vn 0.58249 -0.07733 0.80915
vn 0.74733 0.30399 0.59084
vn 0.70896 -0.04385 0.70388
vn 0.80616 -0.02526 0.59116
vn 0.80580 0.50341 0.31187
vn 0.89219 -0.00198 0.45165
vn 0.94966 0.00717 0.31320
vn 0.93849 0.34507 0.01237
vn 0.98782 0.01938 0.15436
vn 0.99982 0.01837 0.00440
vn 0.82314 0.50173 -0.26592
vn 0.98731 0.01916 -0.15764
vn 0.95238 0.00768 -0.30482
vn 0.76164 0.29986 -0.57445
vn 0.89123 -0.00274 -0.45355
vn 0.81138 -0.02472 -0.58400
vn 0.50230 0.41890 -0.75645
vn 0.70888 -0.04534 -0.70387
vn 0.58968 -0.07736 -0.80392
vn 0.27509 0.17778 -0.94484
vn 0.45839 -0.10611 -0.88239
vn 0.31006 -0.14666 -0.93934
vn -0.05298 0.27635 -0.95960
vn 0.16646 -0.18034 -0.96942
vn 0.00462 -0.22636 -0.97403
vn -0.33321 0.01710 -0.94270
vn -0.13393 -0.26099 -0.95601
vn -0.28970 -0.30785 -0.90626
vn -0.62047 0.12640 -0.77398
vn -0.40906 -0.33942 -0.84703
vn -0.53977 -0.38181 -0.75025
vn -0.81276 -0.11803 -0.57052
vn -0.63158 -0.40693 -0.65994
vn -0.72406 -0.44023 -0.53098
vn -0.96027 0.03483 -0.27690
vn -0.78508 -0.45634 -0.41882
vn -0.83442 -0.47764 -0.27495
vn -0.98575 -0.16794 0.00991
vn -0.86326 -0.48273 -0.14752
vn -0.87117 -0.49097 -0.00338
vn -0.94633 0.04359 0.32024
vn -0.86511 -0.48341 0.13382
vn -0.83589 -0.47893 0.26818
vn -0.80518 -0.10943 0.58285
vn -0.79039 -0.45783 0.40704
vn -0.72767 -0.44188 0.52463
vn -0.59964 0.14681 0.78669
vn -0.63940 -0.40799 0.65170
vn -0.54582 -0.38269 0.74540
vn -0.33192 0.03060 0.94281
vn -0.41765 -0.33906 0.84298
vn -0.29757 -0.30750 0.90382
vn -0.05902 0.29485 0.95372
vn -0.14134 -0.25916 0.95544
vn -0.00399 -0.22530 0.97428
vn -0.00757 0.16184 0.98679
vn 0.16347 0.56069 0.81173
vn 0.50851 0.36608 0.77936
vn 0.54234 0.67253 0.50356
vn 0.82529 0.47177 0.31037
vn 0.70446 0.70891 0.03439
vn 0.84851 0.45515 -0.26994
vn 0.59103 0.65652 -0.46868
vn 0.55244 0.30883 -0.77423
vn 0.19920 0.51762 -0.83210
vn 0.02219 0.05925 -0.99800
vn -0.35057 0.33288 -0.87538
vn -0.53432 -0.20490 -0.82007
vn -0.81949 0.18633 -0.54195
vn -0.88721 -0.34884 -0.30193
vn -0.98815 0.15141 0.02532
vn -0.89377 -0.29442 0.33838
vn -0.78885 0.23871 0.56633
vn -0.54824 -0.08813 0.83166
vn -0.33591 0.39896 0.85323
vn -0.00757 0.16184 0.98679
vn -0.18420 0.41195 0.89240
vn 0.21171 0.26000 0.94211
vn 0.29363 0.64819 0.70259
vn 0.67428 0.46300 0.57530
vn 0.58400 0.77475 0.24230
vn 0.85380 0.52036 -0.01585
vn 0.58360 0.75049 -0.31012
vn 0.68284 0.41102 -0.60398
vn 0.30117 0.58540 -0.75273
vn 0.23190 0.16246 -0.95908
vn -0.15829 0.33157 -0.93006
vn -0.30832 -0.14286 -0.94049
vn -0.63435 0.07394 -0.76950
vn -0.72575 -0.37483 -0.57688
vn -0.94739 -0.07633 -0.31084
vn -0.90353 -0.42810 -0.01900
vn -0.96222 -0.04405 0.26870
vn -0.77742 -0.28894 0.55869
vn -0.66751 0.14776 0.72979
vn -0.35122 -0.02388 0.93599
vn -0.18420 0.41195 0.89240
vn -0.08446 0.19559 0.97704
vn 0.04596 0.57137 0.81940
vn 0.40968 0.48700 0.77136
vn 0.42468 0.77042 0.47550
vn 0.71020 0.64770 0.27585
vn 0.56173 0.82638 -0.03945
vn 0.71169 0.62526 -0.32024
vn 0.42186 0.72779 -0.54070
vn 0.41730 0.43094 -0.80010
vn 0.05464 0.50862 -0.85925
vn -0.06701 0.13177 -0.98901
vn -0.41945 0.24040 -0.87537
vn -0.56565 -0.16567 -0.80783
vn -0.82735 0.02221 -0.56124
vn -0.88544 -0.34410 -0.31239
vn -0.99835 -0.05283 -0.02250
vn -0.89392 -0.32636 0.30725
vn -0.85063 0.05289 0.52311
vn -0.58500 -0.11746 0.80248
vn -0.44439 0.29568 0.84563
vn -0.08446 0.19559 0.97704
vn -0.17845 0.49156 0.85236
vn 0.17144 0.38218 0.90804
vn 0.22628 0.75105 0.62026
vn 0.56865 0.62504 0.53475
vn 0.43970 0.87762 0.19090
vn 0.71576 0.69785 -0.02629
vn 0.43301 0.85578 -0.28311
vn 0.57086 0.58406 -0.57705
vn 0.21951 0.69767 -0.68196
vn 0.18219 0.32036 -0.92961
vn -0.16394 0.43397 -0.88589
vn -0.32150 -0.00844 -0.94687
vn -0.61456 0.13968 -0.77640
vn -0.75202 -0.27913 -0.59712
vn -0.94193 -0.05820 -0.33071
vn -0.92748 -0.37386 -0.00269
vn -0.95979 -0.04556 0.27698
vn -0.76735 -0.24616 0.59210
vn -0.64703 0.17838 0.74130
vn -0.34053 0.04830 0.93899
vn -0.17845 0.49156 0.85236
vn -0.01899 0.15230 0.98815
vn 0.05020 0.61687 0.78546
vn 0.41972 0.51223 0.74931
vn 0.35779 0.83370 0.42064
vn 0.66489 0.70195 0.25533
vn 0.45198 0.89069 -0.04883
vn 0.66000 0.68489 -0.30874
vn 0.34445 0.79614 -0.49751
vn 0.41334 0.47219 -0.77858
vn 0.04893 0.56470 -0.82384
vn -0.01614 0.11215 -0.99356
vn -0.38522 0.24094 -0.89082
vn -0.48183 -0.28116 -0.82993
vn -0.80122 -0.05643 -0.59570
vn -0.78148 -0.53791 -0.31615
vn -0.98481 -0.17237 -0.02080
vn -0.78191 -0.52684 0.33324
vn -0.82623 -0.03493 0.56225
vn -0.48530 -0.25194 0.83726
vn -0.40822 0.28267 0.86802
vn -0.01899 0.15230 0.98815
vn -0.22446 0.28433 0.93208
vn 0.17070 0.26714 0.94842
vn 0.20172 0.64654 0.73573
vn 0.56045 0.59574 0.57532
vn 0.45612 0.85454 0.24843
vn 0.70653 0.70731 -0.02303
vn 0.44106 0.83454 -0.33018
vn 0.55266 0.56859 -0.60932
vn 0.17305 0.60475 -0.77739
vn 0.16211 0.23300 -0.95887
vn -0.23823 0.25461 -0.93724
vn -0.30577 -0.17835 -0.93525
vn -0.64284 -0.09565 -0.76000
vn -0.65841 -0.50910 -0.55435
vn -0.89763 -0.32184 -0.30113
vn -0.77682 -0.62948 0.01743
vn -0.90374 -0.32400 0.27979
vn -0.64754 -0.49621 0.57833
vn -0.64887 -0.08997 0.75556
vn -0.29656 -0.15404 0.94251
vn -0.22446 0.28433 0.93208
vn -0.06566 0.11173 0.99157
vn -0.01704 0.49304 0.86984
vn 0.34998 0.52087 0.77860
vn 0.32253 0.79987 0.50615
vn 0.58674 0.76416 0.26795
vn 0.43059 0.90129 -0.04758
vn 0.56047 0.75746 -0.33485
vn 0.27959 0.77215 -0.57063
vn 0.28960 0.51516 -0.80668
vn -0.06244 0.47186 -0.87946
vn -0.12546 0.12816 -0.98379
vn -0.47330 0.10727 -0.87434
vn -0.53712 -0.26862 -0.79959
vn -0.81075 -0.19658 -0.55140
vn -0.78988 -0.52977 -0.30892
vn -0.94577 -0.32457 -0.01334
vn -0.77749 -0.54681 0.31066
vn -0.81326 -0.21474 0.54083
vn -0.49865 -0.30073 0.81296
vn -0.45594 0.10018 0.88435
vn -0.06566 0.11173 0.99157
vn -0.27148 0.20709 0.93990
vn 0.12672 0.28653 0.94965
vn 0.11162 0.60224 0.79047
vn 0.46927 0.65406 0.59329
vn 0.35923 0.87467 0.32542
vn 0.59169 0.80617 -0.00023
vn 0.34922 0.89330 -0.28293
vn 0.43546 0.67659 -0.59380
vn 0.07412 0.63921 -0.76545
vn 0.06241 0.31968 -0.94547
vn -0.33898 0.23154 -0.91185
vn -0.37426 -0.11777 -0.91981
vn -0.70928 -0.15000 -0.68878
vn -0.70110 -0.46566 -0.54002
vn -0.90353 -0.36833 -0.21902
vn -0.79887 -0.60036 0.03697
vn -0.87373 -0.36771 0.31841
vn -0.64281 -0.47977 0.59718
vn -0.63946 -0.15552 0.75293
vn -0.29471 -0.14555 0.94444
vn -0.27148 0.20709 0.93990
vn -0.04560 0.04296 0.99804
vn -0.05697 0.40320 0.91334
vn 0.34487 0.47560 0.80924
vn 0.27101 0.76064 0.58990
vn 0.57611 0.75692 0.30851
vn 0.39397 0.91886 0.02216
vn 0.55357 0.77057 -0.31588
vn 0.24421 0.79356 -0.55733
vn 0.28343 0.50669 -0.81421
vn -0.11453 0.43745 -0.89192
vn -0.12443 0.07413 -0.98945
vn -0.52153 0.01245 -0.85314
vn -0.51067 -0.35540 -0.78288
vn -0.81599 -0.31114 -0.48718
vn -0.73162 -0.62114 -0.28091
vn -0.90276 -0.42740 0.04842
vn -0.70674 -0.62798 0.32582
vn -0.76447 -0.31034 0.56505
vn -0.44591 -0.37603 0.81226
vn -0.44892 -0.00124 0.89357
vn -0.04560 0.04296 0.99804
vn -0.27010 0.18886 0.94413
vn 0.15257 0.27196 0.95014
vn 0.08520 0.59722 0.79754
vn 0.47044 0.65342 0.59307
vn 0.31305 0.88566 0.34293
vn 0.57801 0.81602 0.00456
vn 0.30306 0.91663 -0.26066
vn 0.42723 0.68611 -0.58883
vn 0.04422 0.65744 -0.75221
vn 0.07607 0.31255 -0.94685
vn -0.34904 0.22303 -0.91018
vn -0.33478 -0.15162 -0.93002
vn -0.70259 -0.19045 -0.68564
vn -0.64680 -0.52415 -0.55400
vn -0.88287 -0.42306 -0.20385
vn -0.74402 -0.66746 0.03059
vn -0.84501 -0.41411 0.33832
vn -0.59291 -0.53480 0.60203
vn -0.61684 -0.18647 0.76468
vn -0.25193 -0.17889 0.95107
vn -0.27010 0.18886 0.94413
vn -0.04769 0.02800 0.99847
vn -0.08391 0.39961 0.91284
vn 0.31863 0.47997 0.81738
vn 0.21732 0.76977 0.60019
vn 0.53871 0.77918 0.32042
vn 0.33266 0.94199 0.04470
vn 0.51862 0.79746 -0.30837
vn 0.19530 0.82151 -0.53570
vn 0.26240 0.51859 -0.81376
vn -0.14275 0.44991 -0.88159
vn -0.12412 0.05869 -0.99053
vn -0.52996 -0.00441 -0.84801
vn -0.48672 -0.39482 -0.77925
vn -0.80666 -0.35088 -0.47559
vn -0.68994 -0.67018 -0.27356
vn -0.88004 -0.47021 0.06657
vn -0.66289 -0.67180 0.33055
vn -0.74125 -0.34067 0.57835
vn -0.41942 -0.40682 0.81153
vn -0.44451 -0.01670 0.89562
vn -0.04769 0.02800 0.99847
vn -0.16905 0.18019 0.96900
vn 0.19049 0.27070 0.94363
vn 0.15456 0.61017 0.77705
vn 0.48007 0.66173 0.57589
vn 0.34390 0.88470 0.31471
vn 0.57316 0.81942 -0.00556
vn 0.33222 0.90615 -0.26177
vn 0.43675 0.68272 -0.58579
vn 0.11443 0.65329 -0.74841
vn 0.12067 0.29954 -0.94642
vn -0.23930 0.20579 -0.94889
vn -0.25926 -0.18663 -0.94761
vn -0.59177 -0.26258 -0.76214
vn -0.55981 -0.59013 -0.58169
vn -0.79299 -0.55298 -0.25570
vn -0.66040 -0.75075 0.01555
vn -0.75973 -0.54578 0.35346
vn -0.51742 -0.60314 0.60704
vn -0.51671 -0.25933 0.81594
vn -0.19005 -0.21065 0.95891
vn -0.16905 0.18019 0.96900
vn -0.10514 0.12292 0.98683
vn 0.02982 0.38795 0.92120
vn 0.21994 0.57281 0.78963
vn 0.29726 0.76270 0.57439
vn 0.41574 0.85369 0.31363
vn 0.39742 0.91730 0.02499
vn 0.41320 0.86618 -0.28105
vn 0.28898 0.78877 -0.54253
vn 0.20297 0.59024 -0.78129
vn -0.00128 0.40547 -0.91411
vn -0.14375 0.11724 -0.98265
vn -0.36815 -0.09453 -0.92495
vn -0.49080 -0.36586 -0.79074
vn -0.66126 -0.50532 -0.55442
vn -0.69728 -0.66043 -0.27861
vn -0.75643 -0.65256 0.04445
vn -0.67922 -0.64809 0.34445
vn -0.61915 -0.48342 0.61884
vn -0.44844 -0.34274 0.82549
vn -0.31612 -0.08239 0.94513
vn -0.10514 0.12292 0.98683
vn -0.20727 0.13501 0.96892
vn 0.24958 0.54595 0.79978
vn 0.33430 0.90020 0.27909
vn 0.44515 0.83080 -0.33407
vn 0.10071 0.58502 -0.80474
vn -0.11210 0.04392 -0.99273
vn -0.54439 -0.32731 -0.77234
vn -0.64029 -0.70394 -0.30740
vn -0.74185 -0.60759 0.28372
vn -0.43806 -0.41539 0.79722
vn -0.20727 0.13501 0.96892
vn -0.08963 0.06426 0.99390
vn 0.01578 0.66202 0.74932
vn 0.47823 0.82768 0.29366
vn 0.20142 0.92738 -0.31526
vn 0.25267 0.51555 -0.81876
vn -0.33226 0.20125 -0.92147
vn -0.43854 -0.41831 -0.79542
vn -0.82714 -0.48524 -0.28352
vn -0.64862 -0.69711 0.30549
vn -0.63402 -0.23097 0.73802
vn -0.08963 0.06426 0.99390
vn -0.29979 0.22374 0.92740
vn 0.26780 0.53921 0.79846
vn 0.24060 0.92949 0.27957
vn 0.49301 0.81103 -0.31490
vn 0.04477 0.63644 -0.77002
vn -0.06955 0.04117 -0.99673
vn -0.61378 -0.24625 -0.75009
vn -0.64080 -0.70804 -0.29674
vn -0.81955 -0.49293 0.29216
vn -0.43005 -0.39701 0.81083
vn -0.29979 0.22374 0.92740
vn -0.11330 0.09282 0.98922
vn 0.02495 0.66403 0.74729
vn 0.49370 0.81641 0.29955
vn 0.25423 0.91823 -0.30368
vn 0.29078 0.50132 -0.81494
vn -0.28490 0.18927 -0.93969
vn -0.44016 -0.41402 -0.79677
vn -0.82686 -0.48913 -0.27757
vn -0.68335 -0.65979 0.31257
vn -0.63737 -0.19923 0.74436
vn -0.11330 0.09282 0.98922
vn -0.33578 0.24940 0.90832
vn 0.25220 0.54765 0.79779
vn 0.25261 0.92467 0.28492
vn 0.51592 0.79553 -0.31775
vn 0.06273 0.62874 -0.77508
vn -0.07293 0.03931 -0.99656
vn -0.63813 -0.21932 -0.73803
vn -0.68770 -0.66274 -0.29638
vn -0.85967 -0.42534 0.28293
vn -0.48717 -0.35008 0.80007
vn -0.33578 0.24940 0.90832
vn -0.10521 0.08353 0.99094
vn 0.03147 0.66012 0.75050
vn 0.53188 0.79206 0.29958
vn 0.28587 0.90862 -0.30444
vn 0.30787 0.48464 -0.81874
vn -0.28872 0.19179 -0.93801
vn -0.45661 -0.40041 -0.79447
vn -0.85340 -0.44521 -0.27109
vn -0.70450 -0.63990 0.30694
vn -0.66230 -0.16600 0.73062
vn -0.10521 0.08353 0.99094
vn -0.33078 0.26296 0.90633
vn 0.27853 0.52707 0.80288
vn 0.25937 0.91233 0.31683
vn 0.54305 0.78285 -0.30373
vn 0.07353 0.65241 -0.75429
vn -0.07567 0.04897 -0.99593
vn -0.66637 -0.19609 -0.71937
vn -0.70902 -0.64507 -0.28492
vn -0.86887 -0.38145 0.31554
vn -0.48158 -0.33917 0.80811
vn -0.33078 0.26296 0.90633
vn -0.12009 0.09502 0.98820
vn 0.01884 0.65613 0.75441
vn 0.52977 0.78591 0.31887
vn 0.28826 0.91941 -0.26756
vn 0.30140 0.49981 -0.81200
vn -0.30645 0.22260 -0.92549
vn -0.49589 -0.37741 -0.78209
vn -0.88416 -0.40406 -0.23450
vn -0.73062 -0.60020 0.32551
vn -0.66605 -0.11741 0.73661
vn -0.12009 0.09502 0.98820
vn -0.20445 0.22136 0.95352
vn 0.34165 0.50095 0.79519
vn 0.39533 0.86933 0.29661
vn 0.58713 0.74628 -0.31359
vn 0.17732 0.61630 -0.76729
vn -0.04780 0.04500 -0.99784
vn -0.59215 -0.22781 -0.77295
vn -0.69608 -0.65203 -0.30056
vn -0.82271 -0.46748 0.32343
vn -0.44982 -0.36246 0.81626
vn -0.20445 0.22136 0.95352
vn -0.01773 0.03308 0.99930
vn 0.18239 0.61161 0.76985
vn 0.60888 0.73407 0.30067
vn 0.40880 0.86623 -0.28728
vn 0.34749 0.47285 -0.80973
vn -0.20451 0.19613 -0.95901
vn -0.44635 -0.39496 -0.80298
vn -0.82544 -0.49041 -0.27955
vn -0.67191 -0.66751 0.32089
vn -0.56839 -0.21422 0.79438
vn -0.01773 0.03308 0.99930
vn -0.18246 0.20397 0.96182
vn 0.37347 0.46395 0.80329
vn 0.40289 0.86358 0.30316
vn 0.59396 0.74133 -0.31248
vn 0.16135 0.63142 -0.75847
vn -0.06299 0.04914 -0.99680
vn -0.60934 -0.21000 -0.76459
vn -0.69097 -0.65968 -0.29559
vn -0.81740 -0.47124 0.33134
vn -0.41719 -0.39958 0.81626
vn -0.18246 0.20397 0.96182
vn -0.02569 0.05034 0.99840
vn 0.17641 0.61333 0.76987
vn 0.59047 0.74893 0.30073
vn 0.38548 0.88046 -0.27604
vn 0.31379 0.50723 -0.80266
vn -0.23798 0.23006 -0.94363
vn -0.48631 -0.35177 -0.79985
vn -0.84776 -0.45790 -0.26764
vn -0.69789 -0.63795 0.32554
vn -0.57094 -0.19965 0.79635
vn -0.02569 0.05034 0.99840
vn -0.26498 0.23832 0.93434
vn 0.32555 0.48752 0.81015
vn 0.31865 0.88758 0.33265
vn 0.54391 0.78320 -0.30126
vn 0.06363 0.68188 -0.72869
vn -0.13868 0.10344 -0.98492
vn -0.70599 -0.12973 -0.69624
vn -0.75736 -0.59250 -0.27449
vn -0.86792 -0.36184 0.34027
vn -0.46549 -0.34995 0.81293
vn -0.26498 0.23832 0.93434
vn -0.06105 0.05576 0.99658
vn 0.11386 0.61491 0.78033
vn 0.63075 0.70729 0.31922
vn 0.35523 0.89814 -0.25914
vn 0.33921 0.47053 -0.81458
vn -0.31921 0.26240 -0.91063
vn -0.53833 -0.33225 -0.77447
vn -0.91073 -0.35417 -0.21247
vn -0.75317 -0.56432 0.33804
vn -0.63115 -0.12152 0.76608
vn -0.06105 0.05576 0.99658
vn -0.24207 0.29687 0.92373
vn 0.38560 0.47547 0.79072
vn 0.38377 0.87777 0.28677
vn 0.62841 0.70784 -0.32260
vn 0.11899 0.66883 -0.73383
vn -0.09164 0.09526 -0.99123
vn -0.68970 -0.05499 -0.72200
vn -0.79030 -0.53840 -0.29249
vn -0.90567 -0.28377 0.31502
vn -0.49040 -0.30337 0.81699
vn -0.24207 0.29687 0.92373
vn -0.15693 0.20323 0.96647
vn 0.20344 0.61520 0.76167
vn 0.52499 0.79761 0.29700
vn 0.44697 0.84629 -0.28984
vn 0.24299 0.57301 -0.78270
vn -0.24715 0.25989 -0.93347
vn -0.62444 -0.16934 -0.76250
vn -0.90916 -0.32477 -0.26067
vn -0.86193 -0.39006 0.32393
vn -0.62380 -0.09918 0.77527
vn -0.15693 0.20323 0.96647
vn -0.04920 0.09394 0.99436
vn 0.70423 0.64622 0.29405
vn 0.34760 0.47002 -0.81133
vn -0.51066 -0.32420 -0.79632
vn -0.82080 -0.47226 0.32135
vn -0.04920 0.09394 0.99436
vn -0.07048 0.11343 0.99104
vn 0.60422 0.73951 0.29673
vn 0.46810 0.33611 -0.81726
vn -0.60280 -0.19989 -0.77244
vn -0.78947 -0.51838 0.32865
vn -0.07048 0.11343 0.99104
vn -0.16320 0.21061 0.96385
vn 0.73291 0.62004 0.27998
vn 0.22745 0.55251 -0.80187
vn -0.53546 -0.27029 -0.80014
vn -0.94793 -0.20066 0.24730
vn -0.16320 0.21061 0.96385
vn -0.15886 0.22804 0.96060
vn 0.53234 0.80979 0.24667
vn 0.40222 0.37770 -0.83401
vn -0.66208 -0.02657 -0.74897
vn -0.87583 -0.39073 0.28328
vn -0.15886 0.22804 0.96060
vn -0.15018 0.26323 0.95297
vn 0.72581 0.61878 0.30051
vn 0.27937 0.60699 -0.74399
vn -0.56028 -0.21396 -0.80019
vn -0.94435 -0.10924 0.31027
vn -0.15018 0.26323 0.95297
vn -0.07923 0.21886 0.97253
vn 0.57332 0.77034 0.27907
vn 0.50174 0.30306 -0.81019
vn -0.64730 -0.01427 -0.76210
vn -0.83391 -0.44119 0.33159
vn -0.07923 0.21886 0.97253
vn -0.10107 0.16766 0.98065
vn 0.81415 0.50166 0.29241
vn 0.33725 0.51547 -0.78775
vn -0.50897 -0.31602 -0.80068
vn -0.93699 -0.18421 0.29685
vn -0.10107 0.16766 0.98065
vn -0.06736 0.16506 0.98398
vn 0.63720 0.72020 0.27439
vn 0.50469 0.28264 -0.81572
vn -0.63688 -0.03596 -0.77013
vn -0.83699 -0.44200 0.32262
vn -0.06736 0.16506 0.98398
vn -0.09657 0.16310 0.98187
vn 0.82716 0.47968 0.29277
vn 0.29767 0.54020 -0.78714
vn -0.54214 -0.25710 -0.79999
vn -0.95220 -0.12994 0.27646
vn -0.09657 0.16310 0.98187
vn -0.04492 0.09696 0.99427
vn 0.67716 0.68257 0.27488
vn 0.49650 0.23916 -0.83444
vn -0.66105 0.03450 -0.74955
vn -0.85447 -0.42527 0.29838
vn -0.04492 0.09696 0.99427
vn -0.04748 0.13789 0.98931
vn 0.87908 0.36672 0.30453
vn 0.34362 0.56659 -0.74893
vn -0.55663 -0.22018 -0.80105
vn -0.94281 -0.07055 0.32578
vn -0.04748 0.13789 0.98931
vn -0.02794 0.14953 0.98836
vn 0.67169 0.68023 0.29346
vn 0.51503 0.24718 -0.82076
vn -0.66771 0.09898 -0.73781
vn -0.87327 -0.36118 0.32702
vn -0.02794 0.14953 0.98836
vn -0.07905 0.19813 0.97698
vn 0.87790 0.38139 0.28955
vn 0.33684 0.59746 -0.72772
vn -0.58086 -0.15501 -0.79911
vn -0.94702 0.06780 0.31395
vn -0.07905 0.19813 0.97698
vn -0.07960 0.35898 0.92994
vn 0.60828 0.74563 0.27209
vn 0.42860 0.45123 -0.78275
vn -0.66992 0.32079 -0.66955
vn -0.94685 -0.00506 0.32163
vn -0.07960 0.35898 0.92994
vn -0.18925 0.55087 0.81285
vn 0.67249 0.69145 0.26393
vn 0.19879 0.78481 -0.58698
vn -0.64863 0.33409 -0.68386
vn -0.85010 0.46512 0.24695
vn -0.18925 0.55087 0.81285
vn -0.27493 0.92606 0.25851
vn -0.01125 0.99670 -0.08038
vn -0.28260 0.91775 -0.27904
vn -0.54806 0.83345 -0.07070
vn -0.27493 0.92606 0.25851
vn 0.17132 0.46118 -0.87061
vn 0.12361 0.59980 -0.79055
vn -0.93743 -0.34021 0.07404
vn -0.77267 -0.63472 0.01055
vn 0.37009 0.35117 0.86007
vn 0.20546 0.49327 0.84526
vn 0.12361 0.59980 -0.79055
vn 0.17132 0.46118 -0.87061
vn 0.11047 0.56481 -0.81779
vn -0.76304 -0.64630 0.00811
vn 0.31959 0.35493 0.87857
vn 0.11047 0.56481 -0.81779
vn 0.12403 0.55277 -0.82405
vn -0.50038 -0.86430 -0.05105
vn 0.32214 0.33376 0.88591
vn 0.12403 0.55277 -0.82405
vn -0.02526 0.61082 -0.79137
vn -0.29935 -0.94948 -0.09418
vn 0.26743 0.35020 0.89769
vn -0.02526 0.61082 -0.79137
vn -0.22272 0.63172 -0.74251
vn -0.19782 -0.97339 -0.11567
vn 0.11222 0.34195 0.93299
vn -0.22272 0.63172 -0.74251
vn -0.16224 -0.97943 -0.12001
vn -0.16667 0.96507 0.20214
vn -0.91585 0.36476 -0.16784
vn -0.83009 0.54000 -0.13911
vn 0.13208 -0.30955 0.94167
vn 0.06303 -0.61029 0.78967
vn 0.83041 0.27679 -0.48353
vn 0.82414 0.47552 -0.30769
vn -0.83009 0.54000 -0.13911
vn -0.91585 0.36476 -0.16784
vn -0.84361 0.52432 -0.11583
vn 0.06698 -0.60067 0.79669
vn 0.84817 0.35040 -0.39728
vn -0.84361 0.52432 -0.11583
vn -0.85104 0.50746 -0.13496
vn 0.00643 -0.82046 0.57166
vn 0.85689 0.33749 -0.38966
vn -0.85104 0.50746 -0.13496
vn -0.81965 0.57276 -0.01082
vn -0.03864 -0.91819 0.39426
vn 0.87094 0.36119 -0.33319
vn -0.81965 0.57276 -0.01082
vn -0.77337 0.61348 0.15981
vn -0.06237 -0.95176 0.30045
vn 0.90954 0.37438 -0.18048
vn -0.77337 0.61348 0.15981
vn -0.06985 -0.96212 0.26354
vn 0.14890 0.98815 0.03717
vn -0.20241 0.26318 0.94327
vn -0.19555 0.46768 0.86199
vn 0.95051 -0.28195 -0.13053
vn 0.80994 -0.58255 -0.06800
vn -0.52885 0.20224 -0.82427
vn -0.35016 0.46033 -0.81577
vn -0.19555 0.46768 0.86199
vn -0.20241 0.26318 0.94327
vn -0.16942 0.47094 0.86574
vn 0.82642 -0.55746 -0.07915
vn -0.41300 0.35509 -0.83866
vn -0.16942 0.47094 0.86574
vn -0.19474 0.44805 0.87254
vn 0.62688 -0.77838 -0.03377
vn -0.39038 0.35549 -0.84925
vn -0.19474 0.44805 0.87254
vn -0.08959 0.51648 0.85160
vn 0.46226 -0.88675 0.00036
vn -0.32792 0.38815 -0.86128
vn -0.08959 0.51648 0.85160
vn 0.05751 0.56801 0.82101
vn 0.37256 -0.92781 0.01893
vn -0.17515 0.41918 -0.89085
vn 0.05751 0.56801 0.82101
vn 0.33413 -0.94216 0.02617
vn -0.05869 0.99517 -0.07863
vn 0.97768 0.08005 0.19423
vn 0.86717 0.44060 0.23215
vn -0.16992 -0.11972 -0.97816
vn -0.06704 -0.56671 -0.82118
vn -0.81376 0.05236 0.57884
vn -0.78669 0.51675 0.33776
vn 0.86717 0.44060 0.23215
vn 0.97768 0.08005 0.19423
vn 0.87916 0.43006 0.20525
vn -0.08882 -0.46875 -0.87885
vn -0.83104 0.38375 0.40262
vn 0.87916 0.43006 0.20525
vn 0.89005 0.37333 0.26162
vn -0.05798 -0.72531 -0.68597
vn -0.84177 0.38708 0.37629
vn 0.89005 0.37333 0.26162
vn 0.88090 0.43732 0.18102
vn -0.03861 -0.84205 -0.53801
vn -0.84899 0.43162 0.30483
vn 0.88090 0.43732 0.18102
vn 0.86515 0.49962 0.04347
vn -0.02902 -0.88202 -0.47032
vn -0.86391 0.48818 0.12387
vn 0.86515 0.49962 0.04347
vn -0.02603 -0.88545 -0.46400
vn 0.00136 0.99054 0.13722
vn 0.10733 0.06577 -0.99205
vn 0.16976 0.39507 -0.90283
vn -0.95780 -0.13619 0.25314
vn -0.83170 -0.52912 0.16823
vn 0.67655 0.01938 0.73614
vn 0.51015 0.41708 0.75219
vn 0.16976 0.39507 -0.90283
vn 0.10733 0.06577 -0.99205
vn 0.12682 0.44214 -0.88793
vn -0.88779 -0.41827 0.19204
vn 0.56815 0.28565 0.77176
vn 0.12682 0.44214 -0.88793
vn 0.14153 0.41941 -0.89669
vn -0.74601 -0.65245 0.13331
vn 0.57074 0.26709 0.77648
vn 0.14153 0.41941 -0.89669
vn 0.05732 0.50228 -0.86280
vn -0.63189 -0.77007 0.08780
vn 0.53710 0.29601 0.78987
vn 0.05732 0.50228 -0.86280
vn -0.06942 0.58452 -0.80840
vn -0.57629 -0.81457 0.06605
vn 0.42286 0.35124 0.83536
vn -0.06942 0.58452 -0.80840
vn -0.56477 -0.82278 0.06370
vn 0.32293 0.94565 0.03833
vn -0.99472 -0.07516 -0.06989
vn -0.93484 0.29803 -0.19301
vn 0.26462 -0.07542 0.96140
vn 0.18043 -0.50029 0.84685
vn 0.72319 -0.09576 -0.68397
vn 0.72804 0.43504 -0.52981
vn -0.93484 0.29803 -0.19301
vn -0.99472 -0.07516 -0.06989
vn -0.92365 0.34452 -0.16786
vn 0.21331 -0.35784 0.90909
vn 0.75516 0.33149 -0.56555
vn -0.92365 0.34452 -0.16786
vn -0.93506 0.28797 -0.20672
vn 0.17981 -0.59619 0.78245
vn 0.76580 0.34395 -0.54338
vn -0.93506 0.28797 -0.20672
vn -0.92307 0.35365 -0.15126
vn 0.15513 -0.71832 0.67820
vn 0.77660 0.39514 -0.49067
vn -0.92307 0.35365 -0.15126
vn -0.90120 0.43024 -0.05232
vn 0.14285 -0.76462 0.62845
vn 0.80290 0.47806 -0.35610
vn -0.90120 0.43024 -0.05232
vn 0.13977 -0.77071 0.62166
vn -0.09507 0.91930 -0.38190
vn 0.02994 -0.21421 0.97633
vn -0.18761 0.23740 0.95312
vn 0.95242 0.01884 -0.30421
vn 0.85474 -0.47461 -0.21016
vn -0.67781 -0.24369 -0.69368
vn -0.57685 0.42765 -0.69596
vn -0.18761 0.23740 0.95312
vn 0.02994 -0.21421 0.97633
vn -0.16576 0.30448 0.93799
vn 0.92921 -0.27345 -0.24858
vn -0.60760 0.31587 -0.72873
vn -0.16576 0.30448 0.93799
vn -0.20693 0.23111 0.95067
vn 0.82713 -0.51624 -0.22213
vn -0.59079 0.32599 -0.73804
vn -0.20693 0.23111 0.95067
vn -0.16705 0.28977 0.94241
vn 0.74540 -0.63491 -0.20315
vn -0.54456 0.38130 -0.74704
vn -0.16705 0.28977 0.94241
vn -0.08345 0.37145 0.92470
vn 0.71066 -0.67629 -0.19387
vn -0.41718 0.48375 -0.76938
vn -0.08345 0.37145 0.92470
vn 0.71522 -0.67202 -0.19197
vn -0.48640 0.85998 0.15441
vn 0.95353 -0.28277 -0.10402
vn 0.96867 0.18110 0.16992
vn -0.33374 0.06997 -0.94007
vn -0.24879 -0.44024 -0.86272
vn -0.66231 -0.33232 0.67150
vn -0.66829 0.38236 0.63811
vn 0.96867 0.18110 0.16992
vn 0.95353 -0.28277 -0.10402
vn 0.94866 0.27610 0.15433
vn -0.28683 -0.19830 -0.93723
vn -0.69952 0.26935 0.66191
vn 0.94866 0.27610 0.15433
vn 0.96100 0.20576 0.18477
vn -0.26274 -0.43304 -0.86223
vn -0.70695 0.26946 0.65392
vn 0.96100 0.20576 0.18477
vn 0.95192 0.26610 0.15178
vn -0.24448 -0.54672 -0.80083
vn -0.71558 0.31913 0.62138
vn 0.95192 0.26610 0.15178
vn 0.93096 0.35622 0.08013
vn -0.23636 -0.58416 -0.77646
vn -0.74062 0.42554 0.52000
vn 0.93096 0.35622 0.08013
vn -0.23678 -0.57361 -0.78416
vn 0.18934 0.78332 0.59208
vn -0.34037 -0.40380 -0.84917
vn 0.06778 0.10895 -0.99173
vn -0.87883 0.17350 0.44447
vn -0.83974 -0.41671 0.34811
vn 0.63693 -0.49335 0.59239
vn 0.72631 0.37910 0.57338
vn 0.06778 0.10895 -0.99173
vn -0.34037 -0.40380 -0.84917
vn 0.06556 0.23162 -0.97060
vn -0.91256 -0.11143 0.39346
vn 0.74645 0.26083 0.61219
vn 0.06556 0.23162 -0.97060
vn 0.09503 0.14412 -0.98499
vn -0.85646 -0.35578 0.37403
vn 0.74061 0.25908 0.61997
vn 0.09503 0.14412 -0.98499
vn 0.07124 0.19880 -0.97745
vn -0.80855 -0.46747 0.35739
vn 0.71198 0.31257 0.62880
vn 0.07124 0.19880 -0.97745
vn 0.01074 0.29221 -0.95629
vn -0.79407 -0.49652 0.35059
vn 0.61751 0.43444 0.65569
vn 0.01074 0.29221 -0.95629
vn -0.80936 -0.46989 0.35233
vn 0.62978 0.71582 -0.30163
vn -0.77556 -0.44431 0.44843
vn -0.99846 0.05455 -0.00971
vn 0.49161 0.23320 0.83901
vn 0.41151 -0.38227 0.82736
vn 0.55307 -0.57353 -0.60430
vn 0.51762 0.32584 -0.79114
vn -0.99846 0.05455 -0.00971
vn -0.77556 -0.44431 0.44843
vn -0.97821 0.20631 -0.02320
vn 0.45117 -0.02420 0.89211
vn 0.55722 0.20262 -0.80527
vn -0.97821 0.20631 -0.02320
vn -0.99173 0.12142 -0.04152
vn 0.43706 -0.25590 0.86226
vn 0.56234 0.18337 -0.80632
vn -0.99173 0.12142 -0.04152
vn -0.98420 0.17529 -0.02486
vn 0.42345 -0.35448 0.83369
vn 0.56935 0.22557 -0.79054
vn -0.98420 0.17529 -0.02486
vn -0.96039 0.27785 0.02137
vn 0.41941 -0.37420 0.82708
vn 0.59667 0.34595 -0.72409
vn -0.96039 0.27785 0.02137
vn 0.42430 -0.33655 0.84066
vn -0.36602 0.60467 -0.70739
vn 0.48264 -0.47179 0.73788
vn -0.00030 -0.01027 0.99995
vn 0.83341 0.26807 -0.48329
vn 0.83628 -0.34127 -0.42915
vn -0.55369 -0.61857 -0.55749
vn -0.81577 0.28148 -0.50526
vn -0.00030 -0.01027 0.99995
vn 0.48264 -0.47179 0.73788
vn -0.03162 0.14964 0.98823
vn 0.88908 0.04967 -0.45505
vn -0.82183 0.16997 -0.54379
vn -0.03162 0.14964 0.98823
vn -0.04369 0.06385 0.99700
vn 0.87616 -0.16534 -0.45277
vn -0.82271 0.14901 -0.54858
vn -0.04369 0.06385 0.99700
vn -0.03334 0.11085 0.99328
vn 0.85858 -0.25277 -0.44604
vn -0.81220 0.18754 -0.55241
vn -0.03334 0.11085 0.99328
vn -0.00059 0.20923 0.97787
vn 0.85599 -0.26453 -0.44418
vn -0.76307 0.30596 -0.56931
vn -0.00059 0.20923 0.97787
vn 0.86714 -0.21965 -0.44702
vn -0.76937 0.48943 0.41052
vn 0.67503 -0.50213 -0.54055
vn 0.99642 -0.08439 0.00462
vn -0.45850 0.32167 -0.82844
vn -0.42567 -0.30493 -0.85195
vn -0.58360 -0.67553 0.45063
vn -0.50644 0.26031 0.82204
vn 0.99642 -0.08439 0.00462
vn 0.67503 -0.50213 -0.54055
vn 0.99555 0.07616 0.05542
vn -0.43432 0.12562 -0.89196
vn -0.54678 0.16467 0.82092
vn 0.99555 0.07616 0.05542
vn 0.99752 -0.02711 0.06500
vn -0.44621 -0.08246 -0.89112
vn -0.55184 0.15729 0.81899
vn 0.99752 -0.02711 0.06500
vn 0.99817 0.00453 0.06024
vn -0.44705 -0.16418 -0.87931
vn -0.55144 0.20554 0.80850
vn 0.99817 0.00453 0.06024
vn 0.99528 0.08995 0.03650
vn -0.44509 -0.16941 -0.87931
vn -0.55195 0.33417 0.76399
vn 0.99528 0.08995 0.03650
vn -0.44051 -0.11681 -0.89012
vn 0.44247 0.39063 0.80724
vn 0.46579 -0.51350 -0.72066
vn 0.96963 -0.14571 -0.19642
vn -0.59130 0.38590 -0.70813
vn -0.58966 -0.27101 -0.76083
vn -0.52162 -0.72671 0.44700
vn -0.33131 0.22593 0.91607
vn 0.96963 -0.14571 -0.19642
vn 0.46579 -0.51350 -0.72066
vn 0.99152 0.02691 -0.12715
vn -0.58170 0.21201 -0.78529
vn -0.37572 0.13188 0.91730
vn 0.99152 0.02691 -0.12715
vn 0.98861 -0.08431 -0.12468
vn -0.60556 0.01425 -0.79567
vn -0.38108 0.11874 0.91689
vn 0.98861 -0.08431 -0.12468
vn 0.99000 -0.06296 -0.12625
vn -0.60935 -0.05429 -0.79104
vn -0.37900 0.16442 0.91067
vn 0.99000 -0.06296 -0.12625
vn 0.98993 0.01665 -0.14054
vn -0.60676 -0.04839 -0.79341
vn -0.37505 0.29631 0.87837
vn 0.98993 0.01665 -0.14054
vn -0.59767 0.01638 -0.80157
vn 0.61184 0.26770 0.74430
vn 0.56199 -0.58739 0.58236
vn 0.40516 -0.81214 0.41985
vn 0.28269 -0.73758 0.61324
vn 0.56199 -0.58739 0.58236
vn 0.30712 -0.55757 0.77123
vn 0.56199 -0.58739 0.58236
vn 0.46413 -0.37757 0.80126
vn 0.56199 -0.58739 0.58236
vn 0.66176 -0.30301 0.68575
vn 0.56199 -0.58739 0.58236
vn 0.78423 -0.37757 0.49236
vn 0.56199 -0.58739 0.58236
vn 0.75981 -0.55757 0.33437
vn 0.56199 -0.58739 0.58236
vn 0.60279 -0.73758 0.30434
vn 0.56199 -0.58739 0.58236
vn 0.40516 -0.81214 0.41985
vn 0.18403 -0.96424 0.19070
vn -0.05919 -0.81616 0.57478
vn -0.01068 -0.45867 0.88854
vn 0.30115 -0.10118 0.94819
vn 0.69364 0.04689 0.71879
vn 0.93687 -0.10118 0.33472
vn 0.88836 -0.45867 0.02095
vn 0.57652 -0.81616 -0.03870
vn 0.18403 -0.96424 0.19070
vn -0.10382 -0.98876 -0.10758
vn -0.44958 -0.77826 0.43839
vn -0.38061 -0.27008 0.88442
vn 0.06267 0.23811 0.96921
vn 0.62061 0.44861 0.64311
vn 0.96637 0.23811 0.09714
vn 0.89741 -0.27008 -0.34889
vn 0.45412 -0.77826 -0.43368
vn -0.10382 -0.98876 -0.10758
vn -0.40789 -0.80930 -0.42267
vn -0.79724 -0.57226 0.19214
vn -0.71958 -0.00000 0.69441
vn -0.22040 0.57226 0.78990
vn 0.40789 0.80930 0.42267
vn 0.79724 0.57226 -0.19214
vn 0.71958 0.00000 -0.69441
vn 0.22040 -0.57226 -0.78990
vn -0.40789 -0.80930 -0.42267
vn -0.62061 -0.44861 -0.64311
vn -0.96637 -0.23811 -0.09714
vn -0.89741 0.27008 0.34889
vn -0.45412 0.77826 0.43368
vn 0.10382 0.98876 0.10758
vn 0.44958 0.77826 -0.43839
vn 0.38061 0.27008 -0.88442
vn -0.06267 -0.23811 -0.96921
vn -0.62061 -0.44861 -0.64311
vn -0.69364 -0.04689 -0.71879
vn -0.93687 0.10118 -0.33472
vn -0.88836 0.45867 -0.02095
vn -0.57652 0.81616 0.03870
vn -0.18403 0.96424 -0.19070
vn 0.05919 0.81616 -0.57478
vn 0.01068 0.45867 -0.88854
vn -0.30115 0.10118 -0.94819
vn -0.69364 -0.04689 -0.71879
vn -0.66176 0.30301 -0.68575
vn -0.78423 0.37757 -0.49236
vn -0.75981 0.55757 -0.33437
vn -0.60279 0.73758 -0.30434
vn -0.40516 0.81214 -0.41985
vn -0.28269 0.73758 -0.61324
vn -0.30712 0.55757 -0.77123
vn -0.46413 0.37757 -0.80126
vn -0.66176 0.30301 -0.68575
vn -0.56199 0.58739 -0.58236
vn -0.56199 0.58739 -0.58236
vn -0.56199 0.58739 -0.58236
vn -0.56199 0.58739 -0.58236
vn -0.56199 0.58739 -0.58236
vn -0.56199 0.58739 -0.58236
vn -0.56199 0.58739 -0.58236
vn -0.56199 0.58739 -0.58236
vn -0.56199 0.58739 -0.58236
vn 0.54155 -0.56830 -0.61948
vn 0.39641 -0.79827 -0.45345
vn 0.59832 -0.72247 -0.34648
vn 0.54155 -0.56830 -0.61948
vn 0.75088 -0.53945 -0.38101
vn 0.54155 -0.56830 -0.61948
vn 0.76471 -0.35644 -0.53681
vn 0.54155 -0.56830 -0.61948
vn 0.63172 -0.28063 -0.72262
vn 0.54155 -0.56830 -0.61948
vn 0.42980 -0.35644 -0.82959
vn 0.54155 -0.56830 -0.61948
vn 0.27725 -0.53945 -0.79506
vn 0.54155 -0.56830 -0.61948
vn 0.26341 -0.72247 -0.63926
vn 0.54155 -0.56830 -0.61948
vn 0.39641 -0.79827 -0.45345
vn 0.18922 -0.95778 -0.21645
vn 0.59022 -0.80723 -0.00401
vn 0.89320 -0.44377 -0.07258
vn 0.92067 -0.08031 -0.38200
vn 0.65654 0.07024 -0.75101
vn 0.25554 -0.08031 -0.96346
vn -0.04744 -0.44377 -0.89489
vn -0.07490 -0.80723 -0.58547
vn 0.18922 -0.95778 -0.21645
vn -0.08315 -0.99199 0.09512
vn 0.48689 -0.77797 0.39711
vn 0.91757 -0.26130 0.29964
vn 0.95662 0.25537 -0.14022
vn 0.58115 0.46939 -0.66478
vn 0.01112 0.25537 -0.96678
vn -0.41957 -0.26130 -0.86930
vn -0.45862 -0.77797 -0.42945
vn -0.08315 -0.99199 0.09512
vn -0.37404 -0.82282 0.42786
vn 0.26788 -0.58182 0.76793
vn 0.75287 -0.00000 0.65816
vn 0.79685 0.58182 0.16285
vn 0.37403 0.82282 -0.42786
vn -0.26788 0.58182 -0.76793
vn -0.75287 0.00000 -0.65816
vn -0.79685 -0.58182 -0.16285
vn -0.37403 -0.82282 0.42786
vn -0.58115 -0.46939 0.66478
vn -0.01112 -0.25537 0.96678
vn 0.41957 0.26130 0.86930
vn 0.45862 0.77797 0.42945
vn 0.08315 0.99199 -0.09512
vn -0.48689 0.77797 -0.39711
vn -0.91757 0.26130 -0.29964
vn -0.95662 -0.25537 0.14022
vn -0.58115 -0.46939 0.66478
vn -0.65654 -0.07024 0.75101
vn -0.25554 0.08031 0.96346
vn 0.04744 0.44377 0.89489
vn 0.07490 0.80723 0.58547
vn -0.18922 0.95778 0.21645
vn -0.59022 0.80723 0.00401
vn -0.89320 0.44377 0.07258
vn -0.92067 0.08031 0.38200
vn -0.65654 -0.07024 0.75101
vn -0.63172 0.28063 0.72262
vn -0.42980 0.35644 0.82959
vn -0.27725 0.53945 0.79506
vn -0.26341 0.72247 0.63926
vn -0.39641 0.79827 0.45345
vn -0.59832 0.72247 0.34648
vn -0.75088 0.53945 0.38101
vn -0.76471 0.35644 0.53681
vn -0.63172 0.28063 0.72262
vn -0.54155 0.56830 0.61948
vn -0.54155 0.56830 0.61948
vn -0.54155 0.56830 0.61948
vn -0.54155 0.56830 0.61948
vn -0.54155 0.56830 0.61948
vn -0.54155 0.56830 0.61948
vn -0.54155 0.56830 0.61948
vn -0.54155 0.56830 0.61948
vn -0.45563 -0.54989 -0.70001
vn -0.33815 -0.78471 -0.51951
vn -0.17937 -0.70776 -0.68331
vn -0.45563 -0.54989 -0.70001
vn -0.16888 -0.52198 -0.83607
vn -0.45563 -0.54989 -0.70001
vn -0.31282 -0.33621 -0.88832
vn -0.45563 -0.54989 -0.70001
vn -0.52686 -0.25926 -0.80944
vn -0.45563 -0.54989 -0.70001
vn -0.68564 -0.33621 -0.64565
vn -0.45563 -0.54989 -0.70001
vn -0.69613 -0.52198 -0.49288
vn -0.45563 -0.54989 -0.70001
vn -0.55220 -0.70776 -0.44064
vn -0.45563 -0.54989 -0.70001
vn -0.33815 -0.78471 -0.51951
vn -0.16840 -0.95116 -0.25871
vn 0.14693 -0.79834 -0.58401
vn 0.16777 -0.42940 -0.88740
vn -0.11809 -0.06045 -0.99116
vn -0.54318 0.09237 -0.83452
vn -0.85851 -0.06045 -0.50922
vn -0.87935 -0.42940 -0.20583
vn -0.59349 -0.79834 -0.10207
vn -0.16840 -0.95116 -0.25871
vn 0.05689 -0.99455 0.08740
vn 0.50514 -0.77731 -0.37501
vn 0.53476 -0.25284 -0.80629
vn 0.12841 0.27163 -0.95380
vn -0.47588 0.48887 -0.73112
vn -0.92413 0.27163 -0.26870
vn -0.95375 -0.25284 0.16258
vn -0.54740 -0.77731 0.31008
vn 0.05689 -0.99455 0.08740
vn 0.29998 -0.83523 0.46087
vn 0.80474 -0.59060 -0.05986
vn 0.83810 -0.00000 -0.54552
vn 0.38051 0.59060 -0.71162
vn -0.29998 0.83523 -0.46087
vn -0.80474 0.59060 0.05986
vn -0.83810 0.00000 0.54552
vn -0.38051 -0.59060 0.71162
vn 0.29998 -0.83523 0.46087
vn 0.47588 -0.48887 0.73112
vn 0.92413 -0.27163 0.26870
vn 0.95375 0.25284 -0.16258
vn 0.54740 0.77731 -0.31008
vn -0.05689 0.99455 -0.08740
vn -0.50514 0.77731 0.37501
vn -0.53476 0.25284 0.80629
vn -0.12841 -0.27163 0.95380
vn 0.47588 -0.48887 0.73112
vn 0.54318 -0.09237 0.83452
vn 0.85851 0.06045 0.50922
vn 0.87935 0.42940 0.20583
vn 0.59349 0.79834 0.10207
vn 0.16840 0.95116 0.25871
vn -0.14693 0.79834 0.58401
vn -0.16777 0.42940 0.88740
vn 0.11809 0.06045 0.99116
vn 0.54318 -0.09237 0.83452
vn 0.52686 0.25926 0.80944
vn 0.68564 0.33621 0.64565
vn 0.69613 0.52198 0.49288
vn 0.55220 0.70776 0.44064
vn 0.33815 0.78471 0.51951
vn 0.17937 0.70776 0.68331
vn 0.16888 0.52198 0.83607
vn 0.31282 0.33621 0.88832
vn 0.52686 0.25926 0.80944
vn 0.45563 0.54989 0.70001
vn 0.45563 0.54989 0.70001
vn 0.45563 0.54989 0.70001
vn 0.45563 0.54989 0.70001
vn 0.45563 0.54989 0.70001
vn 0.45563 0.54989 0.70001
vn 0.45563 0.54989 0.70001
vn 0.45563 0.54989 0.70001
vn -0.81967 -0.53223 0.21183
vn -0.61597 -0.77152 0.15919
vn -0.71910 -0.69352 -0.04389
vn -0.81967 -0.53223 0.21183
vn -0.85677 -0.50522 -0.10347
vn -0.81967 -0.53223 0.21183
vn -0.94833 -0.31692 0.01535
vn -0.81967 -0.53223 0.21183
vn -0.94015 -0.23892 0.24296
vn -0.81967 -0.53223 0.21183
vn -0.83702 -0.31692 0.44604
vn -0.81967 -0.53223 0.21183
vn -0.69936 -0.50522 0.50562
vn -0.81967 -0.53223 0.21183
vn -0.60780 -0.69352 0.38680
vn -0.81967 -0.53223 0.21183
vn -0.61597 -0.77152 0.15919
vn -0.31815 -0.94447 0.08222
vn -0.52295 -0.78957 -0.32109
vn -0.79636 -0.41560 -0.43941
vn -0.97820 -0.04164 -0.20344
vn -0.96196 0.11326 0.24860
vn -0.75715 -0.04164 0.65191
vn -0.48375 -0.41560 0.77023
vn -0.30191 -0.78957 0.53426
vn -0.31815 -0.94447 0.08222
vn 0.08073 -0.99652 -0.02086
vn -0.21042 -0.77632 -0.59418
vn -0.59907 -0.24472 -0.76238
vn -0.85757 0.28689 -0.42694
vn -0.83448 0.50709 0.21566
vn -0.54334 0.28689 0.78897
vn -0.15468 -0.24472 0.95718
vn 0.10381 -0.77632 0.62173
vn 0.08073 -0.99652 -0.02086
vn 0.51530 -0.84660 -0.13317
vn 0.18745 -0.59863 -0.77878
vn -0.25021 -0.00000 -0.96819
vn -0.54130 0.59863 -0.59045
vn -0.51530 0.84660 0.13317
vn -0.18745 0.59863 0.77878
vn 0.25021 0.00000 0.96819
vn 0.54130 -0.59863 0.59045
vn 0.51530 -0.84660 -0.13317
vn 0.83448 -0.50709 -0.21566
vn 0.54334 -0.28689 -0.78897
vn 0.15468 0.24472 -0.95718
vn -0.10381 0.77632 -0.62173
vn -0.08073 0.99652 0.02086
vn 0.21042 0.77632 0.59418
vn 0.59907 0.24472 0.76238
vn 0.85757 -0.28689 0.42694
vn 0.83448 -0.50709 -0.21566
vn 0.96196 -0.11326 -0.24860
vn 0.75715 0.04164 -0.65191
vn 0.48375 0.41560 -0.77023
vn 0.30191 0.78957 -0.53426
vn 0.31815 0.94447 -0.08222
vn 0.52295 0.78957 0.32109
vn 0.79636 0.41560 0.43941
vn 0.97820 0.04164 0.20344
vn 0.96196 -0.11326 -0.24860
vn 0.94015 0.23892 -0.24296
vn 0.83702 0.31692 -0.44604
vn 0.69936 0.50522 -0.50562
vn 0.60780 0.69352 -0.38680
vn 0.61597 0.77152 -0.15919
vn 0.71910 0.69352 0.04389
vn 0.85677 0.50522 0.10347
vn 0.94833 0.31692 -0.01535
vn 0.94015 0.23892 -0.24296
vn 0.81967 0.53223 -0.21183
vn 0.81967 0.53223 -0.21183
vn 0.81967 0.53223 -0.21183
vn 0.81967 0.53223 -0.21183
vn 0.81967 0.53223 -0.21183
vn 0.81967 0.53223 -0.21183
vn 0.81967 0.53223 -0.21183
vn 0.81967 0.53223 -0.21183
vn 0.81967 0.53223 -0.21183
vn -0.39902 -0.51537 0.75840
vn -0.30328 -0.75877 0.57644
vn -0.52223 -0.67982 0.51490
vn -0.39902 -0.51537 0.75840
vn -0.65714 -0.48921 0.57345
vn -0.39902 -0.51537 0.75840
vn -0.62897 -0.29861 0.71779
vn -0.39902 -0.51537 0.75840
vn -0.45424 -0.21966 0.86337
vn -0.39902 -0.51537 0.75840
vn -0.23530 -0.29861 0.92492
vn -0.39902 -0.51537 0.75840
vn -0.10039 -0.48921 0.86637
vn -0.39902 -0.51537 0.75840
vn -0.12855 -0.67982 0.72202
vn -0.39902 -0.51537 0.75840
vn -0.30328 -0.75877 0.57644
vn -0.16167 -0.93778 0.30729
vn -0.59650 -0.78098 0.18507
vn -0.86443 -0.40244 0.30135
vn -0.80850 -0.02390 0.58801
vn -0.46148 0.13290 0.87714
vn -0.02666 -0.02390 0.99936
vn 0.24127 -0.40244 0.88308
vn 0.18534 -0.78098 0.59642
vn -0.16167 -0.93778 0.30729
vn 0.02963 -0.99797 -0.05632
vn -0.58849 -0.77508 -0.23006
vn -0.96936 -0.23696 -0.06477
vn -0.88986 0.30115 0.34273
vn -0.39656 0.52404 0.75374
vn 0.22156 0.30115 0.92748
vn 0.60243 -0.23696 0.76219
vn 0.52293 -0.77508 0.35468
vn 0.02963 -0.99797 -0.05632
vn 0.23997 -0.85697 -0.45610
vn -0.45610 -0.60597 -0.65175
vn -0.88499 -0.00000 -0.46561
vn -0.79546 0.60597 -0.00673
vn -0.23997 0.85697 0.45610
vn 0.45610 0.60597 0.65175
vn 0.88499 0.00000 0.46561
vn 0.79546 -0.60597 0.00673
vn 0.23997 -0.85697 -0.45610
vn 0.39656 -0.52404 -0.75374
vn -0.22156 -0.30115 -0.92748
vn -0.60243 0.23696 -0.76219
vn -0.52293 0.77508 -0.35468
vn -0.02963 0.99797 0.05632
vn 0.58849 0.77508 0.23006
vn 0.96936 0.23696 0.06477
vn 0.88986 -0.30115 -0.34273
vn 0.39656 -0.52404 -0.75374
vn 0.46148 -0.13290 -0.87714
vn 0.02666 0.02390 -0.99936
vn -0.24127 0.40244 -0.88308
vn -0.18534 0.78098 -0.59642
vn 0.16167 0.93778 -0.30729
vn 0.59650 0.78098 -0.18507
vn 0.86443 0.40244 -0.30135
vn 0.80850 0.02390 -0.58801
vn 0.46148 -0.13290 -0.87714
vn 0.45424 0.21966 -0.86337
vn 0.23530 0.29861 -0.92492
vn 0.10039 0.48921 -0.86637
vn 0.12855 0.67982 -0.72202
vn 0.30328 0.75877 -0.57644
vn 0.52223 0.67982 -0.51490
vn 0.65714 0.48921 -0.57345
vn 0.62897 0.29861 -0.71779
vn 0.45424 0.21966 -0.86337
vn 0.39902 0.51537 -0.75840
vn 0.39902 0.51537 -0.75840
vn 0.39902 0.51537 -0.75840
vn 0.39902 0.51537 -0.75840
vn 0.39902 0.51537 -0.75840
vn 0.39902 0.51537 -0.75840
vn 0.39902 0.51537 -0.75840
vn 0.39902 0.51537 -0.75840
vn -21.96865 36.45693 28.09396
vn -25.14641 36.27181 25.55413
vn -23.21731 42.08637 17.04974
vn -18.77483 44.13177 17.34623
vn -16.02154 48.29897 3.39408
vn -21.42207 46.04626 4.67297
vn -28.05995 42.23380 -5.47224
vn -23.96982 44.33530 -7.79923
vn -31.64660 36.48852 -16.37315
vn -33.05618 35.91989 -14.76650
vn -26.71207 34.24865 26.73004
vn -26.44033 40.15618 17.01146
vn -26.18478 43.37390 5.83624
vn -30.94034 40.31833 -4.25769
vn -35.20388 34.80137 -12.26992
vn -30.38279 32.88581 24.42148
vn -30.57358 37.23397 16.72980
vn -30.84985 39.99607 7.04277
vn -35.08274 36.96564 -1.93448
vn -37.98025 32.39923 -10.43024
vn -32.09929 30.62808 25.15065
vn -33.58575 34.08157 17.64777
vn -34.91507 36.27380 8.13324
vn -38.05560 33.94739 -0.58775
vn -40.33334 30.15384 -8.06023
vn -34.08204 29.12944 24.30822
vn -35.76257 31.66242 17.87539
vn -37.46790 33.44729 8.85635
vn -40.16238 31.43097 0.27767
vn -41.91706 28.20160 -6.97348
vn -36.55739 24.41615 25.85360
vn -39.02425 27.19480 18.39972
vn -40.93654 28.75835 9.90740
vn -43.30436 26.89579 1.53278
vn -44.60339 24.08948 -5.58878
vn -38.26044 21.74047 25.77771
vn -41.37608 23.17384 18.76146
vn -43.78216 23.80691 10.83294
vn -45.63845 22.59377 2.76631
vn -46.37811 20.80221 -4.16402
vn -40.59932 16.92289 25.81299
vn -43.53299 17.88819 19.64411
vn -46.11838 18.36206 11.70169
vn -47.83961 17.27059 3.75470
vn -48.41444 15.75711 -2.95885
vn -41.51918 13.34770 26.43853
vn -44.97579 13.15965 20.12464
vn -47.80143 12.70673 12.43229
vn -49.30516 12.25918 4.43986
vn -49.58095 11.67477 -2.53546
vn -42.48191 7.84518 27.10609
vn -46.05729 7.33543 20.63777
vn -48.83913 6.71495 13.06323
vn -50.32822 6.38483 5.22538
vn -50.61070 5.98671 -1.92766
vn -43.33505 4.66247 26.48271
vn -46.30189 2.77994 21.19920
vn -49.16761 0.56742 13.53602
vn -50.68268 0.15924 5.67804
vn -50.98367 0.00000 -1.29052
vn 29.40160 36.25177 20.55128
vn 27.71638 35.59874 23.78091
vn 17.71065 42.46606 21.99925
vn 17.02819 44.79078 17.45929
vn 3.94965 48.50000 15.26926
vn 5.28726 46.45437 20.37243
vn -4.89511 42.81182 27.27977
vn -6.50104 44.47409 24.09961
vn -14.51398 36.82563 32.15924
vn -12.59107 36.37703 33.45409
vn 26.89208 34.96984 25.59153
vn 16.71390 41.10314 25.14313
vn 6.46063 44.06298 24.85383
vn -2.70115 40.91250 30.32937
vn -9.82205 35.34490 35.42972
vn 25.03516 33.58846 29.08704
vn 17.42216 38.00784 29.20397
vn 7.62911 41.02530 29.32100
vn -1.18815 38.14370 33.83261
vn -7.69020 33.14732 37.98836
vn 25.81412 31.19514 31.00796
vn 17.28625 35.47327 32.30838
vn 8.65199 37.70072 33.23851
vn 0.67655 35.31776 36.78584
vn -6.44455 31.61766 39.49418
vn 25.43893 29.61067 32.81872
vn 18.07470 32.99458 34.43345
vn 9.30822 35.16209 35.74890
vn 1.53106 33.08322 38.78344
vn -5.52580 29.95078 40.90740
vn 25.14961 26.05241 35.91335
vn 18.46053 28.94200 37.71696
vn 10.22891 30.92732 39.24118
vn 2.62692 29.03387 41.84655
vn -3.68521 26.12333 43.64619
vn 24.82352 23.32034 37.95990
vn 18.59712 25.23012 40.23167
vn 11.01068 26.47779 42.17453
vn 3.74779 25.16490 44.20047
vn -2.62293 23.20753 45.33796
vn 25.34221 18.68201 40.12173
vn 19.20458 20.39339 42.61799
vn 11.71588 21.54369 44.71697
vn 4.66464 20.33451 46.53760
vn -1.70148 18.67468 47.42743
vn 25.32565 15.15661 41.59193
vn 19.52180 15.97132 44.32625
vn 12.28506 16.45000 46.68484
vn 5.11542 15.82747 48.21124
vn -0.62137 14.88296 48.77613
vn 25.28883 10.10897 43.11941
vn 19.59356 10.68210 45.85831
vn 12.75841 10.99455 48.13878
vn 5.64313 10.46018 49.59576
vn -0.01551 9.70427 50.06822
vn 25.62588 7.15731 43.50961
vn 19.71283 6.33295 46.60792
vn 13.08994 5.43006 48.99150
vn 6.14489 4.78209 50.40210
vn 0.57829 4.31025 50.81424
vn 20.12865 38.46811 -26.75894
vn 23.74547 36.55172 -26.47874
vn 21.77684 43.04204 -16.55752
vn 17.60485 44.63485 -17.28579
vn 14.75014 48.70995 -3.28225
vn 19.71431 46.84293 -4.25266
vn 26.62427 43.13969 5.57808
vn 23.57744 44.65901 7.11874
vn 30.29123 37.55608 16.52216
vn 32.97608 36.71107 12.87925
vn 25.76602 37.07274 -23.72180
vn 24.95765 41.69653 -15.47627
vn 24.06422 44.67843 -5.07454
vn 29.55135 41.41589 3.52716
vn 33.72880 36.38816 11.80125
vn 29.27687 34.47251 -23.56926
vn 29.00179 38.84665 -15.83772
vn 28.45158 41.91945 -5.85382
vn 32.98325 38.83961 2.14234
vn 36.93253 34.05191 8.80081
vn 31.74688 33.16484 -22.20875
vn 32.14880 36.39502 -15.58386
vn 32.30291 38.92474 -6.51043
vn 35.63058 36.47066 1.16293
vn 38.43017 32.64535 7.64217
vn 33.53819 30.87858 -22.86268
vn 34.35778 34.39325 -15.41578
vn 34.79709 36.63906 -6.90951
vn 37.56806 34.48632 0.57813
vn 39.71156 31.21855 7.02806
vn 36.65472 27.61817 -22.24113
vn 37.69244 30.76302 -15.29433
vn 38.32056 32.82311 -7.42813
vn 40.67088 30.76784 -0.46794
vn 42.40747 27.79281 5.49232
vn 38.96951 24.94402 -21.45164
vn 40.32476 27.16339 -15.39688
vn 41.32486 28.84316 -7.83115
vn 42.99820 27.40280 -1.11406
vn 44.06969 25.24913 4.61991
vn 41.39017 20.71360 -21.41962
vn 42.94270 22.83877 -15.33999
vn 44.04119 24.40005 -8.12469
vn 45.42926 23.12567 -1.54448
vn 46.11311 21.35569 4.30285
vn 43.13229 17.18177 -21.10431
vn 44.96089 18.73393 -15.11814
vn 46.24429 19.83601 -8.30652
vn 47.23240 19.12702 -2.06336
vn 47.51247 18.13662 3.82466
vn 45.06573 12.70020 -20.21839
vn 46.68489 13.84134 -15.16373
vn 48.05216 14.89958 -8.36617
vn 48.89583 14.32681 -2.22246
vn 49.06073 13.51866 3.36007
vn 46.01953 9.54743 -19.80023
vn 47.77866 9.78725 -14.91339
vn 49.33755 9.88113 -8.31678
vn 50.08001 9.35622 -2.33514
vn 50.13467 8.74125 3.33248
vn -25.67009 40.06868 -18.34521
vn -23.78374 39.77327 -21.29366
vn -13.36263 45.54766 -18.65073
vn -15.29909 46.19174 -15.27285
vn -1.93616 49.53216 -11.99232
vn -2.33725 48.24340 -16.37412
vn 6.84591 44.99321 -23.01617
vn 8.75582 46.21953 -19.69999
vn 16.92791 39.86536 -26.92951
vn 13.69930 39.20818 -29.59811
vn -21.17994 40.10666 -23.32093
vn -13.12767 44.08986 -22.01700
vn -2.64262 46.68871 -20.35144
vn 6.26219 43.92735 -25.14303
vn 12.85205 38.99029 -30.25858
vn -21.08027 37.90763 -26.82598
vn -12.12294 42.36217 -25.68036
vn -2.84965 44.65112 -24.47768
vn 4.82223 41.86469 -28.72444
vn 11.74913 37.56164 -32.43579
vn -19.86802 36.65250 -29.37440
vn -12.19458 40.12581 -29.02087
vn -2.98263 42.38071 -28.21309
vn 4.31843 40.10696 -31.20549
vn 11.21248 36.65166 -33.64425
vn -18.92367 35.52023 -31.32423
vn -11.77347 38.54810 -31.24788
vn -3.02001 40.61740 -30.69375
vn 4.19672 38.61637 -33.04788
vn 10.31883 35.45135 -35.18127
vn -17.74631 33.06934 -34.53240
vn -11.06639 35.74823 -34.64965
vn -2.99590 37.61979 -34.30415
vn 3.69041 35.68404 -36.24954
vn 9.68057 32.86244 -37.78024
vn -17.34374 30.45488 -37.04989
vn -10.77085 32.77700 -37.55870
vn -2.91339 34.42601 -37.51482
vn 3.46658 33.07446 -38.66604
vn 9.51936 31.09520 -39.28702
vn -16.53975 27.17024 -39.86496
vn -10.31575 29.23249 -40.49749
vn -2.73830 30.78753 -40.56636
vn 3.72153 29.62329 -41.34744
vn 8.86327 27.72707 -41.87662
vn -15.58187 24.17928 -42.11374
vn -9.51689 25.80009 -42.95095
vn -2.51757 26.97487 -43.20900
vn 3.77150 26.41301 -43.46410
vn 8.78757 25.30746 -43.39713
vn -15.35985 20.09393 -44.28666
vn -9.00271 21.68966 -45.27151
vn -2.21693 22.77806 -45.57681
vn 3.87522 22.32122 -45.69186
vn 8.77104 21.40549 -45.45189
vn -14.71275 17.38597 -45.63181
vn -8.63086 18.07343 -46.90265
vn -1.87895 18.43479 -47.51450
vn 4.24369 18.01141 -47.52452
vn 9.51573 17.35521 -47.00263
vn -13.86259 39.66055 28.91139
vn -16.20561 40.74419 26.04398
vn -15.45412 45.45665 17.20067
vn -12.32762 46.11417 17.95863
vn -10.91453 49.62896 4.34033
vn -14.76953 48.45001 5.95456
vn -23.19778 45.38502 -1.75000
vn -20.56677 46.41061 -4.90543
vn -28.83443 40.48904 -11.41109
vn -29.55938 40.56694 -9.03141
vn -18.21012 39.80452 26.17234
vn -18.23547 44.14186 17.88751
vn -18.21435 47.05713 7.40701
vn -25.15113 44.36671 0.12424
vn -31.10468 39.99044 -5.85349
vn -21.09333 39.02754 25.15794
vn -21.48323 42.49804 18.25889
vn -21.79855 45.23457 8.92503
vn -27.77239 42.72337 2.09955
vn -32.86742 38.84169 -3.47207
vn -23.19607 37.24583 25.99405
vn -24.14229 40.89980 18.58375
vn -25.01737 43.23508 10.28877
vn -29.98473 41.08939 3.68476
vn -34.10910 37.86340 -1.98280
vn -24.84842 36.27037 25.84600
vn -26.05428 39.57135 18.87543
vn -27.16746 41.68412 11.19658
vn -31.66467 39.67006 4.96331
vn -35.38941 36.72072 -0.42164
vn -27.71342 34.24845 25.69065
vn -29.04873 36.96728 19.76338
vn -30.32502 39.04599 12.52215
vn -34.30509 37.15602 6.60234
vn -37.55041 34.47565 1.54791
vn -29.73850 32.16041 26.12143
vn -31.50579 34.55917 20.34818
vn -33.13755 36.26586 13.70001
vn -36.48772 34.75253 7.86811
vn -39.05835 32.69315 2.56961
vn -32.25640 29.28118 26.51672
vn -34.15998 31.52153 20.98781
vn -35.87286 33.07527 14.83792
vn -38.90292 31.61844 9.37213
vn -41.15036 29.84625 4.10474
vn -34.32181 27.05827 26.28428
vn -36.27203 28.51191 21.73499
vn -38.26883 29.76213 15.83389
vn -40.87328 28.65100 10.46400
vn -42.77309 27.23791 5.43680
vn -36.47338 23.66380 26.65927
vn -38.45070 24.94129 22.37131
vn -40.49383 26.08167 16.76292
vn -42.89231 25.04905 11.56698
vn -44.59970 23.86751 6.49683
vn -37.65397 21.39861 26.93098
vn -39.97050 21.96526 22.82291
vn -42.37201 22.30488 17.55291
vn -44.71718 21.18635 12.34957
vn -46.33320 19.94095 7.52278
vn 26.50248 41.50039 13.27915
vn 23.45658 42.45413 15.76182
vn 14.88370 46.44662 14.90593
vn 15.27072 47.28742 11.47627
vn 2.68215 49.94427 9.96871
vn 3.39851 49.00597 13.70637
vn -4.84698 45.99122 21.50149
vn -6.15158 46.71294 19.52073
vn -12.44620 40.79139 27.96702
vn -10.47271 40.83899 28.69667
vn 23.14906 41.59351 18.30574
vn 13.90103 45.77380 17.67826
vn 4.00667 47.88477 17.08786
vn -3.03339 45.10348 23.61089
vn -9.38562 40.75866 29.18291
vn 21.81265 40.88607 21.29641
vn 14.07475 44.23232 21.12825
vn 4.59403 46.39231 20.67966
vn -1.91410 43.70742 26.21064
vn -7.96683 39.85656 30.80558
vn 20.71390 40.08236 23.77684
vn 13.70751 42.86227 23.99853
vn 5.10306 44.74317 23.93756
vn -1.20900 42.40180 28.31299
vn -6.54353 38.98916 32.21843
vn 19.97530 39.32573 25.60222
vn 13.38105 41.78785 25.99466
vn 5.43002 43.45191 26.14279
vn -0.47482 41.22776 30.01742
vn -5.82614 38.16114 33.32841
vn 19.69524 37.34919 28.60305
vn 13.42306 39.63726 29.14976
vn 5.89498 41.23526 29.42621
vn 0.35855 39.08083 32.76521
vn -4.91645 36.33028 35.45333
vn 19.16611 35.59938 31.08607
vn 13.34171 37.51192 31.87246
vn 6.29882 38.88863 32.38824
vn 0.72498 37.13948 34.94471
vn -3.79334 34.71296 37.17015
vn 18.57878 33.29184 33.87450
vn 13.05516 34.99528 34.72596
vn 6.67830 36.16610 35.33288
vn 1.31823 34.51090 37.52678
vn -3.02492 32.28162 39.36682
vn 18.58046 30.79600 36.15760
vn 12.99745 32.35843 37.21556
vn 6.99921 33.32751 37.96430
vn 1.87072 32.01165 39.65796
vn -2.38164 30.24633 40.99374
vn 18.25298 27.87053 38.61426
vn 13.06358 29.22693 39.70049
vn 7.27305 30.14105 40.49221
vn 2.18990 28.93972 41.93681
vn -2.33355 27.42999 42.93192
vn 18.03733 25.65874 40.21547
vn 12.88680 26.49080 41.63133
vn 7.48274 26.86004 42.70300
vn 2.44281 25.64571 44.01511
vn -1.31061 24.10972 44.92220
vn 10.33599 43.83124 -23.93719
vn 13.07256 43.66122 -22.88680
vn 12.48784 47.31597 -14.36148
vn 9.44919 47.91492 -14.69261
vn 8.19939 50.28836 -2.20251
vn 11.41486 49.62907 -2.76695
vn 19.67138 46.84901 4.38250
vn 18.05135 47.35816 5.68796
vn 25.38007 42.12749 13.49542
vn 26.67409 42.25297 10.20679
vn 15.12949 44.04845 -20.78056
vn 15.01110 46.82864 -13.51833
vn 14.37072 48.82593 -3.24208
vn 21.08510 46.30430 3.51145
vn 27.00799 42.27926 9.16688
vn 18.12893 42.96437 -20.64956
vn 17.97697 45.96112 -12.86090
vn 17.59656 47.72583 -3.68865
vn 23.29689 45.29133 2.63617
vn 28.21131 41.69882 8.14433
vn 20.53296 42.38078 -19.57719
vn 20.65729 44.96799 -12.33515
vn 20.57431 46.48771 -4.07313
vn 25.26524 44.26886 1.71318
vn 29.39186 41.10769 6.87579
vn 22.25738 41.92746 -18.64664
vn 22.59722 44.03910 -12.28509
vn 22.63405 45.49809 -4.31541
vn 26.75131 43.40231 1.26778
vn 30.39025 40.48583 6.19115
vn 25.17859 40.41558 -18.26524
vn 25.60141 42.43797 -12.02439
vn 25.76190 43.76819 -4.65502
vn 29.27690 41.75335 0.72161
vn 32.17441 39.14147 5.80969
vn 27.70658 38.97859 -17.72045
vn 28.29144 40.78704 -11.70518
vn 28.63486 41.91155 -4.94635
vn 31.46744 40.13477 0.02906
vn 33.66307 37.95779 5.19647
vn 30.48520 37.31445 -16.71179
vn 31.15415 38.63388 -11.74062
vn 31.55783 39.72308 -5.21346
vn 34.00000 38.01077 -0.42514
vn 35.90256 35.96333 4.31800
vn 32.94370 35.38156 -16.24370
vn 33.69644 36.49236 -11.56966
vn 34.21977 37.42228 -5.43869
vn 36.12532 35.98977 -0.83475
vn 37.48038 34.34845 4.05017
vn 35.48896 32.92617 -16.04370
vn 36.27874 33.95007 -11.49981
vn 36.84486 34.80931 -5.63628
vn 38.44541 33.49834 -0.90083
vn 39.54459 31.98117 3.79862
vn 37.28943 31.15500 -15.48756
vn 38.32732 31.76361 -11.09455
vn 39.20312 32.10191 -5.79498
vn 40.70000 30.69705 -1.48332
vn 41.80365 29.10619 2.50673
vn -24.14179 44.24166 -7.80059
vn -23.38326 44.15021 -10.24604
vn -13.66294 48.14441 -9.82037
vn -14.94522 48.17847 -7.51502
vn -2.18671 50.51136 -6.69485
vn -2.87429 50.04030 -9.41841
vn 3.79500 47.56154 -18.01380
vn 6.02725 47.87141 -16.52269
vn 11.40741 43.04228 -24.86429
vn 9.70813 43.47189 -24.83841
vn -21.82705 44.48260 -12.07800
vn -13.66491 47.60184 -12.17927
vn -3.48559 49.45926 -11.94285
vn 2.73493 47.19561 -19.13358
vn 8.62255 43.64049 -24.94312
vn -20.50773 44.39273 -14.48163
vn -13.23061 46.98274 -14.78421
vn -4.12674 48.64474 -14.75325
vn 1.76615 46.48592 -20.90311
vn 6.67549 43.26163 -26.17000
vn -19.47572 44.11159 -16.60916
vn -12.80134 46.30489 -17.11672
vn -4.70677 47.72047 -17.36672
vn 0.67613 45.71806 -22.59208
vn 5.63115 42.89416 -27.00705
vn -19.33491 43.52948 -18.23033
vn -12.87504 45.60946 -18.84171
vn -5.10097 46.97255 -19.19791
vn 0.04939 45.05984 -23.88739
vn 5.10615 42.49225 -27.73689
vn -18.79802 42.57664 -20.85338
vn -12.87992 44.38842 -21.55864
vn -5.69419 45.65034 -22.01413
vn -0.57896 43.84216 -26.04860
vn 3.54714 41.37227 -29.61000
vn -18.19770 41.63681 -23.15641
vn -12.62938 43.20312 -23.97893
vn -6.23476 44.22529 -24.62217
vn -1.30550 42.60667 -27.99941
vn 2.74270 40.43367 -30.96120
vn -18.27908 40.04796 -25.74947
vn -12.72629 41.60094 -26.61584
vn -6.78487 42.52761 -27.31973
vn -2.16012 40.94585 -30.32774
vn 1.69887 38.91601 -32.91895
vn -18.01229 38.61655 -28.02355
vn -12.91599 39.91417 -29.00061
vn -7.28559 40.73961 -29.80276
vn -2.69844 39.37038 -32.30620
vn 1.49024 37.68452 -34.33155
vn -17.96510 36.74984 -30.45823
vn -12.98660 37.97605 -31.46693
vn -7.78534 38.68923 -32.30373
vn -3.24027 37.40249 -34.51889
vn 0.17064 35.68979 -36.43089
vn -17.31439 35.56564 -32.19157
vn -12.98262 36.24061 -33.45249
vn -8.23768 36.56310 -34.58728
vn -4.25644 35.12287 -36.73236
vn -0.28871 33.57766 -38.38564
vn -3.59086 45.13858 23.46517
vn -5.49074 46.10882 21.09094
vn -6.57860 48.71436 13.58795
vn -4.46580 48.68003 14.53655
vn -4.96537 50.72353 1.86230
vn -7.22146 50.42308 2.52252
vn -16.20550 48.25347 -3.15965
vn -15.47738 48.40715 -4.26595
vn -23.81550 44.12776 -9.30391
vn -23.52866 44.56353 -7.84177
vn -7.58748 45.85934 20.98453
vn -8.56101 48.59684 12.88630
vn -9.36847 50.03413 3.13327
vn -17.00201 48.02635 -2.32399
vn -23.35334 44.76521 -7.19004
vn -9.90153 45.90342 19.89560
vn -10.93108 48.23111 12.46078
vn -11.81496 49.46741 3.79226
vn -18.54280 47.49798 -1.05171
vn -24.20165 44.56457 -5.41101
vn -12.02247 45.86380 18.78753
vn -13.18078 47.66517 12.46185
vn -14.11746 48.80964 4.39502
vn -19.87968 46.96532 -0.23869
vn -24.83485 44.32645 -4.40408
vn -13.58226 45.46377 18.69671
vn -14.74977 47.22679 12.37230
vn -15.74389 48.27079 4.80213
vn -20.93587 46.50434 0.18660
vn -25.27867 44.07759 -4.37665
vn -16.08047 44.80752 18.29492
vn -17.24592 46.40170 12.26625
vn -18.27024 47.30653 5.41197
vn -22.91644 45.54425 1.24794
vn -26.69034 43.33057 -3.32970
vn -18.36498 44.28111 17.40434
vn -19.58408 45.40145 12.49684
vn -20.63434 46.25576 5.96894
vn -24.59513 44.63699 1.90221
vn -27.88364 42.63757 -2.35367
vn -20.86473 43.26227 17.14755
vn -22.06969 44.22113 12.58649
vn -23.12794 44.98282 6.53023
vn -26.66635 43.39104 2.66888
vn -29.50877 41.56152 -1.69481
vn -23.17273 42.07842 17.12983
vn -24.37522 42.94678 12.74450
vn -25.46012 43.62545 7.04283
vn -28.42280 42.24111 2.97195
vn -30.81746 40.61555 -1.28890
vn -25.61287 40.76355 16.83193
vn -26.78811 41.51413 12.64810
vn -27.87084 42.03715 7.55604
vn -30.56083 40.64399 3.88604
vn -32.80666 39.04628 0.33258
vn -27.42176 39.72057 16.47187
vn -28.75313 40.05373 13.03669
vn -30.11530 40.36915 8.02494
vn -32.62109 38.96692 4.29450
vn -34.72653 37.32920 1.26395
vn 23.47796 45.27286 0.39159
vn 21.64510 46.13677 1.97172
vn 13.28111 49.10943 3.58825
vn 13.32974 49.19291 1.83721
vn 1.65201 50.86484 3.32246
vn 2.36892 50.70267 4.96259
vn -2.51776 48.89716 14.27335
vn -3.68114 48.87214 14.10541
vn -8.68911 45.08144 22.20728
vn -7.40597 45.69272 21.40856
vn 20.20671 46.70030 3.43088
vn 12.72361 49.12199 5.11264
vn 3.06185 50.48406 6.55626
vn -1.72826 48.83382 14.60380
vn -5.78122 46.03717 21.16970
vn 19.14603 46.97084 5.30754
vn 12.35763 48.98574 6.97754
vn 3.87788 50.14631 8.44451
vn -0.35882 48.56008 15.58170
vn -4.40185 46.09264 21.37971
vn 18.91514 46.83333 7.06091
vn 12.51434 48.66065 8.74826
vn 4.65744 49.74173 10.25024
vn 0.64853 48.24568 16.52069
vn -3.55486 46.04927 21.62931
vn 18.59058 46.75942 8.30339
vn 12.61232 48.39084 10.01276
vn 5.22132 49.39953 11.55089
vn 1.02416 47.98031 17.25807
vn -2.34566 45.89332 22.12014
vn 18.16920 46.51030 10.37648
vn 12.59743 47.92812 12.04989
vn 6.11356 48.77270 13.59587
vn 2.11911 47.39344 18.71819
vn -1.11954 45.46880 23.07237
vn 18.42492 45.94835 12.25852
vn 12.88821 47.33322 13.94490
vn 6.95707 48.07998 15.52142
vn 3.18142 46.77285 20.07932
vn 0.00953 45.01900 23.96432
vn 18.43941 45.33500 14.34312
vn 13.42480 46.52485 16.00667
vn 7.86288 47.22992 17.56443
vn 4.13289 45.97165 21.69163
vn 0.62984 44.38169 25.11709
vn 18.61549 44.62745 16.21277
vn 13.75894 45.73161 17.89725
vn 8.71810 46.32051 19.47833
vn 4.95329 45.16734 23.15978
vn 2.20266 43.62579 26.32372
vn 18.35214 43.92806 18.29000
vn 14.19567 44.75375 19.91443
vn 9.62388 45.24758 21.47178
vn 6.38092 44.06174 24.87662
vn 2.92356 42.73903 27.67358
vn 18.98034 43.06231 19.65665
vn 15.01917 43.72620 21.52775
vn 10.47985 44.11701 23.34226
vn 7.48990 42.87394 26.58432
vn 4.54502 41.51152 29.27689
vn -1.54086 46.44846 -21.00396
vn 0.06097 46.78176 -20.30919
vn 1.89243 49.56149 -11.87758
vn 0.60831 49.29074 -13.07868
vn 2.14602 50.94886 -0.77996
vn 3.42120 50.86994 -1.24264
vn 12.66238 49.25174 3.86395
vn 12.87576 49.11934 4.74397
vn 20.87177 45.57520 9.39524
vn 19.70154 46.27184 8.47148
vn 1.32757 47.39653 -18.78311
vn 3.13660 49.69268 -11.03625
vn 4.68750 50.75505 -1.71820
vn 12.79499 49.29047 2.78165
vn 19.19850 46.73342 6.95737
vn 2.90399 47.86020 -17.37722
vn 4.74132 49.60580 -10.85283
vn 6.23612 50.56388 -2.32473
vn 13.38629 49.17763 1.83521
vn 19.12595 46.94006 5.64166
vn 4.45255 47.89677 -16.94324
vn 6.21992 49.49471 -10.61067
vn 7.72954 50.32637 -2.91730
vn 14.01880 49.02228 1.13542
vn 19.05400 47.01217 5.27265
vn 5.53833 47.90921 -16.58414
vn 7.28177 49.38666 -10.43712
vn 8.82421 50.11824 -3.36079
vn 14.64908 48.84958 0.35048
vn 19.26396 46.99562 4.61634
vn 7.32716 47.97486 -15.67563
vn 9.08267 49.02517 -10.72556
vn 10.57870 49.72345 -4.08287
vn 15.80461 48.48615 -0.55449
vn 20.00470 46.79886 3.26764
vn 9.02842 47.77436 -15.39797
vn 10.74247 48.66253 -10.84236
vn 12.24871 49.27649 -4.77454
vn 16.90772 48.09499 -1.41438
vn 20.62893 46.57166 2.55492
vn 10.93638 47.34309 -15.49279
vn 12.59125 48.14293 -11.16775
vn 14.06794 48.70819 -5.53215
vn 18.25306 47.57806 -2.03783
vn 21.61645 46.15988 1.73024
vn 12.71134 46.96763 -15.27951
vn 14.31254 47.65120 -11.20331
vn 15.79274 48.08879 -6.24953
vn 19.57194 46.99167 -3.11805
vn 22.70850 45.66534 0.00649
vn 14.62816 46.44289 -15.16821
vn 16.18373 46.88846 -11.85577
vn 17.62455 47.34275 -7.00273
vn 21.05637 46.29587 -3.78443
vn 23.96394 45.00508 -1.12779
vn 16.01642 45.72001 -15.94222
vn 17.73565 46.29052 -11.98475
vn 19.35638 46.54994 -7.70929
vn 22.62680 45.44778 -4.85047
vn 25.32258 44.22424 -1.99588
vn -20.31041 46.72404 2.31311
vn -17.79461 47.78104 1.15047
vn -10.08987 49.98511 -0.82620
vn -11.66529 49.64714 0.28668
vn 0.46417 50.98514 -1.13974
vn 0.49842 50.94891 -2.22696
vn 5.71752 49.39816 -11.31951
vn 6.04341 49.26663 -11.71647
vn 11.76794 45.72587 -19.27848
vn 10.27820 46.50309 -18.24339
vn -15.73465 48.51201 -0.06944
vn -8.73689 50.20816 -1.95121
vn 0.47679 50.88748 -3.35204
vn 5.03587 49.46925 -11.33280
vn 9.58494 46.92211 -17.53408
vn -14.61868 48.83138 -1.67051
vn -8.07252 50.23919 -3.44358
vn 0.37077 50.77436 -4.77770
vn 4.50776 49.40593 -11.82093
vn 9.01661 47.12802 -17.28151
vn -13.38015 49.11193 -3.16059
vn -7.42821 50.22151 -4.86024
vn 0.24449 50.62609 -6.15939
vn 4.42199 49.29438 -12.30890
vn 7.93842 47.28323 -17.38613
vn -12.45351 49.27984 -4.17210
vn -6.76206 50.21283 -5.82635
vn 0.13160 50.49239 -7.17643
vn 4.17122 49.18435 -12.82578
vn 7.60157 47.29014 -17.51737
vn -11.97020 49.21748 -5.94585
vn -6.34499 50.04692 -7.48639
vn -0.07870 50.23336 -8.80923
vn 3.61429 48.93850 -13.89101
vn 6.83508 47.18303 -18.11194
vn -11.21217 49.16955 -7.59227
vn -6.12732 49.80822 -9.08828
vn -0.29590 49.93429 -10.36719
vn 3.34341 48.67307 -14.85777
vn 6.92809 47.00748 -18.52831
vn -10.73730 48.96361 -9.39548
vn -5.82560 49.49786 -10.81776
vn -0.56286 49.54491 -12.08243
vn 3.03181 48.29169 -16.11584
vn 5.71794 46.74128 -19.58460
vn -9.76685 48.81405 -11.08138
vn -5.56963 49.13553 -12.47712
vn -0.82774 49.11324 -13.71876
vn 2.21821 47.89624 -17.37900
vn 5.66610 46.42986 -20.32641
vn -9.93152 48.31441 -12.96463
vn -5.90871 48.59356 -14.30916
vn -1.12870 48.58063 -15.48056
vn 1.71724 47.36812 -18.82318
vn 4.69916 45.97648 -21.56573
vn -9.28090 48.05231 -14.34712
vn -5.93181 48.11617 -15.83187
vn -1.41960 48.00654 -17.15682
vn 1.38440 46.77051 -20.28798
vn 4.39929 45.39508 -22.82395
vn -17.79989 47.20606 7.46670
vn -15.45337 48.20905 6.17089
vn -8.10462 50.28347 2.62435
vn -9.78283 49.91920 3.65638
vn 1.32061 50.98281 -0.09188
vn 1.50387 50.97157 -0.79799
vn 4.71425 49.67808 -10.52918
vn 5.13245 49.47887 -11.24718
vn 9.10905 46.26986 -19.41971
vn 8.15712 47.04568 -17.92109
vn -13.26299 49.00606 4.84755
vn -7.14320 50.47334 1.55455
vn 1.58492 50.95072 -1.58464
vn 4.57940 49.76455 -10.17436
vn 7.73325 47.48023 -16.93588
vn -12.19586 49.40862 3.32394
vn -6.25252 50.61464 0.25299
vn 1.54761 50.90686 -2.66389
vn 4.46824 49.75076 -10.29060
vn 7.95663 47.64540 -16.35870
vn -11.05907 49.75342 1.81483
vn -5.44438 50.69802 -1.03388
vn 1.47337 50.84136 -3.73963
vn 4.01511 49.73619 -10.54467
vn 7.61826 47.79955 -16.06750
vn -9.81685 50.04019 0.77991
vn -5.26266 50.69030 -1.94878
vn 1.39148 50.77703 -4.55594
vn 3.90488 49.67760 -10.85758
vn 7.17067 47.88262 -16.02610
vn -8.98008 50.19548 -0.87810
vn -4.81004 50.65564 -3.44520
vn 1.22374 50.64267 -5.90097
vn 3.56711 49.53749 -11.58930
vn 6.96791 47.83076 -16.26855
vn -8.47636 50.22831 -2.50359
vn -4.52437 50.56236 -4.89667
vn 1.04226 50.47813 -7.20218
vn 3.62823 49.35818 -12.31280
vn 6.89008 47.74120 -16.56212
vn -7.75944 50.22955 -4.21697
vn -4.03670 50.42509 -6.48188
vn 0.80091 50.25260 -8.66225
vn 2.99049 49.13951 -13.31782
vn 5.49176 47.68820 -17.22427
vn -7.11221 50.15470 -5.90952
vn -4.17395 50.19468 -8.00447
vn 0.55229 49.99311 -10.06897
vn 2.91615 48.87597 -14.27008
vn 4.96049 47.52380 -17.82924
vn -7.58220 49.85752 -7.59851
vn -3.92627 49.92746 -9.63498
vn 0.25429 49.66317 -11.59763
vn 2.34415 48.54586 -15.45330
vn 4.74103 47.20378 -18.71698
vn -7.47887 49.65508 -8.91286
vn -4.08429 49.62896 -11.01294
vn -0.04206 49.30014 -13.05734
vn 2.11486 48.14213 -16.69917
vn 4.57757 46.79211 -19.76218
# Uv
vt 0.05000 0.29593
vt 0.02500 0.00000
vt 0.00000 0.29593
vt 0.00000 0.00000
vt 0.05000 0.00000
vt 0.10000 0.29593
vt 0.07500 0.00000
vt 0.10000 0.00000
vt 0.15000 0.29593
vt 0.12500 0.00000
vt 0.15000 0.00000
vt 0.20000 0.29593
vt 0.17500 0.00000
vt 0.20000 0.00000
vt 0.25000 0.29593
vt 0.22500 0.00000
vt 0.25000 0.00000
vt 0.30000 0.29593
vt 0.27500 0.00000
vt 0.30000 0.00000
vt 0.35000 0.29593
vt 0.32500 0.00000
vt 0.35000 0.00000
vt 0.40000 0.29593
vt 0.37500 0.00000
vt 0.40000 0.00000
vt 0.45000 0.29593
vt 0.42500 0.00000
vt 0.45000 0.00000
vt 0.50000 0.29593
vt 0.47500 0.00000
vt 0.50000 0.00000
vt 0.55000 0.29593
vt 0.52500 0.00000
vt 0.55000 0.00000
vt 0.60000 0.29593
vt 0.57500 0.00000
vt 0.60000 0.00000
vt 0.65000 0.29593
vt 0.62500 0.00000
vt 0.65000 0.00000
vt 0.70000 0.29593
vt 0.67500 0.00000
vt 0.70000 0.00000
vt 0.75000 0.29593
vt 0.72500 0.00000
vt 0.75000 0.00000
vt 0.80000 0.29593
vt 0.77500 0.00000
vt 0.80000 0.00000
vt 0.85000 0.29593
vt 0.82500 0.00000
vt 0.85000 0.00000
vt 0.90000 0.29593
vt 0.87500 0.00000
vt 0.90000 0.00000
vt 0.95000 0.29593
vt 0.92500 0.00000
vt 0.95000 0.00000
vt 1.00000 0.29593
vt 0.97500 0.00000
vt 1.00000 0.00000
vt 0.00000 0.36893
vt 0.05000 0.36893
vt 0.10000 0.36893
vt 0.15000 0.36893
vt 0.20000 0.36893
vt 0.25000 0.36893
vt 0.30000 0.36893
vt 0.35000 0.36893
vt 0.40000 0.36893
vt 0.45000 0.36893
vt 0.50000 0.36893
vt 0.55000 0.36893
vt 0.60000 0.36893
vt 0.65000 0.36893
vt 0.70000 0.36893
vt 0.75000 0.36893
vt 0.80000 0.36893
vt 0.85000 0.36893
vt 0.90000 0.36893
vt 0.95000 0.36893
vt 1.00000 0.36893
vt 0.00000 0.68475
vt 0.05000 0.68475
vt 0.10000 0.68475
vt 0.15000 0.68475
vt 0.20000 0.68475
vt 0.25000 0.68475
vt 0.30000 0.68475
vt 0.35000 0.68475
vt 0.40000 0.68475
vt 0.45000 0.68475
vt 0.50000 0.68475
vt 0.55000 0.68475
vt 0.60000 0.68475
vt 0.65000 0.68475
vt 0.70000 0.68475
vt 0.75000 0.68475
vt 0.80000 0.68475
vt 0.85000 0.68475
vt 0.90000 0.68475
vt 0.95000 0.68475
vt 1.00000 0.68475
vt 0.00000 0.76724
vt 0.05000 0.76724
vt 0.10000 0.76724
vt 0.15000 0.76724
vt 0.20000 0.76724
vt 0.25000 0.76724
vt 0.30000 0.76724
vt 0.35000 0.76724
vt 0.40000 0.76724
vt 0.45000 0.76724
vt 0.50000 0.76724
vt 0.55000 0.76724
vt 0.60000 0.76724
vt 0.65000 0.76724
vt 0.70000 0.76724
vt 0.75000 0.76724
vt 0.80000 0.76724
vt 0.85000 0.76724
vt 0.90000 0.76724
vt 0.95000 0.76724
vt 1.00000 0.76724
vt 0.00000 1.18351
vt 0.05000 1.18351
vt 0.10000 1.18351
vt 0.15000 1.18351
vt 0.20000 1.18351
vt 0.25000 1.18351
vt 0.30000 1.18351
vt 0.35000 1.18351
vt 0.40000 1.18351
vt 0.45000 1.18351
vt 0.50000 1.18351
vt 0.55000 1.18351
vt 0.60000 1.18351
vt 0.65000 1.18351
vt 0.70000 1.18351
vt 0.75000 1.18351
vt 0.80000 1.18351
vt 0.85000 1.18351
vt 0.90000 1.18351
vt 0.95000 1.18351
vt 1.00000 1.18351
vt 0.00000 1.24806
vt 0.05000 1.24806
vt 0.10000 1.24806
vt 0.15000 1.24806
vt 0.20000 1.24806
vt 0.25000 1.24806
vt 0.30000 1.24806
vt 0.35000 1.24806
vt 0.40000 1.24806
vt 0.45000 1.24806
vt 0.50000 1.24806
vt 0.55000 1.24806
vt 0.60000 1.24806
vt 0.65000 1.24806
vt 0.70000 1.24806
vt 0.75000 1.24806
vt 0.80000 1.24806
vt 0.85000 1.24806
vt 0.90000 1.24806
vt 0.95000 1.24806
vt 1.00000 1.24806
vt 0.00000 1.57279
vt 0.05000 1.57279
vt 0.10000 1.57279
vt 0.15000 1.57279
vt 0.20000 1.57279
vt 0.25000 1.57279
vt 0.30000 1.57279
vt 0.35000 1.57279
vt 0.40000 1.57279
vt 0.45000 1.57279
vt 0.50000 1.57279
vt 0.55000 1.57279
vt 0.60000 1.57279
vt 0.65000 1.57279
vt 0.70000 1.57279
vt 0.75000 1.57279
vt 0.80000 1.57279
vt 0.85000 1.57279
vt 0.90000 1.57279
vt 0.95000 1.57279
vt 1.00000 1.57279
vt 0.00000 1.66096
vt 0.05000 1.66096
vt 0.10000 1.66096
vt 0.15000 1.66096
vt 0.20000 1.66096
vt 0.25000 1.66096
vt 0.30000 1.66096
vt 0.35000 1.66096
vt 0.40000 1.66096
vt 0.45000 1.66096
vt 0.50000 1.66096
vt 0.55000 1.66096
vt 0.60000 1.66096
vt 0.65000 1.66096
vt 0.70000 1.66096
vt 0.75000 1.66096
vt 0.80000 1.66096
vt 0.85000 1.66096
vt 0.90000 1.66096
vt 0.95000 1.66096
vt 1.00000 1.66096
vt 0.00000 1.91791
vt 0.05000 1.91791
vt 0.10000 1.91791
vt 0.15000 1.91791
vt 0.20000 1.91791
vt 0.25000 1.91791
vt 0.30000 1.91791
vt 0.35000 1.91791
vt 0.40000 1.91791
vt 0.45000 1.91791
vt 0.50000 1.91791
vt 0.55000 1.91791
vt 0.60000 1.91791
vt 0.65000 1.91791
vt 0.70000 1.91791
vt 0.75000 1.91791
vt 0.80000 1.91791
vt 0.85000 1.91791
vt 0.90000 1.91791
vt 0.95000 1.91791
vt 1.00000 1.91791
vt 0.00000 1.99731
vt 0.05000 1.99731
vt 0.10000 1.99731
vt 0.15000 1.99731
vt 0.20000 1.99731
vt 0.25000 1.99731
vt 0.30000 1.99731
vt 0.35000 1.99731
vt 0.40000 1.99731
vt 0.45000 1.99731
vt 0.50000 1.99731
vt 0.55000 1.99731
vt 0.60000 1.99731
vt 0.65000 1.99731
vt 0.70000 1.99731
vt 0.75000 1.99731
vt 0.80000 1.99731
vt 0.85000 1.99731
vt 0.90000 1.99731
vt 0.95000 1.99731
vt 1.00000 1.99731
vt 0.00000 2.35848
vt 0.05000 2.35848
vt 0.10000 2.35848
vt 0.15000 2.35848
vt 0.20000 2.35848
vt 0.25000 2.35848
vt 0.30000 2.35848
vt 0.35000 2.35848
vt 0.40000 2.35848
vt 0.45000 2.35848
vt 0.50000 2.35848
vt 0.55000 2.35848
vt 0.60000 2.35848
vt 0.65000 2.35848
vt 0.70000 2.35848
vt 0.75000 2.35848
vt 0.80000 2.35848
vt 0.85000 2.35848
vt 0.90000 2.35848
vt 0.95000 2.35848
vt 1.00000 2.35848
vt 0.00000 2.43358
vt 0.05000 2.43358
vt 0.10000 2.43358
vt 0.15000 2.43358
vt 0.20000 2.43358
vt 0.25000 2.43358
vt 0.30000 2.43358
vt 0.35000 2.43358
vt 0.40000 2.43358
vt 0.45000 2.43358
vt 0.50000 2.43358
vt 0.55000 2.43358
vt 0.60000 2.43358
vt 0.65000 2.43358
vt 0.70000 2.43358
vt 0.75000 2.43358
vt 0.80000 2.43358
vt 0.85000 2.43358
vt 0.90000 2.43358
vt 0.95000 2.43358
vt 1.00000 2.43358
vt 0.00000 2.75047
vt 0.05000 2.75047
vt 0.10000 2.75047
vt 0.15000 2.75047
vt 0.20000 2.75047
vt 0.25000 2.75047
vt 0.30000 2.75047
vt 0.35000 2.75047
vt 0.40000 2.75047
vt 0.45000 2.75047
vt 0.50000 2.75047
vt 0.55000 2.75047
vt 0.60000 2.75047
vt 0.65000 2.75047
vt 0.70000 2.75047
vt 0.75000 2.75047
vt 0.80000 2.75047
vt 0.85000 2.75047
vt 0.90000 2.75047
vt 0.95000 2.75047
vt 1.00000 2.75047
vt 0.00000 2.84969
vt 0.05000 2.84969
vt 0.10000 2.84969
vt 0.15000 2.84969
vt 0.20000 2.84969
vt 0.25000 2.84969
vt 0.30000 2.84969
vt 0.35000 2.84969
vt 0.40000 2.84969
vt 0.45000 2.84969
vt 0.50000 2.84969
vt 0.55000 2.84969
vt 0.60000 2.84969
vt 0.65000 2.84969
vt 0.70000 2.84969
vt 0.75000 2.84969
vt 0.80000 2.84969
vt 0.85000 2.84969
vt 0.90000 2.84969
vt 0.95000 2.84969
vt 1.00000 2.84969
vt 0.00000 3.23441
vt 0.10000 3.23441
vt 0.20000 3.23441
vt 0.30000 3.23441
vt 0.40000 3.23441
vt 0.50000 3.23441
vt 0.60000 3.23441
vt 0.70000 3.23441
vt 0.80000 3.23441
vt 0.90000 3.23441
vt 1.00000 3.23441
vt 0.00000 3.30557
vt 0.10000 3.30557
vt 0.20000 3.30557
vt 0.30000 3.30557
vt 0.40000 3.30557
vt 0.50000 3.30557
vt 0.60000 3.30557
vt 0.70000 3.30557
vt 0.80000 3.30557
vt 0.90000 3.30557
vt 1.00000 3.30557
vt 0.00000 3.61067
vt 0.10000 3.61067
vt 0.20000 3.61067
vt 0.30000 3.61067
vt 0.40000 3.61067
vt 0.50000 3.61067
vt 0.60000 3.61067
vt 0.70000 3.61067
vt 0.80000 3.61067
vt 0.90000 3.61067
vt 1.00000 3.61067
vt 0.00000 3.68710
vt 0.10000 3.68710
vt 0.20000 3.68710
vt 0.30000 3.68710
vt 0.40000 3.68710
vt 0.50000 3.68710
vt 0.60000 3.68710
vt 0.70000 3.68710
vt 0.80000 3.68710
vt 0.90000 3.68710
vt 1.00000 3.68710
vt 0.00000 4.06807
vt 0.10000 4.06807
vt 0.20000 4.06807
vt 0.30000 4.06807
vt 0.40000 4.06807
vt 0.50000 4.06807
vt 0.60000 4.06807
vt 0.70000 4.06807
vt 0.80000 4.06807
vt 0.90000 4.06807
vt 1.00000 4.06807
vt 0.00000 4.14022
vt 0.10000 4.14022
vt 0.20000 4.14022
vt 0.30000 4.14022
vt 0.40000 4.14022
vt 0.50000 4.14022
vt 0.60000 4.14022
vt 0.70000 4.14022
vt 0.80000 4.14022
vt 0.90000 4.14022
vt 1.00000 4.14022
vt 0.00000 4.45792
vt 0.10000 4.45792
vt 0.20000 4.45792
vt 0.30000 4.45792
vt 0.40000 4.45792
vt 0.50000 4.45792
vt 0.60000 4.45792
vt 0.70000 4.45792
vt 0.80000 4.45792
vt 0.90000 4.45792
vt 1.00000 4.45792
vt 0.00000 4.52556
vt 0.10000 4.52556
vt 0.20000 4.52556
vt 0.30000 4.52556
vt 0.40000 4.52556
vt 0.50000 4.52556
vt 0.60000 4.52556
vt 0.70000 4.52556
vt 0.80000 4.52556
vt 0.90000 4.52556
vt 1.00000 4.52556
vt 0.00000 4.92463
vt 0.10000 4.92463
vt 0.20000 4.92463
vt 0.30000 4.92463
vt 0.40000 4.92463
vt 0.50000 4.92463
vt 0.60000 4.92463
vt 0.70000 4.92463
vt 0.80000 4.92463
vt 0.90000 4.92463
vt 1.00000 4.92463
vt 0.00000 5.02190
vt 0.10000 5.02190
vt 0.20000 5.02190
vt 0.30000 5.02190
vt 0.40000 5.02190
vt 0.50000 5.02190
vt 0.60000 5.02190
vt 0.70000 5.02190
vt 0.80000 5.02190
vt 0.90000 5.02190
vt 1.00000 5.02190
vt 0.00000 5.32085
vt 0.10000 5.32085
vt 0.20000 5.32085
vt 0.30000 5.32085
vt 0.40000 5.32085
vt 0.50000 5.32085
vt 0.60000 5.32085
vt 0.70000 5.32085
vt 0.80000 5.32085
vt 0.90000 5.32085
vt 1.00000 5.32085
vt 0.00000 5.41366
vt 0.10000 5.41366
vt 0.20000 5.41366
vt 0.30000 5.41366
vt 0.40000 5.41366
vt 0.50000 5.41366
vt 0.60000 5.41366
vt 0.70000 5.41366
vt 0.80000 5.41366
vt 0.90000 5.41366
vt 1.00000 5.41366
vt 0.00000 5.80480
vt 0.10000 5.80480
vt 0.20000 5.80480
vt 0.30000 5.80480
vt 0.40000 5.80480
vt 0.50000 5.80480
vt 0.60000 5.80480
vt 0.70000 5.80480
vt 0.80000 5.80480
vt 0.90000 5.80480
vt 1.00000 5.80480
vt 0.00000 5.87368
vt 0.10000 5.87368
vt 0.20000 5.87368
vt 0.30000 5.87368
vt 0.40000 5.87368
vt 0.50000 5.87368
vt 0.60000 5.87368
vt 0.70000 5.87368
vt 0.80000 5.87368
vt 0.90000 5.87368
vt 1.00000 5.87368
vt 0.00000 6.20362
vt 0.10000 6.20362
vt 0.20000 6.20362
vt 0.30000 6.20362
vt 0.40000 6.20362
vt 0.50000 6.20362
vt 0.60000 6.20362
vt 0.70000 6.20362
vt 0.80000 6.20362
vt 0.90000 6.20362
vt 1.00000 6.20362
vt 0.00000 6.26799
vt 0.10000 6.26799
vt 0.20000 6.26799
vt 0.30000 6.26799
vt 0.40000 6.26799
vt 0.50000 6.26799
vt 0.60000 6.26799
vt 0.70000 6.26799
vt 0.80000 6.26799
vt 0.90000 6.26799
vt 1.00000 6.26799
vt 0.00000 6.60035
vt 0.20000 6.60035
vt 0.40000 6.60035
vt 0.60000 6.60035
vt 0.80000 6.60035
vt 1.00000 6.60035
vt 0.00000 6.72477
vt 0.20000 6.72477
vt 0.40000 6.72477
vt 0.60000 6.72477
vt 0.80000 6.72477
vt 1.00000 6.72477
vt 0.00000 7.08119
vt 0.20000 7.08119
vt 0.40000 7.08119
vt 0.60000 7.08119
vt 0.80000 7.08119
vt 1.00000 7.08119
vt 0.00000 7.15635
vt 0.20000 7.15635
vt 0.40000 7.15635
vt 0.60000 7.15635
vt 0.80000 7.15635
vt 1.00000 7.15635
vt 0.00000 7.53983
vt 0.20000 7.53983
vt 0.40000 7.53983
vt 0.60000 7.53983
vt 0.80000 7.53983
vt 1.00000 7.53983
vt 0.00000 7.61031
vt 0.20000 7.61031
vt 0.40000 7.61031
vt 0.60000 7.61031
vt 0.80000 7.61031
vt 1.00000 7.61031
vt 0.00000 7.97843
vt 0.20000 7.97843
vt 0.40000 7.97843
vt 0.60000 7.97843
vt 0.80000 7.97843
vt 1.00000 7.97843
vt 0.00000 8.07478
vt 0.20000 8.07478
vt 0.40000 8.07478
vt 0.60000 8.07478
vt 0.80000 8.07478
vt 1.00000 8.07478
vt 0.00000 8.45086
vt 0.20000 8.45086
vt 0.40000 8.45086
vt 0.60000 8.45086
vt 0.80000 8.45086
vt 1.00000 8.45086
vt 0.00000 8.54789
vt 0.20000 8.54789
vt 0.40000 8.54789
vt 0.60000 8.54789
vt 0.80000 8.54789
vt 1.00000 8.54789
vt 0.00000 8.83019
vt 0.20000 8.83019
vt 0.40000 8.83019
vt 0.60000 8.83019
vt 0.80000 8.83019
vt 1.00000 8.83019
vt 0.00000 8.93281
vt 0.20000 8.93281
vt 0.40000 8.93281
vt 0.60000 8.93281
vt 0.80000 8.93281
vt 1.00000 8.93281
vt 0.00000 9.36458
vt 0.20000 9.36458
vt 0.40000 9.36458
vt 0.60000 9.36458
vt 0.80000 9.36458
vt 1.00000 9.36458
vt 0.00000 9.46280
vt 0.20000 9.46280
vt 0.40000 9.46280
vt 0.60000 9.46280
vt 0.80000 9.46280
vt 1.00000 9.46280
vt 0.00000 9.73975
vt 0.20000 9.73975
vt 0.40000 9.73975
vt 0.60000 9.73975
vt 0.80000 9.73975
vt 1.00000 9.73975
vt 0.10000 9.66449
vt 0.30000 9.66449
vt 0.50000 9.66449
vt 0.70000 9.66449
vt 0.90000 9.66449
vt 0.00049 0.00000
vt 0.00049 0.15000
vt 0.33317 0.15000
vt 0.33317 0.00000
vt 0.66586 0.00000
vt 0.66586 0.15000
vt 0.99854 0.15000
vt 0.99854 0.00000
vt 0.00049 0.30000
vt 0.33317 0.30000
vt 0.66586 0.30000
vt 0.99854 0.30000
vt 0.00049 0.45000
vt 0.33317 0.45000
vt 0.66586 0.45000
vt 0.99854 0.45000
vt 0.00049 0.60000
vt 0.33317 0.60000
vt 0.66586 0.60000
vt 0.99854 0.60000
vt 0.00049 0.75000
vt 0.33317 0.75000
vt 0.66586 0.75000
vt 0.99854 0.75000
vt 0.33317 0.90000
vt 0.99854 0.90000
vt 0.00049 0.00000
vt 0.00049 0.15000
vt 0.33317 0.15000
vt 0.33317 0.00000
vt 0.66586 0.00000
vt 0.66586 0.15000
vt 0.99854 0.15000
vt 0.99854 0.00000
vt 0.00049 0.30000
vt 0.33317 0.30000
vt 0.66586 0.30000
vt 0.99854 0.30000
vt 0.00049 0.45000
vt 0.33317 0.45000
vt 0.66586 0.45000
vt 0.99854 0.45000
vt 0.00049 0.60000
vt 0.33317 0.60000
vt 0.66586 0.60000
vt 0.99854 0.60000
vt 0.00049 0.75000
vt 0.33317 0.75000
vt 0.66586 0.75000
vt 0.99854 0.75000
vt 0.33317 0.90000
vt 0.99854 0.90000
vt 0.00049 0.00000
vt 0.00049 0.15000
vt 0.33317 0.15000
vt 0.33317 0.00000
vt 0.66586 0.00000
vt 0.66586 0.15000
vt 0.99854 0.15000
vt 0.99854 0.00000
vt 0.00049 0.30000
vt 0.33317 0.30000
vt 0.66586 0.30000
vt 0.99854 0.30000
vt 0.00049 0.45000
vt 0.33317 0.45000
vt 0.66586 0.45000
vt 0.99854 0.45000
vt 0.00049 0.60000
vt 0.33317 0.60000
vt 0.66586 0.60000
vt 0.99854 0.60000
vt 0.00049 0.75000
vt 0.33317 0.75000
vt 0.66586 0.75000
vt 0.99854 0.75000
vt 0.33317 0.90000
vt 0.99854 0.90000
vt 0.00049 0.00000
vt 0.00049 0.15000
vt 0.33317 0.15000
vt 0.33317 0.00000
vt 0.66586 0.00000
vt 0.66586 0.15000
vt 0.99854 0.15000
vt 0.99854 0.00000
vt 0.00049 0.30000
vt 0.33317 0.30000
vt 0.66586 0.30000
vt 0.99854 0.30000
vt 0.00049 0.45000
vt 0.33317 0.45000
vt 0.66586 0.45000
vt 0.99854 0.45000
vt 0.00049 0.60000
vt 0.33317 0.60000
vt 0.66586 0.60000
vt 0.99854 0.60000
vt 0.00049 0.75000
vt 0.33317 0.75000
vt 0.66586 0.75000
vt 0.99854 0.75000
vt 0.33317 0.90000
vt 0.99854 0.90000
vt 0.00049 0.00000
vt 0.00049 0.15000
vt 0.33317 0.15000
vt 0.33317 0.00000
vt 0.66586 0.00000
vt 0.66586 0.15000
vt 0.99854 0.15000
vt 0.99854 0.00000
vt 0.00049 0.30000
vt 0.33317 0.30000
vt 0.66586 0.30000
vt 0.99854 0.30000
vt 0.00049 0.45000
vt 0.33317 0.45000
vt 0.66586 0.45000
vt 0.99854 0.45000
vt 0.00049 0.60000
vt 0.33317 0.60000
vt 0.66586 0.60000
vt 0.99854 0.60000
vt 0.00049 0.75000
vt 0.33317 0.75000
vt 0.66586 0.75000
vt 0.99854 0.75000
vt 0.33317 0.90000
vt 0.99854 0.90000
vt 0.00049 0.00000
vt 0.00049 0.15000
vt 0.33317 0.15000
vt 0.33317 0.00000
vt 0.66586 0.00000
vt 0.66586 0.15000
vt 0.99854 0.15000
vt 0.99854 0.00000
vt 0.00049 0.30000
vt 0.33317 0.30000
vt 0.66586 0.30000
vt 0.99854 0.30000
vt 0.00049 0.45000
vt 0.33317 0.45000
vt 0.66586 0.45000
vt 0.99854 0.45000
vt 0.00049 0.60000
vt 0.33317 0.60000
vt 0.66586 0.60000
vt 0.99854 0.60000
vt 0.00049 0.75000
vt 0.33317 0.75000
vt 0.66586 0.75000
vt 0.99854 0.75000
vt 0.33317 0.90000
vt 0.99854 0.90000
vt 0.00049 0.00000
vt 0.00049 0.15000
vt 0.33317 0.15000
vt 0.33317 0.00000
vt 0.66586 0.00000
vt 0.66586 0.15000
vt 0.99854 0.15000
vt 0.99854 0.00000
vt 0.00049 0.30000
vt 0.33317 0.30000
vt 0.66586 0.30000
vt 0.99854 0.30000
vt 0.00049 0.45000
vt 0.33317 0.45000
vt 0.66586 0.45000
vt 0.99854 0.45000
vt 0.00049 0.60000
vt 0.33317 0.60000
vt 0.66586 0.60000
vt 0.99854 0.60000
vt 0.00049 0.75000
vt 0.33317 0.75000
vt 0.66586 0.75000
vt 0.99854 0.75000
vt 0.33317 0.90000
vt 0.99854 0.90000
vt 0.00049 0.00000
vt 0.00049 0.15000
vt 0.33317 0.15000
vt 0.33317 0.00000
vt 0.66586 0.00000
vt 0.66586 0.15000
vt 0.99854 0.15000
vt 0.99854 0.00000
vt 0.00049 0.30000
vt 0.33317 0.30000
vt 0.66586 0.30000
vt 0.99854 0.30000
vt 0.00049 0.45000
vt 0.33317 0.45000
vt 0.66586 0.45000
vt 0.99854 0.45000
vt 0.00049 0.60000
vt 0.33317 0.60000
vt 0.66586 0.60000
vt 0.99854 0.60000
vt 0.00049 0.75000
vt 0.33317 0.75000
vt 0.66586 0.75000
vt 0.99854 0.75000
vt 0.33317 0.90000
vt 0.99854 0.90000
vt 0.00049 0.00000
vt 0.00049 0.15000
vt 0.33317 0.15000
vt 0.33317 0.00000
vt 0.66586 0.00000
vt 0.66586 0.15000
vt 0.99854 0.15000
vt 0.99854 0.00000
vt 0.00049 0.30000
vt 0.33317 0.30000
vt 0.66586 0.30000
vt 0.99854 0.30000
vt 0.00049 0.45000
vt 0.33317 0.45000
vt 0.66586 0.45000
vt 0.99854 0.45000
vt 0.00049 0.60000
vt 0.33317 0.60000
vt 0.66586 0.60000
vt 0.99854 0.60000
vt 0.00049 0.75000
vt 0.33317 0.75000
vt 0.66586 0.75000
vt 0.99854 0.75000
vt 0.33317 0.90000
vt 0.99854 0.90000
vt 0.00049 0.00000
vt 0.00049 0.15000
vt 0.33317 0.15000
vt 0.33317 0.00000
vt 0.66586 0.00000
vt 0.66586 0.15000
vt 0.99854 0.15000
vt 0.99854 0.00000
vt 0.00049 0.30000
vt 0.33317 0.30000
vt 0.66586 0.30000
vt 0.99854 0.30000
vt 0.00049 0.45000
vt 0.33317 0.45000
vt 0.66586 0.45000
vt 0.99854 0.45000
vt 0.00049 0.60000
vt 0.33317 0.60000
vt 0.66586 0.60000
vt 0.99854 0.60000
vt 0.00049 0.75000
vt 0.33317 0.75000
vt 0.66586 0.75000
vt 0.99854 0.75000
vt 0.33317 0.90000
vt 0.99854 0.90000
vt 0.00049 0.00000
vt 0.00049 0.15000
vt 0.33317 0.15000
vt 0.33317 0.00000
vt 0.66586 0.00000
vt 0.66586 0.15000
vt 0.99854 0.15000
vt 0.99854 0.00000
vt 0.00049 0.30000
vt 0.33317 0.30000
vt 0.66586 0.30000
vt 0.99854 0.30000
vt 0.00049 0.45000
vt 0.33317 0.45000
vt 0.66586 0.45000
vt 0.99854 0.45000
vt 0.00049 0.60000
vt 0.33317 0.60000
vt 0.66586 0.60000
vt 0.99854 0.60000
vt 0.00049 0.75000
vt 0.33317 0.75000
vt 0.66586 0.75000
vt 0.99854 0.75000
vt 0.33317 0.90000
vt 0.99854 0.90000
vt 0.00049 0.00000
vt 0.00049 0.15000
vt 0.33317 0.15000
vt 0.33317 0.00000
vt 0.66586 0.00000
vt 0.66586 0.15000
vt 0.99854 0.15000
vt 0.99854 0.00000
vt 0.00049 0.30000
vt 0.33317 0.30000
vt 0.66586 0.30000
vt 0.99854 0.30000
vt 0.00049 0.45000
vt 0.33317 0.45000
vt 0.66586 0.45000
vt 0.99854 0.45000
vt 0.00049 0.60000
vt 0.33317 0.60000
vt 0.66586 0.60000
vt 0.99854 0.60000
vt 0.00049 0.75000
vt 0.33317 0.75000
vt 0.66586 0.75000
vt 0.99854 0.75000
vt 0.33317 0.90000
vt 0.99854 0.90000
vt 0.00049 0.00000
vt 0.00049 0.15000
vt 0.33317 0.15000
vt 0.33317 0.00000
vt 0.66586 0.00000
vt 0.66586 0.15000
vt 0.99854 0.15000
vt 0.99854 0.00000
vt 0.00049 0.30000
vt 0.33317 0.30000
vt 0.66586 0.30000
vt 0.99854 0.30000
vt 0.00049 0.45000
vt 0.33317 0.45000
vt 0.66586 0.45000
vt 0.99854 0.45000
vt 0.00049 0.60000
vt 0.33317 0.60000
vt 0.66586 0.60000
vt 0.99854 0.60000
vt 0.00049 0.75000
vt 0.33317 0.75000
vt 0.66586 0.75000
vt 0.99854 0.75000
vt 0.33317 0.90000
vt 0.99854 0.90000
vt 0.87500 1.00000
vt 1.00000 0.87500
vt 0.87500 0.87500
vt 0.75000 1.00000
vt 0.75000 0.87500
vt 0.62500 1.00000
vt 0.62500 0.87500
vt 0.50000 1.00000
vt 0.50000 0.87500
vt 0.37500 1.00000
vt 0.37500 0.87500
vt 0.25000 1.00000
vt 0.25000 0.87500
vt 0.12500 1.00000
vt 0.12500 0.87500
vt 0.00000 1.00000
vt 0.00000 0.87500
vt 1.00000 0.75000
vt 0.87500 0.75000
vt 0.75000 0.75000
vt 0.62500 0.75000
vt 0.50000 0.75000
vt 0.37500 0.75000
vt 0.25000 0.75000
vt 0.12500 0.75000
vt 0.00000 0.75000
vt 1.00000 0.62500
vt 0.87500 0.62500
vt 0.75000 0.62500
vt 0.62500 0.62500
vt 0.50000 0.62500
vt 0.37500 0.62500
vt 0.25000 0.62500
vt 0.12500 0.62500
vt 0.00000 0.62500
vt 1.00000 0.50000
vt 0.87500 0.50000
vt 0.75000 0.50000
vt 0.62500 0.50000
vt 0.50000 0.50000
vt 0.37500 0.50000
vt 0.25000 0.50000
vt 0.12500 0.50000
vt 0.00000 0.50000
vt 1.00000 0.37500
vt 0.87500 0.37500
vt 0.75000 0.37500
vt 0.62500 0.37500
vt 0.50000 0.37500
vt 0.37500 0.37500
vt 0.25000 0.37500
vt 0.12500 0.37500
vt 0.00000 0.37500
vt 1.00000 0.25000
vt 0.87500 0.25000
vt 0.75000 0.25000
vt 0.62500 0.25000
vt 0.50000 0.25000
vt 0.37500 0.25000
vt 0.25000 0.25000
vt 0.12500 0.25000
vt 0.00000 0.25000
vt 1.00000 0.12500
vt 0.87500 0.12500
vt 0.75000 0.12500
vt 0.62500 0.12500
vt 0.50000 0.12500
vt 0.37500 0.12500
vt 0.25000 0.12500
vt 0.12500 0.12500
vt 0.00000 0.12500
vt 1.00000 0.00000
vt 0.87500 0.00000
vt 0.75000 0.00000
vt 0.62500 0.00000
vt 0.50000 0.00000
vt 0.37500 0.00000
vt 0.25000 0.00000
vt 0.12500 0.00000
vt 0.00000 0.00000
vt 0.87500 1.00000
vt 1.00000 0.87500
vt 0.87500 0.87500
vt 0.75000 1.00000
vt 0.75000 0.87500
vt 0.62500 1.00000
vt 0.62500 0.87500
vt 0.50000 1.00000
vt 0.50000 0.87500
vt 0.37500 1.00000
vt 0.37500 0.87500
vt 0.25000 1.00000
vt 0.25000 0.87500
vt 0.12500 1.00000
vt 0.12500 0.87500
vt 0.00000 1.00000
vt 0.00000 0.87500
vt 1.00000 0.75000
vt 0.87500 0.75000
vt 0.75000 0.75000
vt 0.62500 0.75000
vt 0.50000 0.75000
vt 0.37500 0.75000
vt 0.25000 0.75000
vt 0.12500 0.75000
vt 0.00000 0.75000
vt 1.00000 0.62500
vt 0.87500 0.62500
vt 0.75000 0.62500
vt 0.62500 0.62500
vt 0.50000 0.62500
vt 0.37500 0.62500
vt 0.25000 0.62500
vt 0.12500 0.62500
vt 0.00000 0.62500
vt 1.00000 0.50000
vt 0.87500 0.50000
vt 0.75000 0.50000
vt 0.62500 0.50000
vt 0.50000 0.50000
vt 0.37500 0.50000
vt 0.25000 0.50000
vt 0.12500 0.50000
vt 0.00000 0.50000
vt 1.00000 0.37500
vt 0.87500 0.37500
vt 0.75000 0.37500
vt 0.62500 0.37500
vt 0.50000 0.37500
vt 0.37500 0.37500
vt 0.25000 0.37500
vt 0.12500 0.37500
vt 0.00000 0.37500
vt 1.00000 0.25000
vt 0.87500 0.25000
vt 0.75000 0.25000
vt 0.62500 0.25000
vt 0.50000 0.25000
vt 0.37500 0.25000
vt 0.25000 0.25000
vt 0.12500 0.25000
vt 0.00000 0.25000
vt 1.00000 0.12500
vt 0.87500 0.12500
vt 0.75000 0.12500
vt 0.62500 0.12500
vt 0.50000 0.12500
vt 0.37500 0.12500
vt 0.25000 0.12500
vt 0.12500 0.12500
vt 0.00000 0.12500
vt 1.00000 0.00000
vt 0.87500 0.00000
vt 0.75000 0.00000
vt 0.62500 0.00000
vt 0.50000 0.00000
vt 0.37500 0.00000
vt 0.25000 0.00000
vt 0.12500 0.00000
vt 0.87500 1.00000
vt 1.00000 0.87500
vt 0.87500 0.87500
vt 0.75000 1.00000
vt 0.75000 0.87500
vt 0.62500 1.00000
vt 0.62500 0.87500
vt 0.50000 1.00000
vt 0.50000 0.87500
vt 0.37500 1.00000
vt 0.37500 0.87500
vt 0.25000 1.00000
vt 0.25000 0.87500
vt 0.12500 1.00000
vt 0.12500 0.87500
vt 0.00000 1.00000
vt 0.00000 0.87500
vt 1.00000 0.75000
vt 0.87500 0.75000
vt 0.75000 0.75000
vt 0.62500 0.75000
vt 0.50000 0.75000
vt 0.37500 0.75000
vt 0.25000 0.75000
vt 0.12500 0.75000
vt 0.00000 0.75000
vt 1.00000 0.62500
vt 0.87500 0.62500
vt 0.75000 0.62500
vt 0.62500 0.62500
vt 0.50000 0.62500
vt 0.37500 0.62500
vt 0.25000 0.62500
vt 0.12500 0.62500
vt 0.00000 0.62500
vt 1.00000 0.50000
vt 0.87500 0.50000
vt 0.75000 0.50000
vt 0.62500 0.50000
vt 0.50000 0.50000
vt 0.37500 0.50000
vt 0.25000 0.50000
vt 0.12500 0.50000
vt 0.00000 0.50000
vt 1.00000 0.37500
vt 0.87500 0.37500
vt 0.75000 0.37500
vt 0.62500 0.37500
vt 0.50000 0.37500
vt 0.37500 0.37500
vt 0.25000 0.37500
vt 0.12500 0.37500
vt 0.00000 0.37500
vt 1.00000 0.25000
vt 0.87500 0.25000
vt 0.75000 0.25000
vt 0.62500 0.25000
vt 0.50000 0.25000
vt 0.37500 0.25000
vt 0.25000 0.25000
vt 0.12500 0.25000
vt 0.00000 0.25000
vt 1.00000 0.12500
vt 0.87500 0.12500
vt 0.75000 0.12500
vt 0.62500 0.12500
vt 0.50000 0.12500
vt 0.37500 0.12500
vt 0.25000 0.12500
vt 0.12500 0.12500
vt 0.00000 0.12500
vt 1.00000 0.00000
vt 0.87500 0.00000
vt 0.75000 0.00000
vt 0.62500 0.00000
vt 0.50000 0.00000
vt 0.37500 0.00000
vt 0.25000 0.00000
vt 0.12500 0.00000
vt 0.87500 1.00000
vt 1.00000 0.87500
vt 0.87500 0.87500
vt 0.75000 1.00000
vt 0.75000 0.87500
vt 0.62500 1.00000
vt 0.62500 0.87500
vt 0.50000 1.00000
vt 0.50000 0.87500
vt 0.37500 1.00000
vt 0.37500 0.87500
vt 0.25000 1.00000
vt 0.25000 0.87500
vt 0.12500 1.00000
vt 0.12500 0.87500
vt 0.00000 1.00000
vt 0.00000 0.87500
vt 1.00000 0.75000
vt 0.87500 0.75000
vt 0.75000 0.75000
vt 0.62500 0.75000
vt 0.50000 0.75000
vt 0.37500 0.75000
vt 0.25000 0.75000
vt 0.12500 0.75000
vt 0.00000 0.75000
vt 1.00000 0.62500
vt 0.87500 0.62500
vt 0.75000 0.62500
vt 0.62500 0.62500
vt 0.50000 0.62500
vt 0.37500 0.62500
vt 0.25000 0.62500
vt 0.12500 0.62500
vt 0.00000 0.62500
vt 1.00000 0.50000
vt 0.87500 0.50000
vt 0.75000 0.50000
vt 0.62500 0.50000
vt 0.50000 0.50000
vt 0.37500 0.50000
vt 0.25000 0.50000
vt 0.12500 0.50000
vt 0.00000 0.50000
vt 1.00000 0.37500
vt 0.87500 0.37500
vt 0.75000 0.37500
vt 0.62500 0.37500
vt 0.50000 0.37500
vt 0.37500 0.37500
vt 0.25000 0.37500
vt 0.12500 0.37500
vt 0.00000 0.37500
vt 1.00000 0.25000
vt 0.87500 0.25000
vt 0.75000 0.25000
vt 0.62500 0.25000
vt 0.50000 0.25000
vt 0.37500 0.25000
vt 0.25000 0.25000
vt 0.12500 0.25000
vt 0.00000 0.25000
vt 1.00000 0.12500
vt 0.87500 0.12500
vt 0.75000 0.12500
vt 0.62500 0.12500
vt 0.50000 0.12500
vt 0.37500 0.12500
vt 0.25000 0.12500
vt 0.12500 0.12500
vt 0.00000 0.12500
vt 1.00000 0.00000
vt 0.87500 0.00000
vt 0.75000 0.00000
vt 0.62500 0.00000
vt 0.50000 0.00000
vt 0.37500 0.00000
vt 0.25000 0.00000
vt 0.12500 0.00000
vt 0.00000 0.00000
vt 0.87500 1.00000
vt 1.00000 0.87500
vt 0.87500 0.87500
vt 0.75000 1.00000
vt 0.75000 0.87500
vt 0.62500 1.00000
vt 0.62500 0.87500
vt 0.50000 1.00000
vt 0.50000 0.87500
vt 0.37500 1.00000
vt 0.37500 0.87500
vt 0.25000 1.00000
vt 0.25000 0.87500
vt 0.12500 1.00000
vt 0.12500 0.87500
vt 0.00000 1.00000
vt 0.00000 0.87500
vt 1.00000 0.75000
vt 0.87500 0.75000
vt 0.75000 0.75000
vt 0.62500 0.75000
vt 0.50000 0.75000
vt 0.37500 0.75000
vt 0.25000 0.75000
vt 0.12500 0.75000
vt 0.00000 0.75000
vt 1.00000 0.62500
vt 0.87500 0.62500
vt 0.75000 0.62500
vt 0.62500 0.62500
vt 0.50000 0.62500
vt 0.37500 0.62500
vt 0.25000 0.62500
vt 0.12500 0.62500
vt 0.00000 0.62500
vt 1.00000 0.50000
vt 0.87500 0.50000
vt 0.75000 0.50000
vt 0.62500 0.50000
vt 0.50000 0.50000
vt 0.37500 0.50000
vt 0.25000 0.50000
vt 0.12500 0.50000
vt 0.00000 0.50000
vt 1.00000 0.37500
vt 0.87500 0.37500
vt 0.75000 0.37500
vt 0.62500 0.37500
vt 0.50000 0.37500
vt 0.37500 0.37500
vt 0.25000 0.37500
vt 0.12500 0.37500
vt 0.00000 0.37500
vt 1.00000 0.25000
vt 0.87500 0.25000
vt 0.75000 0.25000
vt 0.62500 0.25000
vt 0.50000 0.25000
vt 0.37500 0.25000
vt 0.25000 0.25000
vt 0.12500 0.25000
vt 0.00000 0.25000
vt 1.00000 0.12500
vt 0.87500 0.12500
vt 0.75000 0.12500
vt 0.62500 0.12500
vt 0.50000 0.12500
vt 0.37500 0.12500
vt 0.25000 0.12500
vt 0.12500 0.12500
vt 0.00000 0.12500
vt 1.00000 0.00000
vt 0.87500 0.00000
vt 0.75000 0.00000
vt 0.62500 0.00000
vt 0.50000 0.00000
vt 0.37500 0.00000
vt 0.25000 0.00000
vt 0.12500 0.00000
vt 0.50000 0.00000
vt 0.50000 0.09964
vt 0.56250 0.09121
vt 0.56250 0.00000
vt 0.62500 0.00000
vt 0.62500 0.08697
vt 0.68750 0.08707
vt 0.68750 0.00000
vt 0.75000 0.00000
vt 0.75000 0.09608
vt 0.50000 0.16042
vt 0.56250 0.16667
vt 0.62500 0.17435
vt 0.68750 0.16505
vt 0.75000 0.15638
vt 0.50000 0.27141
vt 0.56250 0.26354
vt 0.62500 0.26381
vt 0.68750 0.25717
vt 0.75000 0.25289
vt 0.50000 0.33770
vt 0.56250 0.34493
vt 0.62500 0.35368
vt 0.68750 0.33765
vt 0.75000 0.32230
vt 0.50000 0.40500
vt 0.56250 0.40698
vt 0.62500 0.41544
vt 0.68750 0.39854
vt 0.75000 0.38037
vt 0.50000 0.52031
vt 0.56250 0.50969
vt 0.62500 0.50958
vt 0.68750 0.49713
vt 0.75000 0.48446
vt 0.50000 0.59557
vt 0.56250 0.59960
vt 0.62500 0.60414
vt 0.68750 0.58608
vt 0.75000 0.56260
vt 0.50000 0.71435
vt 0.56250 0.70692
vt 0.62500 0.70134
vt 0.68750 0.68852
vt 0.75000 0.67088
vt 0.50000 0.79781
vt 0.56250 0.80117
vt 0.62500 0.79898
vt 0.68750 0.78289
vt 0.75000 0.76252
vt 0.50000 0.92174
vt 0.56250 0.91334
vt 0.62500 0.89926
vt 0.68750 0.88972
vt 0.75000 0.87908
vt 0.50000 1.00000
vt 0.56250 1.00000
vt 0.62500 1.00000
vt 0.68750 1.00000
vt 0.75000 1.00000
vt 0.75000 0.00000
vt 0.75000 0.09485
vt 0.81250 0.09102
vt 0.81250 0.00000
vt 0.87500 0.00000
vt 0.87500 0.08701
vt 0.93750 0.08898
vt 0.93750 0.00000
vt 1.00000 0.00000
vt 1.00000 0.09387
vt 0.75000 0.15802
vt 0.81250 0.17202
vt 0.87500 0.17436
vt 0.93750 0.16581
vt 1.00000 0.15650
vt 0.75000 0.26354
vt 0.81250 0.26631
vt 0.87500 0.26383
vt 0.93750 0.25735
vt 1.00000 0.24985
vt 0.75000 0.33675
vt 0.81250 0.35024
vt 0.87500 0.35366
vt 0.93750 0.33779
vt 1.00000 0.31750
vt 0.75000 0.39881
vt 0.81250 0.41217
vt 0.87500 0.41539
vt 0.93750 0.39764
vt 1.00000 0.37740
vt 0.75000 0.50936
vt 0.81250 0.51212
vt 0.87500 0.50955
vt 0.93750 0.49536
vt 1.00000 0.48128
vt 0.75000 0.59538
vt 0.81250 0.60261
vt 0.87500 0.60409
vt 0.93750 0.58385
vt 1.00000 0.56221
vt 0.75000 0.71263
vt 0.81250 0.70723
vt 0.87500 0.70134
vt 0.93750 0.68596
vt 1.00000 0.67380
vt 0.75000 0.80463
vt 0.81250 0.80181
vt 0.87500 0.79895
vt 0.93750 0.78134
vt 1.00000 0.76359
vt 0.75000 0.92850
vt 0.81250 0.91115
vt 0.87500 0.89929
vt 0.93750 0.88845
vt 1.00000 0.88026
vt 0.75000 1.00000
vt 0.81250 1.00000
vt 0.87500 1.00000
vt 0.93750 1.00000
vt 1.00000 1.00000
vt 0.00000 0.00000
vt 0.00000 0.09263
vt 0.06250 0.08868
vt 0.06250 0.00000
vt 0.12500 0.00000
vt 0.12500 0.08702
vt 0.18750 0.08933
vt 0.18750 0.00000
vt 0.25000 0.00000
vt 0.25000 0.09092
vt 0.00000 0.17009
vt 0.06250 0.17009
vt 0.12500 0.17435
vt 0.18750 0.16650
vt 0.25000 0.15786
vt 0.00000 0.26609
vt 0.06250 0.26303
vt 0.12500 0.26385
vt 0.18750 0.25845
vt 0.25000 0.25458
vt 0.00000 0.34568
vt 0.06250 0.34745
vt 0.12500 0.35367
vt 0.18750 0.33986
vt 0.25000 0.32282
vt 0.00000 0.40890
vt 0.06250 0.40960
vt 0.12500 0.41539
vt 0.18750 0.40089
vt 0.25000 0.38324
vt 0.00000 0.51215
vt 0.06250 0.50895
vt 0.12500 0.50959
vt 0.18750 0.49957
vt 0.25000 0.48642
vt 0.00000 0.60082
vt 0.06250 0.60154
vt 0.12500 0.60410
vt 0.18750 0.58822
vt 0.25000 0.56540
vt 0.00000 0.71011
vt 0.06250 0.70493
vt 0.12500 0.70137
vt 0.18750 0.69110
vt 0.25000 0.67624
vt 0.00000 0.80341
vt 0.06250 0.80252
vt 0.12500 0.79896
vt 0.18750 0.78432
vt 0.25000 0.76486
vt 0.00000 0.91970
vt 0.06250 0.91002
vt 0.12500 0.89931
vt 0.18750 0.89099
vt 0.25000 0.87963
vt 0.00000 1.00000
vt 0.06250 1.00000
vt 0.12500 1.00000
vt 0.18750 1.00000
vt 0.25000 1.00000
vt 0.75000 0.00000
vt 0.75000 0.08865
vt 0.81250 0.08944
vt 0.81250 0.00000
vt 0.87500 0.00000
vt 0.87500 0.08704
vt 0.93750 0.08947
vt 0.93750 0.00000
vt 1.00000 0.00000
vt 1.00000 0.09482
vt 0.75000 0.16940
vt 0.81250 0.17204
vt 0.87500 0.17437
vt 0.93750 0.16600
vt 1.00000 0.15296
vt 0.75000 0.26636
vt 0.81250 0.26430
vt 0.87500 0.26390
vt 0.93750 0.25935
vt 1.00000 0.25026
vt 0.75000 0.34756
vt 0.81250 0.35130
vt 0.87500 0.35371
vt 0.93750 0.33838
vt 1.00000 0.31742
vt 0.75000 0.41075
vt 0.81250 0.41331
vt 0.87500 0.41541
vt 0.93750 0.39897
vt 1.00000 0.37546
vt 0.75000 0.51383
vt 0.81250 0.51124
vt 0.87500 0.50961
vt 0.93750 0.49789
vt 1.00000 0.48116
vt 0.75000 0.60473
vt 0.81250 0.60433
vt 0.87500 0.60411
vt 0.93750 0.58384
vt 1.00000 0.55871
vt 0.75000 0.71169
vt 0.81250 0.70564
vt 0.87500 0.70137
vt 0.93750 0.68764
vt 1.00000 0.67060
vt 0.75000 0.80937
vt 0.81250 0.80391
vt 0.87500 0.79895
vt 0.93750 0.77992
vt 1.00000 0.75403
vt 0.75000 0.92161
vt 0.81250 0.90968
vt 0.87500 0.89932
vt 0.93750 0.88801
vt 1.00000 0.87210
vt 0.75000 1.00000
vt 0.81250 1.00000
vt 0.87500 1.00000
vt 0.93750 1.00000
vt 1.00000 1.00000
vt 0.75000 0.00000
vt 0.75000 0.09688
vt 0.81250 0.09034
vt 0.81250 0.00000
vt 0.87500 0.00000
vt 0.87500 0.08707
vt 0.93750 0.08788
vt 0.93750 0.00000
vt 1.00000 0.00000
vt 1.00000 0.08898
vt 0.75000 0.17010
vt 0.81250 0.17137
vt 0.87500 0.17437
vt 0.93750 0.16754
vt 1.00000 0.16132
vt 0.75000 0.26870
vt 0.81250 0.26460
vt 0.87500 0.26393
vt 0.93750 0.25826
vt 1.00000 0.25224
vt 0.75000 0.34909
vt 0.81250 0.35007
vt 0.87500 0.35372
vt 0.93750 0.34226
vt 1.00000 0.32893
vt 0.75000 0.41102
vt 0.81250 0.41270
vt 0.87500 0.41539
vt 0.93750 0.40271
vt 1.00000 0.38732
vt 0.75000 0.51609
vt 0.81250 0.51236
vt 0.87500 0.50963
vt 0.93750 0.49907
vt 1.00000 0.48506
vt 0.75000 0.60298
vt 0.81250 0.60433
vt 0.87500 0.60410
vt 0.93750 0.58918
vt 1.00000 0.57141
vt 0.75000 0.71177
vt 0.81250 0.70791
vt 0.87500 0.70139
vt 0.93750 0.68944
vt 1.00000 0.67507
vt 0.75000 0.80805
vt 0.81250 0.80414
vt 0.87500 0.79894
vt 0.93750 0.78362
vt 1.00000 0.76588
vt 0.75000 0.92338
vt 0.81250 0.91152
vt 0.87500 0.89935
vt 0.93750 0.88788
vt 1.00000 0.87544
vt 0.75000 1.00000
vt 0.81250 1.00000
vt 0.87500 1.00000
vt 0.93750 1.00000
vt 1.00000 1.00000
vt 0.75000 0.00000
vt 0.75000 0.09241
vt 0.81250 0.08860
vt 0.81250 0.00000
vt 0.87500 0.00000
vt 0.87500 0.08708
vt 0.93750 0.08833
vt 0.93750 0.00000
vt 1.00000 0.00000
vt 1.00000 0.08910
vt 0.75000 0.17393
vt 0.81250 0.17340
vt 0.87500 0.17438
vt 0.93750 0.16649
vt 1.00000 0.15668
vt 0.75000 0.26743
vt 0.81250 0.26521
vt 0.87500 0.26395
vt 0.93750 0.25791
vt 1.00000 0.25166
vt 0.75000 0.35242
vt 0.81250 0.35243
vt 0.87500 0.35373
vt 0.93750 0.34043
vt 1.00000 0.32536
vt 0.75000 0.41544
vt 0.81250 0.41459
vt 0.87500 0.41539
vt 0.93750 0.40083
vt 1.00000 0.38502
vt 0.75000 0.51550
vt 0.81250 0.51134
vt 0.87500 0.50963
vt 0.93750 0.49842
vt 1.00000 0.48808
vt 0.75000 0.60726
vt 0.81250 0.60433
vt 0.87500 0.60410
vt 0.93750 0.58795
vt 1.00000 0.57044
vt 0.75000 0.71195
vt 0.81250 0.70510
vt 0.87500 0.70141
vt 0.93750 0.68968
vt 1.00000 0.67745
vt 0.75000 0.80931
vt 0.81250 0.80314
vt 0.87500 0.79894
vt 0.93750 0.78310
vt 1.00000 0.76534
vt 0.75000 0.91853
vt 0.81250 0.90777
vt 0.87500 0.89936
vt 0.93750 0.88894
vt 1.00000 0.88030
vt 0.75000 1.00000
vt 0.81250 1.00000
vt 0.87500 1.00000
vt 0.93750 1.00000
vt 1.00000 1.00000
vt 0.00000 0.00000
vt 0.00000 0.08978
vt 0.06250 0.08858
vt 0.06250 0.00000
vt 0.12500 0.00000
vt 0.12500 0.08711
vt 0.18750 0.08854
vt 0.18750 0.00000
vt 0.25000 0.00000
vt 0.25000 0.09187
vt 0.00000 0.17435
vt 0.06250 0.17371
vt 0.12500 0.17439
vt 0.18750 0.16702
vt 0.25000 0.15907
vt 0.00000 0.26825
vt 0.06250 0.26482
vt 0.12500 0.26397
vt 0.18750 0.25893
vt 0.25000 0.25300
vt 0.00000 0.35409
vt 0.06250 0.35345
vt 0.12500 0.35373
vt 0.18750 0.34074
vt 0.25000 0.32467
vt 0.00000 0.41698
vt 0.06250 0.41546
vt 0.12500 0.41537
vt 0.18750 0.40114
vt 0.25000 0.38275
vt 0.00000 0.51501
vt 0.06250 0.51188
vt 0.12500 0.50963
vt 0.18750 0.49887
vt 0.25000 0.48507
vt 0.00000 0.60763
vt 0.06250 0.60631
vt 0.12500 0.60407
vt 0.18750 0.58730
vt 0.25000 0.56717
vt 0.00000 0.71106
vt 0.06250 0.70634
vt 0.12500 0.70141
vt 0.18750 0.68908
vt 0.25000 0.67336
vt 0.00000 0.80996
vt 0.06250 0.80443
vt 0.12500 0.79893
vt 0.18750 0.78244
vt 0.25000 0.76361
vt 0.00000 0.91653
vt 0.06250 0.90803
vt 0.12500 0.89937
vt 0.18750 0.88920
vt 0.25000 0.87689
vt 0.00000 1.00000
vt 0.06250 1.00000
vt 0.12500 1.00000
vt 0.18750 1.00000
vt 0.25000 1.00000
vt 0.25000 0.00000
vt 0.25000 0.09105
vt 0.31250 0.08868
vt 0.31250 0.00000
vt 0.37500 0.00000
vt 0.37500 0.08713
vt 0.43750 0.08825
vt 0.43750 0.00000
vt 0.50000 0.00000
vt 0.50000 0.08840
vt 0.25000 0.17373
vt 0.31250 0.17411
vt 0.37500 0.17439
vt 0.43750 0.16777
vt 0.50000 0.16070
vt 0.25000 0.26661
vt 0.31250 0.26518
vt 0.37500 0.26399
vt 0.43750 0.25856
vt 0.50000 0.25242
vt 0.25000 0.35382
vt 0.31250 0.35353
vt 0.37500 0.35373
vt 0.43750 0.34133
vt 0.50000 0.32777
vt 0.25000 0.41607
vt 0.31250 0.41538
vt 0.37500 0.41536
vt 0.43750 0.40144
vt 0.50000 0.38736
vt 0.25000 0.51456
vt 0.31250 0.51168
vt 0.37500 0.50963
vt 0.43750 0.49815
vt 0.50000 0.48578
vt 0.25000 0.60849
vt 0.31250 0.60611
vt 0.37500 0.60406
vt 0.43750 0.58809
vt 0.50000 0.56972
vt 0.25000 0.71116
vt 0.31250 0.70626
vt 0.37500 0.70142
vt 0.43750 0.68872
vt 0.50000 0.67306
vt 0.25000 0.80909
vt 0.31250 0.80437
vt 0.37500 0.79893
vt 0.43750 0.78356
vt 0.50000 0.76706
vt 0.25000 0.91558
vt 0.31250 0.90824
vt 0.37500 0.89939
vt 0.43750 0.88864
vt 0.50000 0.87660
vt 0.25000 1.00000
vt 0.31250 1.00000
vt 0.37500 1.00000
vt 0.43750 1.00000
vt 0.50000 1.00000
vt 0.50000 0.00000
vt 0.50000 0.08857
vt 0.56250 0.08756
vt 0.56250 0.00000
vt 0.62500 0.00000
vt 0.62500 0.08714
vt 0.68750 0.08817
vt 0.68750 0.00000
vt 0.75000 0.00000
vt 0.75000 0.08853
vt 0.50000 0.17410
vt 0.56250 0.17331
vt 0.62500 0.17439
vt 0.68750 0.16835
vt 0.75000 0.16157
vt 0.50000 0.26492
vt 0.56250 0.26420
vt 0.62500 0.26401
vt 0.68750 0.25967
vt 0.75000 0.25408
vt 0.50000 0.35406
vt 0.56250 0.35372
vt 0.62500 0.35375
vt 0.68750 0.34303
vt 0.75000 0.33004
vt 0.50000 0.41638
vt 0.56250 0.41600
vt 0.62500 0.41536
vt 0.68750 0.40380
vt 0.75000 0.39252
vt 0.50000 0.51316
vt 0.56250 0.51231
vt 0.62500 0.50966
vt 0.68750 0.50075
vt 0.75000 0.49198
vt 0.50000 0.60992
vt 0.56250 0.60750
vt 0.62500 0.60408
vt 0.68750 0.58998
vt 0.75000 0.57594
vt 0.50000 0.71100
vt 0.56250 0.70712
vt 0.62500 0.70145
vt 0.68750 0.69034
vt 0.75000 0.67997
vt 0.50000 0.81053
vt 0.56250 0.80579
vt 0.62500 0.79895
vt 0.68750 0.78449
vt 0.75000 0.77090
vt 0.50000 0.91558
vt 0.56250 0.90935
vt 0.62500 0.89940
vt 0.68750 0.88904
vt 0.75000 0.88146
vt 0.50000 1.00000
vt 0.56250 1.00000
vt 0.62500 1.00000
vt 0.68750 1.00000
vt 0.75000 1.00000
vt 0.75000 0.00000
vt 0.75000 0.08977
vt 0.81250 0.08897
vt 0.81250 0.00000
vt 0.87500 0.00000
vt 0.87500 0.08715
vt 0.93750 0.08700
vt 0.93750 0.00000
vt 1.00000 0.00000
vt 1.00000 0.08723
vt 0.75000 0.17509
vt 0.81250 0.17472
vt 0.87500 0.17439
vt 0.93750 0.16816
vt 1.00000 0.16225
vt 0.75000 0.26830
vt 0.81250 0.26605
vt 0.87500 0.26402
vt 0.93750 0.25794
vt 1.00000 0.25194
vt 0.75000 0.35651
vt 0.81250 0.35466
vt 0.87500 0.35374
vt 0.93750 0.34203
vt 1.00000 0.33171
vt 0.75000 0.41917
vt 0.81250 0.41660
vt 0.87500 0.41533
vt 0.93750 0.40316
vt 1.00000 0.39102
vt 0.75000 0.51800
vt 0.81250 0.51337
vt 0.87500 0.50965
vt 0.93750 0.49891
vt 1.00000 0.48753
vt 0.75000 0.61255
vt 0.81250 0.60803
vt 0.87500 0.60405
vt 0.93750 0.59003
vt 1.00000 0.57463
vt 0.75000 0.71467
vt 0.81250 0.70800
vt 0.87500 0.70145
vt 0.93750 0.68990
vt 1.00000 0.67836
vt 0.75000 0.81267
vt 0.81250 0.80633
vt 0.87500 0.79894
vt 0.93750 0.78603
vt 1.00000 0.77218
vt 0.75000 0.92054
vt 0.81250 0.91002
vt 0.87500 0.89942
vt 0.93750 0.88978
vt 1.00000 0.87913
vt 0.75000 1.00000
vt 0.81250 1.00000
vt 0.87500 1.00000
vt 0.93750 1.00000
vt 1.00000 1.00000
vt 0.00000 0.00000
vt 0.00000 0.09032
vt 0.06250 0.08813
vt 0.06250 0.00000
vt 0.12500 0.00000
vt 0.12500 0.08717
vt 0.18750 0.08755
vt 0.18750 0.00000
vt 0.25000 0.00000
vt 0.25000 0.08759
vt 0.00000 0.17528
vt 0.06250 0.17441
vt 0.12500 0.17440
vt 0.18750 0.17009
vt 0.25000 0.16545
vt 0.00000 0.26699
vt 0.06250 0.26522
vt 0.12500 0.26405
vt 0.18750 0.26033
vt 0.25000 0.25547
vt 0.00000 0.35509
vt 0.06250 0.35408
vt 0.12500 0.35376
vt 0.18750 0.34591
vt 0.25000 0.33845
vt 0.00000 0.41677
vt 0.06250 0.41609
vt 0.12500 0.41534
vt 0.18750 0.40654
vt 0.25000 0.39834
vt 0.00000 0.51466
vt 0.06250 0.51199
vt 0.12500 0.50966
vt 0.18750 0.50198
vt 0.25000 0.49438
vt 0.00000 0.60945
vt 0.06250 0.60627
vt 0.12500 0.60406
vt 0.18750 0.59278
vt 0.25000 0.58295
vt 0.00000 0.71022
vt 0.06250 0.70562
vt 0.12500 0.70146
vt 0.18750 0.69226
vt 0.25000 0.68374
vt 0.00000 0.81051
vt 0.06250 0.80482
vt 0.12500 0.79893
vt 0.18750 0.78707
vt 0.25000 0.77763
vt 0.00000 0.91618
vt 0.06250 0.90809
vt 0.12500 0.89943
vt 0.18750 0.88994
vt 0.25000 0.88097
vt 0.00000 1.00000
vt 0.06250 1.00000
vt 0.12500 1.00000
vt 0.18750 1.00000
vt 0.25000 1.00000
vt 0.75000 0.00000
vt 0.75000 0.08793
vt 0.81250 0.08763
vt 0.81250 0.00000
vt 0.87500 0.00000
vt 0.87500 0.08717
vt 0.93750 0.08740
vt 0.93750 0.00000
vt 1.00000 0.00000
vt 1.00000 0.08710
vt 0.75000 0.17645
vt 0.81250 0.17538
vt 0.87500 0.17440
vt 0.93750 0.16910
vt 1.00000 0.16351
vt 0.75000 0.26709
vt 0.81250 0.26571
vt 0.87500 0.26405
vt 0.93750 0.25953
vt 1.00000 0.25458
vt 0.75000 0.35807
vt 0.81250 0.35597
vt 0.87500 0.35376
vt 0.93750 0.34527
vt 1.00000 0.33562
vt 0.75000 0.42082
vt 0.81250 0.41849
vt 0.87500 0.41534
vt 0.93750 0.40620
vt 1.00000 0.39554
vt 0.75000 0.51620
vt 0.81250 0.51365
vt 0.87500 0.50967
vt 0.93750 0.50215
vt 1.00000 0.49221
vt 0.75000 0.61201
vt 0.81250 0.60894
vt 0.87500 0.60406
vt 0.93750 0.59328
vt 1.00000 0.58184
vt 0.75000 0.71061
vt 0.81250 0.70750
vt 0.87500 0.70147
vt 0.93750 0.69276
vt 1.00000 0.68285
vt 0.75000 0.81214
vt 0.81250 0.80672
vt 0.87500 0.79893
vt 0.93750 0.78755
vt 1.00000 0.77551
vt 0.75000 0.91508
vt 0.81250 0.90898
vt 0.87500 0.89944
vt 0.93750 0.89014
vt 1.00000 0.87987
vt 0.75000 1.00000
vt 0.81250 1.00000
vt 0.87500 1.00000
vt 0.93750 1.00000
vt 1.00000 1.00000
vt 0.75000 0.00000
vt 0.75000 0.08685
vt 0.81250 0.08725
vt 0.81250 0.00000
vt 0.87500 0.00000
vt 0.87500 0.08718
vt 0.93750 0.08768
vt 0.93750 0.00000
vt 1.00000 0.00000
vt 1.00000 0.08776
vt 0.75000 0.17631
vt 0.81250 0.17536
vt 0.87500 0.17440
vt 0.93750 0.16995
vt 1.00000 0.16513
vt 0.75000 0.26625
vt 0.81250 0.26535
vt 0.87500 0.26406
vt 0.93750 0.26050
vt 1.00000 0.25720
vt 0.75000 0.35901
vt 0.81250 0.35677
vt 0.87500 0.35377
vt 0.93750 0.34563
vt 1.00000 0.33796
vt 0.75000 0.42344
vt 0.81250 0.41916
vt 0.87500 0.41534
vt 0.93750 0.40614
vt 1.00000 0.39715
vt 0.75000 0.51838
vt 0.81250 0.51405
vt 0.87500 0.50968
vt 0.93750 0.50168
vt 1.00000 0.49379
vt 0.75000 0.61589
vt 0.81250 0.61000
vt 0.87500 0.60406
vt 0.93750 0.59271
vt 1.00000 0.58133
vt 0.75000 0.71422
vt 0.81250 0.70839
vt 0.87500 0.70147
vt 0.93750 0.69176
vt 1.00000 0.68321
vt 0.75000 0.81563
vt 0.81250 0.80771
vt 0.87500 0.79893
vt 0.93750 0.78625
vt 1.00000 0.77349
vt 0.75000 0.91832
vt 0.81250 0.90910
vt 0.87500 0.89944
vt 0.93750 0.88901
vt 1.00000 0.87795
vt 0.75000 1.00000
vt 0.81250 1.00000
vt 0.87500 1.00000
vt 0.93750 1.00000
vt 1.00000 1.00000

g palm01
usemtl palm01
f 2/2/2 1/1/1 3/3/3
f 4/4/4 2/2/2 3/3/3
f 5/5/5 1/1/1 2/2/2
f 7/7/7 6/6/6 1/1/1
f 5/5/5 7/7/7 1/1/1
f 8/8/8 6/6/6 7/7/7
f 10/10/10 9/9/9 6/6/6
f 8/8/8 10/10/10 6/6/6
f 11/11/11 9/9/9 10/10/10
f 13/13/13 12/12/12 9/9/9
f 11/11/11 13/13/13 9/9/9
f 14/14/14 12/12/12 13/13/13
f 16/16/16 15/15/15 12/12/12
f 14/14/14 16/16/16 12/12/12
f 17/17/17 15/15/15 16/16/16
f 19/19/19 18/18/18 15/15/15
f 17/17/17 19/19/19 15/15/15
f 20/20/20 18/18/18 19/19/19
f 22/22/22 21/21/21 18/18/18
f 20/20/20 22/22/22 18/18/18
f 23/23/23 21/21/21 22/22/22
f 25/25/25 24/24/24 21/21/21
f 23/23/23 25/25/25 21/21/21
f 26/26/26 24/24/24 25/25/25
f 28/28/28 27/27/27 24/24/24
f 26/26/26 28/28/28 24/24/24
f 29/29/29 27/27/27 28/28/28
f 31/31/31 30/30/30 27/27/27
f 29/29/29 31/31/31 27/27/27
f 32/32/32 30/30/30 31/31/31
f 34/34/34 33/33/33 30/30/30
f 32/32/32 34/34/34 30/30/30
f 35/35/35 33/33/33 34/34/34
f 37/37/37 36/36/36 33/33/33
f 35/35/35 37/37/37 33/33/33
f 38/38/38 36/36/36 37/37/37
f 40/40/40 39/39/39 36/36/36
f 38/38/38 40/40/40 36/36/36
f 41/41/41 39/39/39 40/40/40
f 43/43/43 42/42/42 39/39/39
f 41/41/41 43/43/43 39/39/39
f 44/44/44 42/42/42 43/43/43
f 46/46/46 45/45/45 42/42/42
f 44/44/44 46/46/46 42/42/42
f 47/47/47 45/45/45 46/46/46
f 49/49/49 48/48/48 45/45/45
f 47/47/47 49/49/49 45/45/45
f 50/50/50 48/48/48 49/49/49
f 52/52/52 51/51/51 48/48/48
f 50/50/50 52/52/52 48/48/48
f 53/53/53 51/51/51 52/52/52
f 55/55/55 54/54/54 51/51/51
f 53/53/53 55/55/55 51/51/51
f 56/56/56 54/54/54 55/55/55
f 58/58/58 57/57/57 54/54/54
f 56/56/56 58/58/58 54/54/54
f 59/59/59 57/57/57 58/58/58
f 61/61/61 60/60/60 57/57/57
f 59/59/59 61/61/61 57/57/57
f 62/62/62 60/60/60 61/61/61
f 63/63/63 3/3/3 64/64/64
f 1/1/1 64/64/64 3/3/3
f 1/1/1 6/6/6 64/64/64
f 65/65/65 64/64/64 6/6/6
f 65/65/65 6/6/6 66/66/66
f 9/9/9 66/66/66 6/6/6
f 9/9/9 12/12/12 66/66/66
f 67/67/67 66/66/66 12/12/12
f 67/67/67 12/12/12 68/68/68
f 15/15/15 68/68/68 12/12/12
f 15/15/15 18/18/18 68/68/68
f 69/69/69 68/68/68 18/18/18
f 69/69/69 18/18/18 70/70/70
f 21/21/21 70/70/70 18/18/18
f 21/21/21 24/24/24 70/70/70
f 71/71/71 70/70/70 24/24/24
f 71/71/71 24/24/24 72/72/72
f 27/27/27 72/72/72 24/24/24
f 27/27/27 30/30/30 72/72/72
f 73/73/73 72/72/72 30/30/30
f 73/73/73 30/30/30 74/74/74
f 33/33/33 74/74/74 30/30/30
f 33/33/33 36/36/36 74/74/74
f 75/75/75 74/74/74 36/36/36
f 75/75/75 36/36/36 76/76/76
f 39/39/39 76/76/76 36/36/36
f 39/39/39 42/42/42 76/76/76
f 77/77/77 76/76/76 42/42/42
f 77/77/77 42/42/42 78/78/78
f 45/45/45 78/78/78 42/42/42
f 45/45/45 48/48/48 78/78/78
f 79/79/79 78/78/78 48/48/48
f 79/79/79 48/48/48 80/80/80
f 51/51/51 80/80/80 48/48/48
f 51/51/51 54/54/54 80/80/80
f 81/81/81 80/80/80 54/54/54
f 81/81/81 54/54/54 82/82/82
f 57/57/57 82/82/82 54/54/54
f 57/57/57 60/60/60 82/82/82
f 83/83/83 82/82/82 60/60/60
f 84/84/84 63/63/63 85/85/85
f 64/64/64 85/85/85 63/63/63
f 64/64/64 65/65/65 85/85/85
f 86/86/86 85/85/85 65/65/65
f 86/86/86 65/65/65 87/87/87
f 66/66/66 87/87/87 65/65/65
f 66/66/66 67/67/67 87/87/87
f 88/88/88 87/87/87 67/67/67
f 88/88/88 67/67/67 89/89/89
f 68/68/68 89/89/89 67/67/67
f 68/68/68 69/69/69 89/89/89
f 90/90/90 89/89/89 69/69/69
f 90/90/90 69/69/69 91/91/91
f 70/70/70 91/91/91 69/69/69
f 70/70/70 71/71/71 91/91/91
f 92/92/92 91/91/91 71/71/71
f 92/92/92 71/71/71 93/93/93
f 72/72/72 93/93/93 71/71/71
f 72/72/72 73/73/73 93/93/93
f 94/94/94 93/93/93 73/73/73
f 94/94/94 73/73/73 95/95/95
f 74/74/74 95/95/95 73/73/73
f 74/74/74 75/75/75 95/95/95
f 96/96/96 95/95/95 75/75/75
f 96/96/96 75/75/75 97/97/97
f 76/76/76 97/97/97 75/75/75
f 76/76/76 77/77/77 97/97/97
f 98/98/98 97/97/97 77/77/77
f 98/98/98 77/77/77 99/99/99
f 78/78/78 99/99/99 77/77/77
f 78/78/78 79/79/79 99/99/99
f 100/100/100 99/99/99 79/79/79
f 100/100/100 79/79/79 101/101/101
f 80/80/80 101/101/101 79/79/79
f 80/80/80 81/81/81 101/101/101
f 102/102/102 101/101/101 81/81/81
f 102/102/102 81/81/81 103/103/103
f 82/82/82 103/103/103 81/81/81
f 82/82/82 83/83/83 103/103/103
f 104/104/104 103/103/103 83/83/83
f 105/105/105 84/84/84 106/106/106
f 85/85/85 106/106/106 84/84/84
f 85/85/85 86/86/86 106/106/106
f 107/107/107 106/106/106 86/86/86
f 107/107/107 86/86/86 108/108/108
f 87/87/87 108/108/108 86/86/86
f 87/87/87 88/88/88 108/108/108
f 109/109/109 108/108/108 88/88/88
f 109/109/109 88/88/88 110/110/110
f 89/89/89 110/110/110 88/88/88
f 89/89/89 90/90/90 110/110/110
f 111/111/111 110/110/110 90/90/90
f 111/111/111 90/90/90 112/112/112
f 91/91/91 112/112/112 90/90/90
f 91/91/91 92/92/92 112/112/112
f 113/113/113 112/112/112 92/92/92
f 113/113/113 92/92/92 114/114/114
f 93/93/93 114/114/114 92/92/92
f 93/93/93 94/94/94 114/114/114
f 115/115/115 114/114/114 94/94/94
f 115/115/115 94/94/94 116/116/116
f 95/95/95 116/116/116 94/94/94
f 95/95/95 96/96/96 116/116/116
f 117/117/117 116/116/116 96/96/96
f 117/117/117 96/96/96 118/118/118
f 97/97/97 118/118/118 96/96/96
f 97/97/97 98/98/98 118/118/118
f 119/119/119 118/118/118 98/98/98
f 119/119/119 98/98/98 120/120/120
f 99/99/99 120/120/120 98/98/98
f 99/99/99 100/100/100 120/120/120
f 121/121/121 120/120/120 100/100/100
f 121/121/121 100/100/100 122/122/122
f 101/101/101 122/122/122 100/100/100
f 101/101/101 102/102/102 122/122/122
f 123/123/123 122/122/122 102/102/102
f 123/123/123 102/102/102 124/124/124
f 103/103/103 124/124/124 102/102/102
f 103/103/103 104/104/104 124/124/124
f 125/125/125 124/124/124 104/104/104
f 126/126/126 105/105/105 127/127/127
f 106/106/106 127/127/127 105/105/105
f 106/106/106 107/107/107 127/127/127
f 128/128/128 127/127/127 107/107/107
f 128/128/128 107/107/107 129/129/129
f 108/108/108 129/129/129 107/107/107
f 108/108/108 109/109/109 129/129/129
f 130/130/130 129/129/129 109/109/109
f 130/130/130 109/109/109 131/131/131
f 110/110/110 131/131/131 109/109/109
f 110/110/110 111/111/111 131/131/131
f 132/132/132 131/131/131 111/111/111
f 132/132/132 111/111/111 133/133/133
f 112/112/112 133/133/133 111/111/111
f 112/112/112 113/113/113 133/133/133
f 134/134/134 133/133/133 113/113/113
f 134/134/134 113/113/113 135/135/135
f 114/114/114 135/135/135 113/113/113
f 114/114/114 115/115/115 135/135/135
f 136/136/136 135/135/135 115/115/115
f 136/136/136 115/115/115 137/137/137
f 116/116/116 137/137/137 115/115/115
f 116/116/116 117/117/117 137/137/137
f 138/138/138 137/137/137 117/117/117
f 138/138/138 117/117/117 139/139/139
f 118/118/118 139/139/139 117/117/117
f 118/118/118 119/119/119 139/139/139
f 140/140/140 139/139/139 119/119/119
f 140/140/140 119/119/119 141/141/141
f 120/120/120 141/141/141 119/119/119
f 120/120/120 121/121/121 141/141/141
f 142/142/142 141/141/141 121/121/121
f 142/142/142 121/121/121 143/143/143
f 122/122/122 143/143/143 121/121/121
f 122/122/122 123/123/123 143/143/143
f 144/144/144 143/143/143 123/123/123
f 144/144/144 123/123/123 145/145/145
f 124/124/124 145/145/145 123/123/123
f 124/124/124 125/125/125 145/145/145
f 146/146/146 145/145/145 125/125/125
f 147/147/147 126/126/126 148/148/148
f 127/127/127 148/148/148 126/126/126
f 127/127/127 128/128/128 148/148/148
f 149/149/149 148/148/148 128/128/128
f 149/149/149 128/128/128 150/150/150
f 129/129/129 150/150/150 128/128/128
f 129/129/129 130/130/130 150/150/150
f 151/151/151 150/150/150 130/130/130
f 151/151/151 130/130/130 152/152/152
f 131/131/131 152/152/152 130/130/130
f 131/131/131 132/132/132 152/152/152
f 153/153/153 152/152/152 132/132/132
f 153/153/153 132/132/132 154/154/154
f 133/133/133 154/154/154 132/132/132
f 133/133/133 134/134/134 154/154/154
f 155/155/155 154/154/154 134/134/134
f 155/155/155 134/134/134 156/156/156
f 135/135/135 156/156/156 134/134/134
f 135/135/135 136/136/136 156/156/156
f 157/157/157 156/156/156 136/136/136
f 157/157/157 136/136/136 158/158/158
f 137/137/137 158/158/158 136/136/136
f 137/137/137 138/138/138 158/158/158
f 159/159/159 158/158/158 138/138/138
f 159/159/159 138/138/138 160/160/160
f 139/139/139 160/160/160 138/138/138
f 139/139/139 140/140/140 160/160/160
f 161/161/161 160/160/160 140/140/140
f 161/161/161 140/140/140 162/162/162
f 141/141/141 162/162/162 140/140/140
f 141/141/141 142/142/142 162/162/162
f 163/163/163 162/162/162 142/142/142
f 163/163/163 142/142/142 164/164/164
f 143/143/143 164/164/164 142/142/142
f 143/143/143 144/144/144 164/164/164
f 165/165/165 164/164/164 144/144/144
f 165/165/165 144/144/144 166/166/166
f 145/145/145 166/166/166 144/144/144
f 145/145/145 146/146/146 166/166/166
f 167/167/167 166/166/166 146/146/146
f 168/168/168 147/147/147 169/169/169
f 148/148/148 169/169/169 147/147/147
f 148/148/148 149/149/149 169/169/169
f 170/170/170 169/169/169 149/149/149
f 170/170/170 149/149/149 171/171/171
f 150/150/150 171/171/171 149/149/149
f 150/150/150 151/151/151 171/171/171
f 172/172/172 171/171/171 151/151/151
f 172/172/172 151/151/151 173/173/173
f 152/152/152 173/173/173 151/151/151
f 152/152/152 153/153/153 173/173/173
f 174/174/174 173/173/173 153/153/153
f 174/174/174 153/153/153 175/175/175
f 154/154/154 175/175/175 153/153/153
f 154/154/154 155/155/155 175/175/175
f 176/176/176 175/175/175 155/155/155
f 176/176/176 155/155/155 177/177/177
f 156/156/156 177/177/177 155/155/155
f 156/156/156 157/157/157 177/177/177
f 178/178/178 177/177/177 157/157/157
f 178/178/178 157/157/157 179/179/179
f 158/158/158 179/179/179 157/157/157
f 158/158/158 159/159/159 179/179/179
f 180/180/180 179/179/179 159/159/159
f 180/180/180 159/159/159 181/181/181
f 160/160/160 181/181/181 159/159/159
f 160/160/160 161/161/161 181/181/181
f 182/182/182 181/181/181 161/161/161
f 182/182/182 161/161/161 183/183/183
f 162/162/162 183/183/183 161/161/161
f 162/162/162 163/163/163 183/183/183
f 184/184/184 183/183/183 163/163/163
f 184/184/184 163/163/163 185/185/185
f 164/164/164 185/185/185 163/163/163
f 164/164/164 165/165/165 185/185/185
f 186/186/186 185/185/185 165/165/165
f 186/186/186 165/165/165 187/187/187
f 166/166/166 187/187/187 165/165/165
f 166/166/166 167/167/167 187/187/187
f 188/188/188 187/187/187 167/167/167
f 189/189/189 168/168/168 190/190/190
f 169/169/169 190/190/190 168/168/168
f 169/169/169 170/170/170 190/190/190
f 191/191/191 190/190/190 170/170/170
f 191/191/191 170/170/170 192/192/192
f 171/171/171 192/192/192 170/170/170
f 171/171/171 172/172/172 192/192/192
f 193/193/193 192/192/192 172/172/172
f 193/193/193 172/172/172 194/194/194
f 173/173/173 194/194/194 172/172/172
f 173/173/173 174/174/174 194/194/194
f 195/195/195 194/194/194 174/174/174
f 195/195/195 174/174/174 196/196/196
f 175/175/175 196/196/196 174/174/174
f 175/175/175 176/176/176 196/196/196
f 197/197/197 196/196/196 176/176/176
f 197/197/197 176/176/176 198/198/198
f 177/177/177 198/198/198 176/176/176
f 177/177/177 178/178/178 198/198/198
f 199/199/199 198/198/198 178/178/178
f 199/199/199 178/178/178 200/200/200
f 179/179/179 200/200/200 178/178/178
f 179/179/179 180/180/180 200/200/200
f 201/201/201 200/200/200 180/180/180
f 201/201/201 180/180/180 202/202/202
f 181/181/181 202/202/202 180/180/180
f 181/181/181 182/182/182 202/202/202
f 203/203/203 202/202/202 182/182/182
f 203/203/203 182/182/182 204/204/204
f 183/183/183 204/204/204 182/182/182
f 183/183/183 184/184/184 204/204/204
f 205/205/205 204/204/204 184/184/184
f 205/205/205 184/184/184 206/206/206
f 185/185/185 206/206/206 184/184/184
f 185/185/185 186/186/186 206/206/206
f 207/207/207 206/206/206 186/186/186
f 207/207/207 186/186/186 208/208/208
f 187/187/187 208/208/208 186/186/186
f 187/187/187 188/188/188 208/208/208
f 209/209/209 208/208/208 188/188/188
f 210/210/210 189/189/189 211/211/211
f 190/190/190 211/211/211 189/189/189
f 190/190/190 191/191/191 211/211/211
f 212/212/212 211/211/211 191/191/191
f 212/212/212 191/191/191 213/213/213
f 192/192/192 213/213/213 191/191/191
f 192/192/192 193/193/193 213/213/213
f 214/214/214 213/213/213 193/193/193
f 214/214/214 193/193/193 215/215/215
f 194/194/194 215/215/215 193/193/193
f 194/194/194 195/195/195 215/215/215
f 216/216/216 215/215/215 195/195/195
f 216/216/216 195/195/195 217/217/217
f 196/196/196 217/217/217 195/195/195
f 196/196/196 197/197/197 217/217/217
f 218/218/218 217/217/217 197/197/197
f 218/218/218 197/197/197 219/219/219
f 198/198/198 219/219/219 197/197/197
f 198/198/198 199/199/199 219/219/219
f 220/220/220 219/219/219 199/199/199
f 220/220/220 199/199/199 221/221/221
f 200/200/200 221/221/221 199/199/199
f 200/200/200 201/201/201 221/221/221
f 222/222/222 221/221/221 201/201/201
f 222/222/222 201/201/201 223/223/223
f 202/202/202 223/223/223 201/201/201
f 202/202/202 203/203/203 223/223/223
f 224/224/224 223/223/223 203/203/203
f 224/224/224 203/203/203 225/225/225
f 204/204/204 225/225/225 203/203/203
f 204/204/204 205/205/205 225/225/225
f 226/226/226 225/225/225 205/205/205
f 226/226/226 205/205/205 227/227/227
f 206/206/206 227/227/227 205/205/205
f 206/206/206 207/207/207 227/227/227
f 228/228/228 227/227/227 207/207/207
f 228/228/228 207/207/207 229/229/229
f 208/208/208 229/229/229 207/207/207
f 208/208/208 209/209/209 229/229/229
f 230/230/230 229/229/229 209/209/209
f 231/231/231 210/210/210 232/232/232
f 211/211/211 232/232/232 210/210/210
f 211/211/211 212/212/212 232/232/232
f 233/233/233 232/232/232 212/212/212
f 233/233/233 212/212/212 234/234/234
f 213/213/213 234/234/234 212/212/212
f 213/213/213 214/214/214 234/234/234
f 235/235/235 234/234/234 214/214/214
f 235/235/235 214/214/214 236/236/236
f 215/215/215 236/236/236 214/214/214
f 215/215/215 216/216/216 236/236/236
f 237/237/237 236/236/236 216/216/216
f 237/237/237 216/216/216 238/238/238
f 217/217/217 238/238/238 216/216/216
f 217/217/217 218/218/218 238/238/238
f 239/239/239 238/238/238 218/218/218
f 239/239/239 218/218/218 240/240/240
f 219/219/219 240/240/240 218/218/218
f 219/219/219 220/220/220 240/240/240
f 241/241/241 240/240/240 220/220/220
f 241/241/241 220/220/220 242/242/242
f 221/221/221 242/242/242 220/220/220
f 221/221/221 222/222/222 242/242/242
f 243/243/243 242/242/242 222/222/222
f 243/243/243 222/222/222 244/244/244
f 223/223/223 244/244/244 222/222/222
f 223/223/223 224/224/224 244/244/244
f 245/245/245 244/244/244 224/224/224
f 245/245/245 224/224/224 246/246/246
f 225/225/225 246/246/246 224/224/224
f 225/225/225 226/226/226 246/246/246
f 247/247/247 246/246/246 226/226/226
f 247/247/247 226/226/226 248/248/248
f 227/227/227 248/248/248 226/226/226
f 227/227/227 228/228/228 248/248/248
f 249/249/249 248/248/248 228/228/228
f 249/249/249 228/228/228 250/250/250
f 229/229/229 250/250/250 228/228/228
f 229/229/229 230/230/230 250/250/250
f 251/251/251 250/250/250 230/230/230
f 252/252/252 231/231/231 253/253/253
f 232/232/232 253/253/253 231/231/231
f 232/232/232 233/233/233 253/253/253
f 254/254/254 253/253/253 233/233/233
f 254/254/254 233/233/233 255/255/255
f 234/234/234 255/255/255 233/233/233
f 234/234/234 235/235/235 255/255/255
f 256/256/256 255/255/255 235/235/235
f 256/256/256 235/235/235 257/257/257
f 236/236/236 257/257/257 235/235/235
f 236/236/236 237/237/237 257/257/257
f 258/258/258 257/257/257 237/237/237
f 258/258/258 237/237/237 259/259/259
f 238/238/238 259/259/259 237/237/237
f 238/238/238 239/239/239 259/259/259
f 260/260/260 259/259/259 239/239/239
f 260/260/260 239/239/239 261/261/261
f 240/240/240 261/261/261 239/239/239
f 240/240/240 241/241/241 261/261/261
f 262/262/262 261/261/261 241/241/241
f 262/262/262 241/241/241 263/263/263
f 242/242/242 263/263/263 241/241/241
f 242/242/242 243/243/243 263/263/263
f 264/264/264 263/263/263 243/243/243
f 264/264/264 243/243/243 265/265/265
f 244/244/244 265/265/265 243/243/243
f 244/244/244 245/245/245 265/265/265
f 266/266/266 265/265/265 245/245/245
f 266/266/266 245/245/245 267/267/267
f 246/246/246 267/267/267 245/245/245
f 246/246/246 247/247/247 267/267/267
f 268/268/268 267/267/267 247/247/247
f 268/268/268 247/247/247 269/269/269
f 248/248/248 269/269/269 247/247/247
f 248/248/248 249/249/249 269/269/269
f 270/270/270 269/269/269 249/249/249
f 270/270/270 249/249/249 271/271/271
f 250/250/250 271/271/271 249/249/249
f 250/250/250 251/251/251 271/271/271
f 272/272/272 271/271/271 251/251/251
f 273/273/273 252/252/252 274/274/274
f 253/253/253 274/274/274 252/252/252
f 253/253/253 254/254/254 274/274/274
f 275/275/275 274/274/274 254/254/254
f 275/275/275 254/254/254 276/276/276
f 255/255/255 276/276/276 254/254/254
f 255/255/255 256/256/256 276/276/276
f 277/277/277 276/276/276 256/256/256
f 277/277/277 256/256/256 278/278/278
f 257/257/257 278/278/278 256/256/256
f 257/257/257 258/258/258 278/278/278
f 279/279/279 278/278/278 258/258/258
f 279/279/279 258/258/258 280/280/280
f 259/259/259 280/280/280 258/258/258
f 259/259/259 260/260/260 280/280/280
f 281/281/281 280/280/280 260/260/260
f 281/281/281 260/260/260 282/282/282
f 261/261/261 282/282/282 260/260/260
f 261/261/261 262/262/262 282/282/282
f 283/283/283 282/282/282 262/262/262
f 283/283/283 262/262/262 284/284/284
f 263/263/263 284/284/284 262/262/262
f 263/263/263 264/264/264 284/284/284
f 285/285/285 284/284/284 264/264/264
f 285/285/285 264/264/264 286/286/286
f 265/265/265 286/286/286 264/264/264
f 265/265/265 266/266/266 286/286/286
f 287/287/287 286/286/286 266/266/266
f 287/287/287 266/266/266 288/288/288
f 267/267/267 288/288/288 266/266/266
f 267/267/267 268/268/268 288/288/288
f 289/289/289 288/288/288 268/268/268
f 289/289/289 268/268/268 290/290/290
f 269/269/269 290/290/290 268/268/268
f 269/269/269 270/270/270 290/290/290
f 291/291/291 290/290/290 270/270/270
f 291/291/291 270/270/270 292/292/292
f 271/271/271 292/292/292 270/270/270
f 271/271/271 272/272/272 292/292/292
f 293/293/293 292/292/292 272/272/272
f 294/294/294 273/273/273 295/295/295
f 274/274/274 295/295/295 273/273/273
f 274/274/274 275/275/275 295/295/295
f 296/296/296 295/295/295 275/275/275
f 296/296/296 275/275/275 297/297/297
f 276/276/276 297/297/297 275/275/275
f 276/276/276 277/277/277 297/297/297
f 298/298/298 297/297/297 277/277/277
f 298/298/298 277/277/277 299/299/299
f 278/278/278 299/299/299 277/277/277
f 278/278/278 279/279/279 299/299/299
f 300/300/300 299/299/299 279/279/279
f 300/300/300 279/279/279 301/301/301
f 280/280/280 301/301/301 279/279/279
f 280/280/280 281/281/281 301/301/301
f 302/302/302 301/301/301 281/281/281
f 302/302/302 281/281/281 303/303/303
f 282/282/282 303/303/303 281/281/281
f 282/282/282 283/283/283 303/303/303
f 304/304/304 303/303/303 283/283/283
f 304/304/304 283/283/283 305/305/305
f 284/284/284 305/305/305 283/283/283
f 284/284/284 285/285/285 305/305/305
f 306/306/306 305/305/305 285/285/285
f 306/306/306 285/285/285 307/307/307
f 286/286/286 307/307/307 285/285/285
f 286/286/286 287/287/287 307/307/307
f 308/308/308 307/307/307 287/287/287
f 308/308/308 287/287/287 309/309/309
f 288/288/288 309/309/309 287/287/287
f 288/288/288 289/289/289 309/309/309
f 310/310/310 309/309/309 289/289/289
f 310/310/310 289/289/289 311/311/311
f 290/290/290 311/311/311 289/289/289
f 290/290/290 291/291/291 311/311/311
f 312/312/312 311/311/311 291/291/291
f 312/312/312 291/291/291 313/313/313
f 292/292/292 313/313/313 291/291/291
f 292/292/292 293/293/293 313/313/313
f 314/314/314 313/313/313 293/293/293
f 315/315/315 294/294/294 316/316/316
f 295/295/295 316/316/316 294/294/294
f 295/295/295 296/296/296 316/316/316
f 317/317/317 316/316/316 296/296/296
f 317/317/317 296/296/296 318/318/318
f 297/297/297 318/318/318 296/296/296
f 297/297/297 298/298/298 318/318/318
f 319/319/319 318/318/318 298/298/298
f 319/319/319 298/298/298 320/320/320
f 299/299/299 320/320/320 298/298/298
f 299/299/299 300/300/300 320/320/320
f 321/321/321 320/320/320 300/300/300
f 321/321/321 300/300/300 322/322/322
f 301/301/301 322/322/322 300/300/300
f 301/301/301 302/302/302 322/322/322
f 323/323/323 322/322/322 302/302/302
f 323/323/323 302/302/302 324/324/324
f 303/303/303 324/324/324 302/302/302
f 303/303/303 304/304/304 324/324/324
f 325/325/325 324/324/324 304/304/304
f 325/325/325 304/304/304 326/326/326
f 305/305/305 326/326/326 304/304/304
f 305/305/305 306/306/306 326/326/326
f 327/327/327 326/326/326 306/306/306
f 327/327/327 306/306/306 328/328/328
f 307/307/307 328/328/328 306/306/306
f 307/307/307 308/308/308 328/328/328
f 329/329/329 328/328/328 308/308/308
f 329/329/329 308/308/308 330/330/330
f 309/309/309 330/330/330 308/308/308
f 309/309/309 310/310/310 330/330/330
f 331/331/331 330/330/330 310/310/310
f 331/331/331 310/310/310 332/332/332
f 311/311/311 332/332/332 310/310/310
f 311/311/311 312/312/312 332/332/332
f 333/333/333 332/332/332 312/312/312
f 333/333/333 312/312/312 334/334/334
f 313/313/313 334/334/334 312/312/312
f 313/313/313 314/314/314 334/334/334
f 335/335/335 334/334/334 314/314/314
f 315/315/315 316/316/316 336/336/336
f 317/317/317 337/337/337 316/316/316
f 316/316/316 337/337/337 336/336/336
f 317/317/317 318/318/318 337/337/337
f 319/319/319 338/338/338 318/318/318
f 318/318/318 338/338/338 337/337/337
f 319/319/319 320/320/320 338/338/338
f 321/321/321 339/339/339 320/320/320
f 320/320/320 339/339/339 338/338/338
f 321/321/321 322/322/322 339/339/339
f 323/323/323 340/340/340 322/322/322
f 322/322/322 340/340/340 339/339/339
f 323/323/323 324/324/324 340/340/340
f 325/325/325 341/341/341 324/324/324
f 324/324/324 341/341/341 340/340/340
f 325/325/325 326/326/326 341/341/341
f 327/327/327 342/342/342 326/326/326
f 326/326/326 342/342/342 341/341/341
f 327/327/327 328/328/328 342/342/342
f 329/329/329 343/343/343 328/328/328
f 328/328/328 343/343/343 342/342/342
f 329/329/329 330/330/330 343/343/343
f 331/331/331 344/344/344 330/330/330
f 330/330/330 344/344/344 343/343/343
f 331/331/331 332/332/332 344/344/344
f 333/333/333 345/345/345 332/332/332
f 332/332/332 345/345/345 344/344/344
f 333/333/333 334/334/334 345/345/345
f 335/335/335 346/346/346 334/334/334
f 334/334/334 346/346/346 345/345/345
f 347/347/347 336/336/336 348/348/348
f 337/337/337 348/348/348 336/336/336
f 337/337/337 338/338/338 348/348/348
f 349/349/349 348/348/348 338/338/338
f 349/349/349 338/338/338 350/350/350
f 339/339/339 350/350/350 338/338/338
f 339/339/339 340/340/340 350/350/350
f 351/351/351 350/350/350 340/340/340
f 351/351/351 340/340/340 352/352/352
f 341/341/341 352/352/352 340/340/340
f 341/341/341 342/342/342 352/352/352
f 353/353/353 352/352/352 342/342/342
f 353/353/353 342/342/342 354/354/354
f 343/343/343 354/354/354 342/342/342
f 343/343/343 344/344/344 354/354/354
f 355/355/355 354/354/354 344/344/344
f 355/355/355 344/344/344 356/356/356
f 345/345/345 356/356/356 344/344/344
f 345/345/345 346/346/346 356/356/356
f 357/357/357 356/356/356 346/346/346
f 358/358/358 347/347/347 359/359/359
f 348/348/348 359/359/359 347/347/347
f 348/348/348 349/349/349 359/359/359
f 360/360/360 359/359/359 349/349/349
f 360/360/360 349/349/349 361/361/361
f 350/350/350 361/361/361 349/349/349
f 350/350/350 351/351/351 361/361/361
f 362/362/362 361/361/361 351/351/351
f 362/362/362 351/351/351 363/363/363
f 352/352/352 363/363/363 351/351/351
f 352/352/352 353/353/353 363/363/363
f 364/364/364 363/363/363 353/353/353
f 364/364/364 353/353/353 365/365/365
f 354/354/354 365/365/365 353/353/353
f 354/354/354 355/355/355 365/365/365
f 366/366/366 365/365/365 355/355/355
f 366/366/366 355/355/355 367/367/367
f 356/356/356 367/367/367 355/355/355
f 356/356/356 357/357/357 367/367/367
f 368/368/368 367/367/367 357/357/357
f 369/369/369 358/358/358 370/370/370
f 359/359/359 370/370/370 358/358/358
f 359/359/359 360/360/360 370/370/370
f 371/371/371 370/370/370 360/360/360
f 371/371/371 360/360/360 372/372/372
f 361/361/361 372/372/372 360/360/360
f 361/361/361 362/362/362 372/372/372
f 373/373/373 372/372/372 362/362/362
f 373/373/373 362/362/362 374/374/374
f 363/363/363 374/374/374 362/362/362
f 363/363/363 364/364/364 374/374/374
f 375/375/375 374/374/374 364/364/364
f 375/375/375 364/364/364 376/376/376
f 365/365/365 376/376/376 364/364/364
f 365/365/365 366/366/366 376/376/376
f 377/377/377 376/376/376 366/366/366
f 377/377/377 366/366/366 378/378/378
f 367/367/367 378/378/378 366/366/366
f 367/367/367 368/368/368 378/378/378
f 379/379/379 378/378/378 368/368/368
f 380/380/380 369/369/369 381/381/381
f 370/370/370 381/381/381 369/369/369
f 370/370/370 371/371/371 381/381/381
f 382/382/382 381/381/381 371/371/371
f 382/382/382 371/371/371 383/383/383
f 372/372/372 383/383/383 371/371/371
f 372/372/372 373/373/373 383/383/383
f 384/384/384 383/383/383 373/373/373
f 384/384/384 373/373/373 385/385/385
f 374/374/374 385/385/385 373/373/373
f 374/374/374 375/375/375 385/385/385
f 386/386/386 385/385/385 375/375/375
f 386/386/386 375/375/375 387/387/387
f 376/376/376 387/387/387 375/375/375
f 376/376/376 377/377/377 387/387/387
f 388/388/388 387/387/387 377/377/377
f 388/388/388 377/377/377 389/389/389
f 378/378/378 389/389/389 377/377/377
f 378/378/378 379/379/379 389/389/389
f 390/390/390 389/389/389 379/379/379
f 391/391/391 380/380/380 392/392/392
f 381/381/381 392/392/392 380/380/380
f 381/381/381 382/382/382 392/392/392
f 393/393/393 392/392/392 382/382/382
f 393/393/393 382/382/382 394/394/394
f 383/383/383 394/394/394 382/382/382
f 383/383/383 384/384/384 394/394/394
f 395/395/395 394/394/394 384/384/384
f 395/395/395 384/384/384 396/396/396
f 385/385/385 396/396/396 384/384/384
f 385/385/385 386/386/386 396/396/396
f 397/397/397 396/396/396 386/386/386
f 397/397/397 386/386/386 398/398/398
f 387/387/387 398/398/398 386/386/386
f 387/387/387 388/388/388 398/398/398
f 399/399/399 398/398/398 388/388/388
f 399/399/399 388/388/388 400/400/400
f 389/389/389 400/400/400 388/388/388
f 389/389/389 390/390/390 400/400/400
f 401/401/401 400/400/400 390/390/390
f 402/402/402 391/391/391 403/403/403
f 392/392/392 403/403/403 391/391/391
f 392/392/392 393/393/393 403/403/403
f 404/404/404 403/403/403 393/393/393
f 404/404/404 393/393/393 405/405/405
f 394/394/394 405/405/405 393/393/393
f 394/394/394 395/395/395 405/405/405
f 406/406/406 405/405/405 395/395/395
f 406/406/406 395/395/395 407/407/407
f 396/396/396 407/407/407 395/395/395
f 396/396/396 397/397/397 407/407/407
f 408/408/408 407/407/407 397/397/397
f 408/408/408 397/397/397 409/409/409
f 398/398/398 409/409/409 397/397/397
f 398/398/398 399/399/399 409/409/409
f 410/410/410 409/409/409 399/399/399
f 410/410/410 399/399/399 411/411/411
f 400/400/400 411/411/411 399/399/399
f 400/400/400 401/401/401 411/411/411
f 412/412/412 411/411/411 401/401/401
f 413/413/413 402/402/402 414/414/414
f 403/403/403 414/414/414 402/402/402
f 403/403/403 404/404/404 414/414/414
f 415/415/415 414/414/414 404/404/404
f 415/415/415 404/404/404 416/416/416
f 405/405/405 416/416/416 404/404/404
f 405/405/405 406/406/406 416/416/416
f 417/417/417 416/416/416 406/406/406
f 417/417/417 406/406/406 418/418/418
f 407/407/407 418/418/418 406/406/406
f 407/407/407 408/408/408 418/418/418
f 419/419/419 418/418/418 408/408/408
f 419/419/419 408/408/408 420/420/420
f 409/409/409 420/420/420 408/408/408
f 409/409/409 410/410/410 420/420/420
f 421/421/421 420/420/420 410/410/410
f 421/421/421 410/410/410 422/422/422
f 411/411/411 422/422/422 410/410/410
f 411/411/411 412/412/412 422/422/422
f 423/423/423 422/422/422 412/412/412
f 424/424/424 413/413/413 425/425/425
f 414/414/414 425/425/425 413/413/413
f 414/414/414 415/415/415 425/425/425
f 426/426/426 425/425/425 415/415/415
f 426/426/426 415/415/415 427/427/427
f 416/416/416 427/427/427 415/415/415
f 416/416/416 417/417/417 427/427/427
f 428/428/428 427/427/427 417/417/417
f 428/428/428 417/417/417 429/429/429
f 418/418/418 429/429/429 417/417/417
f 418/418/418 419/419/419 429/429/429
f 430/430/430 429/429/429 419/419/419
f 430/430/430 419/419/419 431/431/431
f 420/420/420 431/431/431 419/419/419
f 420/420/420 421/421/421 431/431/431
f 432/432/432 431/431/431 421/421/421
f 432/432/432 421/421/421 433/433/433
f 422/422/422 433/433/433 421/421/421
f 422/422/422 423/423/423 433/433/433
f 434/434/434 433/433/433 423/423/423
f 435/435/435 424/424/424 436/436/436
f 425/425/425 436/436/436 424/424/424
f 425/425/425 426/426/426 436/436/436
f 437/437/437 436/436/436 426/426/426
f 437/437/437 426/426/426 438/438/438
f 427/427/427 438/438/438 426/426/426
f 427/427/427 428/428/428 438/438/438
f 439/439/439 438/438/438 428/428/428
f 439/439/439 428/428/428 440/440/440
f 429/429/429 440/440/440 428/428/428
f 429/429/429 430/430/430 440/440/440
f 441/441/441 440/440/440 430/430/430
f 441/441/441 430/430/430 442/442/442
f 431/431/431 442/442/442 430/430/430
f 431/431/431 432/432/432 442/442/442
f 443/443/443 442/442/442 432/432/432
f 443/443/443 432/432/432 444/444/444
f 433/433/433 444/444/444 432/432/432
f 433/433/433 434/434/434 444/444/444
f 445/445/445 444/444/444 434/434/434
f 446/446/446 435/435/435 447/447/447
f 436/436/436 447/447/447 435/435/435
f 436/436/436 437/437/437 447/447/447
f 448/448/448 447/447/447 437/437/437
f 448/448/448 437/437/437 449/449/449
f 438/438/438 449/449/449 437/437/437
f 438/438/438 439/439/439 449/449/449
f 450/450/450 449/449/449 439/439/439
f 450/450/450 439/439/439 451/451/451
f 440/440/440 451/451/451 439/439/439
f 440/440/440 441/441/441 451/451/451
f 452/452/452 451/451/451 441/441/441
f 452/452/452 441/441/441 453/453/453
f 442/442/442 453/453/453 441/441/441
f 442/442/442 443/443/443 453/453/453
f 454/454/454 453/453/453 443/443/443
f 454/454/454 443/443/443 455/455/455
f 444/444/444 455/455/455 443/443/443
f 444/444/444 445/445/445 455/455/455
f 456/456/456 455/455/455 445/445/445
f 457/457/457 446/446/446 458/458/458
f 447/447/447 458/458/458 446/446/446
f 447/447/447 448/448/448 458/458/458
f 459/459/459 458/458/458 448/448/448
f 459/459/459 448/448/448 460/460/460
f 449/449/449 460/460/460 448/448/448
f 449/449/449 450/450/450 460/460/460
f 461/461/461 460/460/460 450/450/450
f 461/461/461 450/450/450 462/462/462
f 451/451/451 462/462/462 450/450/450
f 451/451/451 452/452/452 462/462/462
f 463/463/463 462/462/462 452/452/452
f 463/463/463 452/452/452 464/464/464
f 453/453/453 464/464/464 452/452/452
f 453/453/453 454/454/454 464/464/464
f 465/465/465 464/464/464 454/454/454
f 465/465/465 454/454/454 466/466/466
f 455/455/455 466/466/466 454/454/454
f 455/455/455 456/456/456 466/466/466
f 467/467/467 466/466/466 456/456/456
f 468/468/468 457/457/457 469/469/469
f 458/458/458 469/469/469 457/457/457
f 458/458/458 459/459/459 469/469/469
f 470/470/470 469/469/469 459/459/459
f 470/470/470 459/459/459 471/471/471
f 460/460/460 471/471/471 459/459/459
f 460/460/460 461/461/461 471/471/471
f 472/472/472 471/471/471 461/461/461
f 472/472/472 461/461/461 473/473/473
f 462/462/462 473/473/473 461/461/461
f 462/462/462 463/463/463 473/473/473
f 474/474/474 473/473/473 463/463/463
f 474/474/474 463/463/463 475/475/475
f 464/464/464 475/475/475 463/463/463
f 464/464/464 465/465/465 475/475/475
f 476/476/476 475/475/475 465/465/465
f 476/476/476 465/465/465 477/477/477
f 466/466/466 477/477/477 465/465/465
f 466/466/466 467/467/467 477/477/477
f 478/478/478 477/477/477 467/467/467
f 479/479/479 468/468/468 480/480/480
f 469/469/469 480/480/480 468/468/468
f 469/469/469 470/470/470 480/480/480
f 481/481/481 480/480/480 470/470/470
f 481/481/481 470/470/470 482/482/482
f 471/471/471 482/482/482 470/470/470
f 471/471/471 472/472/472 482/482/482
f 483/483/483 482/482/482 472/472/472
f 483/483/483 472/472/472 484/484/484
f 473/473/473 484/484/484 472/472/472
f 473/473/473 474/474/474 484/484/484
f 485/485/485 484/484/484 474/474/474
f 485/485/485 474/474/474 486/486/486
f 475/475/475 486/486/486 474/474/474
f 475/475/475 476/476/476 486/486/486
f 487/487/487 486/486/486 476/476/476
f 487/487/487 476/476/476 488/488/488
f 477/477/477 488/488/488 476/476/476
f 477/477/477 478/478/478 488/488/488
f 489/489/489 488/488/488 478/478/478
f 490/490/490 479/479/479 491/491/491
f 480/480/480 491/491/491 479/479/479
f 480/480/480 481/481/481 491/491/491
f 492/492/492 491/491/491 481/481/481
f 492/492/492 481/481/481 493/493/493
f 482/482/482 493/493/493 481/481/481
f 482/482/482 483/483/483 493/493/493
f 494/494/494 493/493/493 483/483/483
f 494/494/494 483/483/483 495/495/495
f 484/484/484 495/495/495 483/483/483
f 484/484/484 485/485/485 495/495/495
f 496/496/496 495/495/495 485/485/485
f 496/496/496 485/485/485 497/497/497
f 486/486/486 497/497/497 485/485/485
f 486/486/486 487/487/487 497/497/497
f 498/498/498 497/497/497 487/487/487
f 498/498/498 487/487/487 499/499/499
f 488/488/488 499/499/499 487/487/487
f 488/488/488 489/489/489 499/499/499
f 500/500/500 499/499/499 489/489/489
f 501/501/501 490/490/490 502/502/502
f 491/491/491 502/502/502 490/490/490
f 491/491/491 492/492/492 502/502/502
f 503/503/503 502/502/502 492/492/492
f 503/503/503 492/492/492 504/504/504
f 493/493/493 504/504/504 492/492/492
f 493/493/493 494/494/494 504/504/504
f 505/505/505 504/504/504 494/494/494
f 505/505/505 494/494/494 506/506/506
f 495/495/495 506/506/506 494/494/494
f 495/495/495 496/496/496 506/506/506
f 507/507/507 506/506/506 496/496/496
f 507/507/507 496/496/496 508/508/508
f 497/497/497 508/508/508 496/496/496
f 497/497/497 498/498/498 508/508/508
f 509/509/509 508/508/508 498/498/498
f 509/509/509 498/498/498 510/510/510
f 499/499/499 510/510/510 498/498/498
f 499/499/499 500/500/500 510/510/510
f 511/511/511 510/510/510 500/500/500
f 501/501/501 502/502/502 512/512/512
f 503/503/503 513/513/513 502/502/502
f 502/502/502 513/513/513 512/512/512
f 503/503/503 504/504/504 513/513/513
f 505/505/505 514/514/514 504/504/504
f 504/504/504 514/514/514 513/513/513
f 505/505/505 506/506/506 514/514/514
f 507/507/507 515/515/515 506/506/506
f 506/506/506 515/515/515 514/514/514
f 507/507/507 508/508/508 515/515/515
f 509/509/509 516/516/516 508/508/508
f 508/508/508 516/516/516 515/515/515
f 509/509/509 510/510/510 516/516/516
f 511/511/511 517/517/517 510/510/510
f 510/510/510 517/517/517 516/516/516
f 518/518/518 512/512/512 519/519/519
f 513/513/513 519/519/519 512/512/512
f 513/513/513 514/514/514 519/519/519
f 520/520/520 519/519/519 514/514/514
f 520/520/520 514/514/514 521/521/521
f 515/515/515 521/521/521 514/514/514
f 515/515/515 516/516/516 521/521/521
f 522/522/522 521/521/521 516/516/516
f 522/522/522 516/516/516 523/523/523
f 517/517/517 523/523/523 516/516/516
f 524/524/524 518/518/518 525/525/525
f 519/519/519 525/525/525 518/518/518
f 519/519/519 520/520/520 525/525/525
f 526/526/526 525/525/525 520/520/520
f 526/526/526 520/520/520 527/527/527
f 521/521/521 527/527/527 520/520/520
f 521/521/521 522/522/522 527/527/527
f 528/528/528 527/527/527 522/522/522
f 528/528/528 522/522/522 529/529/529
f 523/523/523 529/529/529 522/522/522
f 530/530/530 524/524/524 531/531/531
f 525/525/525 531/531/531 524/524/524
f 525/525/525 526/526/526 531/531/531
f 532/532/532 531/531/531 526/526/526
f 532/532/532 526/526/526 533/533/533
f 527/527/527 533/533/533 526/526/526
f 527/527/527 528/528/528 533/533/533
f 534/534/534 533/533/533 528/528/528
f 534/534/534 528/528/528 535/535/535
f 529/529/529 535/535/535 528/528/528
f 536/536/536 530/530/530 537/537/537
f 531/531/531 537/537/537 530/530/530
f 531/531/531 532/532/532 537/537/537
f 538/538/538 537/537/537 532/532/532
f 538/538/538 532/532/532 539/539/539
f 533/533/533 539/539/539 532/532/532
f 533/533/533 534/534/534 539/539/539
f 540/540/540 539/539/539 534/534/534
f 540/540/540 534/534/534 541/541/541
f 535/535/535 541/541/541 534/534/534
f 542/542/542 536/536/536 543/543/543
f 537/537/537 543/543/543 536/536/536
f 537/537/537 538/538/538 543/543/543
f 544/544/544 543/543/543 538/538/538
f 544/544/544 538/538/538 545/545/545
f 539/539/539 545/545/545 538/538/538
f 539/539/539 540/540/540 545/545/545
f 546/546/546 545/545/545 540/540/540
f 546/546/546 540/540/540 547/547/547
f 541/541/541 547/547/547 540/540/540
f 548/548/548 542/542/542 549/549/549
f 543/543/543 549/549/549 542/542/542
f 543/543/543 544/544/544 549/549/549
f 550/550/550 549/549/549 544/544/544
f 550/550/550 544/544/544 551/551/551
f 545/545/545 551/551/551 544/544/544
f 545/545/545 546/546/546 551/551/551
f 552/552/552 551/551/551 546/546/546
f 552/552/552 546/546/546 553/553/553
f 547/547/547 553/553/553 546/546/546
f 554/554/554 548/548/548 555/555/555
f 549/549/549 555/555/555 548/548/548
f 549/549/549 550/550/550 555/555/555
f 556/556/556 555/555/555 550/550/550
f 556/556/556 550/550/550 557/557/557
f 551/551/551 557/557/557 550/550/550
f 551/551/551 552/552/552 557/557/557
f 558/558/558 557/557/557 552/552/552
f 558/558/558 552/552/552 559/559/559
f 553/553/553 559/559/559 552/552/552
f 560/560/560 554/554/554 561/561/561
f 555/555/555 561/561/561 554/554/554
f 555/555/555 556/556/556 561/561/561
f 562/562/562 561/561/561 556/556/556
f 562/562/562 556/556/556 563/563/563
f 557/557/557 563/563/563 556/556/556
f 557/557/557 558/558/558 563/563/563
f 564/564/564 563/563/563 558/558/558
f 564/564/564 558/558/558 565/565/565
f 559/559/559 565/565/565 558/558/558
f 566/566/566 560/560/560 567/567/567
f 561/561/561 567/567/567 560/560/560
f 561/561/561 562/562/562 567/567/567
f 568/568/568 567/567/567 562/562/562
f 568/568/568 562/562/562 569/569/569
f 563/563/563 569/569/569 562/562/562
f 563/563/563 564/564/564 569/569/569
f 570/570/570 569/569/569 564/564/564
f 570/570/570 564/564/564 571/571/571
f 565/565/565 571/571/571 564/564/564
f 572/572/572 566/566/566 573/573/573
f 567/567/567 573/573/573 566/566/566
f 567/567/567 568/568/568 573/573/573
f 574/574/574 573/573/573 568/568/568
f 574/574/574 568/568/568 575/575/575
f 569/569/569 575/575/575 568/568/568
f 569/569/569 570/570/570 575/575/575
f 576/576/576 575/575/575 570/570/570
f 576/576/576 570/570/570 577/577/577
f 571/571/571 577/577/577 570/570/570
f 578/578/578 572/572/572 579/579/579
f 573/573/573 579/579/579 572/572/572
f 573/573/573 574/574/574 579/579/579
f 580/580/580 579/579/579 574/574/574
f 580/580/580 574/574/574 581/581/581
f 575/575/575 581/581/581 574/574/574
f 575/575/575 576/576/576 581/581/581
f 582/582/582 581/581/581 576/576/576
f 582/582/582 576/576/576 583/583/583
f 577/577/577 583/583/583 576/576/576
f 584/584/584 578/578/578 585/585/585
f 579/579/579 585/585/585 578/578/578
f 579/579/579 580/580/580 585/585/585
f 586/586/586 585/585/585 580/580/580
f 586/586/586 580/580/580 587/587/587
f 581/581/581 587/587/587 580/580/580
f 581/581/581 582/582/582 587/587/587
f 588/588/588 587/587/587 582/582/582
f 588/588/588 582/582/582 589/589/589
f 583/583/583 589/589/589 582/582/582
f 590/590/590 584/584/584 591/591/591
f 585/585/585 591/591/591 584/584/584
f 585/585/585 586/586/586 591/591/591
f 592/592/592 591/591/591 586/586/586
f 592/592/592 586/586/586 593/593/593
f 587/587/587 593/593/593 586/586/586
f 587/587/587 588/588/588 593/593/593
f 594/594/594 593/593/593 588/588/588
f 594/594/594 588/588/588 595/595/595
f 589/589/589 595/595/595 588/588/588
f 596/596/596 590/590/590 597/597/597
f 591/591/591 597/597/597 590/590/590
f 591/591/591 592/592/592 597/597/597
f 598/598/598 597/597/597 592/592/592
f 598/598/598 592/592/592 599/599/599
f 593/593/593 599/599/599 592/592/592
f 593/593/593 594/594/594 599/599/599
f 600/600/600 599/599/599 594/594/594
f 600/600/600 594/594/594 601/601/601
f 595/595/595 601/601/601 594/594/594
f 596/596/596 597/597/597 602/602/602
f 597/597/597 598/598/598 603/603/603
f 598/598/598 599/599/599 604/604/604
f 599/599/599 600/600/600 605/605/605
f 600/600/600 601/601/601 606/606/606
f 946/946/946 945/945/945 947/947/947
f 947/947/947 948/948/948 949/949/949
f 949/949/949 950/950/950 951/951/951
f 951/951/951 952/952/952 953/953/953
f 953/953/953 954/954/954 955/955/955
f 955/955/955 956/956/956 957/957/957
f 957/957/957 958/958/958 959/959/959
f 959/959/959 960/960/960 961/961/961
f 961/961/961 960/960/960 946/946/946
f 961/961/961 946/946/946 962/962/962
f 962/962/962 946/946/946 947/947/947
f 962/962/962 947/947/947 963/963/963
f 963/963/963 947/947/947 949/949/949
f 963/963/963 949/949/949 964/964/964
f 964/964/964 949/949/949 951/951/951
f 964/964/964 951/951/951 965/965/965
f 965/965/965 951/951/951 953/953/953
f 965/965/965 953/953/953 966/966/966
f 966/966/966 953/953/953 955/955/955
f 966/966/966 955/955/955 967/967/967
f 967/967/967 955/955/955 957/957/957
f 967/967/967 957/957/957 968/968/968
f 968/968/968 957/957/957 959/959/959
f 968/968/968 959/959/959 969/969/969
f 969/969/969 959/959/959 961/961/961
f 969/969/969 961/961/961 970/970/970
f 970/970/970 961/961/961 962/962/962
f 970/970/970 962/962/962 971/971/971
f 971/971/971 962/962/962 963/963/963
f 971/971/971 963/963/963 972/972/972
f 972/972/972 963/963/963 964/964/964
f 972/972/972 964/964/964 973/973/973
f 973/973/973 964/964/964 965/965/965
f 973/973/973 965/965/965 974/974/974
f 974/974/974 965/965/965 966/966/966
f 974/974/974 966/966/966 975/975/975
f 975/975/975 966/966/966 967/967/967
f 975/975/975 967/967/967 976/976/976
f 976/976/976 967/967/967 968/968/968
f 976/976/976 968/968/968 977/977/977
f 977/977/977 968/968/968 969/969/969
f 977/977/977 969/969/969 978/978/978
f 978/978/978 969/969/969 970/970/970
f 978/978/978 970/970/970 979/979/979
f 979/979/979 970/970/970 971/971/971
f 979/979/979 971/971/971 980/980/980
f 980/980/980 971/971/971 972/972/972
f 980/980/980 972/972/972 981/981/981
f 981/981/981 972/972/972 973/973/973
f 981/981/981 973/973/973 982/982/982
f 982/982/982 973/973/973 974/974/974
f 982/982/982 974/974/974 983/983/983
f 983/983/983 974/974/974 975/975/975
f 983/983/983 975/975/975 984/984/984
f 984/984/984 975/975/975 976/976/976
f 984/984/984 976/976/976 985/985/985
f 985/985/985 976/976/976 977/977/977
f 985/985/985 977/977/977 986/986/986
f 986/986/986 977/977/977 978/978/978
f 986/986/986 978/978/978 987/987/987
f 987/987/987 978/978/978 979/979/979
f 987/987/987 979/979/979 988/988/988
f 988/988/988 979/979/979 980/980/980
f 988/988/988 980/980/980 989/989/989
f 989/989/989 980/980/980 981/981/981
f 989/989/989 981/981/981 990/990/990
f 990/990/990 981/981/981 982/982/982
f 990/990/990 982/982/982 991/991/991
f 991/991/991 982/982/982 983/983/983
f 991/991/991 983/983/983 992/992/992
f 992/992/992 983/983/983 984/984/984
f 992/992/992 984/984/984 993/993/993
f 993/993/993 984/984/984 985/985/985
f 993/993/993 985/985/985 994/994/994
f 994/994/994 985/985/985 986/986/986
f 994/994/994 986/986/986 995/995/995
f 995/995/995 986/986/986 987/987/987
f 995/995/995 987/987/987 996/996/996
f 996/996/996 987/987/987 988/988/988
f 996/996/996 988/988/988 997/997/997
f 997/997/997 988/988/988 989/989/989
f 997/997/997 989/989/989 998/998/998
f 998/998/998 989/989/989 990/990/990
f 998/998/998 990/990/990 999/999/999
f 999/999/999 990/990/990 991/991/991
f 999/999/999 991/991/991 1000/1000/1000
f 1000/1000/1000 991/991/991 992/992/992
f 1000/1000/1000 992/992/992 1001/1001/1001
f 1001/1001/1001 992/992/992 993/993/993
f 1001/1001/1001 993/993/993 1002/1002/1002
f 1002/1002/1002 993/993/993 994/994/994
f 1002/1002/1002 994/994/994 1003/1003/1003
f 1003/1003/1003 994/994/994 995/995/995
f 1003/1003/1003 995/995/995 1004/1004/1004
f 1004/1004/1004 995/995/995 996/996/996
f 1004/1004/1004 996/996/996 1005/1005/1005
f 1005/1005/1005 996/996/996 997/997/997
f 1005/1005/1005 997/997/997 1006/1006/1006
f 1006/1006/1006 997/997/997 998/998/998
f 1006/1006/1006 998/998/998 1007/1007/1007
f 1007/1007/1007 998/998/998 999/999/999
f 1007/1007/1007 999/999/999 1008/1008/1008
f 1008/1008/1008 999/999/999 1000/1000/1000
f 1008/1008/1008 1000/1000/1000 1009/1009/1009
f 1009/1009/1009 1000/1000/1000 1001/1001/1001
f 1009/1009/1009 1001/1001/1001 1010/1010/1010
f 1010/1010/1010 1001/1001/1001 1002/1002/1002
f 1010/1010/1010 1002/1002/1002 1011/1011/1011
f 1011/1011/1011 1002/1002/1002 1003/1003/1003
f 1011/1011/1011 1003/1003/1003 1012/1012/1012
f 1012/1012/1012 1003/1003/1003 1004/1004/1004
f 1012/1012/1012 1004/1004/1004 1013/1013/1013
f 1013/1013/1013 1004/1004/1004 1005/1005/1005
f 1013/1013/1013 1005/1005/1005 1014/1014/1014
f 1014/1014/1014 1005/1005/1005 1006/1006/1006
f 1014/1014/1014 1006/1006/1006 1015/1015/1015
f 1015/1015/1015 1006/1006/1006 1007/1007/1007
f 1015/1015/1015 1007/1007/1007 1016/1016/1016
f 1016/1016/1016 1007/1007/1007 1008/1008/1008
f 1017/1017/1017 1008/1008/1008 1009/1009/1009
f 1017/1017/1017 1009/1009/1009 1018/1018/1018
f 1018/1018/1018 1009/1009/1009 1010/1010/1010
f 1019/1019/1019 1010/1010/1010 1011/1011/1011
f 1019/1019/1019 1011/1011/1011 1020/1020/1020
f 1020/1020/1020 1011/1011/1011 1012/1012/1012
f 1021/1021/1021 1012/1012/1012 1013/1013/1013
f 1021/1021/1021 1013/1013/1013 1022/1022/1022
f 1022/1022/1022 1013/1013/1013 1014/1014/1014
f 1023/1023/1023 1014/1014/1014 1015/1015/1015
f 1023/1023/1023 1015/1015/1015 1024/1024/1024
f 1026/1026/1026 1025/1025/1025 1027/1027/1027
f 1027/1027/1027 1028/1028/1028 1029/1029/1029
f 1029/1029/1029 1030/1030/1030 1031/1031/1031
f 1031/1031/1031 1032/1032/1032 1033/1033/1033
f 1033/1033/1033 1034/1034/1034 1035/1035/1035
f 1035/1035/1035 1036/1036/1036 1037/1037/1037
f 1037/1037/1037 1038/1038/1038 1039/1039/1039
f 1039/1039/1039 1040/1040/1040 1041/1041/1041
f 1041/1041/1041 1040/1040/1040 1026/1026/1026
f 1041/1041/1041 1026/1026/1026 1042/1042/1042
f 1042/1042/1042 1026/1026/1026 1027/1027/1027
f 1042/1042/1042 1027/1027/1027 1043/1043/1043
f 1043/1043/1043 1027/1027/1027 1029/1029/1029
f 1043/1043/1043 1029/1029/1029 1044/1044/1044
f 1044/1044/1044 1029/1029/1029 1031/1031/1031
f 1044/1044/1044 1031/1031/1031 1045/1045/1045
f 1045/1045/1045 1031/1031/1031 1033/1033/1033
f 1045/1045/1045 1033/1033/1033 1046/1046/1046
f 1046/1046/1046 1033/1033/1033 1035/1035/1035
f 1046/1046/1046 1035/1035/1035 1047/1047/1047
f 1047/1047/1047 1035/1035/1035 1037/1037/1037
f 1047/1047/1047 1037/1037/1037 1048/1048/1048
f 1048/1048/1048 1037/1037/1037 1039/1039/1039
f 1048/1048/1048 1039/1039/1039 1049/1049/1049
f 1049/1049/1049 1039/1039/1039 1041/1041/1041
f 1049/1049/1049 1041/1041/1041 1050/1050/1050
f 1051/1051/1051 1042/1042/1042 1043/1043/1043
f 1051/1051/1051 1043/1043/1043 1052/1052/1052
f 1052/1052/1052 1043/1043/1043 1044/1044/1044
f 1052/1052/1052 1044/1044/1044 1053/1053/1053
f 1053/1053/1053 1044/1044/1044 1045/1045/1045
f 1053/1053/1053 1045/1045/1045 1054/1054/1054
f 1054/1054/1054 1045/1045/1045 1046/1046/1046
f 1054/1054/1054 1046/1046/1046 1055/1055/1055
f 1055/1055/1055 1046/1046/1046 1047/1047/1047
f 1055/1055/1055 1047/1047/1047 1056/1056/1056
f 1056/1056/1056 1047/1047/1047 1048/1048/1048
f 1056/1056/1056 1048/1048/1048 1057/1057/1057
f 1057/1057/1057 1048/1048/1048 1049/1049/1049
f 1057/1057/1057 1049/1049/1049 1058/1058/1058
f 1058/1058/1058 1049/1049/1049 1050/1050/1050
f 1058/1058/1058 1050/1050/1050 1059/1059/1059
f 1059/1059/1059 1050/1050/1050 1051/1051/1051
f 1059/1059/1059 1051/1051/1051 1060/1060/1060
f 1060/1060/1060 1051/1051/1051 1052/1052/1052
f 1060/1060/1060 1052/1052/1052 1061/1061/1061
f 1061/1061/1061 1052/1052/1052 1053/1053/1053
f 1061/1061/1061 1053/1053/1053 1062/1062/1062
f 1062/1062/1062 1053/1053/1053 1054/1054/1054
f 1062/1062/1062 1054/1054/1054 1063/1063/1063
f 1063/1063/1063 1054/1054/1054 1055/1055/1055
f 1063/1063/1063 1055/1055/1055 1064/1064/1064
f 1064/1064/1064 1055/1055/1055 1056/1056/1056
f 1064/1064/1064 1056/1056/1056 1065/1065/1065
f 1065/1065/1065 1056/1056/1056 1057/1057/1057
f 1065/1065/1065 1057/1057/1057 1066/1066/1066
f 1066/1066/1066 1057/1057/1057 1058/1058/1058
f 1066/1066/1066 1058/1058/1058 1067/1067/1067
f 1067/1067/1067 1058/1058/1058 1059/1059/1059
f 1067/1067/1067 1059/1059/1059 1068/1068/1068
f 1068/1068/1068 1059/1059/1059 1060/1060/1060
f 1068/1068/1068 1060/1060/1060 1069/1069/1069
f 1069/1069/1069 1060/1060/1060 1061/1061/1061
f 1069/1069/1069 1061/1061/1061 1070/1070/1070
f 1070/1070/1070 1061/1061/1061 1062/1062/1062
f 1070/1070/1070 1062/1062/1062 1071/1071/1071
f 1071/1071/1071 1062/1062/1062 1063/1063/1063
f 1071/1071/1071 1063/1063/1063 1072/1072/1072
f 1072/1072/1072 1063/1063/1063 1064/1064/1064
f 1072/1072/1072 1064/1064/1064 1073/1073/1073
f 1073/1073/1073 1064/1064/1064 1065/1065/1065
f 1073/1073/1073 1065/1065/1065 1074/1074/1074
f 1074/1074/1074 1065/1065/1065 1066/1066/1066
f 1074/1074/1074 1066/1066/1066 1075/1075/1075
f 1075/1075/1075 1066/1066/1066 1067/1067/1067
f 1075/1075/1075 1067/1067/1067 1076/1076/1076
f 1076/1076/1076 1067/1067/1067 1068/1068/1068
f 1076/1076/1076 1068/1068/1068 1077/1077/1077
f 1077/1077/1077 1068/1068/1068 1069/1069/1069
f 1077/1077/1077 1069/1069/1069 1078/1078/1078
f 1078/1078/1078 1069/1069/1069 1070/1070/1070
f 1078/1078/1078 1070/1070/1070 1079/1079/1079
f 1079/1079/1079 1070/1070/1070 1071/1071/1071
f 1079/1079/1079 1071/1071/1071 1080/1080/1080
f 1080/1080/1080 1071/1071/1071 1072/1072/1072
f 1080/1080/1080 1072/1072/1072 1081/1081/1081
f 1081/1081/1081 1072/1072/1072 1073/1073/1073
f 1081/1081/1081 1073/1073/1073 1082/1082/1082
f 1082/1082/1082 1073/1073/1073 1074/1074/1074
f 1082/1082/1082 1074/1074/1074 1083/1083/1083
f 1083/1083/1083 1074/1074/1074 1075/1075/1075
f 1083/1083/1083 1075/1075/1075 1084/1084/1084
f 1084/1084/1084 1075/1075/1075 1076/1076/1076
f 1084/1084/1084 1076/1076/1076 1085/1085/1085
f 1085/1085/1085 1076/1076/1076 1077/1077/1077
f 1085/1085/1085 1077/1077/1077 1086/1086/1086
f 1086/1086/1086 1077/1077/1077 1078/1078/1078
f 1086/1086/1086 1078/1078/1078 1087/1087/1087
f 1087/1087/1087 1078/1078/1078 1079/1079/1079
f 1087/1087/1087 1079/1079/1079 1088/1088/1088
f 1088/1088/1088 1079/1079/1079 1080/1080/1080
f 1088/1088/1088 1080/1080/1080 1089/1089/1089
f 1089/1089/1089 1080/1080/1080 1081/1081/1081
f 1089/1089/1089 1081/1081/1081 1090/1090/1090
f 1090/1090/1090 1081/1081/1081 1082/1082/1082
f 1090/1090/1090 1082/1082/1082 1091/1091/1091
f 1091/1091/1091 1082/1082/1082 1083/1083/1083
f 1091/1091/1091 1083/1083/1083 1092/1092/1092
f 1092/1092/1092 1083/1083/1083 1084/1084/1084
f 1092/1092/1092 1084/1084/1084 1093/1093/1093
f 1093/1093/1093 1084/1084/1084 1085/1085/1085
f 1093/1093/1093 1085/1085/1085 1094/1094/1094
f 1094/1094/1094 1085/1085/1085 1086/1086/1086
f 1094/1094/1094 1086/1086/1086 1095/1095/1095
f 1095/1095/1095 1086/1086/1086 1087/1087/1087
f 1095/1095/1095 1087/1087/1087 1096/1096/1096
f 1096/1096/1096 1087/1087/1087 1088/1088/1088
f 1096/1096/1096 1088/1088/1088 1097/1097/1097
f 1097/1097/1097 1088/1088/1088 1089/1089/1089
f 1098/1098/1098 1089/1089/1089 1090/1090/1090
f 1098/1098/1098 1090/1090/1090 1099/1099/1099
f 1099/1099/1099 1090/1090/1090 1091/1091/1091
f 1100/1100/1100 1091/1091/1091 1092/1092/1092
f 1100/1100/1100 1092/1092/1092 1101/1101/1101
f 1101/1101/1101 1092/1092/1092 1093/1093/1093
f 1102/1102/1102 1093/1093/1093 1094/1094/1094
f 1102/1102/1102 1094/1094/1094 1103/1103/1103
f 1103/1103/1103 1094/1094/1094 1095/1095/1095
f 1105/1105/1105 1104/1104/1104 1106/1106/1106
f 1106/1106/1106 1107/1107/1107 1108/1108/1108
f 1108/1108/1108 1109/1109/1109 1110/1110/1110
f 1110/1110/1110 1111/1111/1111 1112/1112/1112
f 1112/1112/1112 1113/1113/1113 1114/1114/1114
f 1114/1114/1114 1115/1115/1115 1116/1116/1116
f 1116/1116/1116 1117/1117/1117 1118/1118/1118
f 1118/1118/1118 1119/1119/1119 1120/1120/1120
f 1121/1121/1121 1105/1105/1105 1106/1106/1106
f 1121/1121/1121 1106/1106/1106 1122/1122/1122
f 1122/1122/1122 1106/1106/1106 1108/1108/1108
f 1122/1122/1122 1108/1108/1108 1123/1123/1123
f 1123/1123/1123 1108/1108/1108 1110/1110/1110
f 1123/1123/1123 1110/1110/1110 1124/1124/1124
f 1124/1124/1124 1110/1110/1110 1112/1112/1112
f 1124/1124/1124 1112/1112/1112 1125/1125/1125
f 1125/1125/1125 1112/1112/1112 1114/1114/1114
f 1125/1125/1125 1114/1114/1114 1126/1126/1126
f 1126/1126/1126 1114/1114/1114 1116/1116/1116
f 1126/1126/1126 1116/1116/1116 1127/1127/1127
f 1127/1127/1127 1116/1116/1116 1118/1118/1118
f 1127/1127/1127 1118/1118/1118 1128/1128/1128
f 1128/1128/1128 1118/1118/1118 1120/1120/1120
f 1128/1128/1128 1120/1120/1120 1129/1129/1129
f 1129/1129/1129 1120/1120/1120 1121/1121/1121
f 1129/1129/1129 1121/1121/1121 1130/1130/1130
f 1130/1130/1130 1121/1121/1121 1122/1122/1122
f 1130/1130/1130 1122/1122/1122 1131/1131/1131
f 1131/1131/1131 1122/1122/1122 1123/1123/1123
f 1131/1131/1131 1123/1123/1123 1132/1132/1132
f 1132/1132/1132 1123/1123/1123 1124/1124/1124
f 1132/1132/1132 1124/1124/1124 1133/1133/1133
f 1133/1133/1133 1124/1124/1124 1125/1125/1125
f 1133/1133/1133 1125/1125/1125 1134/1134/1134
f 1134/1134/1134 1125/1125/1125 1126/1126/1126
f 1134/1134/1134 1126/1126/1126 1135/1135/1135
f 1135/1135/1135 1126/1126/1126 1127/1127/1127
f 1135/1135/1135 1127/1127/1127 1136/1136/1136
f 1136/1136/1136 1127/1127/1127 1128/1128/1128
f 1136/1136/1136 1128/1128/1128 1137/1137/1137
f 1137/1137/1137 1128/1128/1128 1129/1129/1129
f 1137/1137/1137 1129/1129/1129 1138/1138/1138
f 1138/1138/1138 1129/1129/1129 1130/1130/1130
f 1138/1138/1138 1130/1130/1130 1139/1139/1139
f 1139/1139/1139 1130/1130/1130 1131/1131/1131
f 1139/1139/1139 1131/1131/1131 1140/1140/1140
f 1140/1140/1140 1131/1131/1131 1132/1132/1132
f 1140/1140/1140 1132/1132/1132 1141/1141/1141
f 1141/1141/1141 1132/1132/1132 1133/1133/1133
f 1141/1141/1141 1133/1133/1133 1142/1142/1142
f 1142/1142/1142 1133/1133/1133 1134/1134/1134
f 1142/1142/1142 1134/1134/1134 1143/1143/1143
f 1143/1143/1143 1134/1134/1134 1135/1135/1135
f 1143/1143/1143 1135/1135/1135 1144/1144/1144
f 1144/1144/1144 1135/1135/1135 1136/1136/1136
f 1144/1144/1144 1136/1136/1136 1145/1145/1145
f 1145/1145/1145 1136/1136/1136 1137/1137/1137
f 1145/1145/1145 1137/1137/1137 1146/1146/1146
f 1146/1146/1146 1137/1137/1137 1138/1138/1138
f 1146/1146/1146 1138/1138/1138 1147/1147/1147
f 1147/1147/1147 1138/1138/1138 1139/1139/1139
f 1147/1147/1147 1139/1139/1139 1148/1148/1148
f 1148/1148/1148 1139/1139/1139 1140/1140/1140
f 1148/1148/1148 1140/1140/1140 1149/1149/1149
f 1149/1149/1149 1140/1140/1140 1141/1141/1141
f 1149/1149/1149 1141/1141/1141 1150/1150/1150
f 1150/1150/1150 1141/1141/1141 1142/1142/1142
f 1150/1150/1150 1142/1142/1142 1151/1151/1151
f 1151/1151/1151 1142/1142/1142 1143/1143/1143
f 1151/1151/1151 1143/1143/1143 1152/1152/1152
f 1152/1152/1152 1143/1143/1143 1144/1144/1144
f 1152/1152/1152 1144/1144/1144 1153/1153/1153
f 1153/1153/1153 1144/1144/1144 1145/1145/1145
f 1153/1153/1153 1145/1145/1145 1154/1154/1154
f 1154/1154/1154 1145/1145/1145 1146/1146/1146
f 1154/1154/1154 1146/1146/1146 1155/1155/1155
f 1155/1155/1155 1146/1146/1146 1147/1147/1147
f 1155/1155/1155 1147/1147/1147 1156/1156/1156
f 1156/1156/1156 1147/1147/1147 1148/1148/1148
f 1156/1156/1156 1148/1148/1148 1157/1157/1157
f 1157/1157/1157 1148/1148/1148 1149/1149/1149
f 1157/1157/1157 1149/1149/1149 1158/1158/1158
f 1158/1158/1158 1149/1149/1149 1150/1150/1150
f 1158/1158/1158 1150/1150/1150 1159/1159/1159
f 1159/1159/1159 1150/1150/1150 1151/1151/1151
f 1159/1159/1159 1151/1151/1151 1160/1160/1160
f 1160/1160/1160 1151/1151/1151 1152/1152/1152
f 1160/1160/1160 1152/1152/1152 1161/1161/1161
f 1161/1161/1161 1152/1152/1152 1153/1153/1153
f 1161/1161/1161 1153/1153/1153 1162/1162/1162
f 1162/1162/1162 1153/1153/1153 1154/1154/1154
f 1162/1162/1162 1154/1154/1154 1163/1163/1163
f 1163/1163/1163 1154/1154/1154 1155/1155/1155
f 1163/1163/1163 1155/1155/1155 1164/1164/1164
f 1164/1164/1164 1155/1155/1155 1156/1156/1156
f 1164/1164/1164 1156/1156/1156 1165/1165/1165
f 1165/1165/1165 1156/1156/1156 1157/1157/1157
f 1165/1165/1165 1157/1157/1157 1166/1166/1166
f 1166/1166/1166 1157/1157/1157 1158/1158/1158
f 1166/1166/1166 1158/1158/1158 1167/1167/1167
f 1167/1167/1167 1158/1158/1158 1159/1159/1159
f 1167/1167/1167 1159/1159/1159 1168/1168/1168
f 1168/1168/1168 1159/1159/1159 1160/1160/1160
f 1168/1168/1168 1160/1160/1160 1169/1169/1169
f 1169/1169/1169 1160/1160/1160 1161/1161/1161
f 1169/1169/1169 1161/1161/1161 1170/1170/1170
f 1170/1170/1170 1161/1161/1161 1162/1162/1162
f 1170/1170/1170 1162/1162/1162 1171/1171/1171
f 1171/1171/1171 1162/1162/1162 1163/1163/1163
f 1171/1171/1171 1163/1163/1163 1172/1172/1172
f 1172/1172/1172 1163/1163/1163 1164/1164/1164
f 1172/1172/1172 1164/1164/1164 1173/1173/1173
f 1173/1173/1173 1164/1164/1164 1165/1165/1165
f 1173/1173/1173 1165/1165/1165 1174/1174/1174
f 1175/1175/1175 1166/1166/1166 1167/1167/1167
f 1175/1175/1175 1167/1167/1167 1176/1176/1176
f 1176/1176/1176 1167/1167/1167 1168/1168/1168
f 1176/1176/1176 1168/1168/1168 1177/1177/1177
f 1177/1177/1177 1168/1168/1168 1169/1169/1169
f 1178/1178/1178 1169/1169/1169 1170/1170/1170
f 1179/1179/1179 1170/1170/1170 1171/1171/1171
f 1179/1179/1179 1171/1171/1171 1180/1180/1180
f 1180/1180/1180 1171/1171/1171 1172/1172/1172
f 1180/1180/1180 1172/1172/1172 1181/1181/1181
f 1181/1181/1181 1172/1172/1172 1173/1173/1173
f 1182/1182/1182 1173/1173/1173 1174/1174/1174
f 1184/1184/1184 1183/1183/1183 1185/1185/1185
f 1185/1185/1185 1186/1186/1186 1187/1187/1187
f 1187/1187/1187 1188/1188/1188 1189/1189/1189
f 1189/1189/1189 1190/1190/1190 1191/1191/1191
f 1191/1191/1191 1192/1192/1192 1193/1193/1193
f 1193/1193/1193 1194/1194/1194 1195/1195/1195
f 1195/1195/1195 1196/1196/1196 1197/1197/1197
f 1197/1197/1197 1198/1198/1198 1199/1199/1199
f 1200/1200/1200 1184/1184/1184 1185/1185/1185
f 1200/1200/1200 1185/1185/1185 1201/1201/1201
f 1201/1201/1201 1185/1185/1185 1187/1187/1187
f 1201/1201/1201 1187/1187/1187 1202/1202/1202
f 1202/1202/1202 1187/1187/1187 1189/1189/1189
f 1202/1202/1202 1189/1189/1189 1203/1203/1203
f 1203/1203/1203 1189/1189/1189 1191/1191/1191
f 1203/1203/1203 1191/1191/1191 1204/1204/1204
f 1204/1204/1204 1191/1191/1191 1193/1193/1193
f 1204/1204/1204 1193/1193/1193 1205/1205/1205
f 1205/1205/1205 1193/1193/1193 1195/1195/1195
f 1205/1205/1205 1195/1195/1195 1206/1206/1206
f 1206/1206/1206 1195/1195/1195 1197/1197/1197
f 1206/1206/1206 1197/1197/1197 1207/1207/1207
f 1207/1207/1207 1197/1197/1197 1199/1199/1199
f 1207/1207/1207 1199/1199/1199 1208/1208/1208
f 1208/1208/1208 1199/1199/1199 1200/1200/1200
f 1208/1208/1208 1200/1200/1200 1209/1209/1209
f 1209/1209/1209 1200/1200/1200 1201/1201/1201
f 1209/1209/1209 1201/1201/1201 1210/1210/1210
f 1210/1210/1210 1201/1201/1201 1202/1202/1202
f 1210/1210/1210 1202/1202/1202 1211/1211/1211
f 1211/1211/1211 1202/1202/1202 1203/1203/1203
f 1211/1211/1211 1203/1203/1203 1212/1212/1212
f 1212/1212/1212 1203/1203/1203 1204/1204/1204
f 1212/1212/1212 1204/1204/1204 1213/1213/1213
f 1213/1213/1213 1204/1204/1204 1205/1205/1205
f 1213/1213/1213 1205/1205/1205 1214/1214/1214
f 1214/1214/1214 1205/1205/1205 1206/1206/1206
f 1214/1214/1214 1206/1206/1206 1215/1215/1215
f 1215/1215/1215 1206/1206/1206 1207/1207/1207
f 1215/1215/1215 1207/1207/1207 1216/1216/1216
f 1216/1216/1216 1207/1207/1207 1208/1208/1208
f 1216/1216/1216 1208/1208/1208 1217/1217/1217
f 1217/1217/1217 1208/1208/1208 1209/1209/1209
f 1217/1217/1217 1209/1209/1209 1218/1218/1218
f 1218/1218/1218 1209/1209/1209 1210/1210/1210
f 1218/1218/1218 1210/1210/1210 1219/1219/1219
f 1219/1219/1219 1210/1210/1210 1211/1211/1211
f 1219/1219/1219 1211/1211/1211 1220/1220/1220
f 1220/1220/1220 1211/1211/1211 1212/1212/1212
f 1220/1220/1220 1212/1212/1212 1221/1221/1221
f 1221/1221/1221 1212/1212/1212 1213/1213/1213
f 1221/1221/1221 1213/1213/1213 1222/1222/1222
f 1222/1222/1222 1213/1213/1213 1214/1214/1214
f 1222/1222/1222 1214/1214/1214 1223/1223/1223
f 1223/1223/1223 1214/1214/1214 1215/1215/1215
f 1223/1223/1223 1215/1215/1215 1224/1224/1224
f 1224/1224/1224 1215/1215/1215 1216/1216/1216
f 1224/1224/1224 1216/1216/1216 1225/1225/1225
f 1225/1225/1225 1216/1216/1216 1217/1217/1217
f 1225/1225/1225 1217/1217/1217 1226/1226/1226
f 1226/1226/1226 1217/1217/1217 1218/1218/1218
f 1226/1226/1226 1218/1218/1218 1227/1227/1227
f 1227/1227/1227 1218/1218/1218 1219/1219/1219
f 1227/1227/1227 1219/1219/1219 1228/1228/1228
f 1228/1228/1228 1219/1219/1219 1220/1220/1220
f 1228/1228/1228 1220/1220/1220 1229/1229/1229
f 1229/1229/1229 1220/1220/1220 1221/1221/1221
f 1229/1229/1229 1221/1221/1221 1230/1230/1230
f 1230/1230/1230 1221/1221/1221 1222/1222/1222
f 1230/1230/1230 1222/1222/1222 1231/1231/1231
f 1231/1231/1231 1222/1222/1222 1223/1223/1223
f 1231/1231/1231 1223/1223/1223 1232/1232/1232
f 1232/1232/1232 1223/1223/1223 1224/1224/1224
f 1232/1232/1232 1224/1224/1224 1233/1233/1233
f 1233/1233/1233 1224/1224/1224 1225/1225/1225
f 1233/1233/1233 1225/1225/1225 1234/1234/1234
f 1234/1234/1234 1225/1225/1225 1226/1226/1226
f 1234/1234/1234 1226/1226/1226 1235/1235/1235
f 1235/1235/1235 1226/1226/1226 1227/1227/1227
f 1235/1235/1235 1227/1227/1227 1236/1236/1236
f 1236/1236/1236 1227/1227/1227 1228/1228/1228
f 1236/1236/1236 1228/1228/1228 1237/1237/1237
f 1237/1237/1237 1228/1228/1228 1229/1229/1229
f 1237/1237/1237 1229/1229/1229 1238/1238/1238
f 1238/1238/1238 1229/1229/1229 1230/1230/1230
f 1238/1238/1238 1230/1230/1230 1239/1239/1239
f 1239/1239/1239 1230/1230/1230 1231/1231/1231
f 1239/1239/1239 1231/1231/1231 1240/1240/1240
f 1240/1240/1240 1231/1231/1231 1232/1232/1232
f 1240/1240/1240 1232/1232/1232 1241/1241/1241
f 1241/1241/1241 1232/1232/1232 1233/1233/1233
f 1241/1241/1241 1233/1233/1233 1242/1242/1242
f 1242/1242/1242 1233/1233/1233 1234/1234/1234
f 1242/1242/1242 1234/1234/1234 1243/1243/1243
f 1243/1243/1243 1234/1234/1234 1235/1235/1235
f 1243/1243/1243 1235/1235/1235 1244/1244/1244
f 1244/1244/1244 1235/1235/1235 1236/1236/1236
f 1244/1244/1244 1236/1236/1236 1245/1245/1245
f 1245/1245/1245 1236/1236/1236 1237/1237/1237
f 1245/1245/1245 1237/1237/1237 1246/1246/1246
f 1246/1246/1246 1237/1237/1237 1238/1238/1238
f 1246/1246/1246 1238/1238/1238 1247/1247/1247
f 1247/1247/1247 1238/1238/1238 1239/1239/1239
f 1247/1247/1247 1239/1239/1239 1248/1248/1248
f 1248/1248/1248 1239/1239/1239 1240/1240/1240
f 1248/1248/1248 1240/1240/1240 1249/1249/1249
f 1249/1249/1249 1240/1240/1240 1241/1241/1241
f 1249/1249/1249 1241/1241/1241 1250/1250/1250
f 1250/1250/1250 1241/1241/1241 1242/1242/1242
f 1250/1250/1250 1242/1242/1242 1251/1251/1251
f 1251/1251/1251 1242/1242/1242 1243/1243/1243
f 1251/1251/1251 1243/1243/1243 1252/1252/1252
f 1252/1252/1252 1243/1243/1243 1244/1244/1244
f 1252/1252/1252 1244/1244/1244 1253/1253/1253
f 1253/1253/1253 1244/1244/1244 1245/1245/1245
f 1253/1253/1253 1245/1245/1245 1254/1254/1254
f 1254/1254/1254 1245/1245/1245 1246/1246/1246
f 1254/1254/1254 1246/1246/1246 1255/1255/1255
f 1255/1255/1255 1246/1246/1246 1247/1247/1247
f 1255/1255/1255 1247/1247/1247 1256/1256/1256
f 1256/1256/1256 1247/1247/1247 1248/1248/1248
f 1256/1256/1256 1248/1248/1248 1257/1257/1257
f 1257/1257/1257 1248/1248/1248 1249/1249/1249
f 1257/1257/1257 1249/1249/1249 1258/1258/1258
f 1258/1258/1258 1249/1249/1249 1250/1250/1250
f 1258/1258/1258 1250/1250/1250 1259/1259/1259
f 1259/1259/1259 1250/1250/1250 1251/1251/1251
f 1259/1259/1259 1251/1251/1251 1260/1260/1260
f 1260/1260/1260 1251/1251/1251 1252/1252/1252
f 1260/1260/1260 1252/1252/1252 1261/1261/1261
f 1261/1261/1261 1252/1252/1252 1253/1253/1253
f 1261/1261/1261 1253/1253/1253 1262/1262/1262
f 1264/1264/1264 1263/1263/1263 1265/1265/1265
f 1265/1265/1265 1266/1266/1266 1267/1267/1267
f 1267/1267/1267 1268/1268/1268 1269/1269/1269
f 1269/1269/1269 1270/1270/1270 1271/1271/1271
f 1271/1271/1271 1272/1272/1272 1273/1273/1273
f 1273/1273/1273 1274/1274/1274 1275/1275/1275
f 1275/1275/1275 1276/1276/1276 1277/1277/1277
f 1277/1277/1277 1278/1278/1278 1279/1279/1279
f 1280/1280/1280 1264/1264/1264 1265/1265/1265
f 1280/1280/1280 1265/1265/1265 1281/1281/1281
f 1281/1281/1281 1265/1265/1265 1267/1267/1267
f 1281/1281/1281 1267/1267/1267 1282/1282/1282
f 1282/1282/1282 1267/1267/1267 1269/1269/1269
f 1282/1282/1282 1269/1269/1269 1283/1283/1283
f 1283/1283/1283 1269/1269/1269 1271/1271/1271
f 1283/1283/1283 1271/1271/1271 1284/1284/1284
f 1284/1284/1284 1271/1271/1271 1273/1273/1273
f 1284/1284/1284 1273/1273/1273 1285/1285/1285
f 1285/1285/1285 1273/1273/1273 1275/1275/1275
f 1285/1285/1285 1275/1275/1275 1286/1286/1286
f 1286/1286/1286 1275/1275/1275 1277/1277/1277
f 1286/1286/1286 1277/1277/1277 1287/1287/1287
f 1287/1287/1287 1277/1277/1277 1279/1279/1279
f 1287/1287/1287 1279/1279/1279 1288/1288/1288
f 1289/1289/1289 1280/1280/1280 1281/1281/1281
f 1289/1289/1289 1281/1281/1281 1290/1290/1290
f 1290/1290/1290 1281/1281/1281 1282/1282/1282
f 1290/1290/1290 1282/1282/1282 1291/1291/1291
f 1291/1291/1291 1282/1282/1282 1283/1283/1283
f 1291/1291/1291 1283/1283/1283 1292/1292/1292
f 1292/1292/1292 1283/1283/1283 1284/1284/1284
f 1292/1292/1292 1284/1284/1284 1293/1293/1293
f 1293/1293/1293 1284/1284/1284 1285/1285/1285
f 1293/1293/1293 1285/1285/1285 1294/1294/1294
f 1294/1294/1294 1285/1285/1285 1286/1286/1286
f 1294/1294/1294 1286/1286/1286 1295/1295/1295
f 1295/1295/1295 1286/1286/1286 1287/1287/1287
f 1295/1295/1295 1287/1287/1287 1296/1296/1296
f 1296/1296/1296 1287/1287/1287 1288/1288/1288
f 1296/1296/1296 1288/1288/1288 1297/1297/1297
f 1297/1297/1297 1288/1288/1288 1289/1289/1289
f 1297/1297/1297 1289/1289/1289 1298/1298/1298
f 1298/1298/1298 1289/1289/1289 1290/1290/1290
f 1298/1298/1298 1290/1290/1290 1299/1299/1299
f 1299/1299/1299 1290/1290/1290 1291/1291/1291
f 1299/1299/1299 1291/1291/1291 1300/1300/1300
f 1300/1300/1300 1291/1291/1291 1292/1292/1292
f 1300/1300/1300 1292/1292/1292 1301/1301/1301
f 1301/1301/1301 1292/1292/1292 1293/1293/1293
f 1301/1301/1301 1293/1293/1293 1302/1302/1302
f 1302/1302/1302 1293/1293/1293 1294/1294/1294
f 1302/1302/1302 1294/1294/1294 1303/1303/1303
f 1303/1303/1303 1294/1294/1294 1295/1295/1295
f 1303/1303/1303 1295/1295/1295 1304/1304/1304
f 1304/1304/1304 1295/1295/1295 1296/1296/1296
f 1304/1304/1304 1296/1296/1296 1305/1305/1305
f 1305/1305/1305 1296/1296/1296 1297/1297/1297
f 1305/1305/1305 1297/1297/1297 1306/1306/1306
f 1307/1307/1307 1298/1298/1298 1299/1299/1299
f 1307/1307/1307 1299/1299/1299 1308/1308/1308
f 1308/1308/1308 1299/1299/1299 1300/1300/1300
f 1308/1308/1308 1300/1300/1300 1309/1309/1309
f 1309/1309/1309 1300/1300/1300 1301/1301/1301
f 1309/1309/1309 1301/1301/1301 1310/1310/1310
f 1310/1310/1310 1301/1301/1301 1302/1302/1302
f 1310/1310/1310 1302/1302/1302 1311/1311/1311
f 1311/1311/1311 1302/1302/1302 1303/1303/1303
f 1311/1311/1311 1303/1303/1303 1312/1312/1312
f 1312/1312/1312 1303/1303/1303 1304/1304/1304
f 1312/1312/1312 1304/1304/1304 1313/1313/1313
f 1313/1313/1313 1304/1304/1304 1305/1305/1305
f 1313/1313/1313 1305/1305/1305 1314/1314/1314
f 1314/1314/1314 1305/1305/1305 1306/1306/1306
f 1314/1314/1314 1306/1306/1306 1315/1315/1315
f 1315/1315/1315 1306/1306/1306 1307/1307/1307
f 1315/1315/1315 1307/1307/1307 1316/1316/1316
f 1316/1316/1316 1307/1307/1307 1308/1308/1308
f 1316/1316/1316 1308/1308/1308 1317/1317/1317
f 1317/1317/1317 1308/1308/1308 1309/1309/1309
f 1317/1317/1317 1309/1309/1309 1318/1318/1318
f 1318/1318/1318 1309/1309/1309 1310/1310/1310
f 1318/1318/1318 1310/1310/1310 1319/1319/1319
f 1319/1319/1319 1310/1310/1310 1311/1311/1311
f 1319/1319/1319 1311/1311/1311 1320/1320/1320
f 1320/1320/1320 1311/1311/1311 1312/1312/1312
f 1320/1320/1320 1312/1312/1312 1321/1321/1321
f 1321/1321/1321 1312/1312/1312 1313/1313/1313
f 1321/1321/1321 1313/1313/1313 1322/1322/1322
f 1322/1322/1322 1313/1313/1313 1314/1314/1314
f 1322/1322/1322 1314/1314/1314 1323/1323/1323
f 1323/1323/1323 1314/1314/1314 1315/1315/1315
f 1323/1323/1323 1315/1315/1315 1324/1324/1324
f 1324/1324/1324 1315/1315/1315 1316/1316/1316
f 1324/1324/1324 1316/1316/1316 1325/1325/1325
f 1325/1325/1325 1316/1316/1316 1317/1317/1317
f 1325/1325/1325 1317/1317/1317 1326/1326/1326
f 1326/1326/1326 1317/1317/1317 1318/1318/1318
f 1326/1326/1326 1318/1318/1318 1327/1327/1327
f 1327/1327/1327 1318/1318/1318 1319/1319/1319
f 1327/1327/1327 1319/1319/1319 1328/1328/1328
f 1328/1328/1328 1319/1319/1319 1320/1320/1320
f 1328/1328/1328 1320/1320/1320 1329/1329/1329
f 1329/1329/1329 1320/1320/1320 1321/1321/1321
f 1329/1329/1329 1321/1321/1321 1330/1330/1330
f 1330/1330/1330 1321/1321/1321 1322/1322/1322
f 1330/1330/1330 1322/1322/1322 1331/1331/1331
f 1331/1331/1331 1322/1322/1322 1323/1323/1323
f 1331/1331/1331 1323/1323/1323 1332/1332/1332
f 1332/1332/1332 1323/1323/1323 1324/1324/1324
f 1332/1332/1332 1324/1324/1324 1333/1333/1333
f 1333/1333/1333 1324/1324/1324 1325/1325/1325
f 1333/1333/1333 1325/1325/1325 1334/1334/1334
f 1334/1334/1334 1325/1325/1325 1326/1326/1326
f 1334/1334/1334 1326/1326/1326 1335/1335/1335
f 1335/1335/1335 1326/1326/1326 1327/1327/1327
f 1335/1335/1335 1327/1327/1327 1336/1336/1336
f 1336/1336/1336 1327/1327/1327 1328/1328/1328
f 1337/1337/1337 1328/1328/1328 1329/1329/1329
f 1338/1338/1338 1329/1329/1329 1330/1330/1330
f 1338/1338/1338 1330/1330/1330 1339/1339/1339
f 1339/1339/1339 1330/1330/1330 1331/1331/1331
f 1339/1339/1339 1331/1331/1331 1340/1340/1340
f 1340/1340/1340 1331/1331/1331 1332/1332/1332
f 1341/1341/1341 1332/1332/1332 1333/1333/1333

g 
usemtl 
f 608/608/608 607/607/607 609/609/609
f 607/607/607 610/610/610 609/609/609
f 610/610/610 611/611/611 609/609/609
f 609/609/609 611/611/611 612/612/612
f 612/612/612 611/611/611 613/613/613
f 611/611/611 614/614/614 613/613/613
f 615/615/615 608/608/608 616/616/616
f 608/608/608 609/609/609 616/616/616
f 609/609/609 612/612/612 616/616/616
f 616/616/616 612/612/612 617/617/617
f 617/617/617 612/612/612 618/618/618
f 612/612/612 613/613/613 618/618/618
f 619/619/619 615/615/615 620/620/620
f 615/615/615 616/616/616 620/620/620
f 616/616/616 617/617/617 620/620/620
f 620/620/620 617/617/617 621/621/621
f 621/621/621 617/617/617 622/622/622
f 617/617/617 618/618/618 622/622/622
f 623/623/623 619/619/619 624/624/624
f 619/619/619 620/620/620 624/624/624
f 620/620/620 621/621/621 624/624/624
f 624/624/624 621/621/621 625/625/625
f 625/625/625 621/621/621 626/626/626
f 621/621/621 622/622/622 626/626/626
f 627/627/627 623/623/623 628/628/628
f 623/623/623 624/624/624 628/628/628
f 624/624/624 625/625/625 628/628/628
f 628/628/628 625/625/625 629/629/629
f 629/629/629 625/625/625 630/630/630
f 625/625/625 626/626/626 630/630/630
f 627/627/627 628/628/628 631/631/631
f 628/628/628 629/629/629 631/631/631
f 629/629/629 630/630/630 632/632/632
f 634/634/634 633/633/633 635/635/635
f 633/633/633 636/636/636 635/635/635
f 636/636/636 637/637/637 635/635/635
f 635/635/635 637/637/637 638/638/638
f 638/638/638 637/637/637 639/639/639
f 637/637/637 640/640/640 639/639/639
f 641/641/641 634/634/634 642/642/642
f 634/634/634 635/635/635 642/642/642
f 635/635/635 638/638/638 642/642/642
f 642/642/642 638/638/638 643/643/643
f 643/643/643 638/638/638 644/644/644
f 638/638/638 639/639/639 644/644/644
f 645/645/645 641/641/641 646/646/646
f 641/641/641 642/642/642 646/646/646
f 642/642/642 643/643/643 646/646/646
f 646/646/646 643/643/643 647/647/647
f 647/647/647 643/643/643 648/648/648
f 643/643/643 644/644/644 648/648/648
f 649/649/649 645/645/645 650/650/650
f 645/645/645 646/646/646 650/650/650
f 646/646/646 647/647/647 650/650/650
f 650/650/650 647/647/647 651/651/651
f 651/651/651 647/647/647 652/652/652
f 647/647/647 648/648/648 652/652/652
f 653/653/653 649/649/649 654/654/654
f 649/649/649 650/650/650 654/654/654
f 650/650/650 651/651/651 654/654/654
f 654/654/654 651/651/651 655/655/655
f 655/655/655 651/651/651 656/656/656
f 651/651/651 652/652/652 656/656/656
f 653/653/653 654/654/654 657/657/657
f 654/654/654 655/655/655 657/657/657
f 655/655/655 656/656/656 658/658/658
f 660/660/660 659/659/659 661/661/661
f 659/659/659 662/662/662 661/661/661
f 662/662/662 663/663/663 661/661/661
f 661/661/661 663/663/663 664/664/664
f 664/664/664 663/663/663 665/665/665
f 663/663/663 666/666/666 665/665/665
f 667/667/667 660/660/660 668/668/668
f 660/660/660 661/661/661 668/668/668
f 661/661/661 664/664/664 668/668/668
f 668/668/668 664/664/664 669/669/669
f 669/669/669 664/664/664 670/670/670
f 664/664/664 665/665/665 670/670/670
f 671/671/671 667/667/667 672/672/672
f 667/667/667 668/668/668 672/672/672
f 668/668/668 669/669/669 672/672/672
f 672/672/672 669/669/669 673/673/673
f 673/673/673 669/669/669 674/674/674
f 669/669/669 670/670/670 674/674/674
f 675/675/675 671/671/671 676/676/676
f 671/671/671 672/672/672 676/676/676
f 672/672/672 673/673/673 676/676/676
f 676/676/676 673/673/673 677/677/677
f 677/677/677 673/673/673 678/678/678
f 673/673/673 674/674/674 678/678/678
f 679/679/679 675/675/675 680/680/680
f 675/675/675 676/676/676 680/680/680
f 676/676/676 677/677/677 680/680/680
f 680/680/680 677/677/677 681/681/681
f 681/681/681 677/677/677 682/682/682
f 677/677/677 678/678/678 682/682/682
f 679/679/679 680/680/680 683/683/683
f 680/680/680 681/681/681 683/683/683
f 681/681/681 682/682/682 684/684/684
f 686/686/686 685/685/685 687/687/687
f 685/685/685 688/688/688 687/687/687
f 688/688/688 689/689/689 687/687/687
f 687/687/687 689/689/689 690/690/690
f 690/690/690 689/689/689 691/691/691
f 689/689/689 692/692/692 691/691/691
f 693/693/693 686/686/686 694/694/694
f 686/686/686 687/687/687 694/694/694
f 687/687/687 690/690/690 694/694/694
f 694/694/694 690/690/690 695/695/695
f 695/695/695 690/690/690 696/696/696
f 690/690/690 691/691/691 696/696/696
f 697/697/697 693/693/693 698/698/698
f 693/693/693 694/694/694 698/698/698
f 694/694/694 695/695/695 698/698/698
f 698/698/698 695/695/695 699/699/699
f 699/699/699 695/695/695 700/700/700
f 695/695/695 696/696/696 700/700/700
f 701/701/701 697/697/697 702/702/702
f 697/697/697 698/698/698 702/702/702
f 698/698/698 699/699/699 702/702/702
f 702/702/702 699/699/699 703/703/703
f 703/703/703 699/699/699 704/704/704
f 699/699/699 700/700/700 704/704/704
f 705/705/705 701/701/701 706/706/706
f 701/701/701 702/702/702 706/706/706
f 702/702/702 703/703/703 706/706/706
f 706/706/706 703/703/703 707/707/707
f 707/707/707 703/703/703 708/708/708
f 703/703/703 704/704/704 708/708/708
f 705/705/705 706/706/706 709/709/709
f 706/706/706 707/707/707 709/709/709
f 707/707/707 708/708/708 710/710/710
f 712/712/712 711/711/711 713/713/713
f 711/711/711 714/714/714 713/713/713
f 714/714/714 715/715/715 713/713/713
f 713/713/713 715/715/715 716/716/716
f 716/716/716 715/715/715 717/717/717
f 715/715/715 718/718/718 717/717/717
f 719/719/719 712/712/712 720/720/720
f 712/712/712 713/713/713 720/720/720
f 713/713/713 716/716/716 720/720/720
f 720/720/720 716/716/716 721/721/721
f 721/721/721 716/716/716 722/722/722
f 716/716/716 717/717/717 722/722/722
f 723/723/723 719/719/719 724/724/724
f 719/719/719 720/720/720 724/724/724
f 720/720/720 721/721/721 724/724/724
f 724/724/724 721/721/721 725/725/725
f 725/725/725 721/721/721 726/726/726
f 721/721/721 722/722/722 726/726/726
f 727/727/727 723/723/723 728/728/728
f 723/723/723 724/724/724 728/728/728
f 724/724/724 725/725/725 728/728/728
f 728/728/728 725/725/725 729/729/729
f 729/729/729 725/725/725 730/730/730
f 725/725/725 726/726/726 730/730/730
f 731/731/731 727/727/727 732/732/732
f 727/727/727 728/728/728 732/732/732
f 728/728/728 729/729/729 732/732/732
f 732/732/732 729/729/729 733/733/733
f 733/733/733 729/729/729 734/734/734
f 729/729/729 730/730/730 734/734/734
f 731/731/731 732/732/732 735/735/735
f 732/732/732 733/733/733 735/735/735
f 733/733/733 734/734/734 736/736/736
f 738/738/738 737/737/737 739/739/739
f 737/737/737 740/740/740 739/739/739
f 740/740/740 741/741/741 739/739/739
f 739/739/739 741/741/741 742/742/742
f 742/742/742 741/741/741 743/743/743
f 741/741/741 744/744/744 743/743/743
f 745/745/745 738/738/738 746/746/746
f 738/738/738 739/739/739 746/746/746
f 739/739/739 742/742/742 746/746/746
f 746/746/746 742/742/742 747/747/747
f 747/747/747 742/742/742 748/748/748
f 742/742/742 743/743/743 748/748/748
f 749/749/749 745/745/745 750/750/750
f 745/745/745 746/746/746 750/750/750
f 746/746/746 747/747/747 750/750/750
f 750/750/750 747/747/747 751/751/751
f 751/751/751 747/747/747 752/752/752
f 747/747/747 748/748/748 752/752/752
f 753/753/753 749/749/749 754/754/754
f 749/749/749 750/750/750 754/754/754
f 750/750/750 751/751/751 754/754/754
f 754/754/754 751/751/751 755/755/755
f 755/755/755 751/751/751 756/756/756
f 751/751/751 752/752/752 756/756/756
f 757/757/757 753/753/753 758/758/758
f 753/753/753 754/754/754 758/758/758
f 754/754/754 755/755/755 758/758/758
f 758/758/758 755/755/755 759/759/759
f 759/759/759 755/755/755 760/760/760
f 755/755/755 756/756/756 760/760/760
f 757/757/757 758/758/758 761/761/761
f 758/758/758 759/759/759 761/761/761
f 759/759/759 760/760/760 762/762/762
f 764/764/764 763/763/763 765/765/765
f 763/763/763 766/766/766 765/765/765
f 766/766/766 767/767/767 765/765/765
f 765/765/765 767/767/767 768/768/768
f 768/768/768 767/767/767 769/769/769
f 767/767/767 770/770/770 769/769/769
f 771/771/771 764/764/764 772/772/772
f 764/764/764 765/765/765 772/772/772
f 765/765/765 768/768/768 772/772/772
f 772/772/772 768/768/768 773/773/773
f 773/773/773 768/768/768 774/774/774
f 768/768/768 769/769/769 774/774/774
f 775/775/775 771/771/771 776/776/776
f 771/771/771 772/772/772 776/776/776
f 772/772/772 773/773/773 776/776/776
f 776/776/776 773/773/773 777/777/777
f 777/777/777 773/773/773 778/778/778
f 773/773/773 774/774/774 778/778/778
f 779/779/779 775/775/775 780/780/780
f 775/775/775 776/776/776 780/780/780
f 776/776/776 777/777/777 780/780/780
f 780/780/780 777/777/777 781/781/781
f 781/781/781 777/777/777 782/782/782
f 777/777/777 778/778/778 782/782/782
f 783/783/783 779/779/779 784/784/784
f 779/779/779 780/780/780 784/784/784
f 780/780/780 781/781/781 784/784/784
f 784/784/784 781/781/781 785/785/785
f 785/785/785 781/781/781 786/786/786
f 781/781/781 782/782/782 786/786/786
f 783/783/783 784/784/784 787/787/787
f 784/784/784 785/785/785 787/787/787
f 785/785/785 786/786/786 788/788/788
f 790/790/790 789/789/789 791/791/791
f 789/789/789 792/792/792 791/791/791
f 792/792/792 793/793/793 791/791/791
f 791/791/791 793/793/793 794/794/794
f 794/794/794 793/793/793 795/795/795
f 793/793/793 796/796/796 795/795/795
f 797/797/797 790/790/790 798/798/798
f 790/790/790 791/791/791 798/798/798
f 791/791/791 794/794/794 798/798/798
f 798/798/798 794/794/794 799/799/799
f 799/799/799 794/794/794 800/800/800
f 794/794/794 795/795/795 800/800/800
f 801/801/801 797/797/797 802/802/802
f 797/797/797 798/798/798 802/802/802
f 798/798/798 799/799/799 802/802/802
f 802/802/802 799/799/799 803/803/803
f 803/803/803 799/799/799 804/804/804
f 799/799/799 800/800/800 804/804/804
f 805/805/805 801/801/801 806/806/806
f 801/801/801 802/802/802 806/806/806
f 802/802/802 803/803/803 806/806/806
f 806/806/806 803/803/803 807/807/807
f 807/807/807 803/803/803 808/808/808
f 803/803/803 804/804/804 808/808/808
f 809/809/809 805/805/805 810/810/810
f 805/805/805 806/806/806 810/810/810
f 806/806/806 807/807/807 810/810/810
f 810/810/810 807/807/807 811/811/811
f 811/811/811 807/807/807 812/812/812
f 807/807/807 808/808/808 812/812/812
f 809/809/809 810/810/810 813/813/813
f 810/810/810 811/811/811 813/813/813
f 811/811/811 812/812/812 814/814/814
f 816/816/816 815/815/815 817/817/817
f 815/815/815 818/818/818 817/817/817
f 818/818/818 819/819/819 817/817/817
f 817/817/817 819/819/819 820/820/820
f 820/820/820 819/819/819 821/821/821
f 819/819/819 822/822/822 821/821/821
f 823/823/823 816/816/816 824/824/824
f 816/816/816 817/817/817 824/824/824
f 817/817/817 820/820/820 824/824/824
f 824/824/824 820/820/820 825/825/825
f 825/825/825 820/820/820 826/826/826
f 820/820/820 821/821/821 826/826/826
f 827/827/827 823/823/823 828/828/828
f 823/823/823 824/824/824 828/828/828
f 824/824/824 825/825/825 828/828/828
f 828/828/828 825/825/825 829/829/829
f 829/829/829 825/825/825 830/830/830
f 825/825/825 826/826/826 830/830/830
f 831/831/831 827/827/827 832/832/832
f 827/827/827 828/828/828 832/832/832
f 828/828/828 829/829/829 832/832/832
f 832/832/832 829/829/829 833/833/833
f 833/833/833 829/829/829 834/834/834
f 829/829/829 830/830/830 834/834/834
f 835/835/835 831/831/831 836/836/836
f 831/831/831 832/832/832 836/836/836
f 832/832/832 833/833/833 836/836/836
f 836/836/836 833/833/833 837/837/837
f 837/837/837 833/833/833 838/838/838
f 833/833/833 834/834/834 838/838/838
f 835/835/835 836/836/836 839/839/839
f 836/836/836 837/837/837 839/839/839
f 837/837/837 838/838/838 840/840/840
f 842/842/842 841/841/841 843/843/843
f 841/841/841 844/844/844 843/843/843
f 844/844/844 845/845/845 843/843/843
f 843/843/843 845/845/845 846/846/846
f 846/846/846 845/845/845 847/847/847
f 845/845/845 848/848/848 847/847/847
f 849/849/849 842/842/842 850/850/850
f 842/842/842 843/843/843 850/850/850
f 843/843/843 846/846/846 850/850/850
f 850/850/850 846/846/846 851/851/851
f 851/851/851 846/846/846 852/852/852
f 846/846/846 847/847/847 852/852/852
f 853/853/853 849/849/849 854/854/854
f 849/849/849 850/850/850 854/854/854
f 850/850/850 851/851/851 854/854/854
f 854/854/854 851/851/851 855/855/855
f 855/855/855 851/851/851 856/856/856
f 851/851/851 852/852/852 856/856/856
f 857/857/857 853/853/853 858/858/858
f 853/853/853 854/854/854 858/858/858
f 854/854/854 855/855/855 858/858/858
f 858/858/858 855/855/855 859/859/859
f 859/859/859 855/855/855 860/860/860
f 855/855/855 856/856/856 860/860/860
f 861/861/861 857/857/857 862/862/862
f 857/857/857 858/858/858 862/862/862
f 858/858/858 859/859/859 862/862/862
f 862/862/862 859/859/859 863/863/863
f 863/863/863 859/859/859 864/864/864
f 859/859/859 860/860/860 864/864/864
f 861/861/861 862/862/862 865/865/865
f 862/862/862 863/863/863 865/865/865
f 863/863/863 864/864/864 866/866/866
f 868/868/868 867/867/867 869/869/869
f 867/867/867 870/870/870 869/869/869
f 870/870/870 871/871/871 869/869/869
f 869/869/869 871/871/871 872/872/872
f 872/872/872 871/871/871 873/873/873
f 871/871/871 874/874/874 873/873/873
f 875/875/875 868/868/868 876/876/876
f 868/868/868 869/869/869 876/876/876
f 869/869/869 872/872/872 876/876/876
f 876/876/876 872/872/872 877/877/877
f 877/877/877 872/872/872 878/878/878
f 872/872/872 873/873/873 878/878/878
f 879/879/879 875/875/875 880/880/880
f 875/875/875 876/876/876 880/880/880
f 876/876/876 877/877/877 880/880/880
f 880/880/880 877/877/877 881/881/881
f 881/881/881 877/877/877 882/882/882
f 877/877/877 878/878/878 882/882/882
f 883/883/883 879/879/879 884/884/884
f 879/879/879 880/880/880 884/884/884
f 880/880/880 881/881/881 884/884/884
f 884/884/884 881/881/881 885/885/885
f 885/885/885 881/881/881 886/886/886
f 881/881/881 882/882/882 886/886/886
f 887/887/887 883/883/883 888/888/888
f 883/883/883 884/884/884 888/888/888
f 884/884/884 885/885/885 888/888/888
f 888/888/888 885/885/885 889/889/889
f 889/889/889 885/885/885 890/890/890
f 885/885/885 886/886/886 890/890/890
f 887/887/887 888/888/888 891/891/891
f 888/888/888 889/889/889 891/891/891
f 889/889/889 890/890/890 892/892/892
f 894/894/894 893/893/893 895/895/895
f 893/893/893 896/896/896 895/895/895
f 896/896/896 897/897/897 895/895/895
f 895/895/895 897/897/897 898/898/898
f 898/898/898 897/897/897 899/899/899
f 897/897/897 900/900/900 899/899/899
f 901/901/901 894/894/894 902/902/902
f 894/894/894 895/895/895 902/902/902
f 895/895/895 898/898/898 902/902/902
f 902/902/902 898/898/898 903/903/903
f 903/903/903 898/898/898 904/904/904
f 898/898/898 899/899/899 904/904/904
f 905/905/905 901/901/901 906/906/906
f 901/901/901 902/902/902 906/906/906
f 902/902/902 903/903/903 906/906/906
f 906/906/906 903/903/903 907/907/907
f 907/907/907 903/903/903 908/908/908
f 903/903/903 904/904/904 908/908/908
f 909/909/909 905/905/905 910/910/910
f 905/905/905 906/906/906 910/910/910
f 906/906/906 907/907/907 910/910/910
f 910/910/910 907/907/907 911/911/911
f 911/911/911 907/907/907 912/912/912
f 907/907/907 908/908/908 912/912/912
f 913/913/913 909/909/909 914/914/914
f 909/909/909 910/910/910 914/914/914
f 910/910/910 911/911/911 914/914/914
f 914/914/914 911/911/911 915/915/915
f 915/915/915 911/911/911 916/916/916
f 911/911/911 912/912/912 916/916/916
f 913/913/913 914/914/914 917/917/917
f 914/914/914 915/915/915 917/917/917
f 915/915/915 916/916/916 918/918/918
f 920/920/920 919/919/919 921/921/921
f 919/919/919 922/922/922 921/921/921
f 922/922/922 923/923/923 921/921/921
f 921/921/921 923/923/923 924/924/924
f 924/924/924 923/923/923 925/925/925
f 923/923/923 926/926/926 925/925/925
f 927/927/927 920/920/920 928/928/928
f 920/920/920 921/921/921 928/928/928
f 921/921/921 924/924/924 928/928/928
f 928/928/928 924/924/924 929/929/929
f 929/929/929 924/924/924 930/930/930
f 924/924/924 925/925/925 930/930/930
f 931/931/931 927/927/927 932/932/932
f 927/927/927 928/928/928 932/932/932
f 928/928/928 929/929/929 932/932/932
f 932/932/932 929/929/929 933/933/933
f 933/933/933 929/929/929 934/934/934
f 929/929/929 930/930/930 934/934/934
f 935/935/935 931/931/931 936/936/936
f 931/931/931 932/932/932 936/936/936
f 932/932/932 933/933/933 936/936/936
f 936/936/936 933/933/933 937/937/937
f 937/937/937 933/933/933 938/938/938
f 933/933/933 934/934/934 938/938/938
f 939/939/939 935/935/935 940/940/940
f 935/935/935 936/936/936 940/940/940
f 936/936/936 937/937/937 940/940/940
f 940/940/940 937/937/937 941/941/941
f 941/941/941 937/937/937 942/942/942
f 937/937/937 938/938/938 942/942/942
f 939/939/939 940/940/940 943/943/943
f 940/940/940 941/941/941 943/943/943
f 941/941/941 942/942/942 944/944/944
f 1343/1343/1343 1342/1342/1342 1344/1344/1344
f 1342/1342/1342 1345/1345/1345 1344/1344/1344
f 1345/1345/1345 1346/1346/1346 1344/1344/1344
f 1344/1344/1344 1346/1346/1346 1347/1347/1347
f 1347/1347/1347 1346/1346/1346 1348/1348/1348
f 1346/1346/1346 1349/1349/1349 1348/1348/1348
f 1349/1349/1349 1350/1350/1350 1348/1348/1348
f 1348/1348/1348 1350/1350/1350 1351/1351/1351
f 1352/1352/1352 1343/1343/1343 1353/1353/1353
f 1343/1343/1343 1344/1344/1344 1353/1353/1353
f 1344/1344/1344 1347/1347/1347 1353/1353/1353
f 1353/1353/1353 1347/1347/1347 1354/1354/1354
f 1354/1354/1354 1347/1347/1347 1355/1355/1355
f 1347/1347/1347 1348/1348/1348 1355/1355/1355
f 1348/1348/1348 1351/1351/1351 1355/1355/1355
f 1355/1355/1355 1351/1351/1351 1356/1356/1356
f 1357/1357/1357 1352/1352/1352 1358/1358/1358
f 1352/1352/1352 1353/1353/1353 1358/1358/1358
f 1353/1353/1353 1354/1354/1354 1358/1358/1358
f 1358/1358/1358 1354/1354/1354 1359/1359/1359
f 1359/1359/1359 1354/1354/1354 1360/1360/1360
f 1354/1354/1354 1355/1355/1355 1360/1360/1360
f 1355/1355/1355 1356/1356/1356 1360/1360/1360
f 1360/1360/1360 1356/1356/1356 1361/1361/1361
f 1362/1362/1362 1357/1357/1357 1363/1363/1363
f 1357/1357/1357 1358/1358/1358 1363/1363/1363
f 1358/1358/1358 1359/1359/1359 1363/1363/1363
f 1363/1363/1363 1359/1359/1359 1364/1364/1364
f 1364/1364/1364 1359/1359/1359 1365/1365/1365
f 1359/1359/1359 1360/1360/1360 1365/1365/1365
f 1360/1360/1360 1361/1361/1361 1365/1365/1365
f 1365/1365/1365 1361/1361/1361 1366/1366/1366
f 1367/1367/1367 1362/1362/1362 1368/1368/1368
f 1362/1362/1362 1363/1363/1363 1368/1368/1368
f 1363/1363/1363 1364/1364/1364 1368/1368/1368
f 1368/1368/1368 1364/1364/1364 1369/1369/1369
f 1369/1369/1369 1364/1364/1364 1370/1370/1370
f 1364/1364/1364 1365/1365/1365 1370/1370/1370
f 1365/1365/1365 1366/1366/1366 1370/1370/1370
f 1370/1370/1370 1366/1366/1366 1371/1371/1371
f 1372/1372/1372 1367/1367/1367 1373/1373/1373
f 1367/1367/1367 1368/1368/1368 1373/1373/1373
f 1368/1368/1368 1369/1369/1369 1373/1373/1373
f 1373/1373/1373 1369/1369/1369 1374/1374/1374
f 1374/1374/1374 1369/1369/1369 1375/1375/1375
f 1369/1369/1369 1370/1370/1370 1375/1375/1375
f 1370/1370/1370 1371/1371/1371 1375/1375/1375
f 1375/1375/1375 1371/1371/1371 1376/1376/1376
f 1377/1377/1377 1372/1372/1372 1378/1378/1378
f 1372/1372/1372 1373/1373/1373 1378/1378/1378
f 1373/1373/1373 1374/1374/1374 1378/1378/1378
f 1378/1378/1378 1374/1374/1374 1379/1379/1379
f 1379/1379/1379 1374/1374/1374 1380/1380/1380
f 1374/1374/1374 1375/1375/1375 1380/1380/1380
f 1375/1375/1375 1376/1376/1376 1380/1380/1380
f 1380/1380/1380 1376/1376/1376 1381/1381/1381
f 1382/1382/1382 1377/1377/1377 1383/1383/1383
f 1377/1377/1377 1378/1378/1378 1383/1383/1383
f 1378/1378/1378 1379/1379/1379 1383/1383/1383
f 1383/1383/1383 1379/1379/1379 1384/1384/1384
f 1384/1384/1384 1379/1379/1379 1385/1385/1385
f 1379/1379/1379 1380/1380/1380 1385/1385/1385
f 1380/1380/1380 1381/1381/1381 1385/1385/1385
f 1385/1385/1385 1381/1381/1381 1386/1386/1386
f 1387/1387/1387 1382/1382/1382 1388/1388/1388
f 1382/1382/1382 1383/1383/1383 1388/1388/1388
f 1383/1383/1383 1384/1384/1384 1388/1388/1388
f 1388/1388/1388 1384/1384/1384 1389/1389/1389
f 1389/1389/1389 1384/1384/1384 1390/1390/1390
f 1384/1384/1384 1385/1385/1385 1390/1390/1390
f 1385/1385/1385 1386/1386/1386 1390/1390/1390
f 1390/1390/1390 1386/1386/1386 1391/1391/1391
f 1392/1392/1392 1387/1387/1387 1393/1393/1393
f 1387/1387/1387 1388/1388/1388 1393/1393/1393
f 1388/1388/1388 1389/1389/1389 1393/1393/1393
f 1393/1393/1393 1389/1389/1389 1394/1394/1394
f 1394/1394/1394 1389/1389/1389 1395/1395/1395
f 1389/1389/1389 1390/1390/1390 1395/1395/1395
f 1390/1390/1390 1391/1391/1391 1395/1395/1395
f 1395/1395/1395 1391/1391/1391 1396/1396/1396
f 1397/1397/1397 1392/1392/1392 1398/1398/1398
f 1392/1392/1392 1393/1393/1393 1398/1398/1398
f 1393/1393/1393 1394/1394/1394 1398/1398/1398
f 1398/1398/1398 1394/1394/1394 1399/1399/1399
f 1399/1399/1399 1394/1394/1394 1400/1400/1400
f 1394/1394/1394 1395/1395/1395 1400/1400/1400
f 1395/1395/1395 1396/1396/1396 1400/1400/1400
f 1400/1400/1400 1396/1396/1396 1401/1401/1401
f 1403/1403/1403 1402/1402/1402 1404/1404/1404
f 1402/1402/1402 1405/1405/1405 1404/1404/1404
f 1405/1405/1405 1406/1406/1406 1404/1404/1404
f 1404/1404/1404 1406/1406/1406 1407/1407/1407
f 1407/1407/1407 1406/1406/1406 1408/1408/1408
f 1406/1406/1406 1409/1409/1409 1408/1408/1408
f 1409/1409/1409 1410/1410/1410 1408/1408/1408
f 1408/1408/1408 1410/1410/1410 1411/1411/1411
f 1412/1412/1412 1403/1403/1403 1413/1413/1413
f 1403/1403/1403 1404/1404/1404 1413/1413/1413
f 1404/1404/1404 1407/1407/1407 1413/1413/1413
f 1413/1413/1413 1407/1407/1407 1414/1414/1414
f 1414/1414/1414 1407/1407/1407 1415/1415/1415
f 1407/1407/1407 1408/1408/1408 1415/1415/1415
f 1408/1408/1408 1411/1411/1411 1415/1415/1415
f 1415/1415/1415 1411/1411/1411 1416/1416/1416
f 1417/1417/1417 1412/1412/1412 1418/1418/1418
f 1412/1412/1412 1413/1413/1413 1418/1418/1418
f 1413/1413/1413 1414/1414/1414 1418/1418/1418
f 1418/1418/1418 1414/1414/1414 1419/1419/1419
f 1419/1419/1419 1414/1414/1414 1420/1420/1420
f 1414/1414/1414 1415/1415/1415 1420/1420/1420
f 1415/1415/1415 1416/1416/1416 1420/1420/1420
f 1420/1420/1420 1416/1416/1416 1421/1421/1421
f 1422/1422/1422 1417/1417/1417 1423/1423/1423
f 1417/1417/1417 1418/1418/1418 1423/1423/1423
f 1418/1418/1418 1419/1419/1419 1423/1423/1423
f 1423/1423/1423 1419/1419/1419 1424/1424/1424
f 1424/1424/1424 1419/1419/1419 1425/1425/1425
f 1419/1419/1419 1420/1420/1420 1425/1425/1425
f 1420/1420/1420 1421/1421/1421 1425/1425/1425
f 1425/1425/1425 1421/1421/1421 1426/1426/1426
f 1427/1427/1427 1422/1422/1422 1428/1428/1428
f 1422/1422/1422 1423/1423/1423 1428/1428/1428
f 1423/1423/1423 1424/1424/1424 1428/1428/1428
f 1428/1428/1428 1424/1424/1424 1429/1429/1429
f 1429/1429/1429 1424/1424/1424 1430/1430/1430
f 1424/1424/1424 1425/1425/1425 1430/1430/1430
f 1425/1425/1425 1426/1426/1426 1430/1430/1430
f 1430/1430/1430 1426/1426/1426 1431/1431/1431
f 1432/1432/1432 1427/1427/1427 1433/1433/1433
f 1427/1427/1427 1428/1428/1428 1433/1433/1433
f 1428/1428/1428 1429/1429/1429 1433/1433/1433
f 1433/1433/1433 1429/1429/1429 1434/1434/1434
f 1434/1434/1434 1429/1429/1429 1435/1435/1435
f 1429/1429/1429 1430/1430/1430 1435/1435/1435
f 1430/1430/1430 1431/1431/1431 1435/1435/1435
f 1435/1435/1435 1431/1431/1431 1436/1436/1436
f 1437/1437/1437 1432/1432/1432 1438/1438/1438
f 1432/1432/1432 1433/1433/1433 1438/1438/1438
f 1433/1433/1433 1434/1434/1434 1438/1438/1438
f 1438/1438/1438 1434/1434/1434 1439/1439/1439
f 1439/1439/1439 1434/1434/1434 1440/1440/1440
f 1434/1434/1434 1435/1435/1435 1440/1440/1440
f 1435/1435/1435 1436/1436/1436 1440/1440/1440
f 1440/1440/1440 1436/1436/1436 1441/1441/1441
f 1442/1442/1442 1437/1437/1437 1443/1443/1443
f 1437/1437/1437 1438/1438/1438 1443/1443/1443
f 1438/1438/1438 1439/1439/1439 1443/1443/1443
f 1443/1443/1443 1439/1439/1439 1444/1444/1444
f 1444/1444/1444 1439/1439/1439 1445/1445/1445
f 1439/1439/1439 1440/1440/1440 1445/1445/1445
f 1440/1440/1440 1441/1441/1441 1445/1445/1445
f 1445/1445/1445 1441/1441/1441 1446/1446/1446
f 1447/1447/1447 1442/1442/1442 1448/1448/1448
f 1442/1442/1442 1443/1443/1443 1448/1448/1448
f 1443/1443/1443 1444/1444/1444 1448/1448/1448
f 1448/1448/1448 1444/1444/1444 1449/1449/1449
f 1449/1449/1449 1444/1444/1444 1450/1450/1450
f 1444/1444/1444 1445/1445/1445 1450/1450/1450
f 1445/1445/1445 1446/1446/1446 1450/1450/1450
f 1450/1450/1450 1446/1446/1446 1451/1451/1451
f 1452/1452/1452 1447/1447/1447 1453/1453/1453
f 1447/1447/1447 1448/1448/1448 1453/1453/1453
f 1448/1448/1448 1449/1449/1449 1453/1453/1453
f 1453/1453/1453 1449/1449/1449 1454/1454/1454
f 1454/1454/1454 1449/1449/1449 1455/1455/1455
f 1449/1449/1449 1450/1450/1450 1455/1455/1455
f 1450/1450/1450 1451/1451/1451 1455/1455/1455
f 1455/1455/1455 1451/1451/1451 1456/1456/1456
f 1457/1457/1457 1452/1452/1452 1458/1458/1458
f 1452/1452/1452 1453/1453/1453 1458/1458/1458
f 1453/1453/1453 1454/1454/1454 1458/1458/1458
f 1458/1458/1458 1454/1454/1454 1459/1459/1459
f 1459/1459/1459 1454/1454/1454 1460/1460/1460
f 1454/1454/1454 1455/1455/1455 1460/1460/1460
f 1455/1455/1455 1456/1456/1456 1460/1460/1460
f 1460/1460/1460 1456/1456/1456 1461/1461/1461
f 1463/1463/1463 1462/1462/1462 1464/1464/1464
f 1462/1462/1462 1465/1465/1465 1464/1464/1464
f 1465/1465/1465 1466/1466/1466 1464/1464/1464
f 1464/1464/1464 1466/1466/1466 1467/1467/1467
f 1467/1467/1467 1466/1466/1466 1468/1468/1468
f 1466/1466/1466 1469/1469/1469 1468/1468/1468
f 1469/1469/1469 1470/1470/1470 1468/1468/1468
f 1468/1468/1468 1470/1470/1470 1471/1471/1471
f 1472/1472/1472 1463/1463/1463 1473/1473/1473
f 1463/1463/1463 1464/1464/1464 1473/1473/1473
f 1464/1464/1464 1467/1467/1467 1473/1473/1473
f 1473/1473/1473 1467/1467/1467 1474/1474/1474
f 1474/1474/1474 1467/1467/1467 1475/1475/1475
f 1467/1467/1467 1468/1468/1468 1475/1475/1475
f 1468/1468/1468 1471/1471/1471 1475/1475/1475
f 1475/1475/1475 1471/1471/1471 1476/1476/1476
f 1477/1477/1477 1472/1472/1472 1478/1478/1478
f 1472/1472/1472 1473/1473/1473 1478/1478/1478
f 1473/1473/1473 1474/1474/1474 1478/1478/1478
f 1478/1478/1478 1474/1474/1474 1479/1479/1479
f 1479/1479/1479 1474/1474/1474 1480/1480/1480
f 1474/1474/1474 1475/1475/1475 1480/1480/1480
f 1475/1475/1475 1476/1476/1476 1480/1480/1480
f 1480/1480/1480 1476/1476/1476 1481/1481/1481
f 1482/1482/1482 1477/1477/1477 1483/1483/1483
f 1477/1477/1477 1478/1478/1478 1483/1483/1483
f 1478/1478/1478 1479/1479/1479 1483/1483/1483
f 1483/1483/1483 1479/1479/1479 1484/1484/1484
f 1484/1484/1484 1479/1479/1479 1485/1485/1485
f 1479/1479/1479 1480/1480/1480 1485/1485/1485
f 1480/1480/1480 1481/1481/1481 1485/1485/1485
f 1485/1485/1485 1481/1481/1481 1486/1486/1486
f 1487/1487/1487 1482/1482/1482 1488/1488/1488
f 1482/1482/1482 1483/1483/1483 1488/1488/1488
f 1483/1483/1483 1484/1484/1484 1488/1488/1488
f 1488/1488/1488 1484/1484/1484 1489/1489/1489
f 1489/1489/1489 1484/1484/1484 1490/1490/1490
f 1484/1484/1484 1485/1485/1485 1490/1490/1490
f 1485/1485/1485 1486/1486/1486 1490/1490/1490
f 1490/1490/1490 1486/1486/1486 1491/1491/1491
f 1492/1492/1492 1487/1487/1487 1493/1493/1493
f 1487/1487/1487 1488/1488/1488 1493/1493/1493
f 1488/1488/1488 1489/1489/1489 1493/1493/1493
f 1493/1493/1493 1489/1489/1489 1494/1494/1494
f 1494/1494/1494 1489/1489/1489 1495/1495/1495
f 1489/1489/1489 1490/1490/1490 1495/1495/1495
f 1490/1490/1490 1491/1491/1491 1495/1495/1495
f 1495/1495/1495 1491/1491/1491 1496/1496/1496
f 1497/1497/1497 1492/1492/1492 1498/1498/1498
f 1492/1492/1492 1493/1493/1493 1498/1498/1498
f 1493/1493/1493 1494/1494/1494 1498/1498/1498
f 1498/1498/1498 1494/1494/1494 1499/1499/1499
f 1499/1499/1499 1494/1494/1494 1500/1500/1500
f 1494/1494/1494 1495/1495/1495 1500/1500/1500
f 1495/1495/1495 1496/1496/1496 1500/1500/1500
f 1500/1500/1500 1496/1496/1496 1501/1501/1501
f 1502/1502/1502 1497/1497/1497 1503/1503/1503
f 1497/1497/1497 1498/1498/1498 1503/1503/1503
f 1498/1498/1498 1499/1499/1499 1503/1503/1503
f 1503/1503/1503 1499/1499/1499 1504/1504/1504
f 1504/1504/1504 1499/1499/1499 1505/1505/1505
f 1499/1499/1499 1500/1500/1500 1505/1505/1505
f 1500/1500/1500 1501/1501/1501 1505/1505/1505
f 1505/1505/1505 1501/1501/1501 1506/1506/1506
f 1507/1507/1507 1502/1502/1502 1508/1508/1508
f 1502/1502/1502 1503/1503/1503 1508/1508/1508
f 1503/1503/1503 1504/1504/1504 1508/1508/1508
f 1508/1508/1508 1504/1504/1504 1509/1509/1509
f 1509/1509/1509 1504/1504/1504 1510/1510/1510
f 1504/1504/1504 1505/1505/1505 1510/1510/1510
f 1505/1505/1505 1506/1506/1506 1510/1510/1510
f 1510/1510/1510 1506/1506/1506 1511/1511/1511
f 1512/1512/1512 1507/1507/1507 1513/1513/1513
f 1507/1507/1507 1508/1508/1508 1513/1513/1513
f 1508/1508/1508 1509/1509/1509 1513/1513/1513
f 1513/1513/1513 1509/1509/1509 1514/1514/1514
f 1514/1514/1514 1509/1509/1509 1515/1515/1515
f 1509/1509/1509 1510/1510/1510 1515/1515/1515
f 1510/1510/1510 1511/1511/1511 1515/1515/1515
f 1515/1515/1515 1511/1511/1511 1516/1516/1516
f 1517/1517/1517 1512/1512/1512 1518/1518/1518
f 1512/1512/1512 1513/1513/1513 1518/1518/1518
f 1513/1513/1513 1514/1514/1514 1518/1518/1518
f 1518/1518/1518 1514/1514/1514 1519/1519/1519
f 1519/1519/1519 1514/1514/1514 1520/1520/1520
f 1514/1514/1514 1515/1515/1515 1520/1520/1520
f 1515/1515/1515 1516/1516/1516 1520/1520/1520
f 1520/1520/1520 1516/1516/1516 1521/1521/1521
f 1523/1523/1523 1522/1522/1522 1524/1524/1524
f 1522/1522/1522 1525/1525/1525 1524/1524/1524
f 1525/1525/1525 1526/1526/1526 1524/1524/1524
f 1524/1524/1524 1526/1526/1526 1527/1527/1527
f 1527/1527/1527 1526/1526/1526 1528/1528/1528
f 1526/1526/1526 1529/1529/1529 1528/1528/1528
f 1529/1529/1529 1530/1530/1530 1528/1528/1528
f 1528/1528/1528 1530/1530/1530 1531/1531/1531
f 1532/1532/1532 1523/1523/1523 1533/1533/1533
f 1523/1523/1523 1524/1524/1524 1533/1533/1533
f 1524/1524/1524 1527/1527/1527 1533/1533/1533
f 1533/1533/1533 1527/1527/1527 1534/1534/1534
f 1534/1534/1534 1527/1527/1527 1535/1535/1535
f 1527/1527/1527 1528/1528/1528 1535/1535/1535
f 1528/1528/1528 1531/1531/1531 1535/1535/1535
f 1535/1535/1535 1531/1531/1531 1536/1536/1536
f 1537/1537/1537 1532/1532/1532 1538/1538/1538
f 1532/1532/1532 1533/1533/1533 1538/1538/1538
f 1533/1533/1533 1534/1534/1534 1538/1538/1538
f 1538/1538/1538 1534/1534/1534 1539/1539/1539
f 1539/1539/1539 1534/1534/1534 1540/1540/1540
f 1534/1534/1534 1535/1535/1535 1540/1540/1540
f 1535/1535/1535 1536/1536/1536 1540/1540/1540
f 1540/1540/1540 1536/1536/1536 1541/1541/1541
f 1542/1542/1542 1537/1537/1537 1543/1543/1543
f 1537/1537/1537 1538/1538/1538 1543/1543/1543
f 1538/1538/1538 1539/1539/1539 1543/1543/1543
f 1543/1543/1543 1539/1539/1539 1544/1544/1544
f 1544/1544/1544 1539/1539/1539 1545/1545/1545
f 1539/1539/1539 1540/1540/1540 1545/1545/1545
f 1540/1540/1540 1541/1541/1541 1545/1545/1545
f 1545/1545/1545 1541/1541/1541 1546/1546/1546
f 1547/1547/1547 1542/1542/1542 1548/1548/1548
f 1542/1542/1542 1543/1543/1543 1548/1548/1548
f 1543/1543/1543 1544/1544/1544 1548/1548/1548
f 1548/1548/1548 1544/1544/1544 1549/1549/1549
f 1549/1549/1549 1544/1544/1544 1550/1550/1550
f 1544/1544/1544 1545/1545/1545 1550/1550/1550
f 1545/1545/1545 1546/1546/1546 1550/1550/1550
f 1550/1550/1550 1546/1546/1546 1551/1551/1551
f 1552/1552/1552 1547/1547/1547 1553/1553/1553
f 1547/1547/1547 1548/1548/1548 1553/1553/1553
f 1548/1548/1548 1549/1549/1549 1553/1553/1553
f 1553/1553/1553 1549/1549/1549 1554/1554/1554
f 1554/1554/1554 1549/1549/1549 1555/1555/1555
f 1549/1549/1549 1550/1550/1550 1555/1555/1555
f 1550/1550/1550 1551/1551/1551 1555/1555/1555
f 1555/1555/1555 1551/1551/1551 1556/1556/1556
f 1557/1557/1557 1552/1552/1552 1558/1558/1558
f 1552/1552/1552 1553/1553/1553 1558/1558/1558
f 1553/1553/1553 1554/1554/1554 1558/1558/1558
f 1558/1558/1558 1554/1554/1554 1559/1559/1559
f 1559/1559/1559 1554/1554/1554 1560/1560/1560
f 1554/1554/1554 1555/1555/1555 1560/1560/1560
f 1555/1555/1555 1556/1556/1556 1560/1560/1560
f 1560/1560/1560 1556/1556/1556 1561/1561/1561
f 1562/1562/1562 1557/1557/1557 1563/1563/1563
f 1557/1557/1557 1558/1558/1558 1563/1563/1563
f 1558/1558/1558 1559/1559/1559 1563/1563/1563
f 1563/1563/1563 1559/1559/1559 1564/1564/1564
f 1564/1564/1564 1559/1559/1559 1565/1565/1565
f 1559/1559/1559 1560/1560/1560 1565/1565/1565
f 1560/1560/1560 1561/1561/1561 1565/1565/1565
f 1565/1565/1565 1561/1561/1561 1566/1566/1566
f 1567/1567/1567 1562/1562/1562 1568/1568/1568
f 1562/1562/1562 1563/1563/1563 1568/1568/1568
f 1563/1563/1563 1564/1564/1564 1568/1568/1568
f 1568/1568/1568 1564/1564/1564 1569/1569/1569
f 1569/1569/1569 1564/1564/1564 1570/1570/1570
f 1564/1564/1564 1565/1565/1565 1570/1570/1570
f 1565/1565/1565 1566/1566/1566 1570/1570/1570
f 1570/1570/1570 1566/1566/1566 1571/1571/1571
f 1572/1572/1572 1567/1567/1567 1573/1573/1573
f 1567/1567/1567 1568/1568/1568 1573/1573/1573
f 1568/1568/1568 1569/1569/1569 1573/1573/1573
f 1573/1573/1573 1569/1569/1569 1574/1574/1574
f 1574/1574/1574 1569/1569/1569 1575/1575/1575
f 1569/1569/1569 1570/1570/1570 1575/1575/1575
f 1570/1570/1570 1571/1571/1571 1575/1575/1575
f 1575/1575/1575 1571/1571/1571 1576/1576/1576
f 1577/1577/1577 1572/1572/1572 1578/1578/1578
f 1572/1572/1572 1573/1573/1573 1578/1578/1578
f 1573/1573/1573 1574/1574/1574 1578/1578/1578
f 1578/1578/1578 1574/1574/1574 1579/1579/1579
f 1579/1579/1579 1574/1574/1574 1580/1580/1580
f 1574/1574/1574 1575/1575/1575 1580/1580/1580
f 1575/1575/1575 1576/1576/1576 1580/1580/1580
f 1580/1580/1580 1576/1576/1576 1581/1581/1581
f 1583/1583/1583 1582/1582/1582 1584/1584/1584
f 1582/1582/1582 1585/1585/1585 1584/1584/1584
f 1585/1585/1585 1586/1586/1586 1584/1584/1584
f 1584/1584/1584 1586/1586/1586 1587/1587/1587
f 1587/1587/1587 1586/1586/1586 1588/1588/1588
f 1586/1586/1586 1589/1589/1589 1588/1588/1588
f 1589/1589/1589 1590/1590/1590 1588/1588/1588
f 1588/1588/1588 1590/1590/1590 1591/1591/1591
f 1592/1592/1592 1583/1583/1583 1593/1593/1593
f 1583/1583/1583 1584/1584/1584 1593/1593/1593
f 1584/1584/1584 1587/1587/1587 1593/1593/1593
f 1593/1593/1593 1587/1587/1587 1594/1594/1594
f 1594/1594/1594 1587/1587/1587 1595/1595/1595
f 1587/1587/1587 1588/1588/1588 1595/1595/1595
f 1588/1588/1588 1591/1591/1591 1595/1595/1595
f 1595/1595/1595 1591/1591/1591 1596/1596/1596
f 1597/1597/1597 1592/1592/1592 1598/1598/1598
f 1592/1592/1592 1593/1593/1593 1598/1598/1598
f 1593/1593/1593 1594/1594/1594 1598/1598/1598
f 1598/1598/1598 1594/1594/1594 1599/1599/1599
f 1599/1599/1599 1594/1594/1594 1600/1600/1600
f 1594/1594/1594 1595/1595/1595 1600/1600/1600
f 1595/1595/1595 1596/1596/1596 1600/1600/1600
f 1600/1600/1600 1596/1596/1596 1601/1601/1601
f 1602/1602/1602 1597/1597/1597 1603/1603/1603
f 1597/1597/1597 1598/1598/1598 1603/1603/1603
f 1598/1598/1598 1599/1599/1599 1603/1603/1603
f 1603/1603/1603 1599/1599/1599 1604/1604/1604
f 1604/1604/1604 1599/1599/1599 1605/1605/1605
f 1599/1599/1599 1600/1600/1600 1605/1605/1605
f 1600/1600/1600 1601/1601/1601 1605/1605/1605
f 1605/1605/1605 1601/1601/1601 1606/1606/1606
f 1607/1607/1607 1602/1602/1602 1608/1608/1608
f 1602/1602/1602 1603/1603/1603 1608/1608/1608
f 1603/1603/1603 1604/1604/1604 1608/1608/1608
f 1608/1608/1608 1604/1604/1604 1609/1609/1609
f 1609/1609/1609 1604/1604/1604 1610/1610/1610
f 1604/1604/1604 1605/1605/1605 1610/1610/1610
f 1605/1605/1605 1606/1606/1606 1610/1610/1610
f 1610/1610/1610 1606/1606/1606 1611/1611/1611
f 1612/1612/1612 1607/1607/1607 1613/1613/1613
f 1607/1607/1607 1608/1608/1608 1613/1613/1613
f 1608/1608/1608 1609/1609/1609 1613/1613/1613
f 1613/1613/1613 1609/1609/1609 1614/1614/1614
f 1614/1614/1614 1609/1609/1609 1615/1615/1615
f 1609/1609/1609 1610/1610/1610 1615/1615/1615
f 1610/1610/1610 1611/1611/1611 1615/1615/1615
f 1615/1615/1615 1611/1611/1611 1616/1616/1616
f 1617/1617/1617 1612/1612/1612 1618/1618/1618
f 1612/1612/1612 1613/1613/1613 1618/1618/1618
f 1613/1613/1613 1614/1614/1614 1618/1618/1618
f 1618/1618/1618 1614/1614/1614 1619/1619/1619
f 1619/1619/1619 1614/1614/1614 1620/1620/1620
f 1614/1614/1614 1615/1615/1615 1620/1620/1620
f 1615/1615/1615 1616/1616/1616 1620/1620/1620
f 1620/1620/1620 1616/1616/1616 1621/1621/1621
f 1622/1622/1622 1617/1617/1617 1623/1623/1623
f 1617/1617/1617 1618/1618/1618 1623/1623/1623
f 1618/1618/1618 1619/1619/1619 1623/1623/1623
f 1623/1623/1623 1619/1619/1619 1624/1624/1624
f 1624/1624/1624 1619/1619/1619 1625/1625/1625
f 1619/1619/1619 1620/1620/1620 1625/1625/1625
f 1620/1620/1620 1621/1621/1621 1625/1625/1625
f 1625/1625/1625 1621/1621/1621 1626/1626/1626
f 1627/1627/1627 1622/1622/1622 1628/1628/1628
f 1622/1622/1622 1623/1623/1623 1628/1628/1628
f 1623/1623/1623 1624/1624/1624 1628/1628/1628
f 1628/1628/1628 1624/1624/1624 1629/1629/1629
f 1629/1629/1629 1624/1624/1624 1630/1630/1630
f 1624/1624/1624 1625/1625/1625 1630/1630/1630
f 1625/1625/1625 1626/1626/1626 1630/1630/1630
f 1630/1630/1630 1626/1626/1626 1631/1631/1631
f 1632/1632/1632 1627/1627/1627 1633/1633/1633
f 1627/1627/1627 1628/1628/1628 1633/1633/1633
f 1628/1628/1628 1629/1629/1629 1633/1633/1633
f 1633/1633/1633 1629/1629/1629 1634/1634/1634
f 1634/1634/1634 1629/1629/1629 1635/1635/1635
f 1629/1629/1629 1630/1630/1630 1635/1635/1635
f 1630/1630/1630 1631/1631/1631 1635/1635/1635
f 1635/1635/1635 1631/1631/1631 1636/1636/1636
f 1637/1637/1637 1632/1632/1632 1638/1638/1638
f 1632/1632/1632 1633/1633/1633 1638/1638/1638
f 1633/1633/1633 1634/1634/1634 1638/1638/1638
f 1638/1638/1638 1634/1634/1634 1639/1639/1639
f 1639/1639/1639 1634/1634/1634 1640/1640/1640
f 1634/1634/1634 1635/1635/1635 1640/1640/1640
f 1635/1635/1635 1636/1636/1636 1640/1640/1640
f 1640/1640/1640 1636/1636/1636 1641/1641/1641
f 1643/1643/1643 1642/1642/1642 1644/1644/1644
f 1642/1642/1642 1645/1645/1645 1644/1644/1644
f 1645/1645/1645 1646/1646/1646 1644/1644/1644
f 1644/1644/1644 1646/1646/1646 1647/1647/1647
f 1647/1647/1647 1646/1646/1646 1648/1648/1648
f 1646/1646/1646 1649/1649/1649 1648/1648/1648
f 1649/1649/1649 1650/1650/1650 1648/1648/1648
f 1648/1648/1648 1650/1650/1650 1651/1651/1651
f 1652/1652/1652 1643/1643/1643 1653/1653/1653
f 1643/1643/1643 1644/1644/1644 1653/1653/1653
f 1644/1644/1644 1647/1647/1647 1653/1653/1653
f 1653/1653/1653 1647/1647/1647 1654/1654/1654
f 1654/1654/1654 1647/1647/1647 1655/1655/1655
f 1647/1647/1647 1648/1648/1648 1655/1655/1655
f 1648/1648/1648 1651/1651/1651 1655/1655/1655
f 1655/1655/1655 1651/1651/1651 1656/1656/1656
f 1657/1657/1657 1652/1652/1652 1658/1658/1658
f 1652/1652/1652 1653/1653/1653 1658/1658/1658
f 1653/1653/1653 1654/1654/1654 1658/1658/1658
f 1658/1658/1658 1654/1654/1654 1659/1659/1659
f 1659/1659/1659 1654/1654/1654 1660/1660/1660
f 1654/1654/1654 1655/1655/1655 1660/1660/1660
f 1655/1655/1655 1656/1656/1656 1660/1660/1660
f 1660/1660/1660 1656/1656/1656 1661/1661/1661
f 1662/1662/1662 1657/1657/1657 1663/1663/1663
f 1657/1657/1657 1658/1658/1658 1663/1663/1663
f 1658/1658/1658 1659/1659/1659 1663/1663/1663
f 1663/1663/1663 1659/1659/1659 1664/1664/1664
f 1664/1664/1664 1659/1659/1659 1665/1665/1665
f 1659/1659/1659 1660/1660/1660 1665/1665/1665
f 1660/1660/1660 1661/1661/1661 1665/1665/1665
f 1665/1665/1665 1661/1661/1661 1666/1666/1666
f 1667/1667/1667 1662/1662/1662 1668/1668/1668
f 1662/1662/1662 1663/1663/1663 1668/1668/1668
f 1663/1663/1663 1664/1664/1664 1668/1668/1668
f 1668/1668/1668 1664/1664/1664 1669/1669/1669
f 1669/1669/1669 1664/1664/1664 1670/1670/1670
f 1664/1664/1664 1665/1665/1665 1670/1670/1670
f 1665/1665/1665 1666/1666/1666 1670/1670/1670
f 1670/1670/1670 1666/1666/1666 1671/1671/1671
f 1672/1672/1672 1667/1667/1667 1673/1673/1673
f 1667/1667/1667 1668/1668/1668 1673/1673/1673
f 1668/1668/1668 1669/1669/1669 1673/1673/1673
f 1673/1673/1673 1669/1669/1669 1674/1674/1674
f 1674/1674/1674 1669/1669/1669 1675/1675/1675
f 1669/1669/1669 1670/1670/1670 1675/1675/1675
f 1670/1670/1670 1671/1671/1671 1675/1675/1675
f 1675/1675/1675 1671/1671/1671 1676/1676/1676
f 1677/1677/1677 1672/1672/1672 1678/1678/1678
f 1672/1672/1672 1673/1673/1673 1678/1678/1678
f 1673/1673/1673 1674/1674/1674 1678/1678/1678
f 1678/1678/1678 1674/1674/1674 1679/1679/1679
f 1679/1679/1679 1674/1674/1674 1680/1680/1680
f 1674/1674/1674 1675/1675/1675 1680/1680/1680
f 1675/1675/1675 1676/1676/1676 1680/1680/1680
f 1680/1680/1680 1676/1676/1676 1681/1681/1681
f 1682/1682/1682 1677/1677/1677 1683/1683/1683
f 1677/1677/1677 1678/1678/1678 1683/1683/1683
f 1678/1678/1678 1679/1679/1679 1683/1683/1683
f 1683/1683/1683 1679/1679/1679 1684/1684/1684
f 1684/1684/1684 1679/1679/1679 1685/1685/1685
f 1679/1679/1679 1680/1680/1680 1685/1685/1685
f 1680/1680/1680 1681/1681/1681 1685/1685/1685
f 1685/1685/1685 1681/1681/1681 1686/1686/1686
f 1687/1687/1687 1682/1682/1682 1688/1688/1688
f 1682/1682/1682 1683/1683/1683 1688/1688/1688
f 1683/1683/1683 1684/1684/1684 1688/1688/1688
f 1688/1688/1688 1684/1684/1684 1689/1689/1689
f 1689/1689/1689 1684/1684/1684 1690/1690/1690
f 1684/1684/1684 1685/1685/1685 1690/1690/1690
f 1685/1685/1685 1686/1686/1686 1690/1690/1690
f 1690/1690/1690 1686/1686/1686 1691/1691/1691
f 1692/1692/1692 1687/1687/1687 1693/1693/1693
f 1687/1687/1687 1688/1688/1688 1693/1693/1693
f 1688/1688/1688 1689/1689/1689 1693/1693/1693
f 1693/1693/1693 1689/1689/1689 1694/1694/1694
f 1694/1694/1694 1689/1689/1689 1695/1695/1695
f 1689/1689/1689 1690/1690/1690 1695/1695/1695
f 1690/1690/1690 1691/1691/1691 1695/1695/1695
f 1695/1695/1695 1691/1691/1691 1696/1696/1696
f 1697/1697/1697 1692/1692/1692 1698/1698/1698
f 1692/1692/1692 1693/1693/1693 1698/1698/1698
f 1693/1693/1693 1694/1694/1694 1698/1698/1698
f 1698/1698/1698 1694/1694/1694 1699/1699/1699
f 1699/1699/1699 1694/1694/1694 1700/1700/1700
f 1694/1694/1694 1695/1695/1695 1700/1700/1700
f 1695/1695/1695 1696/1696/1696 1700/1700/1700
f 1700/1700/1700 1696/1696/1696 1701/1701/1701
f 1703/1703/1703 1702/1702/1702 1704/1704/1704
f 1702/1702/1702 1705/1705/1705 1704/1704/1704
f 1705/1705/1705 1706/1706/1706 1704/1704/1704
f 1704/1704/1704 1706/1706/1706 1707/1707/1707
f 1707/1707/1707 1706/1706/1706 1708/1708/1708
f 1706/1706/1706 1709/1709/1709 1708/1708/1708
f 1709/1709/1709 1710/1710/1710 1708/1708/1708
f 1708/1708/1708 1710/1710/1710 1711/1711/1711
f 1712/1712/1712 1703/1703/1703 1713/1713/1713
f 1703/1703/1703 1704/1704/1704 1713/1713/1713
f 1704/1704/1704 1707/1707/1707 1713/1713/1713
f 1713/1713/1713 1707/1707/1707 1714/1714/1714
f 1714/1714/1714 1707/1707/1707 1715/1715/1715
f 1707/1707/1707 1708/1708/1708 1715/1715/1715
f 1708/1708/1708 1711/1711/1711 1715/1715/1715
f 1715/1715/1715 1711/1711/1711 1716/1716/1716
f 1717/1717/1717 1712/1712/1712 1718/1718/1718
f 1712/1712/1712 1713/1713/1713 1718/1718/1718
f 1713/1713/1713 1714/1714/1714 1718/1718/1718
f 1718/1718/1718 1714/1714/1714 1719/1719/1719
f 1719/1719/1719 1714/1714/1714 1720/1720/1720
f 1714/1714/1714 1715/1715/1715 1720/1720/1720
f 1715/1715/1715 1716/1716/1716 1720/1720/1720
f 1720/1720/1720 1716/1716/1716 1721/1721/1721
f 1722/1722/1722 1717/1717/1717 1723/1723/1723
f 1717/1717/1717 1718/1718/1718 1723/1723/1723
f 1718/1718/1718 1719/1719/1719 1723/1723/1723
f 1723/1723/1723 1719/1719/1719 1724/1724/1724
f 1724/1724/1724 1719/1719/1719 1725/1725/1725
f 1719/1719/1719 1720/1720/1720 1725/1725/1725
f 1720/1720/1720 1721/1721/1721 1725/1725/1725
f 1725/1725/1725 1721/1721/1721 1726/1726/1726
f 1727/1727/1727 1722/1722/1722 1728/1728/1728
f 1722/1722/1722 1723/1723/1723 1728/1728/1728
f 1723/1723/1723 1724/1724/1724 1728/1728/1728
f 1728/1728/1728 1724/1724/1724 1729/1729/1729
f 1729/1729/1729 1724/1724/1724 1730/1730/1730
f 1724/1724/1724 1725/1725/1725 1730/1730/1730
f 1725/1725/1725 1726/1726/1726 1730/1730/1730
f 1730/1730/1730 1726/1726/1726 1731/1731/1731
f 1732/1732/1732 1727/1727/1727 1733/1733/1733
f 1727/1727/1727 1728/1728/1728 1733/1733/1733
f 1728/1728/1728 1729/1729/1729 1733/1733/1733
f 1733/1733/1733 1729/1729/1729 1734/1734/1734
f 1734/1734/1734 1729/1729/1729 1735/1735/1735
f 1729/1729/1729 1730/1730/1730 1735/1735/1735
f 1730/1730/1730 1731/1731/1731 1735/1735/1735
f 1735/1735/1735 1731/1731/1731 1736/1736/1736
f 1737/1737/1737 1732/1732/1732 1738/1738/1738
f 1732/1732/1732 1733/1733/1733 1738/1738/1738
f 1733/1733/1733 1734/1734/1734 1738/1738/1738
f 1738/1738/1738 1734/1734/1734 1739/1739/1739
f 1739/1739/1739 1734/1734/1734 1740/1740/1740
f 1734/1734/1734 1735/1735/1735 1740/1740/1740
f 1735/1735/1735 1736/1736/1736 1740/1740/1740
f 1740/1740/1740 1736/1736/1736 1741/1741/1741
f 1742/1742/1742 1737/1737/1737 1743/1743/1743
f 1737/1737/1737 1738/1738/1738 1743/1743/1743
f 1738/1738/1738 1739/1739/1739 1743/1743/1743
f 1743/1743/1743 1739/1739/1739 1744/1744/1744
f 1744/1744/1744 1739/1739/1739 1745/1745/1745
f 1739/1739/1739 1740/1740/1740 1745/1745/1745
f 1740/1740/1740 1741/1741/1741 1745/1745/1745
f 1745/1745/1745 1741/1741/1741 1746/1746/1746
f 1747/1747/1747 1742/1742/1742 1748/1748/1748
f 1742/1742/1742 1743/1743/1743 1748/1748/1748
f 1743/1743/1743 1744/1744/1744 1748/1748/1748
f 1748/1748/1748 1744/1744/1744 1749/1749/1749
f 1749/1749/1749 1744/1744/1744 1750/1750/1750
f 1744/1744/1744 1745/1745/1745 1750/1750/1750
f 1745/1745/1745 1746/1746/1746 1750/1750/1750
f 1750/1750/1750 1746/1746/1746 1751/1751/1751
f 1752/1752/1752 1747/1747/1747 1753/1753/1753
f 1747/1747/1747 1748/1748/1748 1753/1753/1753
f 1748/1748/1748 1749/1749/1749 1753/1753/1753
f 1753/1753/1753 1749/1749/1749 1754/1754/1754
f 1754/1754/1754 1749/1749/1749 1755/1755/1755
f 1749/1749/1749 1750/1750/1750 1755/1755/1755
f 1750/1750/1750 1751/1751/1751 1755/1755/1755
f 1755/1755/1755 1751/1751/1751 1756/1756/1756
f 1757/1757/1757 1752/1752/1752 1758/1758/1758
f 1752/1752/1752 1753/1753/1753 1758/1758/1758
f 1753/1753/1753 1754/1754/1754 1758/1758/1758
f 1758/1758/1758 1754/1754/1754 1759/1759/1759
f 1759/1759/1759 1754/1754/1754 1760/1760/1760
f 1754/1754/1754 1755/1755/1755 1760/1760/1760
f 1755/1755/1755 1756/1756/1756 1760/1760/1760
f 1760/1760/1760 1756/1756/1756 1761/1761/1761
f 1763/1763/1763 1762/1762/1762 1764/1764/1764
f 1762/1762/1762 1765/1765/1765 1764/1764/1764
f 1765/1765/1765 1766/1766/1766 1764/1764/1764
f 1764/1764/1764 1766/1766/1766 1767/1767/1767
f 1767/1767/1767 1766/1766/1766 1768/1768/1768
f 1766/1766/1766 1769/1769/1769 1768/1768/1768
f 1769/1769/1769 1770/1770/1770 1768/1768/1768
f 1768/1768/1768 1770/1770/1770 1771/1771/1771
f 1772/1772/1772 1763/1763/1763 1773/1773/1773
f 1763/1763/1763 1764/1764/1764 1773/1773/1773
f 1764/1764/1764 1767/1767/1767 1773/1773/1773
f 1773/1773/1773 1767/1767/1767 1774/1774/1774
f 1774/1774/1774 1767/1767/1767 1775/1775/1775
f 1767/1767/1767 1768/1768/1768 1775/1775/1775
f 1768/1768/1768 1771/1771/1771 1775/1775/1775
f 1775/1775/1775 1771/1771/1771 1776/1776/1776
f 1777/1777/1777 1772/1772/1772 1778/1778/1778
f 1772/1772/1772 1773/1773/1773 1778/1778/1778
f 1773/1773/1773 1774/1774/1774 1778/1778/1778
f 1778/1778/1778 1774/1774/1774 1779/1779/1779
f 1779/1779/1779 1774/1774/1774 1780/1780/1780
f 1774/1774/1774 1775/1775/1775 1780/1780/1780
f 1775/1775/1775 1776/1776/1776 1780/1780/1780
f 1780/1780/1780 1776/1776/1776 1781/1781/1781
f 1782/1782/1782 1777/1777/1777 1783/1783/1783
f 1777/1777/1777 1778/1778/1778 1783/1783/1783
f 1778/1778/1778 1779/1779/1779 1783/1783/1783
f 1783/1783/1783 1779/1779/1779 1784/1784/1784
f 1784/1784/1784 1779/1779/1779 1785/1785/1785
f 1779/1779/1779 1780/1780/1780 1785/1785/1785
f 1780/1780/1780 1781/1781/1781 1785/1785/1785
f 1785/1785/1785 1781/1781/1781 1786/1786/1786
f 1787/1787/1787 1782/1782/1782 1788/1788/1788
f 1782/1782/1782 1783/1783/1783 1788/1788/1788
f 1783/1783/1783 1784/1784/1784 1788/1788/1788
f 1788/1788/1788 1784/1784/1784 1789/1789/1789
f 1789/1789/1789 1784/1784/1784 1790/1790/1790
f 1784/1784/1784 1785/1785/1785 1790/1790/1790
f 1785/1785/1785 1786/1786/1786 1790/1790/1790
f 1790/1790/1790 1786/1786/1786 1791/1791/1791
f 1792/1792/1792 1787/1787/1787 1793/1793/1793
f 1787/1787/1787 1788/1788/1788 1793/1793/1793
f 1788/1788/1788 1789/1789/1789 1793/1793/1793
f 1793/1793/1793 1789/1789/1789 1794/1794/1794
f 1794/1794/1794 1789/1789/1789 1795/1795/1795
f 1789/1789/1789 1790/1790/1790 1795/1795/1795
f 1790/1790/1790 1791/1791/1791 1795/1795/1795
f 1795/1795/1795 1791/1791/1791 1796/1796/1796
f 1797/1797/1797 1792/1792/1792 1798/1798/1798
f 1792/1792/1792 1793/1793/1793 1798/1798/1798
f 1793/1793/1793 1794/1794/1794 1798/1798/1798
f 1798/1798/1798 1794/1794/1794 1799/1799/1799
f 1799/1799/1799 1794/1794/1794 1800/1800/1800
f 1794/1794/1794 1795/1795/1795 1800/1800/1800
f 1795/1795/1795 1796/1796/1796 1800/1800/1800
f 1800/1800/1800 1796/1796/1796 1801/1801/1801
f 1802/1802/1802 1797/1797/1797 1803/1803/1803
f 1797/1797/1797 1798/1798/1798 1803/1803/1803
f 1798/1798/1798 1799/1799/1799 1803/1803/1803
f 1803/1803/1803 1799/1799/1799 1804/1804/1804
f 1804/1804/1804 1799/1799/1799 1805/1805/1805
f 1799/1799/1799 1800/1800/1800 1805/1805/1805
f 1800/1800/1800 1801/1801/1801 1805/1805/1805
f 1805/1805/1805 1801/1801/1801 1806/1806/1806
f 1807/1807/1807 1802/1802/1802 1808/1808/1808
f 1802/1802/1802 1803/1803/1803 1808/1808/1808
f 1803/1803/1803 1804/1804/1804 1808/1808/1808
f 1808/1808/1808 1804/1804/1804 1809/1809/1809
f 1809/1809/1809 1804/1804/1804 1810/1810/1810
f 1804/1804/1804 1805/1805/1805 1810/1810/1810
f 1805/1805/1805 1806/1806/1806 1810/1810/1810
f 1810/1810/1810 1806/1806/1806 1811/1811/1811
f 1812/1812/1812 1807/1807/1807 1813/1813/1813
f 1807/1807/1807 1808/1808/1808 1813/1813/1813
f 1808/1808/1808 1809/1809/1809 1813/1813/1813
f 1813/1813/1813 1809/1809/1809 1814/1814/1814
f 1814/1814/1814 1809/1809/1809 1815/1815/1815
f 1809/1809/1809 1810/1810/1810 1815/1815/1815
f 1810/1810/1810 1811/1811/1811 1815/1815/1815
f 1815/1815/1815 1811/1811/1811 1816/1816/1816
f 1817/1817/1817 1812/1812/1812 1818/1818/1818
f 1812/1812/1812 1813/1813/1813 1818/1818/1818
f 1813/1813/1813 1814/1814/1814 1818/1818/1818
f 1818/1818/1818 1814/1814/1814 1819/1819/1819
f 1819/1819/1819 1814/1814/1814 1820/1820/1820
f 1814/1814/1814 1815/1815/1815 1820/1820/1820
f 1815/1815/1815 1816/1816/1816 1820/1820/1820
f 1820/1820/1820 1816/1816/1816 1821/1821/1821
f 1823/1823/1823 1822/1822/1822 1824/1824/1824
f 1822/1822/1822 1825/1825/1825 1824/1824/1824
f 1825/1825/1825 1826/1826/1826 1824/1824/1824
f 1824/1824/1824 1826/1826/1826 1827/1827/1827
f 1827/1827/1827 1826/1826/1826 1828/1828/1828
f 1826/1826/1826 1829/1829/1829 1828/1828/1828
f 1829/1829/1829 1830/1830/1830 1828/1828/1828
f 1828/1828/1828 1830/1830/1830 1831/1831/1831
f 1832/1832/1832 1823/1823/1823 1833/1833/1833
f 1823/1823/1823 1824/1824/1824 1833/1833/1833
f 1824/1824/1824 1827/1827/1827 1833/1833/1833
f 1833/1833/1833 1827/1827/1827 1834/1834/1834
f 1834/1834/1834 1827/1827/1827 1835/1835/1835
f 1827/1827/1827 1828/1828/1828 1835/1835/1835
f 1828/1828/1828 1831/1831/1831 1835/1835/1835
f 1835/1835/1835 1831/1831/1831 1836/1836/1836
f 1837/1837/1837 1832/1832/1832 1838/1838/1838
f 1832/1832/1832 1833/1833/1833 1838/1838/1838
f 1833/1833/1833 1834/1834/1834 1838/1838/1838
f 1838/1838/1838 1834/1834/1834 1839/1839/1839
f 1839/1839/1839 1834/1834/1834 1840/1840/1840
f 1834/1834/1834 1835/1835/1835 1840/1840/1840
f 1835/1835/1835 1836/1836/1836 1840/1840/1840
f 1840/1840/1840 1836/1836/1836 1841/1841/1841
f 1842/1842/1842 1837/1837/1837 1843/1843/1843
f 1837/1837/1837 1838/1838/1838 1843/1843/1843
f 1838/1838/1838 1839/1839/1839 1843/1843/1843
f 1843/1843/1843 1839/1839/1839 1844/1844/1844
f 1844/1844/1844 1839/1839/1839 1845/1845/1845
f 1839/1839/1839 1840/1840/1840 1845/1845/1845
f 1840/1840/1840 1841/1841/1841 1845/1845/1845
f 1845/1845/1845 1841/1841/1841 1846/1846/1846
f 1847/1847/1847 1842/1842/1842 1848/1848/1848
f 1842/1842/1842 1843/1843/1843 1848/1848/1848
f 1843/1843/1843 1844/1844/1844 1848/1848/1848
f 1848/1848/1848 1844/1844/1844 1849/1849/1849
f 1849/1849/1849 1844/1844/1844 1850/1850/1850
f 1844/1844/1844 1845/1845/1845 1850/1850/1850
f 1845/1845/1845 1846/1846/1846 1850/1850/1850
f 1850/1850/1850 1846/1846/1846 1851/1851/1851
f 1852/1852/1852 1847/1847/1847 1853/1853/1853
f 1847/1847/1847 1848/1848/1848 1853/1853/1853
f 1848/1848/1848 1849/1849/1849 1853/1853/1853
f 1853/1853/1853 1849/1849/1849 1854/1854/1854
f 1854/1854/1854 1849/1849/1849 1855/1855/1855
f 1849/1849/1849 1850/1850/1850 1855/1855/1855
f 1850/1850/1850 1851/1851/1851 1855/1855/1855
f 1855/1855/1855 1851/1851/1851 1856/1856/1856
f 1857/1857/1857 1852/1852/1852 1858/1858/1858
f 1852/1852/1852 1853/1853/1853 1858/1858/1858
f 1853/1853/1853 1854/1854/1854 1858/1858/1858
f 1858/1858/1858 1854/1854/1854 1859/1859/1859
f 1859/1859/1859 1854/1854/1854 1860/1860/1860
f 1854/1854/1854 1855/1855/1855 1860/1860/1860
f 1855/1855/1855 1856/1856/1856 1860/1860/1860
f 1860/1860/1860 1856/1856/1856 1861/1861/1861
f 1862/1862/1862 1857/1857/1857 1863/1863/1863
f 1857/1857/1857 1858/1858/1858 1863/1863/1863
f 1858/1858/1858 1859/1859/1859 1863/1863/1863
f 1863/1863/1863 1859/1859/1859 1864/1864/1864
f 1864/1864/1864 1859/1859/1859 1865/1865/1865
f 1859/1859/1859 1860/1860/1860 1865/1865/1865
f 1860/1860/1860 1861/1861/1861 1865/1865/1865
f 1865/1865/1865 1861/1861/1861 1866/1866/1866
f 1867/1867/1867 1862/1862/1862 1868/1868/1868
f 1862/1862/1862 1863/1863/1863 1868/1868/1868
f 1863/1863/1863 1864/1864/1864 1868/1868/1868
f 1868/1868/1868 1864/1864/1864 1869/1869/1869
f 1869/1869/1869 1864/1864/1864 1870/1870/1870
f 1864/1864/1864 1865/1865/1865 1870/1870/1870
f 1865/1865/1865 1866/1866/1866 1870/1870/1870
f 1870/1870/1870 1866/1866/1866 1871/1871/1871
f 1872/1872/1872 1867/1867/1867 1873/1873/1873
f 1867/1867/1867 1868/1868/1868 1873/1873/1873
f 1868/1868/1868 1869/1869/1869 1873/1873/1873
f 1873/1873/1873 1869/1869/1869 1874/1874/1874
f 1874/1874/1874 1869/1869/1869 1875/1875/1875
f 1869/1869/1869 1870/1870/1870 1875/1875/1875
f 1870/1870/1870 1871/1871/1871 1875/1875/1875
f 1875/1875/1875 1871/1871/1871 1876/1876/1876
f 1877/1877/1877 1872/1872/1872 1878/1878/1878
f 1872/1872/1872 1873/1873/1873 1878/1878/1878
f 1873/1873/1873 1874/1874/1874 1878/1878/1878
f 1878/1878/1878 1874/1874/1874 1879/1879/1879
f 1879/1879/1879 1874/1874/1874 1880/1880/1880
f 1874/1874/1874 1875/1875/1875 1880/1880/1880
f 1875/1875/1875 1876/1876/1876 1880/1880/1880
f 1880/1880/1880 1876/1876/1876 1881/1881/1881
f 1883/1883/1883 1882/1882/1882 1884/1884/1884
f 1882/1882/1882 1885/1885/1885 1884/1884/1884
f 1885/1885/1885 1886/1886/1886 1884/1884/1884
f 1884/1884/1884 1886/1886/1886 1887/1887/1887
f 1887/1887/1887 1886/1886/1886 1888/1888/1888
f 1886/1886/1886 1889/1889/1889 1888/1888/1888
f 1889/1889/1889 1890/1890/1890 1888/1888/1888
f 1888/1888/1888 1890/1890/1890 1891/1891/1891
f 1892/1892/1892 1883/1883/1883 1893/1893/1893
f 1883/1883/1883 1884/1884/1884 1893/1893/1893
f 1884/1884/1884 1887/1887/1887 1893/1893/1893
f 1893/1893/1893 1887/1887/1887 1894/1894/1894
f 1894/1894/1894 1887/1887/1887 1895/1895/1895
f 1887/1887/1887 1888/1888/1888 1895/1895/1895
f 1888/1888/1888 1891/1891/1891 1895/1895/1895
f 1895/1895/1895 1891/1891/1891 1896/1896/1896
f 1897/1897/1897 1892/1892/1892 1898/1898/1898
f 1892/1892/1892 1893/1893/1893 1898/1898/1898
f 1893/1893/1893 1894/1894/1894 1898/1898/1898
f 1898/1898/1898 1894/1894/1894 1899/1899/1899
f 1899/1899/1899 1894/1894/1894 1900/1900/1900
f 1894/1894/1894 1895/1895/1895 1900/1900/1900
f 1895/1895/1895 1896/1896/1896 1900/1900/1900
f 1900/1900/1900 1896/1896/1896 1901/1901/1901
f 1902/1902/1902 1897/1897/1897 1903/1903/1903
f 1897/1897/1897 1898/1898/1898 1903/1903/1903
f 1898/1898/1898 1899/1899/1899 1903/1903/1903
f 1903/1903/1903 1899/1899/1899 1904/1904/1904
f 1904/1904/1904 1899/1899/1899 1905/1905/1905
f 1899/1899/1899 1900/1900/1900 1905/1905/1905
f 1900/1900/1900 1901/1901/1901 1905/1905/1905
f 1905/1905/1905 1901/1901/1901 1906/1906/1906
f 1907/1907/1907 1902/1902/1902 1908/1908/1908
f 1902/1902/1902 1903/1903/1903 1908/1908/1908
f 1903/1903/1903 1904/1904/1904 1908/1908/1908
f 1908/1908/1908 1904/1904/1904 1909/1909/1909
f 1909/1909/1909 1904/1904/1904 1910/1910/1910
f 1904/1904/1904 1905/1905/1905 1910/1910/1910
f 1905/1905/1905 1906/1906/1906 1910/1910/1910
f 1910/1910/1910 1906/1906/1906 1911/1911/1911
f 1912/1912/1912 1907/1907/1907 1913/1913/1913
f 1907/1907/1907 1908/1908/1908 1913/1913/1913
f 1908/1908/1908 1909/1909/1909 1913/1913/1913
f 1913/1913/1913 1909/1909/1909 1914/1914/1914
f 1914/1914/1914 1909/1909/1909 1915/1915/1915
f 1909/1909/1909 1910/1910/1910 1915/1915/1915
f 1910/1910/1910 1911/1911/1911 1915/1915/1915
f 1915/1915/1915 1911/1911/1911 1916/1916/1916
f 1917/1917/1917 1912/1912/1912 1918/1918/1918
f 1912/1912/1912 1913/1913/1913 1918/1918/1918
f 1913/1913/1913 1914/1914/1914 1918/1918/1918
f 1918/1918/1918 1914/1914/1914 1919/1919/1919
f 1919/1919/1919 1914/1914/1914 1920/1920/1920
f 1914/1914/1914 1915/1915/1915 1920/1920/1920
f 1915/1915/1915 1916/1916/1916 1920/1920/1920
f 1920/1920/1920 1916/1916/1916 1921/1921/1921
f 1922/1922/1922 1917/1917/1917 1923/1923/1923
f 1917/1917/1917 1918/1918/1918 1923/1923/1923
f 1918/1918/1918 1919/1919/1919 1923/1923/1923
f 1923/1923/1923 1919/1919/1919 1924/1924/1924
f 1924/1924/1924 1919/1919/1919 1925/1925/1925
f 1919/1919/1919 1920/1920/1920 1925/1925/1925
f 1920/1920/1920 1921/1921/1921 1925/1925/1925
f 1925/1925/1925 1921/1921/1921 1926/1926/1926
f 1927/1927/1927 1922/1922/1922 1928/1928/1928
f 1922/1922/1922 1923/1923/1923 1928/1928/1928
f 1923/1923/1923 1924/1924/1924 1928/1928/1928
f 1928/1928/1928 1924/1924/1924 1929/1929/1929
f 1929/1929/1929 1924/1924/1924 1930/1930/1930
f 1924/1924/1924 1925/1925/1925 1930/1930/1930
f 1925/1925/1925 1926/1926/1926 1930/1930/1930
f 1930/1930/1930 1926/1926/1926 1931/1931/1931
f 1932/1932/1932 1927/1927/1927 1933/1933/1933
f 1927/1927/1927 1928/1928/1928 1933/1933/1933
f 1928/1928/1928 1929/1929/1929 1933/1933/1933
f 1933/1933/1933 1929/1929/1929 1934/1934/1934
f 1934/1934/1934 1929/1929/1929 1935/1935/1935
f 1929/1929/1929 1930/1930/1930 1935/1935/1935
f 1930/1930/1930 1931/1931/1931 1935/1935/1935
f 1935/1935/1935 1931/1931/1931 1936/1936/1936
f 1937/1937/1937 1932/1932/1932 1938/1938/1938
f 1932/1932/1932 1933/1933/1933 1938/1938/1938
f 1933/1933/1933 1934/1934/1934 1938/1938/1938
f 1938/1938/1938 1934/1934/1934 1939/1939/1939
f 1939/1939/1939 1934/1934/1934 1940/1940/1940
f 1934/1934/1934 1935/1935/1935 1940/1940/1940
f 1935/1935/1935 1936/1936/1936 1940/1940/1940
f 1940/1940/1940 1936/1936/1936 1941/1941/1941
f 1943/1943/1943 1942/1942/1942 1944/1944/1944
f 1942/1942/1942 1945/1945/1945 1944/1944/1944
f 1945/1945/1945 1946/1946/1946 1944/1944/1944
f 1944/1944/1944 1946/1946/1946 1947/1947/1947
f 1947/1947/1947 1946/1946/1946 1948/1948/1948
f 1946/1946/1946 1949/1949/1949 1948/1948/1948
f 1949/1949/1949 1950/1950/1950 1948/1948/1948
f 1948/1948/1948 1950/1950/1950 1951/1951/1951
f 1952/1952/1952 1943/1943/1943 1953/1953/1953
f 1943/1943/1943 1944/1944/1944 1953/1953/1953
f 1944/1944/1944 1947/1947/1947 1953/1953/1953
f 1953/1953/1953 1947/1947/1947 1954/1954/1954
f 1954/1954/1954 1947/1947/1947 1955/1955/1955
f 1947/1947/1947 1948/1948/1948 1955/1955/1955
f 1948/1948/1948 1951/1951/1951 1955/1955/1955
f 1955/1955/1955 1951/1951/1951 1956/1956/1956
f 1957/1957/1957 1952/1952/1952 1958/1958/1958
f 1952/1952/1952 1953/1953/1953 1958/1958/1958
f 1953/1953/1953 1954/1954/1954 1958/1958/1958
f 1958/1958/1958 1954/1954/1954 1959/1959/1959
f 1959/1959/1959 1954/1954/1954 1960/1960/1960
f 1954/1954/1954 1955/1955/1955 1960/1960/1960
f 1955/1955/1955 1956/1956/1956 1960/1960/1960
f 1960/1960/1960 1956/1956/1956 1961/1961/1961
f 1962/1962/1962 1957/1957/1957 1963/1963/1963
f 1957/1957/1957 1958/1958/1958 1963/1963/1963
f 1958/1958/1958 1959/1959/1959 1963/1963/1963
f 1963/1963/1963 1959/1959/1959 1964/1964/1964
f 1964/1964/1964 1959/1959/1959 1965/1965/1965
f 1959/1959/1959 1960/1960/1960 1965/1965/1965
f 1960/1960/1960 1961/1961/1961 1965/1965/1965
f 1965/1965/1965 1961/1961/1961 1966/1966/1966
f 1967/1967/1967 1962/1962/1962 1968/1968/1968
f 1962/1962/1962 1963/1963/1963 1968/1968/1968
f 1963/1963/1963 1964/1964/1964 1968/1968/1968
f 1968/1968/1968 1964/1964/1964 1969/1969/1969
f 1969/1969/1969 1964/1964/1964 1970/1970/1970
f 1964/1964/1964 1965/1965/1965 1970/1970/1970
f 1965/1965/1965 1966/1966/1966 1970/1970/1970
f 1970/1970/1970 1966/1966/1966 1971/1971/1971
f 1972/1972/1972 1967/1967/1967 1973/1973/1973
f 1967/1967/1967 1968/1968/1968 1973/1973/1973
f 1968/1968/1968 1969/1969/1969 1973/1973/1973
f 1973/1973/1973 1969/1969/1969 1974/1974/1974
f 1974/1974/1974 1969/1969/1969 1975/1975/1975
f 1969/1969/1969 1970/1970/1970 1975/1975/1975
f 1970/1970/1970 1971/1971/1971 1975/1975/1975
f 1975/1975/1975 1971/1971/1971 1976/1976/1976
f 1977/1977/1977 1972/1972/1972 1978/1978/1978
f 1972/1972/1972 1973/1973/1973 1978/1978/1978
f 1973/1973/1973 1974/1974/1974 1978/1978/1978
f 1978/1978/1978 1974/1974/1974 1979/1979/1979
f 1979/1979/1979 1974/1974/1974 1980/1980/1980
f 1974/1974/1974 1975/1975/1975 1980/1980/1980
f 1975/1975/1975 1976/1976/1976 1980/1980/1980
f 1980/1980/1980 1976/1976/1976 1981/1981/1981
f 1982/1982/1982 1977/1977/1977 1983/1983/1983
f 1977/1977/1977 1978/1978/1978 1983/1983/1983
f 1978/1978/1978 1979/1979/1979 1983/1983/1983
f 1983/1983/1983 1979/1979/1979 1984/1984/1984
f 1984/1984/1984 1979/1979/1979 1985/1985/1985
f 1979/1979/1979 1980/1980/1980 1985/1985/1985
f 1980/1980/1980 1981/1981/1981 1985/1985/1985
f 1985/1985/1985 1981/1981/1981 1986/1986/1986
f 1987/1987/1987 1982/1982/1982 1988/1988/1988
f 1982/1982/1982 1983/1983/1983 1988/1988/1988
f 1983/1983/1983 1984/1984/1984 1988/1988/1988
f 1988/1988/1988 1984/1984/1984 1989/1989/1989
f 1989/1989/1989 1984/1984/1984 1990/1990/1990
f 1984/1984/1984 1985/1985/1985 1990/1990/1990
f 1985/1985/1985 1986/1986/1986 1990/1990/1990
f 1990/1990/1990 1986/1986/1986 1991/1991/1991
f 1992/1992/1992 1987/1987/1987 1993/1993/1993
f 1987/1987/1987 1988/1988/1988 1993/1993/1993
f 1988/1988/1988 1989/1989/1989 1993/1993/1993
f 1993/1993/1993 1989/1989/1989 1994/1994/1994
f 1994/1994/1994 1989/1989/1989 1995/1995/1995
f 1989/1989/1989 1990/1990/1990 1995/1995/1995
f 1990/1990/1990 1991/1991/1991 1995/1995/1995
f 1995/1995/1995 1991/1991/1991 1996/1996/1996
f 1997/1997/1997 1992/1992/1992 1998/1998/1998
f 1992/1992/1992 1993/1993/1993 1998/1998/1998
f 1993/1993/1993 1994/1994/1994 1998/1998/1998
f 1998/1998/1998 1994/1994/1994 1999/1999/1999
f 1999/1999/1999 1994/1994/1994 2000/2000/2000
f 1994/1994/1994 1995/1995/1995 2000/2000/2000
f 1995/1995/1995 1996/1996/1996 2000/2000/2000
f 2000/2000/2000 1996/1996/1996 2001/2001/2001
f 2003/2003/2003 2002/2002/2002 2004/2004/2004
f 2002/2002/2002 2005/2005/2005 2004/2004/2004
f 2005/2005/2005 2006/2006/2006 2004/2004/2004
f 2004/2004/2004 2006/2006/2006 2007/2007/2007
f 2007/2007/2007 2006/2006/2006 2008/2008/2008
f 2006/2006/2006 2009/2009/2009 2008/2008/2008
f 2009/2009/2009 2010/2010/2010 2008/2008/2008
f 2008/2008/2008 2010/2010/2010 2011/2011/2011
f 2012/2012/2012 2003/2003/2003 2013/2013/2013
f 2003/2003/2003 2004/2004/2004 2013/2013/2013
f 2004/2004/2004 2007/2007/2007 2013/2013/2013
f 2013/2013/2013 2007/2007/2007 2014/2014/2014
f 2014/2014/2014 2007/2007/2007 2015/2015/2015
f 2007/2007/2007 2008/2008/2008 2015/2015/2015
f 2008/2008/2008 2011/2011/2011 2015/2015/2015
f 2015/2015/2015 2011/2011/2011 2016/2016/2016
f 2017/2017/2017 2012/2012/2012 2018/2018/2018
f 2012/2012/2012 2013/2013/2013 2018/2018/2018
f 2013/2013/2013 2014/2014/2014 2018/2018/2018
f 2018/2018/2018 2014/2014/2014 2019/2019/2019
f 2019/2019/2019 2014/2014/2014 2020/2020/2020
f 2014/2014/2014 2015/2015/2015 2020/2020/2020
f 2015/2015/2015 2016/2016/2016 2020/2020/2020
f 2020/2020/2020 2016/2016/2016 2021/2021/2021
f 2022/2022/2022 2017/2017/2017 2023/2023/2023
f 2017/2017/2017 2018/2018/2018 2023/2023/2023
f 2018/2018/2018 2019/2019/2019 2023/2023/2023
f 2023/2023/2023 2019/2019/2019 2024/2024/2024
f 2024/2024/2024 2019/2019/2019 2025/2025/2025
f 2019/2019/2019 2020/2020/2020 2025/2025/2025
f 2020/2020/2020 2021/2021/2021 2025/2025/2025
f 2025/2025/2025 2021/2021/2021 2026/2026/2026
f 2027/2027/2027 2022/2022/2022 2028/2028/2028
f 2022/2022/2022 2023/2023/2023 2028/2028/2028
f 2023/2023/2023 2024/2024/2024 2028/2028/2028
f 2028/2028/2028 2024/2024/2024 2029/2029/2029
f 2029/2029/2029 2024/2024/2024 2030/2030/2030
f 2024/2024/2024 2025/2025/2025 2030/2030/2030
f 2025/2025/2025 2026/2026/2026 2030/2030/2030
f 2030/2030/2030 2026/2026/2026 2031/2031/2031
f 2032/2032/2032 2027/2027/2027 2033/2033/2033
f 2027/2027/2027 2028/2028/2028 2033/2033/2033
f 2028/2028/2028 2029/2029/2029 2033/2033/2033
f 2033/2033/2033 2029/2029/2029 2034/2034/2034
f 2034/2034/2034 2029/2029/2029 2035/2035/2035
f 2029/2029/2029 2030/2030/2030 2035/2035/2035
f 2030/2030/2030 2031/2031/2031 2035/2035/2035
f 2035/2035/2035 2031/2031/2031 2036/2036/2036
f 2037/2037/2037 2032/2032/2032 2038/2038/2038
f 2032/2032/2032 2033/2033/2033 2038/2038/2038
f 2033/2033/2033 2034/2034/2034 2038/2038/2038
f 2038/2038/2038 2034/2034/2034 2039/2039/2039
f 2039/2039/2039 2034/2034/2034 2040/2040/2040
f 2034/2034/2034 2035/2035/2035 2040/2040/2040
f 2035/2035/2035 2036/2036/2036 2040/2040/2040
f 2040/2040/2040 2036/2036/2036 2041/2041/2041
f 2042/2042/2042 2037/2037/2037 2043/2043/2043
f 2037/2037/2037 2038/2038/2038 2043/2043/2043
f 2038/2038/2038 2039/2039/2039 2043/2043/2043
f 2043/2043/2043 2039/2039/2039 2044/2044/2044
f 2044/2044/2044 2039/2039/2039 2045/2045/2045
f 2039/2039/2039 2040/2040/2040 2045/2045/2045
f 2040/2040/2040 2041/2041/2041 2045/2045/2045
f 2045/2045/2045 2041/2041/2041 2046/2046/2046
f 2047/2047/2047 2042/2042/2042 2048/2048/2048
f 2042/2042/2042 2043/2043/2043 2048/2048/2048
f 2043/2043/2043 2044/2044/2044 2048/2048/2048
f 2048/2048/2048 2044/2044/2044 2049/2049/2049
f 2049/2049/2049 2044/2044/2044 2050/2050/2050
f 2044/2044/2044 2045/2045/2045 2050/2050/2050
f 2045/2045/2045 2046/2046/2046 2050/2050/2050
f 2050/2050/2050 2046/2046/2046 2051/2051/2051
f 2052/2052/2052 2047/2047/2047 2053/2053/2053
f 2047/2047/2047 2048/2048/2048 2053/2053/2053
f 2048/2048/2048 2049/2049/2049 2053/2053/2053
f 2053/2053/2053 2049/2049/2049 2054/2054/2054
f 2054/2054/2054 2049/2049/2049 2055/2055/2055
f 2049/2049/2049 2050/2050/2050 2055/2055/2055
f 2050/2050/2050 2051/2051/2051 2055/2055/2055
f 2055/2055/2055 2051/2051/2051 2056/2056/2056
f 2057/2057/2057 2052/2052/2052 2058/2058/2058
f 2052/2052/2052 2053/2053/2053 2058/2058/2058
f 2053/2053/2053 2054/2054/2054 2058/2058/2058
f 2058/2058/2058 2054/2054/2054 2059/2059/2059
f 2059/2059/2059 2054/2054/2054 2060/2060/2060
f 2054/2054/2054 2055/2055/2055 2060/2060/2060
f 2055/2055/2055 2056/2056/2056 2060/2060/2060
f 2060/2060/2060 2056/2056/2056 2061/2061/2061
f 2063/2063/2063 2062/2062/2062 2064/2064/2064
f 2062/2062/2062 2065/2065/2065 2064/2064/2064
f 2065/2065/2065 2066/2066/2066 2064/2064/2064
f 2064/2064/2064 2066/2066/2066 2067/2067/2067
f 2067/2067/2067 2066/2066/2066 2068/2068/2068
f 2066/2066/2066 2069/2069/2069 2068/2068/2068
f 2069/2069/2069 2070/2070/2070 2068/2068/2068
f 2068/2068/2068 2070/2070/2070 2071/2071/2071
f 2072/2072/2072 2063/2063/2063 2073/2073/2073
f 2063/2063/2063 2064/2064/2064 2073/2073/2073
f 2064/2064/2064 2067/2067/2067 2073/2073/2073
f 2073/2073/2073 2067/2067/2067 2074/2074/2074
f 2074/2074/2074 2067/2067/2067 2075/2075/2075
f 2067/2067/2067 2068/2068/2068 2075/2075/2075
f 2068/2068/2068 2071/2071/2071 2075/2075/2075
f 2075/2075/2075 2071/2071/2071 2076/2076/2076
f 2077/2077/2077 2072/2072/2072 2078/2078/2078
f 2072/2072/2072 2073/2073/2073 2078/2078/2078
f 2073/2073/2073 2074/2074/2074 2078/2078/2078
f 2078/2078/2078 2074/2074/2074 2079/2079/2079
f 2079/2079/2079 2074/2074/2074 2080/2080/2080
f 2074/2074/2074 2075/2075/2075 2080/2080/2080
f 2075/2075/2075 2076/2076/2076 2080/2080/2080
f 2080/2080/2080 2076/2076/2076 2081/2081/2081
f 2082/2082/2082 2077/2077/2077 2083/2083/2083
f 2077/2077/2077 2078/2078/2078 2083/2083/2083
f 2078/2078/2078 2079/2079/2079 2083/2083/2083
f 2083/2083/2083 2079/2079/2079 2084/2084/2084
f 2084/2084/2084 2079/2079/2079 2085/2085/2085
f 2079/2079/2079 2080/2080/2080 2085/2085/2085
f 2080/2080/2080 2081/2081/2081 2085/2085/2085
f 2085/2085/2085 2081/2081/2081 2086/2086/2086
f 2087/2087/2087 2082/2082/2082 2088/2088/2088
f 2082/2082/2082 2083/2083/2083 2088/2088/2088
f 2083/2083/2083 2084/2084/2084 2088/2088/2088
f 2088/2088/2088 2084/2084/2084 2089/2089/2089
f 2089/2089/2089 2084/2084/2084 2090/2090/2090
f 2084/2084/2084 2085/2085/2085 2090/2090/2090
f 2085/2085/2085 2086/2086/2086 2090/2090/2090
f 2090/2090/2090 2086/2086/2086 2091/2091/2091
f 2092/2092/2092 2087/2087/2087 2093/2093/2093
f 2087/2087/2087 2088/2088/2088 2093/2093/2093
f 2088/2088/2088 2089/2089/2089 2093/2093/2093
f 2093/2093/2093 2089/2089/2089 2094/2094/2094
f 2094/2094/2094 2089/2089/2089 2095/2095/2095
f 2089/2089/2089 2090/2090/2090 2095/2095/2095
f 2090/2090/2090 2091/2091/2091 2095/2095/2095
f 2095/2095/2095 2091/2091/2091 2096/2096/2096
f 2097/2097/2097 2092/2092/2092 2098/2098/2098
f 2092/2092/2092 2093/2093/2093 2098/2098/2098
f 2093/2093/2093 2094/2094/2094 2098/2098/2098
f 2098/2098/2098 2094/2094/2094 2099/2099/2099
f 2099/2099/2099 2094/2094/2094 2100/2100/2100
f 2094/2094/2094 2095/2095/2095 2100/2100/2100
f 2095/2095/2095 2096/2096/2096 2100/2100/2100
f 2100/2100/2100 2096/2096/2096 2101/2101/2101
f 2102/2102/2102 2097/2097/2097 2103/2103/2103
f 2097/2097/2097 2098/2098/2098 2103/2103/2103
f 2098/2098/2098 2099/2099/2099 2103/2103/2103
f 2103/2103/2103 2099/2099/2099 2104/2104/2104
f 2104/2104/2104 2099/2099/2099 2105/2105/2105
f 2099/2099/2099 2100/2100/2100 2105/2105/2105
f 2100/2100/2100 2101/2101/2101 2105/2105/2105
f 2105/2105/2105 2101/2101/2101 2106/2106/2106
f 2107/2107/2107 2102/2102/2102 2108/2108/2108
f 2102/2102/2102 2103/2103/2103 2108/2108/2108
f 2103/2103/2103 2104/2104/2104 2108/2108/2108
f 2108/2108/2108 2104/2104/2104 2109/2109/2109
f 2109/2109/2109 2104/2104/2104 2110/2110/2110
f 2104/2104/2104 2105/2105/2105 2110/2110/2110
f 2105/2105/2105 2106/2106/2106 2110/2110/2110
f 2110/2110/2110 2106/2106/2106 2111/2111/2111
f 2112/2112/2112 2107/2107/2107 2113/2113/2113
f 2107/2107/2107 2108/2108/2108 2113/2113/2113
f 2108/2108/2108 2109/2109/2109 2113/2113/2113
f 2113/2113/2113 2109/2109/2109 2114/2114/2114
f 2114/2114/2114 2109/2109/2109 2115/2115/2115
f 2109/2109/2109 2110/2110/2110 2115/2115/2115
f 2110/2110/2110 2111/2111/2111 2115/2115/2115
f 2115/2115/2115 2111/2111/2111 2116/2116/2116
f 2117/2117/2117 2112/2112/2112 2118/2118/2118
f 2112/2112/2112 2113/2113/2113 2118/2118/2118
f 2113/2113/2113 2114/2114/2114 2118/2118/2118
f 2118/2118/2118 2114/2114/2114 2119/2119/2119
f 2119/2119/2119 2114/2114/2114 2120/2120/2120
f 2114/2114/2114 2115/2115/2115 2120/2120/2120
f 2115/2115/2115 2116/2116/2116 2120/2120/2120
f 2120/2120/2120 2116/2116/2116 2121/2121/2121

